schema	kind	frame	raw_tick	ly	line_tick	dot	event	mode	stat	stat_sources	if	ie	lyc	line_dot	lcd_on	irq_edge	model	double_speed	state	x	screen_x	addr	byte	raw_color	palette_kind	palette_reg	palette_value	io_scy	io_scx	io_lcdc	io_wx	io_wy	pos	conflict	write_visible_tick	write_visible_dot	state_block	vram_bank	state_len	state_data
2	ppu_public	90	13984328	0	259	129.5	stat_sample	0	04	00	E1	00	00	129.5	1	0	2	0																						
2	ppu_public	90	13984728	1	0	0.0	stat_sample	2	00	00	E1	00	00	0.0	1	0	2	0																						
2	ppu_public	90	13984728	1	2	1.0	mode2_irq_prepare	0	00	00	E1	00	00	1.0	1	0	2	0																						
2	ppu_public	90	13984736	1	0	0.0	stat_sample	2	02	00	E1	00	00	0.0	1	0	2	0																						
2	ppu_public	90	13984734	1	8	4.0	mode2_enter	2	02	00	E1	00	00	4.0	1	0	2	0																						
2	ppu_public	90	13984736	1	0	0.0	stat_sample	3	02	00	E1	00	00	0.0	1	0	2	0																						
2	ppu_public	90	13984902	1	176	88.0	mode3_enter	3	02	00	E1	00	00	88.0	1	0	2	0																						
2	ppu_public	90	13984896	1	84	42.0	stat_sample	3	03	00	E1	00	00	42.0	1	0	2	0																						
2	ppu_public	90	13985246	1	520	260.0	mode0_enter	0	03	00	E1	00	00	260.0	1	0	2	0																						
2	cpu	90	13984896	1	170	85.0	write	3	03		E1	00	00	85.0	1		2	0				FE00	81					00	00	81	00	00		READ_OLD	13984896	85.0				
2	cpu	90	13984968	1	153	76.5	write	3	03		E1	00	00	121.0	1		2	0				DFF5	49					00	00	81	00	00		READ_OLD	13984968	121.0				
2	cpu	90	13984976	1	161	80.5	write	3	03		E1	00	00	125.0	1		2	0				DFF4	C1					00	00	81	00	00		READ_OLD	13984976	125.0				
2	cpu	90	13985064	1	249	124.5	write	3	03		E1	00	00	169.0	1		2	0				DFF3	FE					00	00	81	00	00		READ_OLD	13985064	169.0				
2	cpu	90	13985072	1	257	128.5	write	3	03		E1	00	00	173.0	1		2	0				DFF2	00					00	00	81	00	00		READ_OLD	13985072	173.0				
2	cpu	90	13985128	1	313	156.5	write	3	03		E1	00	00	201.0	1		2	0				DFF1	49					00	00	81	00	00		READ_OLD	13985128	201.0				
2	cpu	90	13985136	1	321	160.5	write	3	03		E1	00	00	205.0	1		2	0				DFF0	FF					00	00	81	00	00		READ_OLD	13985136	205.0				
2	ppu_public	90	13985240	1	257	128.5	stat_sample	0	00	00	E1	00	00	128.5	1	0	2	0																						
2	ppu_public	90	13985640	2	0	0.0	stat_sample	2	00	00	E1	00	00	0.0	1	0	2	0																						
2	ppu_public	90	13985640	2	2	1.0	mode2_irq_prepare	0	00	00	E1	00	00	1.0	1	0	2	0																						
2	ppu_public	90	13985648	2	0	0.0	stat_sample	2	02	00	E1	00	00	0.0	1	0	2	0																						
2	ppu_public	90	13985646	2	8	4.0	mode2_enter	2	02	00	E1	00	00	4.0	1	0	2	0																						
2	ppu_public	90	13985648	2	0	0.0	stat_sample	3	02	00	E1	00	00	0.0	1	0	2	0																						
2	ppu_public	90	13985814	2	176	88.0	mode3_enter	3	02	00	E1	00	00	88.0	1	0	2	0																						
2	ppu_public	90	13985808	2	84	42.0	stat_sample	3	03	00	E1	00	00	42.0	1	0	2	0																						
2	ppu_public	90	13986158	2	520	260.0	mode0_enter	0	03	00	E1	00	00	260.0	1	0	2	0																						
2	ppu_public	90	13986160	2	257	128.5	stat_sample	0	00	00	E1	00	00	128.5	1	0	2	0																						
2	ppu_public	90	13986552	3	0	0.0	stat_sample	2	00	00	E1	00	00	0.0	1	0	2	0																						
2	ppu_public	90	13986552	3	2	1.0	mode2_irq_prepare	0	00	00	E1	00	00	1.0	1	0	2	0																						
2	ppu_public	90	13986560	3	0	0.0	stat_sample	2	02	00	E1	00	00	0.0	1	0	2	0																						
2	ppu_public	90	13986558	3	8	4.0	mode2_enter	2	02	00	E1	00	00	4.0	1	0	2	0																						
2	ppu_public	90	13986560	3	0	0.0	stat_sample	3	02	00	E1	00	00	0.0	1	0	2	0																						
2	ppu_public	90	13986726	3	176	88.0	mode3_enter	3	02	00	E1	00	00	88.0	1	0	2	0																						
2	ppu_public	90	13986720	3	84	42.0	stat_sample	3	03	00	E1	00	00	42.0	1	0	2	0																						
2	ppu_public	90	13987070	3	520	260.0	mode0_enter	0	03	00	E1	00	00	260.0	1	0	2	0																						
2	ppu_public	90	13987064	3	257	128.5	stat_sample	0	00	00	E1	00	00	128.5	1	0	2	0																						
2	ppu_public	90	13987464	4	0	0.0	stat_sample	2	00	00	E1	00	00	0.0	1	0	2	0																						
2	ppu_public	90	13987464	4	2	1.0	mode2_irq_prepare	0	00	00	E1	00	00	1.0	1	0	2	0																						
2	ppu_public	90	13987472	4	0	0.0	stat_sample	2	02	00	E1	00	00	0.0	1	0	2	0																						
2	ppu_public	90	13987470	4	8	4.0	mode2_enter	2	02	00	E1	00	00	4.0	1	0	2	0																						
2	ppu_public	90	13987472	4	0	0.0	stat_sample	3	02	00	E1	00	00	0.0	1	0	2	0																						
2	ppu_public	90	13987638	4	176	88.0	mode3_enter	3	02	00	E1	00	00	88.0	1	0	2	0																						
2	ppu_public	90	13987632	4	84	42.0	stat_sample	3	03	00	E1	00	00	42.0	1	0	2	0																						
2	ppu_public	90	13987982	4	520	260.0	mode0_enter	0	03	00	E1	00	00	260.0	1	0	2	0																						
2	ppu_public	90	13987976	4	257	128.5	stat_sample	0	00	00	E1	00	00	128.5	1	0	2	0																						
2	ppu_public	90	13988376	5	0	0.0	stat_sample	2	00	00	E1	00	00	0.0	1	0	2	0																						
2	ppu_public	90	13988376	5	2	1.0	mode2_irq_prepare	0	00	00	E1	00	00	1.0	1	0	2	0																						
2	ppu_public	90	13988384	5	0	0.0	stat_sample	2	02	00	E1	00	00	0.0	1	0	2	0																						
2	ppu_public	90	13988382	5	8	4.0	mode2_enter	2	02	00	E1	00	00	4.0	1	0	2	0																						
2	ppu_public	90	13988384	5	0	0.0	stat_sample	3	02	00	E1	00	00	0.0	1	0	2	0																						
2	ppu_public	90	13988550	5	176	88.0	mode3_enter	3	02	00	E1	00	00	88.0	1	0	2	0																						
2	ppu_public	90	13988552	5	84	42.0	stat_sample	3	03	00	E1	00	00	42.0	1	0	2	0																						
2	ppu_public	90	13988894	5	520	260.0	mode0_enter	0	03	00	E1	00	00	260.0	1	0	2	0																						
2	ppu_public	90	13988888	5	257	128.5	stat_sample	0	00	00	E1	00	00	128.5	1	0	2	0																						
2	ppu_public	90	13989288	6	0	0.0	stat_sample	2	00	00	E1	00	00	0.0	1	0	2	0																						
2	ppu_public	90	13989288	6	2	1.0	mode2_irq_prepare	0	00	00	E1	00	00	1.0	1	0	2	0																						
2	ppu_public	90	13989296	6	0	0.0	stat_sample	2	02	00	E1	00	00	0.0	1	0	2	0																						
2	ppu_public	90	13989294	6	8	4.0	mode2_enter	2	02	00	E1	00	00	4.0	1	0	2	0																						
2	ppu_public	90	13989296	6	0	0.0	stat_sample	3	02	00	E1	00	00	0.0	1	0	2	0																						
2	ppu_public	90	13989462	6	176	88.0	mode3_enter	3	02	00	E1	00	00	88.0	1	0	2	0																						
2	ppu_public	90	13989456	6	84	42.0	stat_sample	3	03	00	E1	00	00	42.0	1	0	2	0																						
2	ppu_public	90	13989806	6	520	260.0	mode0_enter	0	03	00	E1	00	00	260.0	1	0	2	0																						
2	ppu_public	90	13989800	6	257	128.5	stat_sample	0	00	00	E1	00	00	128.5	1	0	2	0																						
2	ppu_public	90	13990200	7	0	0.0	stat_sample	2	00	00	E1	00	00	0.0	1	0	2	0																						
2	ppu_public	90	13990200	7	2	1.0	mode2_irq_prepare	0	00	00	E1	00	00	1.0	1	0	2	0																						
2	ppu_public	90	13990216	7	0	0.0	stat_sample	2	02	00	E1	00	00	0.0	1	0	2	0																						
2	ppu_public	90	13990206	7	8	4.0	mode2_enter	2	02	00	E1	00	00	4.0	1	0	2	0																						
2	ppu_public	90	13990216	7	0	0.0	stat_sample	3	02	00	E1	00	00	0.0	1	0	2	0																						
2	ppu_public	90	13990374	7	176	88.0	mode3_enter	3	02	00	E1	00	00	88.0	1	0	2	0																						
2	ppu_public	90	13990368	7	84	42.0	stat_sample	3	03	00	E1	00	00	42.0	1	0	2	0																						
2	ppu_public	90	13990718	7	520	260.0	mode0_enter	0	03	00	E1	00	00	260.0	1	0	2	0																						
2	ppu_public	90	13990712	7	257	128.5	stat_sample	0	00	00	E1	00	00	128.5	1	0	2	0																						
2	ppu_public	90	13991112	8	0	0.0	stat_sample	2	00	00	E1	00	00	0.0	1	0	2	0																						
2	ppu_public	90	13991112	8	2	1.0	mode2_irq_prepare	0	00	00	E1	00	00	1.0	1	0	2	0																						
2	ppu_public	90	13991120	8	0	0.0	stat_sample	2	02	00	E1	00	00	0.0	1	0	2	0																						
2	ppu_public	90	13991118	8	8	4.0	mode2_enter	2	02	00	E1	00	00	4.0	1	0	2	0																						
2	ppu_public	90	13991120	8	0	0.0	stat_sample	3	02	00	E1	00	00	0.0	1	0	2	0																						
2	ppu_public	90	13991286	8	176	88.0	mode3_enter	3	02	00	E1	00	00	88.0	1	0	2	0																						
2	ppu_public	90	13991280	8	84	42.0	stat_sample	3	03	00	E1	00	00	42.0	1	0	2	0																						
2	ppu_public	90	13991630	8	520	260.0	mode0_enter	0	03	00	E1	00	00	260.0	1	0	2	0																						
2	ppu_public	90	13991624	8	257	128.5	stat_sample	0	00	00	E1	00	00	128.5	1	0	2	0																						
2	ppu_public	90	13992024	9	0	0.0	stat_sample	2	00	00	E1	00	00	0.0	1	0	2	0																						
2	ppu_public	90	13992024	9	2	1.0	mode2_irq_prepare	0	00	00	E1	00	00	1.0	1	0	2	0																						
2	ppu_public	90	13992032	9	0	0.0	stat_sample	2	02	00	E1	00	00	0.0	1	0	2	0																						
2	ppu_public	90	13992030	9	8	4.0	mode2_enter	2	02	00	E1	00	00	4.0	1	0	2	0																						
2	ppu_public	90	13992032	9	0	0.0	stat_sample	3	02	00	E1	00	00	0.0	1	0	2	0																						
2	ppu_public	90	13992198	9	176	88.0	mode3_enter	3	02	00	E1	00	00	88.0	1	0	2	0																						
2	ppu_public	90	13992192	9	84	42.0	stat_sample	3	03	00	E1	00	00	42.0	1	0	2	0																						
2	ppu_public	90	13992542	9	520	260.0	mode0_enter	0	03	00	E1	00	00	260.0	1	0	2	0																						
2	ppu_public	90	13992536	9	257	128.5	stat_sample	0	00	00	E1	00	00	128.5	1	0	2	0																						
2	ppu_public	90	13992936	10	0	0.0	stat_sample	2	00	00	E1	00	00	0.0	1	0	2	0																						
2	ppu_public	90	13992936	10	2	1.0	mode2_irq_prepare	0	00	00	E1	00	00	1.0	1	0	2	0																						
2	ppu_public	90	13992944	10	0	0.0	stat_sample	2	02	00	E1	00	00	0.0	1	0	2	0																						
2	ppu_public	90	13992942	10	8	4.0	mode2_enter	2	02	00	E1	00	00	4.0	1	0	2	0																						
2	ppu_public	90	13992944	10	0	0.0	stat_sample	3	02	00	E1	00	00	0.0	1	0	2	0																						
2	ppu_public	90	13993110	10	176	88.0	mode3_enter	3	02	00	E1	00	00	88.0	1	0	2	0																						
2	ppu_public	90	13993104	10	84	42.0	stat_sample	3	03	00	E1	00	00	42.0	1	0	2	0																						
2	ppu_public	90	13993454	10	520	260.0	mode0_enter	0	03	00	E1	00	00	260.0	1	0	2	0																						
2	ppu_public	90	13993448	10	257	128.5	stat_sample	0	00	00	E1	00	00	128.5	1	0	2	0																						
2	ppu_public	90	13993856	11	0	0.0	stat_sample	2	00	00	E1	00	00	0.0	1	0	2	0																						
2	ppu_public	90	13993856	11	2	1.0	mode2_irq_prepare	0	00	00	E1	00	00	1.0	1	0	2	0																						
2	ppu_public	90	13993856	11	0	0.0	stat_sample	2	02	00	E1	00	00	0.0	1	0	2	0																						
2	ppu_public	90	13993862	11	8	4.0	mode2_enter	2	02	00	E1	00	00	4.0	1	0	2	0																						
2	ppu_public	90	13993856	11	0	0.0	stat_sample	3	02	00	E1	00	00	0.0	1	0	2	0																						
2	ppu_public	90	13994030	11	176	88.0	mode3_enter	3	02	00	E1	00	00	88.0	1	0	2	0																						
2	ppu_public	90	13994016	11	84	42.0	stat_sample	3	03	00	E1	00	00	42.0	1	0	2	0																						
2	ppu_public	90	13994374	11	520	260.0	mode0_enter	0	03	00	E1	00	00	260.0	1	0	2	0																						
2	ppu_public	90	13994360	11	257	128.5	stat_sample	0	00	00	E1	00	00	128.5	1	0	2	0																						
2	ppu_public	90	13994760	12	0	0.0	stat_sample	2	00	00	E1	00	00	0.0	1	0	2	0																						
2	ppu_public	90	13994760	12	2	1.0	mode2_irq_prepare	0	00	00	E1	00	00	1.0	1	0	2	0																						
2	ppu_public	90	13994768	12	0	0.0	stat_sample	2	02	00	E1	00	00	0.0	1	0	2	0																						
2	ppu_public	90	13994766	12	8	4.0	mode2_enter	2	02	00	E1	00	00	4.0	1	0	2	0																						
2	ppu_public	90	13994768	12	0	0.0	stat_sample	3	02	00	E1	00	00	0.0	1	0	2	0																						
2	ppu_public	90	13994934	12	176	88.0	mode3_enter	3	02	00	E1	00	00	88.0	1	0	2	0																						
2	ppu_public	90	13994928	12	84	42.0	stat_sample	3	03	00	E1	00	00	42.0	1	0	2	0																						
2	ppu_public	90	13995278	12	520	260.0	mode0_enter	0	03	00	E1	00	00	260.0	1	0	2	0																						
2	ppu_public	90	13995272	12	257	128.5	stat_sample	0	00	00	E1	00	00	128.5	1	0	2	0																						
2	ppu_public	90	13995672	13	0	0.0	stat_sample	2	00	00	E1	00	00	0.0	1	0	2	0																						
2	ppu_public	90	13995672	13	2	1.0	mode2_irq_prepare	0	00	00	E1	00	00	1.0	1	0	2	0																						
2	ppu_public	90	13995680	13	0	0.0	stat_sample	2	02	00	E1	00	00	0.0	1	0	2	0																						
2	ppu_public	90	13995678	13	8	4.0	mode2_enter	2	02	00	E1	00	00	4.0	1	0	2	0																						
2	ppu_public	90	13995680	13	0	0.0	stat_sample	3	02	00	E1	00	00	0.0	1	0	2	0																						
2	ppu_public	90	13995846	13	176	88.0	mode3_enter	3	02	00	E1	00	00	88.0	1	0	2	0																						
2	ppu_public	90	13995840	13	84	42.0	stat_sample	3	03	00	E1	00	00	42.0	1	0	2	0																						
2	ppu_public	90	13996190	13	520	260.0	mode0_enter	0	03	00	E1	00	00	260.0	1	0	2	0																						
2	ppu_public	90	13996184	13	257	128.5	stat_sample	0	00	00	E1	00	00	128.5	1	0	2	0																						
2	ppu_public	90	13996584	14	0	0.0	stat_sample	2	00	00	E1	00	00	0.0	1	0	2	0																						
2	ppu_public	90	13996584	14	2	1.0	mode2_irq_prepare	0	00	00	E1	00	00	1.0	1	0	2	0																						
2	ppu_public	90	13996592	14	0	0.0	stat_sample	2	02	00	E1	00	00	0.0	1	0	2	0																						
2	ppu_public	90	13996590	14	8	4.0	mode2_enter	2	02	00	E1	00	00	4.0	1	0	2	0																						
2	ppu_public	90	13996592	14	0	0.0	stat_sample	3	02	00	E1	00	00	0.0	1	0	2	0																						
2	ppu_public	90	13996758	14	176	88.0	mode3_enter	3	02	00	E1	00	00	88.0	1	0	2	0																						
2	ppu_public	90	13996752	14	84	42.0	stat_sample	3	03	00	E1	00	00	42.0	1	0	2	0																						
2	ppu_public	90	13997102	14	520	260.0	mode0_enter	0	03	00	E1	00	00	260.0	1	0	2	0																						
2	ppu_public	90	13997096	14	257	128.5	stat_sample	0	00	00	E1	00	00	128.5	1	0	2	0																						
2	ppu_public	90	13997496	15	0	0.0	stat_sample	2	00	00	E1	00	00	0.0	1	0	2	0																						
2	ppu_public	90	13997496	15	2	1.0	mode2_irq_prepare	0	00	00	E1	00	00	1.0	1	0	2	0																						
2	ppu_public	90	13997504	15	0	0.0	stat_sample	2	02	00	E1	00	00	0.0	1	0	2	0																						
2	ppu_public	90	13997502	15	8	4.0	mode2_enter	2	02	00	E1	00	00	4.0	1	0	2	0																						
2	ppu_public	90	13997504	15	0	0.0	stat_sample	3	02	00	E1	00	00	0.0	1	0	2	0																						
2	ppu_public	90	13997670	15	176	88.0	mode3_enter	3	02	00	E1	00	00	88.0	1	0	2	0																						
2	ppu_public	90	13997664	15	84	42.0	stat_sample	3	03	00	E1	00	00	42.0	1	0	2	0																						
2	ppu_public	90	13998014	15	520	260.0	mode0_enter	0	03	00	E1	00	00	260.0	1	0	2	0																						
2	ppu_public	90	13998016	15	257	128.5	stat_sample	0	00	00	E1	00	00	128.5	1	0	2	0																						
2	ppu_public	90	13998408	16	0	0.0	stat_sample	2	00	00	E1	00	00	0.0	1	0	2	0																						
2	ppu_public	90	13998408	16	2	1.0	mode2_irq_prepare	0	00	00	E1	00	00	1.0	1	0	2	0																						
2	ppu_public	90	13998416	16	0	0.0	stat_sample	2	02	00	E1	00	00	0.0	1	0	2	0																						
2	ppu_public	90	13998414	16	8	4.0	mode2_enter	2	02	00	E1	00	00	4.0	1	0	2	0																						
2	ppu_public	90	13998416	16	0	0.0	stat_sample	3	02	00	E1	00	00	0.0	1	0	2	0																						
2	ppu_public	90	13998582	16	176	88.0	mode3_enter	3	02	00	E1	00	00	88.0	1	0	2	0																						
2	ppu_public	90	13998576	16	84	42.0	stat_sample	3	03	00	E1	00	00	42.0	1	0	2	0																						
2	ppu_public	90	13998926	16	520	260.0	mode0_enter	0	03	00	E1	00	00	260.0	1	0	2	0																						
2	ppu_public	90	13998920	16	257	128.5	stat_sample	0	00	00	E1	00	00	128.5	1	0	2	0																						
2	ppu_public	90	13999320	17	0	0.0	stat_sample	2	00	00	E1	00	00	0.0	1	0	2	0																						
2	ppu_public	90	13999320	17	2	1.0	mode2_irq_prepare	0	00	00	E1	00	00	1.0	1	0	2	0																						
2	ppu_public	90	13999328	17	0	0.0	stat_sample	2	02	00	E1	00	00	0.0	1	0	2	0																						
2	ppu_public	90	13999326	17	8	4.0	mode2_enter	2	02	00	E1	00	00	4.0	1	0	2	0																						
2	ppu_public	90	13999328	17	0	0.0	stat_sample	3	02	00	E1	00	00	0.0	1	0	2	0																						
2	ppu_public	90	13999494	17	176	88.0	mode3_enter	3	02	00	E1	00	00	88.0	1	0	2	0																						
2	ppu_public	90	13999488	17	84	42.0	stat_sample	3	03	00	E1	00	00	42.0	1	0	2	0																						
2	ppu_public	90	13999838	17	520	260.0	mode0_enter	0	03	00	E1	00	00	260.0	1	0	2	0																						
2	ppu_public	90	13999832	17	257	128.5	stat_sample	0	00	00	E1	00	00	128.5	1	0	2	0																						
2	ppu_public	90	14000232	18	0	0.0	stat_sample	2	00	00	E1	00	00	0.0	1	0	2	0																						
2	ppu_public	90	14000232	18	2	1.0	mode2_irq_prepare	0	00	00	E1	00	00	1.0	1	0	2	0																						
2	ppu_public	90	14000240	18	0	0.0	stat_sample	2	02	00	E1	00	00	0.0	1	0	2	0																						
2	ppu_public	90	14000238	18	8	4.0	mode2_enter	2	02	00	E1	00	00	4.0	1	0	2	0																						
2	ppu_public	90	14000240	18	0	0.0	stat_sample	3	02	00	E1	00	00	0.0	1	0	2	0																						
2	ppu_public	90	14000406	18	176	88.0	mode3_enter	3	02	00	E1	00	00	88.0	1	0	2	0																						
2	ppu_public	90	14000408	18	84	42.0	stat_sample	3	03	00	E1	00	00	42.0	1	0	2	0																						
2	ppu_public	90	14000750	18	520	260.0	mode0_enter	0	03	00	E1	00	00	260.0	1	0	2	0																						
2	ppu_public	90	14000744	18	257	128.5	stat_sample	0	00	00	E1	00	00	128.5	1	0	2	0																						
2	ppu_public	90	14001144	19	0	0.0	stat_sample	2	00	00	E1	00	00	0.0	1	0	2	0																						
2	ppu_public	90	14001144	19	2	1.0	mode2_irq_prepare	0	00	00	E1	00	00	1.0	1	0	2	0																						
2	ppu_public	90	14001152	19	0	0.0	stat_sample	2	02	00	E1	00	00	0.0	1	0	2	0																						
2	ppu_public	90	14001150	19	8	4.0	mode2_enter	2	02	00	E1	00	00	4.0	1	0	2	0																						
2	ppu_public	90	14001152	19	0	0.0	stat_sample	3	02	00	E1	00	00	0.0	1	0	2	0																						
2	ppu_public	90	14001318	19	176	88.0	mode3_enter	3	02	00	E1	00	00	88.0	1	0	2	0																						
2	ppu_public	90	14001312	19	84	42.0	stat_sample	3	03	00	E1	00	00	42.0	1	0	2	0																						
2	ppu_public	90	14001662	19	520	260.0	mode0_enter	0	03	00	E1	00	00	260.0	1	0	2	0																						
2	ppu_public	90	14001656	19	257	128.5	stat_sample	0	00	00	E1	00	00	128.5	1	0	2	0																						
2	ppu_public	90	14002056	20	0	0.0	stat_sample	2	00	00	E1	00	00	0.0	1	0	2	0																						
2	ppu_public	90	14002056	20	2	1.0	mode2_irq_prepare	0	00	00	E1	00	00	1.0	1	0	2	0																						
2	ppu_public	90	14002072	20	0	0.0	stat_sample	2	02	00	E1	00	00	0.0	1	0	2	0																						
2	ppu_public	90	14002062	20	8	4.0	mode2_enter	2	02	00	E1	00	00	4.0	1	0	2	0																						
2	ppu_public	90	14002072	20	0	0.0	stat_sample	3	02	00	E1	00	00	0.0	1	0	2	0																						
2	ppu_public	90	14002230	20	176	88.0	mode3_enter	3	02	00	E1	00	00	88.0	1	0	2	0																						
2	ppu_public	90	14002224	20	84	42.0	stat_sample	3	03	00	E1	00	00	42.0	1	0	2	0																						
2	ppu_public	90	14002574	20	520	260.0	mode0_enter	0	03	00	E1	00	00	260.0	1	0	2	0																						
2	ppu_public	90	14002568	20	257	128.5	stat_sample	0	00	00	E1	00	00	128.5	1	0	2	0																						
2	ppu_public	90	14002968	21	0	0.0	stat_sample	2	00	00	E1	00	00	0.0	1	0	2	0																						
2	ppu_public	90	14002968	21	2	1.0	mode2_irq_prepare	0	00	00	E1	00	00	1.0	1	0	2	0																						
2	ppu_public	90	14002976	21	0	0.0	stat_sample	2	02	00	E1	00	00	0.0	1	0	2	0																						
2	ppu_public	90	14002974	21	8	4.0	mode2_enter	2	02	00	E1	00	00	4.0	1	0	2	0																						
2	ppu_public	90	14002976	21	0	0.0	stat_sample	3	02	00	E1	00	00	0.0	1	0	2	0																						
2	ppu_public	90	14003142	21	176	88.0	mode3_enter	3	02	00	E1	00	00	88.0	1	0	2	0																						
2	ppu_public	90	14003136	21	84	42.0	stat_sample	3	03	00	E1	00	00	42.0	1	0	2	0																						
2	ppu_public	90	14003486	21	520	260.0	mode0_enter	0	03	00	E1	00	00	260.0	1	0	2	0																						
2	ppu_public	90	14003480	21	257	128.5	stat_sample	0	00	00	E1	00	00	128.5	1	0	2	0																						
2	ppu_public	90	14003880	22	0	0.0	stat_sample	2	00	00	E1	00	00	0.0	1	0	2	0																						
2	ppu_public	90	14003880	22	2	1.0	mode2_irq_prepare	0	00	00	E1	00	00	1.0	1	0	2	0																						
2	ppu_public	90	14003888	22	0	0.0	stat_sample	2	02	00	E1	00	00	0.0	1	0	2	0																						
2	ppu_public	90	14003886	22	8	4.0	mode2_enter	2	02	00	E1	00	00	4.0	1	0	2	0																						
2	ppu_public	90	14003888	22	0	0.0	stat_sample	3	02	00	E1	00	00	0.0	1	0	2	0																						
2	ppu_public	90	14004054	22	176	88.0	mode3_enter	3	02	00	E1	00	00	88.0	1	0	2	0																						
2	ppu_public	90	14004048	22	84	42.0	stat_sample	3	03	00	E1	00	00	42.0	1	0	2	0																						
2	ppu_public	90	14004398	22	520	260.0	mode0_enter	0	03	00	E1	00	00	260.0	1	0	2	0																						
2	ppu_public	90	14004392	22	257	128.5	stat_sample	0	00	00	E1	00	00	128.5	1	0	2	0																						
2	ppu_public	90	14004792	23	0	0.0	stat_sample	2	00	00	E1	00	00	0.0	1	0	2	0																						
2	ppu_public	90	14004792	23	2	1.0	mode2_irq_prepare	0	00	00	E1	00	00	1.0	1	0	2	0																						
2	ppu_public	90	14004800	23	0	0.0	stat_sample	2	02	00	E1	00	00	0.0	1	0	2	0																						
2	ppu_public	90	14004798	23	8	4.0	mode2_enter	2	02	00	E1	00	00	4.0	1	0	2	0																						
2	ppu_public	90	14004800	23	0	0.0	stat_sample	3	02	00	E1	00	00	0.0	1	0	2	0																						
2	ppu_public	90	14004966	23	176	88.0	mode3_enter	3	02	00	E1	00	00	88.0	1	0	2	0																						
2	ppu_public	90	14004960	23	84	42.0	stat_sample	3	03	00	E1	00	00	42.0	1	0	2	0																						
2	ppu_public	90	14005310	23	520	260.0	mode0_enter	0	03	00	E1	00	00	260.0	1	0	2	0																						
2	ppu_public	90	14005304	23	257	128.5	stat_sample	0	00	00	E1	00	00	128.5	1	0	2	0																						
2	ppu_public	90	14005712	24	0	0.0	stat_sample	2	00	00	E1	00	00	0.0	1	0	2	0																						
2	ppu_public	90	14005712	24	2	1.0	mode2_irq_prepare	0	00	00	E1	00	00	1.0	1	0	2	0																						
2	ppu_public	90	14005712	24	0	0.0	stat_sample	2	02	00	E1	00	00	0.0	1	0	2	0																						
2	ppu_public	90	14005718	24	8	4.0	mode2_enter	2	02	00	E1	00	00	4.0	1	0	2	0																						
2	ppu_public	90	14005712	24	0	0.0	stat_sample	3	02	00	E1	00	00	0.0	1	0	2	0																						
2	ppu_public	90	14005886	24	176	88.0	mode3_enter	3	02	00	E1	00	00	88.0	1	0	2	0																						
2	ppu_public	90	14005872	24	84	42.0	stat_sample	3	03	00	E1	00	00	42.0	1	0	2	0																						
2	ppu_public	90	14006230	24	520	260.0	mode0_enter	0	03	00	E1	00	00	260.0	1	0	2	0																						
2	ppu_public	90	14006216	24	257	128.5	stat_sample	0	00	00	E1	00	00	128.5	1	0	2	0																						
2	ppu_public	90	14006616	25	0	0.0	stat_sample	2	00	00	E1	00	00	0.0	1	0	2	0																						
2	ppu_public	90	14006616	25	2	1.0	mode2_irq_prepare	0	00	00	E1	00	00	1.0	1	0	2	0																						
2	ppu_public	90	14006624	25	0	0.0	stat_sample	2	02	00	E1	00	00	0.0	1	0	2	0																						
2	ppu_public	90	14006622	25	8	4.0	mode2_enter	2	02	00	E1	00	00	4.0	1	0	2	0																						
2	ppu_public	90	14006624	25	0	0.0	stat_sample	3	02	00	E1	00	00	0.0	1	0	2	0																						
2	ppu_public	90	14006790	25	176	88.0	mode3_enter	3	02	00	E1	00	00	88.0	1	0	2	0																						
2	ppu_public	90	14006784	25	84	42.0	stat_sample	3	03	00	E1	00	00	42.0	1	0	2	0																						
2	ppu_public	90	14007134	25	520	260.0	mode0_enter	0	03	00	E1	00	00	260.0	1	0	2	0																						
2	ppu_public	90	14007128	25	257	128.5	stat_sample	0	00	00	E1	00	00	128.5	1	0	2	0																						
2	ppu_public	90	14007528	26	0	0.0	stat_sample	2	00	00	E1	00	00	0.0	1	0	2	0																						
2	ppu_public	90	14007528	26	2	1.0	mode2_irq_prepare	0	00	00	E1	00	00	1.0	1	0	2	0																						
2	ppu_public	90	14007536	26	0	0.0	stat_sample	2	02	00	E1	00	00	0.0	1	0	2	0																						
2	ppu_public	90	14007534	26	8	4.0	mode2_enter	2	02	00	E1	00	00	4.0	1	0	2	0																						
2	ppu_public	90	14007536	26	0	0.0	stat_sample	3	02	00	E1	00	00	0.0	1	0	2	0																						
2	ppu_public	90	14007702	26	176	88.0	mode3_enter	3	02	00	E1	00	00	88.0	1	0	2	0																						
2	ppu_public	90	14007696	26	84	42.0	stat_sample	3	03	00	E1	00	00	42.0	1	0	2	0																						
2	ppu_public	90	14008046	26	520	260.0	mode0_enter	0	03	00	E1	00	00	260.0	1	0	2	0																						
2	ppu_public	90	14008040	26	257	128.5	stat_sample	0	00	00	E1	00	00	128.5	1	0	2	0																						
2	ppu_public	90	14008440	27	0	0.0	stat_sample	2	00	00	E1	00	00	0.0	1	0	2	0																						
2	ppu_public	90	14008440	27	2	1.0	mode2_irq_prepare	0	00	00	E1	00	00	1.0	1	0	2	0																						
2	ppu_public	90	14008448	27	0	0.0	stat_sample	2	02	00	E1	00	00	0.0	1	0	2	0																						
2	ppu_public	90	14008446	27	8	4.0	mode2_enter	2	02	00	E1	00	00	4.0	1	0	2	0																						
2	ppu_public	90	14008448	27	0	0.0	stat_sample	3	02	00	E1	00	00	0.0	1	0	2	0																						
2	ppu_public	90	14008614	27	176	88.0	mode3_enter	3	02	00	E1	00	00	88.0	1	0	2	0																						
2	ppu_public	90	14008608	27	84	42.0	stat_sample	3	03	00	E1	00	00	42.0	1	0	2	0																						
2	ppu_public	90	14008958	27	520	260.0	mode0_enter	0	03	00	E1	00	00	260.0	1	0	2	0																						
2	ppu_public	90	14008952	27	257	128.5	stat_sample	0	00	00	E1	00	00	128.5	1	0	2	0																						
2	ppu_public	90	14009352	28	0	0.0	stat_sample	2	00	00	E1	00	00	0.0	1	0	2	0																						
2	ppu_public	90	14009352	28	2	1.0	mode2_irq_prepare	0	00	00	E1	00	00	1.0	1	0	2	0																						
2	ppu_public	90	14009360	28	0	0.0	stat_sample	2	02	00	E1	00	00	0.0	1	0	2	0																						
2	ppu_public	90	14009358	28	8	4.0	mode2_enter	2	02	00	E1	00	00	4.0	1	0	2	0																						
2	ppu_public	90	14009360	28	0	0.0	stat_sample	3	02	00	E1	00	00	0.0	1	0	2	0																						
2	ppu_public	90	14009526	28	176	88.0	mode3_enter	3	02	00	E1	00	00	88.0	1	0	2	0																						
2	ppu_public	90	14009520	28	84	42.0	stat_sample	3	03	00	E1	00	00	42.0	1	0	2	0																						
2	ppu_public	90	14009870	28	520	260.0	mode0_enter	0	03	00	E1	00	00	260.0	1	0	2	0																						
2	ppu_public	90	14009872	28	257	128.5	stat_sample	0	00	00	E1	00	00	128.5	1	0	2	0																						
2	ppu_public	90	14010264	29	0	0.0	stat_sample	2	00	00	E1	00	00	0.0	1	0	2	0																						
2	ppu_public	90	14010264	29	2	1.0	mode2_irq_prepare	0	00	00	E1	00	00	1.0	1	0	2	0																						
2	ppu_public	90	14010272	29	0	0.0	stat_sample	2	02	00	E1	00	00	0.0	1	0	2	0																						
2	ppu_public	90	14010270	29	8	4.0	mode2_enter	2	02	00	E1	00	00	4.0	1	0	2	0																						
2	ppu_public	90	14010272	29	0	0.0	stat_sample	3	02	00	E1	00	00	0.0	1	0	2	0																						
2	ppu_public	90	14010438	29	176	88.0	mode3_enter	3	02	00	E1	00	00	88.0	1	0	2	0																						
2	ppu_public	90	14010432	29	84	42.0	stat_sample	3	03	00	E1	00	00	42.0	1	0	2	0																						
2	ppu_public	90	14010782	29	520	260.0	mode0_enter	0	03	00	E1	00	00	260.0	1	0	2	0																						
2	ppu_public	90	14010776	29	257	128.5	stat_sample	0	00	00	E1	00	00	128.5	1	0	2	0																						
2	ppu_public	90	14011176	30	0	0.0	stat_sample	2	00	00	E1	00	00	0.0	1	0	2	0																						
2	ppu_public	90	14011176	30	2	1.0	mode2_irq_prepare	0	00	00	E1	00	00	1.0	1	0	2	0																						
2	ppu_public	90	14011184	30	0	0.0	stat_sample	2	02	00	E1	00	00	0.0	1	0	2	0																						
2	ppu_public	90	14011182	30	8	4.0	mode2_enter	2	02	00	E1	00	00	4.0	1	0	2	0																						
2	ppu_public	90	14011184	30	0	0.0	stat_sample	3	02	00	E1	00	00	0.0	1	0	2	0																						
2	ppu_public	90	14011350	30	176	88.0	mode3_enter	3	02	00	E1	00	00	88.0	1	0	2	0																						
2	ppu_public	90	14011344	30	84	42.0	stat_sample	3	03	00	E1	00	00	42.0	1	0	2	0																						
2	ppu_public	90	14011694	30	520	260.0	mode0_enter	0	03	00	E1	00	00	260.0	1	0	2	0																						
2	ppu_public	90	14011688	30	257	128.5	stat_sample	0	00	00	E1	00	00	128.5	1	0	2	0																						
2	ppu_public	90	14012088	31	0	0.0	stat_sample	2	00	00	E1	00	00	0.0	1	0	2	0																						
2	ppu_public	90	14012088	31	2	1.0	mode2_irq_prepare	0	00	00	E1	00	00	1.0	1	0	2	0																						
2	ppu_public	90	14012096	31	0	0.0	stat_sample	2	02	00	E1	00	00	0.0	1	0	2	0																						
2	ppu_public	90	14012094	31	8	4.0	mode2_enter	2	02	00	E1	00	00	4.0	1	0	2	0																						
2	ppu_public	90	14012096	31	0	0.0	stat_sample	3	02	00	E1	00	00	0.0	1	0	2	0																						
2	ppu_public	90	14012262	31	176	88.0	mode3_enter	3	02	00	E1	00	00	88.0	1	0	2	0																						
2	ppu_public	90	14012264	31	84	42.0	stat_sample	3	03	00	E1	00	00	42.0	1	0	2	0																						
2	ppu_public	90	14012606	31	520	260.0	mode0_enter	0	03	00	E1	00	00	260.0	1	0	2	0																						
2	ppu_public	90	14012600	31	257	128.5	stat_sample	0	00	00	E1	00	00	128.5	1	0	2	0																						
2	ppu_public	90	14013000	32	0	0.0	stat_sample	2	00	00	E1	00	00	0.0	1	0	2	0																						
2	ppu_public	90	14013000	32	2	1.0	mode2_irq_prepare	0	00	00	E1	00	00	1.0	1	0	2	0																						
2	ppu_public	90	14013008	32	0	0.0	stat_sample	2	02	00	E1	00	00	0.0	1	0	2	0																						
2	ppu_public	90	14013006	32	8	4.0	mode2_enter	2	02	00	E1	00	00	4.0	1	0	2	0																						
2	ppu_public	90	14013008	32	0	0.0	stat_sample	3	02	00	E1	00	00	0.0	1	0	2	0																						
2	ppu_public	90	14013174	32	176	88.0	mode3_enter	3	02	00	E1	00	00	88.0	1	0	2	0																						
2	ppu_public	90	14013168	32	84	42.0	stat_sample	3	03	00	E1	00	00	42.0	1	0	2	0																						
2	ppu_public	90	14013518	32	520	260.0	mode0_enter	0	03	00	E1	00	00	260.0	1	0	2	0																						
2	ppu_public	90	14013512	32	257	128.5	stat_sample	0	00	00	E1	00	00	128.5	1	0	2	0																						
2	ppu_public	90	14013912	33	0	0.0	stat_sample	2	00	00	E1	00	00	0.0	1	0	2	0																						
2	ppu_public	90	14013912	33	2	1.0	mode2_irq_prepare	0	00	00	E1	00	00	1.0	1	0	2	0																						
2	ppu_public	90	14013928	33	0	0.0	stat_sample	2	02	00	E1	00	00	0.0	1	0	2	0																						
2	ppu_public	90	14013918	33	8	4.0	mode2_enter	2	02	00	E1	00	00	4.0	1	0	2	0																						
2	ppu_public	90	14013928	33	0	0.0	stat_sample	3	02	00	E1	00	00	0.0	1	0	2	0																						
2	ppu_public	90	14014086	33	176	88.0	mode3_enter	3	02	00	E1	00	00	88.0	1	0	2	0																						
2	ppu_public	90	14014080	33	84	42.0	stat_sample	3	03	00	E1	00	00	42.0	1	0	2	0																						
2	ppu_public	90	14014430	33	520	260.0	mode0_enter	0	03	00	E1	00	00	260.0	1	0	2	0																						
2	ppu_public	90	14014424	33	257	128.5	stat_sample	0	00	00	E1	00	00	128.5	1	0	2	0																						
2	ppu_public	90	14014824	34	0	0.0	stat_sample	2	00	00	E1	00	00	0.0	1	0	2	0																						
2	ppu_public	90	14014824	34	2	1.0	mode2_irq_prepare	0	00	00	E1	00	00	1.0	1	0	2	0																						
2	ppu_public	90	14014832	34	0	0.0	stat_sample	2	02	00	E1	00	00	0.0	1	0	2	0																						
2	ppu_public	90	14014830	34	8	4.0	mode2_enter	2	02	00	E1	00	00	4.0	1	0	2	0																						
2	ppu_public	90	14014832	34	0	0.0	stat_sample	3	02	00	E1	00	00	0.0	1	0	2	0																						
2	ppu_public	90	14014998	34	176	88.0	mode3_enter	3	02	00	E1	00	00	88.0	1	0	2	0																						
2	ppu_public	90	14014992	34	84	42.0	stat_sample	3	03	00	E1	00	00	42.0	1	0	2	0																						
2	ppu_public	90	14015342	34	520	260.0	mode0_enter	0	03	00	E1	00	00	260.0	1	0	2	0																						
2	ppu_public	90	14015336	34	257	128.5	stat_sample	0	00	00	E1	00	00	128.5	1	0	2	0																						
2	ppu_public	90	14015736	35	0	0.0	stat_sample	2	00	00	E1	00	00	0.0	1	0	2	0																						
2	ppu_public	90	14015736	35	2	1.0	mode2_irq_prepare	0	00	00	E1	00	00	1.0	1	0	2	0																						
2	ppu_public	90	14015744	35	0	0.0	stat_sample	2	02	00	E1	00	00	0.0	1	0	2	0																						
2	ppu_public	90	14015742	35	8	4.0	mode2_enter	2	02	00	E1	00	00	4.0	1	0	2	0																						
2	ppu_public	90	14015744	35	0	0.0	stat_sample	3	02	00	E1	00	00	0.0	1	0	2	0																						
2	ppu_public	90	14015910	35	176	88.0	mode3_enter	3	02	00	E1	00	00	88.0	1	0	2	0																						
2	ppu_public	90	14015904	35	84	42.0	stat_sample	3	03	00	E1	00	00	42.0	1	0	2	0																						
2	ppu_public	90	14016254	35	520	260.0	mode0_enter	0	03	00	E1	00	00	260.0	1	0	2	0																						
2	ppu_public	90	14016248	35	257	128.5	stat_sample	0	00	00	E1	00	00	128.5	1	0	2	0																						
2	ppu_public	90	14016648	36	0	0.0	stat_sample	2	00	00	E1	00	00	0.0	1	0	2	0																						
2	ppu_public	90	14016648	36	2	1.0	mode2_irq_prepare	0	00	00	E1	00	00	1.0	1	0	2	0																						
2	ppu_public	90	14016656	36	0	0.0	stat_sample	2	02	00	E1	00	00	0.0	1	0	2	0																						
2	ppu_public	90	14016654	36	8	4.0	mode2_enter	2	02	00	E1	00	00	4.0	1	0	2	0																						
2	ppu_public	90	14016656	36	0	0.0	stat_sample	3	02	00	E1	00	00	0.0	1	0	2	0																						
2	ppu_public	90	14016822	36	176	88.0	mode3_enter	3	02	00	E1	00	00	88.0	1	0	2	0																						
2	ppu_public	90	14016816	36	84	42.0	stat_sample	3	03	00	E1	00	00	42.0	1	0	2	0																						
2	ppu_public	90	14017166	36	520	260.0	mode0_enter	0	03	00	E1	00	00	260.0	1	0	2	0																						
2	ppu_public	90	14017160	36	257	128.5	stat_sample	0	00	00	E1	00	00	128.5	1	0	2	0																						
2	ppu_public	90	14017568	37	0	0.0	stat_sample	2	00	00	E1	00	00	0.0	1	0	2	0																						
2	ppu_public	90	14017568	37	2	1.0	mode2_irq_prepare	0	00	00	E1	00	00	1.0	1	0	2	0																						
2	ppu_public	90	14017568	37	0	0.0	stat_sample	2	02	00	E1	00	00	0.0	1	0	2	0																						
2	ppu_public	90	14017574	37	8	4.0	mode2_enter	2	02	00	E1	00	00	4.0	1	0	2	0																						
2	ppu_public	90	14017568	37	0	0.0	stat_sample	3	02	00	E1	00	00	0.0	1	0	2	0																						
2	ppu_public	90	14017742	37	176	88.0	mode3_enter	3	02	00	E1	00	00	88.0	1	0	2	0																						
2	ppu_public	90	14017728	37	84	42.0	stat_sample	3	03	00	E1	00	00	42.0	1	0	2	0																						
2	ppu_public	90	14018086	37	520	260.0	mode0_enter	0	03	00	E1	00	00	260.0	1	0	2	0																						
2	ppu_public	90	14018072	37	257	128.5	stat_sample	0	00	00	E1	00	00	128.5	1	0	2	0																						
2	ppu_public	90	14018472	38	0	0.0	stat_sample	2	00	00	E1	00	00	0.0	1	0	2	0																						
2	ppu_public	90	14018472	38	2	1.0	mode2_irq_prepare	0	00	00	E1	00	00	1.0	1	0	2	0																						
2	ppu_public	90	14018480	38	0	0.0	stat_sample	2	02	00	E1	00	00	0.0	1	0	2	0																						
2	ppu_public	90	14018478	38	8	4.0	mode2_enter	2	02	00	E1	00	00	4.0	1	0	2	0																						
2	ppu_public	90	14018480	38	0	0.0	stat_sample	3	02	00	E1	00	00	0.0	1	0	2	0																						
2	ppu_public	90	14018646	38	176	88.0	mode3_enter	3	02	00	E1	00	00	88.0	1	0	2	0																						
2	ppu_public	90	14018640	38	84	42.0	stat_sample	3	03	00	E1	00	00	42.0	1	0	2	0																						
2	ppu_public	90	14018990	38	520	260.0	mode0_enter	0	03	00	E1	00	00	260.0	1	0	2	0																						
2	ppu_public	90	14018984	38	257	128.5	stat_sample	0	00	00	E1	00	00	128.5	1	0	2	0																						
2	ppu_public	90	14019384	39	0	0.0	stat_sample	2	00	00	E1	00	00	0.0	1	0	2	0																						
2	ppu_public	90	14019384	39	2	1.0	mode2_irq_prepare	0	00	00	E1	00	00	1.0	1	0	2	0																						
2	ppu_public	90	14019392	39	0	0.0	stat_sample	2	02	00	E1	00	00	0.0	1	0	2	0																						
2	ppu_public	90	14019390	39	8	4.0	mode2_enter	2	02	00	E1	00	00	4.0	1	0	2	0																						
2	ppu_public	90	14019392	39	0	0.0	stat_sample	3	02	00	E1	00	00	0.0	1	0	2	0																						
2	ppu_public	90	14019558	39	176	88.0	mode3_enter	3	02	00	E1	00	00	88.0	1	0	2	0																						
2	ppu_public	90	14019552	39	84	42.0	stat_sample	3	03	00	E1	00	00	42.0	1	0	2	0																						
2	ppu_public	90	14019902	39	520	260.0	mode0_enter	0	03	00	E1	00	00	260.0	1	0	2	0																						
2	ppu_public	90	14019896	39	257	128.5	stat_sample	0	00	00	E1	00	00	128.5	1	0	2	0																						
2	ppu_public	90	14020296	40	0	0.0	stat_sample	2	00	00	E1	00	00	0.0	1	0	2	0																						
2	ppu_public	90	14020296	40	2	1.0	mode2_irq_prepare	0	00	00	E1	00	00	1.0	1	0	2	0																						
2	ppu_public	90	14020304	40	0	0.0	stat_sample	2	02	00	E1	00	00	0.0	1	0	2	0																						
2	ppu_public	90	14020302	40	8	4.0	mode2_enter	2	02	00	E1	00	00	4.0	1	0	2	0																						
2	ppu_public	90	14020304	40	0	0.0	stat_sample	3	02	00	E1	00	00	0.0	1	0	2	0																						
2	ppu_public	90	14020470	40	176	88.0	mode3_enter	3	02	00	E1	00	00	88.0	1	0	2	0																						
2	ppu_public	90	14020464	40	84	42.0	stat_sample	3	03	00	E1	00	00	42.0	1	0	2	0																						
2	ppu_public	90	14020814	40	520	260.0	mode0_enter	0	03	00	E1	00	00	260.0	1	0	2	0																						
2	ppu_public	90	14020808	40	257	128.5	stat_sample	0	00	00	E1	00	00	128.5	1	0	2	0																						
2	ppu_public	90	14021208	41	0	0.0	stat_sample	2	00	00	E1	00	00	0.0	1	0	2	0																						
2	ppu_public	90	14021208	41	2	1.0	mode2_irq_prepare	0	00	00	E1	00	00	1.0	1	0	2	0																						
2	ppu_public	90	14021216	41	0	0.0	stat_sample	2	02	00	E1	00	00	0.0	1	0	2	0																						
2	ppu_public	90	14021214	41	8	4.0	mode2_enter	2	02	00	E1	00	00	4.0	1	0	2	0																						
2	ppu_public	90	14021216	41	0	0.0	stat_sample	3	02	00	E1	00	00	0.0	1	0	2	0																						
2	ppu_public	90	14021382	41	176	88.0	mode3_enter	3	02	00	E1	00	00	88.0	1	0	2	0																						
2	ppu_public	90	14021376	41	84	42.0	stat_sample	3	03	00	E1	00	00	42.0	1	0	2	0																						
2	ppu_public	90	14021726	41	520	260.0	mode0_enter	0	03	00	E1	00	00	260.0	1	0	2	0																						
2	ppu_public	90	14021728	41	257	128.5	stat_sample	0	00	00	E1	00	00	128.5	1	0	2	0																						
2	ppu_public	90	14022120	42	0	0.0	stat_sample	2	00	00	E1	00	00	0.0	1	0	2	0																						
2	ppu_public	90	14022120	42	2	1.0	mode2_irq_prepare	0	00	00	E1	00	00	1.0	1	0	2	0																						
2	ppu_public	90	14022128	42	0	0.0	stat_sample	2	02	00	E1	00	00	0.0	1	0	2	0																						
2	ppu_public	90	14022126	42	8	4.0	mode2_enter	2	02	00	E1	00	00	4.0	1	0	2	0																						
2	ppu_public	90	14022128	42	0	0.0	stat_sample	3	02	00	E1	00	00	0.0	1	0	2	0																						
2	ppu_public	90	14022294	42	176	88.0	mode3_enter	3	02	00	E1	00	00	88.0	1	0	2	0																						
2	ppu_public	90	14022288	42	84	42.0	stat_sample	3	03	00	E1	00	00	42.0	1	0	2	0																						
2	ppu_public	90	14022638	42	520	260.0	mode0_enter	0	03	00	E1	00	00	260.0	1	0	2	0																						
2	ppu_public	90	14022632	42	257	128.5	stat_sample	0	00	00	E1	00	00	128.5	1	0	2	0																						
2	ppu_public	90	14023032	43	0	0.0	stat_sample	2	00	00	E1	00	00	0.0	1	0	2	0																						
2	ppu_public	90	14023032	43	2	1.0	mode2_irq_prepare	0	00	00	E1	00	00	1.0	1	0	2	0																						
2	ppu_public	90	14023040	43	0	0.0	stat_sample	2	02	00	E1	00	00	0.0	1	0	2	0																						
2	ppu_public	90	14023038	43	8	4.0	mode2_enter	2	02	00	E1	00	00	4.0	1	0	2	0																						
2	ppu_public	90	14023040	43	0	0.0	stat_sample	3	02	00	E1	00	00	0.0	1	0	2	0																						
2	ppu_public	90	14023206	43	176	88.0	mode3_enter	3	02	00	E1	00	00	88.0	1	0	2	0																						
2	ppu_public	90	14023200	43	84	42.0	stat_sample	3	03	00	E1	00	00	42.0	1	0	2	0																						
2	ppu_public	90	14023550	43	520	260.0	mode0_enter	0	03	00	E1	00	00	260.0	1	0	2	0																						
2	ppu_public	90	14023544	43	257	128.5	stat_sample	0	00	00	E1	00	00	128.5	1	0	2	0																						
2	ppu_public	90	14023944	44	0	0.0	stat_sample	2	00	00	E1	00	00	0.0	1	0	2	0																						
2	ppu_public	90	14023944	44	2	1.0	mode2_irq_prepare	0	00	00	E1	00	00	1.0	1	0	2	0																						
2	ppu_public	90	14023952	44	0	0.0	stat_sample	2	02	00	E1	00	00	0.0	1	0	2	0																						
2	ppu_public	90	14023950	44	8	4.0	mode2_enter	2	02	00	E1	00	00	4.0	1	0	2	0																						
2	ppu_public	90	14023952	44	0	0.0	stat_sample	3	02	00	E1	00	00	0.0	1	0	2	0																						
2	ppu_public	90	14024118	44	176	88.0	mode3_enter	3	02	00	E1	00	00	88.0	1	0	2	0																						
2	ppu_public	90	14024120	44	84	42.0	stat_sample	3	03	00	E1	00	00	42.0	1	0	2	0																						
2	ppu_public	90	14024462	44	520	260.0	mode0_enter	0	03	00	E1	00	00	260.0	1	0	2	0																						
2	ppu_public	90	14024456	44	257	128.5	stat_sample	0	00	00	E1	00	00	128.5	1	0	2	0																						
2	ppu_public	90	14024856	45	0	0.0	stat_sample	2	00	00	E1	00	00	0.0	1	0	2	0																						
2	ppu_public	90	14024856	45	2	1.0	mode2_irq_prepare	0	00	00	E1	00	00	1.0	1	0	2	0																						
2	ppu_public	90	14024864	45	0	0.0	stat_sample	2	02	00	E1	00	00	0.0	1	0	2	0																						
2	ppu_public	90	14024862	45	8	4.0	mode2_enter	2	02	00	E1	00	00	4.0	1	0	2	0																						
2	ppu_public	90	14024864	45	0	0.0	stat_sample	3	02	00	E1	00	00	0.0	1	0	2	0																						
2	ppu_public	90	14025030	45	176	88.0	mode3_enter	3	02	00	E1	00	00	88.0	1	0	2	0																						
2	ppu_public	90	14025024	45	84	42.0	stat_sample	3	03	00	E1	00	00	42.0	1	0	2	0																						
2	ppu_public	90	14025374	45	520	260.0	mode0_enter	0	03	00	E1	00	00	260.0	1	0	2	0																						
2	ppu_public	90	14025368	45	257	128.5	stat_sample	0	00	00	E1	00	00	128.5	1	0	2	0																						
2	ppu_public	90	14025768	46	0	0.0	stat_sample	2	00	00	E1	00	00	0.0	1	0	2	0																						
2	ppu_public	90	14025768	46	2	1.0	mode2_irq_prepare	0	00	00	E1	00	00	1.0	1	0	2	0																						
2	ppu_public	90	14025784	46	0	0.0	stat_sample	2	02	00	E1	00	00	0.0	1	0	2	0																						
2	ppu_public	90	14025774	46	8	4.0	mode2_enter	2	02	00	E1	00	00	4.0	1	0	2	0																						
2	ppu_public	90	14025784	46	0	0.0	stat_sample	3	02	00	E1	00	00	0.0	1	0	2	0																						
2	ppu_public	90	14025942	46	176	88.0	mode3_enter	3	02	00	E1	00	00	88.0	1	0	2	0																						
2	ppu_public	90	14025936	46	84	42.0	stat_sample	3	03	00	E1	00	00	42.0	1	0	2	0																						
2	ppu_public	90	14026286	46	520	260.0	mode0_enter	0	03	00	E1	00	00	260.0	1	0	2	0																						
2	ppu_public	90	14026280	46	257	128.5	stat_sample	0	00	00	E1	00	00	128.5	1	0	2	0																						
2	ppu_public	90	14026680	47	0	0.0	stat_sample	2	00	00	E1	00	00	0.0	1	0	2	0																						
2	ppu_public	90	14026680	47	2	1.0	mode2_irq_prepare	0	00	00	E1	00	00	1.0	1	0	2	0																						
2	ppu_public	90	14026688	47	0	0.0	stat_sample	2	02	00	E1	00	00	0.0	1	0	2	0																						
2	ppu_public	90	14026686	47	8	4.0	mode2_enter	2	02	00	E1	00	00	4.0	1	0	2	0																						
2	ppu_public	90	14026688	47	0	0.0	stat_sample	3	02	00	E1	00	00	0.0	1	0	2	0																						
2	ppu_public	90	14026854	47	176	88.0	mode3_enter	3	02	00	E1	00	00	88.0	1	0	2	0																						
2	ppu_public	90	14026848	47	84	42.0	stat_sample	3	03	00	E1	00	00	42.0	1	0	2	0																						
2	ppu_public	90	14027198	47	520	260.0	mode0_enter	0	03	00	E1	00	00	260.0	1	0	2	0																						
2	ppu_public	90	14027192	47	257	128.5	stat_sample	0	00	00	E1	00	00	128.5	1	0	2	0																						
2	ppu_public	90	14027592	48	0	0.0	stat_sample	2	00	00	E1	00	00	0.0	1	0	2	0																						
2	ppu_public	90	14027592	48	2	1.0	mode2_irq_prepare	0	00	00	E1	00	00	1.0	1	0	2	0																						
2	ppu_public	90	14027600	48	0	0.0	stat_sample	2	02	00	E1	00	00	0.0	1	0	2	0																						
2	ppu_public	90	14027598	48	8	4.0	mode2_enter	2	02	00	E1	00	00	4.0	1	0	2	0																						
2	ppu_public	90	14027600	48	0	0.0	stat_sample	3	02	00	E1	00	00	0.0	1	0	2	0																						
2	ppu_public	90	14027766	48	176	88.0	mode3_enter	3	02	00	E1	00	00	88.0	1	0	2	0																						
2	ppu_public	90	14027760	48	84	42.0	stat_sample	3	03	00	E1	00	00	42.0	1	0	2	0																						
2	ppu_public	90	14028110	48	520	260.0	mode0_enter	0	03	00	E1	00	00	260.0	1	0	2	0																						
2	ppu_public	90	14028104	48	257	128.5	stat_sample	0	00	00	E1	00	00	128.5	1	0	2	0																						
2	ppu_public	90	14028504	49	0	0.0	stat_sample	2	00	00	E1	00	00	0.0	1	0	2	0																						
2	ppu_public	90	14028504	49	2	1.0	mode2_irq_prepare	0	00	00	E1	00	00	1.0	1	0	2	0																						
2	ppu_public	90	14028512	49	0	0.0	stat_sample	2	02	00	E1	00	00	0.0	1	0	2	0																						
2	ppu_public	90	14028510	49	8	4.0	mode2_enter	2	02	00	E1	00	00	4.0	1	0	2	0																						
2	ppu_public	90	14028512	49	0	0.0	stat_sample	3	02	00	E1	00	00	0.0	1	0	2	0																						
2	ppu_public	90	14028678	49	176	88.0	mode3_enter	3	02	00	E1	00	00	88.0	1	0	2	0																						
2	ppu_public	90	14028672	49	84	42.0	stat_sample	3	03	00	E1	00	00	42.0	1	0	2	0																						
2	ppu_public	90	14029022	49	520	260.0	mode0_enter	0	03	00	E1	00	00	260.0	1	0	2	0																						
2	ppu_public	90	14029016	49	257	128.5	stat_sample	0	00	00	E1	00	00	128.5	1	0	2	0																						
2	ppu_public	90	14029424	50	0	0.0	stat_sample	2	00	00	E1	00	00	0.0	1	0	2	0																						
2	ppu_public	90	14029424	50	2	1.0	mode2_irq_prepare	0	00	00	E1	00	00	1.0	1	0	2	0																						
2	ppu_public	90	14029424	50	0	0.0	stat_sample	2	02	00	E1	00	00	0.0	1	0	2	0																						
2	ppu_public	90	14029430	50	8	4.0	mode2_enter	2	02	00	E1	00	00	4.0	1	0	2	0																						
2	ppu_public	90	14029424	50	0	0.0	stat_sample	3	02	00	E1	00	00	0.0	1	0	2	0																						
2	ppu_public	90	14029598	50	176	88.0	mode3_enter	3	02	00	E1	00	00	88.0	1	0	2	0																						
2	ppu_public	90	14029584	50	84	42.0	stat_sample	3	03	00	E1	00	00	42.0	1	0	2	0																						
2	ppu_public	90	14029942	50	520	260.0	mode0_enter	0	03	00	E1	00	00	260.0	1	0	2	0																						
2	ppu_public	90	14029928	50	257	128.5	stat_sample	0	00	00	E1	00	00	128.5	1	0	2	0																						
2	ppu_public	90	14030328	51	0	0.0	stat_sample	2	00	00	E1	00	00	0.0	1	0	2	0																						
2	ppu_public	90	14030328	51	2	1.0	mode2_irq_prepare	0	00	00	E1	00	00	1.0	1	0	2	0																						
2	ppu_public	90	14030336	51	0	0.0	stat_sample	2	02	00	E1	00	00	0.0	1	0	2	0																						
2	ppu_public	90	14030334	51	8	4.0	mode2_enter	2	02	00	E1	00	00	4.0	1	0	2	0																						
2	ppu_public	90	14030336	51	0	0.0	stat_sample	3	02	00	E1	00	00	0.0	1	0	2	0																						
2	ppu_public	90	14030502	51	176	88.0	mode3_enter	3	02	00	E1	00	00	88.0	1	0	2	0																						
2	ppu_public	90	14030496	51	84	42.0	stat_sample	3	03	00	E1	00	00	42.0	1	0	2	0																						
2	ppu_public	90	14030846	51	520	260.0	mode0_enter	0	03	00	E1	00	00	260.0	1	0	2	0																						
2	ppu_public	90	14030840	51	257	128.5	stat_sample	0	00	00	E1	00	00	128.5	1	0	2	0																						
2	ppu_public	90	14031240	52	0	0.0	stat_sample	2	00	00	E1	00	00	0.0	1	0	2	0																						
2	ppu_public	90	14031240	52	2	1.0	mode2_irq_prepare	0	00	00	E1	00	00	1.0	1	0	2	0																						
2	ppu_public	90	14031248	52	0	0.0	stat_sample	2	02	00	E1	00	00	0.0	1	0	2	0																						
2	ppu_public	90	14031246	52	8	4.0	mode2_enter	2	02	00	E1	00	00	4.0	1	0	2	0																						
2	ppu_public	90	14031248	52	0	0.0	stat_sample	3	02	00	E1	00	00	0.0	1	0	2	0																						
2	ppu_public	90	14031414	52	176	88.0	mode3_enter	3	02	00	E1	00	00	88.0	1	0	2	0																						
2	ppu_public	90	14031408	52	84	42.0	stat_sample	3	03	00	E1	00	00	42.0	1	0	2	0																						
2	ppu_public	90	14031758	52	520	260.0	mode0_enter	0	03	00	E1	00	00	260.0	1	0	2	0																						
2	ppu_public	90	14031752	52	257	128.5	stat_sample	0	00	00	E1	00	00	128.5	1	0	2	0																						
2	ppu_public	90	14032152	53	0	0.0	stat_sample	2	00	00	E1	00	00	0.0	1	0	2	0																						
2	ppu_public	90	14032152	53	2	1.0	mode2_irq_prepare	0	00	00	E1	00	00	1.0	1	0	2	0																						
2	ppu_public	90	14032160	53	0	0.0	stat_sample	2	02	00	E1	00	00	0.0	1	0	2	0																						
2	ppu_public	90	14032158	53	8	4.0	mode2_enter	2	02	00	E1	00	00	4.0	1	0	2	0																						
2	ppu_public	90	14032160	53	0	0.0	stat_sample	3	02	00	E1	00	00	0.0	1	0	2	0																						
2	ppu_public	90	14032326	53	176	88.0	mode3_enter	3	02	00	E1	00	00	88.0	1	0	2	0																						
2	ppu_public	90	14032320	53	84	42.0	stat_sample	3	03	00	E1	00	00	42.0	1	0	2	0																						
2	ppu_public	90	14032670	53	520	260.0	mode0_enter	0	03	00	E1	00	00	260.0	1	0	2	0																						
2	ppu_public	90	14032664	53	257	128.5	stat_sample	0	00	00	E1	00	00	128.5	1	0	2	0																						
2	ppu_public	90	14033064	54	0	0.0	stat_sample	2	00	00	E1	00	00	0.0	1	0	2	0																						
2	ppu_public	90	14033064	54	2	1.0	mode2_irq_prepare	0	00	00	E1	00	00	1.0	1	0	2	0																						
2	ppu_public	90	14033072	54	0	0.0	stat_sample	2	02	00	E1	00	00	0.0	1	0	2	0																						
2	ppu_public	90	14033070	54	8	4.0	mode2_enter	2	02	00	E1	00	00	4.0	1	0	2	0																						
2	ppu_public	90	14033072	54	0	0.0	stat_sample	3	02	00	E1	00	00	0.0	1	0	2	0																						
2	ppu_public	90	14033238	54	176	88.0	mode3_enter	3	02	00	E1	00	00	88.0	1	0	2	0																						
2	ppu_public	90	14033232	54	84	42.0	stat_sample	3	03	00	E1	00	00	42.0	1	0	2	0																						
2	ppu_public	90	14033582	54	520	260.0	mode0_enter	0	03	00	E1	00	00	260.0	1	0	2	0																						
2	ppu_public	90	14033584	54	257	128.5	stat_sample	0	00	00	E1	00	00	128.5	1	0	2	0																						
2	ppu_public	90	14033976	55	0	0.0	stat_sample	2	00	00	E1	00	00	0.0	1	0	2	0																						
2	ppu_public	90	14033976	55	2	1.0	mode2_irq_prepare	0	00	00	E1	00	00	1.0	1	0	2	0																						
2	ppu_public	90	14033984	55	0	0.0	stat_sample	2	02	00	E1	00	00	0.0	1	0	2	0																						
2	ppu_public	90	14033982	55	8	4.0	mode2_enter	2	02	00	E1	00	00	4.0	1	0	2	0																						
2	ppu_public	90	14033984	55	0	0.0	stat_sample	3	02	00	E1	00	00	0.0	1	0	2	0																						
2	ppu_public	90	14034150	55	176	88.0	mode3_enter	3	02	00	E1	00	00	88.0	1	0	2	0																						
2	ppu_public	90	14034144	55	84	42.0	stat_sample	3	03	00	E1	00	00	42.0	1	0	2	0																						
2	ppu_public	90	14034494	55	520	260.0	mode0_enter	0	03	00	E1	00	00	260.0	1	0	2	0																						
2	ppu_public	90	14034488	55	257	128.5	stat_sample	0	00	00	E1	00	00	128.5	1	0	2	0																						
2	ppu_public	90	14034888	56	0	0.0	stat_sample	2	00	00	E1	00	00	0.0	1	0	2	0																						
2	ppu_public	90	14034888	56	2	1.0	mode2_irq_prepare	0	00	00	E1	00	00	1.0	1	0	2	0																						
2	ppu_public	90	14034896	56	0	0.0	stat_sample	2	02	00	E1	00	00	0.0	1	0	2	0																						
2	ppu_public	90	14034894	56	8	4.0	mode2_enter	2	02	00	E1	00	00	4.0	1	0	2	0																						
2	ppu_public	90	14034896	56	0	0.0	stat_sample	3	02	00	E1	00	00	0.0	1	0	2	0																						
2	ppu_public	90	14035062	56	176	88.0	mode3_enter	3	02	00	E1	00	00	88.0	1	0	2	0																						
2	ppu_public	90	14035056	56	84	42.0	stat_sample	3	03	00	E1	00	00	42.0	1	0	2	0																						
2	ppu_public	90	14035406	56	520	260.0	mode0_enter	0	03	00	E1	00	00	260.0	1	0	2	0																						
2	ppu_public	90	14035400	56	257	128.5	stat_sample	0	00	00	E1	00	00	128.5	1	0	2	0																						
2	ppu_public	90	14035800	57	0	0.0	stat_sample	2	00	00	E1	00	00	0.0	1	0	2	0																						
2	ppu_public	90	14035800	57	2	1.0	mode2_irq_prepare	0	00	00	E1	00	00	1.0	1	0	2	0																						
2	ppu_public	90	14035808	57	0	0.0	stat_sample	2	02	00	E1	00	00	0.0	1	0	2	0																						
2	ppu_public	90	14035806	57	8	4.0	mode2_enter	2	02	00	E1	00	00	4.0	1	0	2	0																						
2	ppu_public	90	14035808	57	0	0.0	stat_sample	3	02	00	E1	00	00	0.0	1	0	2	0																						
2	ppu_public	90	14035974	57	176	88.0	mode3_enter	3	02	00	E1	00	00	88.0	1	0	2	0																						
2	ppu_public	90	14035976	57	84	42.0	stat_sample	3	03	00	E1	00	00	42.0	1	0	2	0																						
2	ppu_public	90	14036318	57	520	260.0	mode0_enter	0	03	00	E1	00	00	260.0	1	0	2	0																						
2	ppu_public	90	14036312	57	257	128.5	stat_sample	0	00	00	E1	00	00	128.5	1	0	2	0																						
2	ppu_public	90	14036712	58	0	0.0	stat_sample	2	00	00	E1	00	00	0.0	1	0	2	0																						
2	ppu_public	90	14036712	58	2	1.0	mode2_irq_prepare	0	00	00	E1	00	00	1.0	1	0	2	0																						
2	ppu_public	90	14036720	58	0	0.0	stat_sample	2	02	00	E1	00	00	0.0	1	0	2	0																						
2	ppu_public	90	14036718	58	8	4.0	mode2_enter	2	02	00	E1	00	00	4.0	1	0	2	0																						
2	ppu_public	90	14036720	58	0	0.0	stat_sample	3	02	00	E1	00	00	0.0	1	0	2	0																						
2	ppu_public	90	14036886	58	176	88.0	mode3_enter	3	02	00	E1	00	00	88.0	1	0	2	0																						
2	ppu_public	90	14036880	58	84	42.0	stat_sample	3	03	00	E1	00	00	42.0	1	0	2	0																						
2	ppu_public	90	14037230	58	520	260.0	mode0_enter	0	03	00	E1	00	00	260.0	1	0	2	0																						
2	ppu_public	90	14037224	58	257	128.5	stat_sample	0	00	00	E1	00	00	128.5	1	0	2	0																						
2	ppu_public	90	14037624	59	0	0.0	stat_sample	2	00	00	E1	00	00	0.0	1	0	2	0																						
2	ppu_public	90	14037624	59	2	1.0	mode2_irq_prepare	0	00	00	E1	00	00	1.0	1	0	2	0																						
2	ppu_public	90	14037640	59	0	0.0	stat_sample	2	02	00	E1	00	00	0.0	1	0	2	0																						
2	ppu_public	90	14037630	59	8	4.0	mode2_enter	2	02	00	E1	00	00	4.0	1	0	2	0																						
2	ppu_public	90	14037640	59	0	0.0	stat_sample	3	02	00	E1	00	00	0.0	1	0	2	0																						
2	ppu_public	90	14037798	59	176	88.0	mode3_enter	3	02	00	E1	00	00	88.0	1	0	2	0																						
2	ppu_public	90	14037792	59	84	42.0	stat_sample	3	03	00	E1	00	00	42.0	1	0	2	0																						
2	ppu_public	90	14038142	59	520	260.0	mode0_enter	0	03	00	E1	00	00	260.0	1	0	2	0																						
2	ppu_public	90	14038136	59	257	128.5	stat_sample	0	00	00	E1	00	00	128.5	1	0	2	0																						
2	ppu_public	90	14038536	60	0	0.0	stat_sample	2	00	00	E1	00	00	0.0	1	0	2	0																						
2	ppu_public	90	14038536	60	2	1.0	mode2_irq_prepare	0	00	00	E1	00	00	1.0	1	0	2	0																						
2	ppu_public	90	14038544	60	0	0.0	stat_sample	2	02	00	E1	00	00	0.0	1	0	2	0																						
2	ppu_public	90	14038542	60	8	4.0	mode2_enter	2	02	00	E1	00	00	4.0	1	0	2	0																						
2	ppu_public	90	14038544	60	0	0.0	stat_sample	3	02	00	E1	00	00	0.0	1	0	2	0																						
2	ppu_public	90	14038710	60	176	88.0	mode3_enter	3	02	00	E1	00	00	88.0	1	0	2	0																						
2	ppu_public	90	14038704	60	84	42.0	stat_sample	3	03	00	E1	00	00	42.0	1	0	2	0																						
2	ppu_public	90	14039054	60	520	260.0	mode0_enter	0	03	00	E1	00	00	260.0	1	0	2	0																						
2	ppu_public	90	14039048	60	257	128.5	stat_sample	0	00	00	E1	00	00	128.5	1	0	2	0																						
2	ppu_public	90	14039448	61	0	0.0	stat_sample	2	00	00	E1	00	00	0.0	1	0	2	0																						
2	ppu_public	90	14039448	61	2	1.0	mode2_irq_prepare	0	00	00	E1	00	00	1.0	1	0	2	0																						
2	ppu_public	90	14039456	61	0	0.0	stat_sample	2	02	00	E1	00	00	0.0	1	0	2	0																						
2	ppu_public	90	14039454	61	8	4.0	mode2_enter	2	02	00	E1	00	00	4.0	1	0	2	0																						
2	ppu_public	90	14039456	61	0	0.0	stat_sample	3	02	00	E1	00	00	0.0	1	0	2	0																						
2	ppu_public	90	14039622	61	176	88.0	mode3_enter	3	02	00	E1	00	00	88.0	1	0	2	0																						
2	ppu_public	90	14039616	61	84	42.0	stat_sample	3	03	00	E1	00	00	42.0	1	0	2	0																						
2	ppu_public	90	14039966	61	520	260.0	mode0_enter	0	03	00	E1	00	00	260.0	1	0	2	0																						
2	ppu_public	90	14039960	61	257	128.5	stat_sample	0	00	00	E1	00	00	128.5	1	0	2	0																						
2	ppu_public	90	14040360	62	0	0.0	stat_sample	2	00	00	E1	00	00	0.0	1	0	2	0																						
2	ppu_public	90	14040360	62	2	1.0	mode2_irq_prepare	0	00	00	E1	00	00	1.0	1	0	2	0																						
2	ppu_public	90	14040368	62	0	0.0	stat_sample	2	02	00	E1	00	00	0.0	1	0	2	0																						
2	ppu_public	90	14040366	62	8	4.0	mode2_enter	2	02	00	E1	00	00	4.0	1	0	2	0																						
2	ppu_public	90	14040368	62	0	0.0	stat_sample	3	02	00	E1	00	00	0.0	1	0	2	0																						
2	ppu_public	90	14040534	62	176	88.0	mode3_enter	3	02	00	E1	00	00	88.0	1	0	2	0																						
2	ppu_public	90	14040528	62	84	42.0	stat_sample	3	03	00	E1	00	00	42.0	1	0	2	0																						
2	ppu_public	90	14040878	62	520	260.0	mode0_enter	0	03	00	E1	00	00	260.0	1	0	2	0																						
2	ppu_public	90	14040872	62	257	128.5	stat_sample	0	00	00	E1	00	00	128.5	1	0	2	0																						
2	ppu_public	90	14041280	63	0	0.0	stat_sample	2	00	00	E1	00	00	0.0	1	0	2	0																						
2	ppu_public	90	14041280	63	2	1.0	mode2_irq_prepare	0	00	00	E1	00	00	1.0	1	0	2	0																						
2	ppu_public	90	14041280	63	0	0.0	stat_sample	2	02	00	E1	00	00	0.0	1	0	2	0																						
2	ppu_public	90	14041286	63	8	4.0	mode2_enter	2	02	00	E1	00	00	4.0	1	0	2	0																						
2	ppu_public	90	14041280	63	0	0.0	stat_sample	3	02	00	E1	00	00	0.0	1	0	2	0																						
2	ppu_public	90	14041454	63	176	88.0	mode3_enter	3	02	00	E1	00	00	88.0	1	0	2	0																						
2	ppu_public	90	14041440	63	84	42.0	stat_sample	3	03	00	E1	00	00	42.0	1	0	2	0																						
2	ppu_public	90	14041798	63	520	260.0	mode0_enter	0	03	00	E1	00	00	260.0	1	0	2	0																						
2	ppu_public	90	14041784	63	257	128.5	stat_sample	0	00	00	E1	00	00	128.5	1	0	2	0																						
2	ppu_public	90	14042184	64	0	0.0	stat_sample	2	00	00	E1	00	00	0.0	1	0	2	0																						
2	ppu_public	90	14042184	64	2	1.0	mode2_irq_prepare	0	00	00	E1	00	00	1.0	1	0	2	0																						
2	ppu_public	90	14042192	64	0	0.0	stat_sample	2	02	00	E1	00	00	0.0	1	0	2	0																						
2	ppu_public	90	14042190	64	8	4.0	mode2_enter	2	02	00	E1	00	00	4.0	1	0	2	0																						
2	ppu_public	90	14042192	64	0	0.0	stat_sample	3	02	00	E1	00	00	0.0	1	0	2	0																						
2	ppu_public	90	14042358	64	176	88.0	mode3_enter	3	02	00	E1	00	00	88.0	1	0	2	0																						
2	ppu_public	90	14042352	64	84	42.0	stat_sample	3	03	00	E1	00	00	42.0	1	0	2	0																						
2	ppu_public	90	14042702	64	520	260.0	mode0_enter	0	03	00	E1	00	00	260.0	1	0	2	0																						
2	ppu_public	90	14042696	64	257	128.5	stat_sample	0	00	00	E1	00	00	128.5	1	0	2	0																						
2	ppu_public	90	14043096	65	0	0.0	stat_sample	2	00	00	E1	00	00	0.0	1	0	2	0																						
2	ppu_public	90	14043096	65	2	1.0	mode2_irq_prepare	0	00	00	E1	00	00	1.0	1	0	2	0																						
2	ppu_public	90	14043104	65	0	0.0	stat_sample	2	02	00	E1	00	00	0.0	1	0	2	0																						
2	ppu_public	90	14043102	65	8	4.0	mode2_enter	2	02	00	E1	00	00	4.0	1	0	2	0																						
2	ppu_public	90	14043104	65	0	0.0	stat_sample	3	02	00	E1	00	00	0.0	1	0	2	0																						
2	ppu_public	90	14043270	65	176	88.0	mode3_enter	3	02	00	E1	00	00	88.0	1	0	2	0																						
2	ppu_public	90	14043264	65	84	42.0	stat_sample	3	03	00	E1	00	00	42.0	1	0	2	0																						
2	ppu_public	90	14043614	65	520	260.0	mode0_enter	0	03	00	E1	00	00	260.0	1	0	2	0																						
2	ppu_public	90	14043608	65	257	128.5	stat_sample	0	00	00	E1	00	00	128.5	1	0	2	0																						
2	ppu_public	90	14044008	66	0	0.0	stat_sample	2	00	00	E1	00	00	0.0	1	0	2	0																						
2	ppu_public	90	14044008	66	2	1.0	mode2_irq_prepare	0	00	00	E1	00	00	1.0	1	0	2	0																						
2	ppu_public	90	14044016	66	0	0.0	stat_sample	2	02	00	E1	00	00	0.0	1	0	2	0																						
2	ppu_public	90	14044014	66	8	4.0	mode2_enter	2	02	00	E1	00	00	4.0	1	0	2	0																						
2	ppu_public	90	14044016	66	0	0.0	stat_sample	3	02	00	E1	00	00	0.0	1	0	2	0																						
2	ppu_public	90	14044182	66	176	88.0	mode3_enter	3	02	00	E1	00	00	88.0	1	0	2	0																						
2	ppu_public	90	14044176	66	84	42.0	stat_sample	3	03	00	E1	00	00	42.0	1	0	2	0																						
2	ppu_public	90	14044526	66	520	260.0	mode0_enter	0	03	00	E1	00	00	260.0	1	0	2	0																						
2	ppu_public	90	14044520	66	257	128.5	stat_sample	0	00	00	E1	00	00	128.5	1	0	2	0																						
2	ppu_public	90	14044920	67	0	0.0	stat_sample	2	00	00	E1	00	00	0.0	1	0	2	0																						
2	ppu_public	90	14044920	67	2	1.0	mode2_irq_prepare	0	00	00	E1	00	00	1.0	1	0	2	0																						
2	ppu_public	90	14044928	67	0	0.0	stat_sample	2	02	00	E1	00	00	0.0	1	0	2	0																						
2	ppu_public	90	14044926	67	8	4.0	mode2_enter	2	02	00	E1	00	00	4.0	1	0	2	0																						
2	ppu_public	90	14044928	67	0	0.0	stat_sample	3	02	00	E1	00	00	0.0	1	0	2	0																						
2	ppu_public	90	14045094	67	176	88.0	mode3_enter	3	02	00	E1	00	00	88.0	1	0	2	0																						
2	ppu_public	90	14045088	67	84	42.0	stat_sample	3	03	00	E1	00	00	42.0	1	0	2	0																						
2	ppu_public	90	14045438	67	520	260.0	mode0_enter	0	03	00	E1	00	00	260.0	1	0	2	0																						
2	ppu_public	90	14045440	67	257	128.5	stat_sample	0	00	00	E1	00	00	128.5	1	0	2	0																						
2	ppu_public	90	14045832	68	0	0.0	stat_sample	2	00	00	E1	00	00	0.0	1	0	2	0																						
2	ppu_public	90	14045832	68	2	1.0	mode2_irq_prepare	0	00	00	E1	00	00	1.0	1	0	2	0																						
2	ppu_public	90	14045840	68	0	0.0	stat_sample	2	02	00	E1	00	00	0.0	1	0	2	0																						
2	ppu_public	90	14045838	68	8	4.0	mode2_enter	2	02	00	E1	00	00	4.0	1	0	2	0																						
2	ppu_public	90	14045840	68	0	0.0	stat_sample	3	02	00	E1	00	00	0.0	1	0	2	0																						
2	ppu_public	90	14046006	68	176	88.0	mode3_enter	3	02	00	E1	00	00	88.0	1	0	2	0																						
2	ppu_public	90	14046000	68	84	42.0	stat_sample	3	03	00	E1	00	00	42.0	1	0	2	0																						
2	ppu_public	90	14046350	68	520	260.0	mode0_enter	0	03	00	E1	00	00	260.0	1	0	2	0																						
2	ppu_public	90	14046344	68	257	128.5	stat_sample	0	00	00	E1	00	00	128.5	1	0	2	0																						
2	ppu_public	90	14046744	69	0	0.0	stat_sample	2	00	00	E1	00	00	0.0	1	0	2	0																						
2	ppu_public	90	14046744	69	2	1.0	mode2_irq_prepare	0	00	00	E1	00	00	1.0	1	0	2	0																						
2	ppu_public	90	14046752	69	0	0.0	stat_sample	2	02	00	E1	00	00	0.0	1	0	2	0																						
2	ppu_public	90	14046750	69	8	4.0	mode2_enter	2	02	00	E1	00	00	4.0	1	0	2	0																						
2	ppu_public	90	14046752	69	0	0.0	stat_sample	3	02	00	E1	00	00	0.0	1	0	2	0																						
2	ppu_public	90	14046918	69	176	88.0	mode3_enter	3	02	00	E1	00	00	88.0	1	0	2	0																						
2	ppu_public	90	14046912	69	84	42.0	stat_sample	3	03	00	E1	00	00	42.0	1	0	2	0																						
2	ppu_public	90	14047262	69	520	260.0	mode0_enter	0	03	00	E1	00	00	260.0	1	0	2	0																						
2	ppu_public	90	14047256	69	257	128.5	stat_sample	0	00	00	E1	00	00	128.5	1	0	2	0																						
2	ppu_public	90	14047656	70	0	0.0	stat_sample	2	00	00	E1	00	00	0.0	1	0	2	0																						
2	ppu_public	90	14047656	70	2	1.0	mode2_irq_prepare	0	00	00	E1	00	00	1.0	1	0	2	0																						
2	ppu_public	90	14047664	70	0	0.0	stat_sample	2	02	00	E1	00	00	0.0	1	0	2	0																						
2	ppu_public	90	14047662	70	8	4.0	mode2_enter	2	02	00	E1	00	00	4.0	1	0	2	0																						
2	ppu_public	90	14047664	70	0	0.0	stat_sample	3	02	00	E1	00	00	0.0	1	0	2	0																						
2	ppu_public	90	14047830	70	176	88.0	mode3_enter	3	02	00	E1	00	00	88.0	1	0	2	0																						
2	ppu_public	90	14047832	70	84	42.0	stat_sample	3	03	00	E1	00	00	42.0	1	0	2	0																						
2	ppu_public	90	14048174	70	520	260.0	mode0_enter	0	03	00	E1	00	00	260.0	1	0	2	0																						
2	ppu_public	90	14048168	70	257	128.5	stat_sample	0	00	00	E1	00	00	128.5	1	0	2	0																						
2	ppu_public	90	14048568	71	0	0.0	stat_sample	2	00	00	E1	00	00	0.0	1	0	2	0																						
2	ppu_public	90	14048568	71	2	1.0	mode2_irq_prepare	0	00	00	E1	00	00	1.0	1	0	2	0																						
2	ppu_public	90	14048576	71	0	0.0	stat_sample	2	02	00	E1	00	00	0.0	1	0	2	0																						
2	ppu_public	90	14048574	71	8	4.0	mode2_enter	2	02	00	E1	00	00	4.0	1	0	2	0																						
2	ppu_public	90	14048576	71	0	0.0	stat_sample	3	02	00	E1	00	00	0.0	1	0	2	0																						
2	ppu_public	90	14048742	71	176	88.0	mode3_enter	3	02	00	E1	00	00	88.0	1	0	2	0																						
2	ppu_public	90	14048736	71	84	42.0	stat_sample	3	03	00	E1	00	00	42.0	1	0	2	0																						
2	ppu_public	90	14049086	71	520	260.0	mode0_enter	0	03	00	E1	00	00	260.0	1	0	2	0																						
2	ppu_public	90	14049080	71	257	128.5	stat_sample	0	00	00	E1	00	00	128.5	1	0	2	0																						
2	ppu_public	90	14049480	72	0	0.0	stat_sample	2	00	00	E1	00	00	0.0	1	0	2	0																						
2	ppu_public	90	14049480	72	2	1.0	mode2_irq_prepare	0	00	00	E1	00	00	1.0	1	0	2	0																						
2	ppu_public	90	14049496	72	0	0.0	stat_sample	2	02	00	E1	00	00	0.0	1	0	2	0																						
2	ppu_public	90	14049486	72	8	4.0	mode2_enter	2	02	00	E1	00	00	4.0	1	0	2	0																						
2	ppu_public	90	14049496	72	0	0.0	stat_sample	3	02	00	E1	00	00	0.0	1	0	2	0																						
2	ppu_public	90	14049654	72	176	88.0	mode3_enter	3	02	00	E1	00	00	88.0	1	0	2	0																						
2	ppu_public	90	14049648	72	84	42.0	stat_sample	3	03	00	E1	00	00	42.0	1	0	2	0																						
2	ppu_public	90	14049998	72	520	260.0	mode0_enter	0	03	00	E1	00	00	260.0	1	0	2	0																						
2	ppu_public	90	14049992	72	257	128.5	stat_sample	0	00	00	E1	00	00	128.5	1	0	2	0																						
2	ppu_public	90	14050392	73	0	0.0	stat_sample	2	00	00	E1	00	00	0.0	1	0	2	0																						
2	ppu_public	90	14050392	73	2	1.0	mode2_irq_prepare	0	00	00	E1	00	00	1.0	1	0	2	0																						
2	ppu_public	90	14050400	73	0	0.0	stat_sample	2	02	00	E1	00	00	0.0	1	0	2	0																						
2	ppu_public	90	14050398	73	8	4.0	mode2_enter	2	02	00	E1	00	00	4.0	1	0	2	0																						
2	ppu_public	90	14050400	73	0	0.0	stat_sample	3	02	00	E1	00	00	0.0	1	0	2	0																						
2	ppu_public	90	14050566	73	176	88.0	mode3_enter	3	02	00	E1	00	00	88.0	1	0	2	0																						
2	ppu_public	90	14050560	73	84	42.0	stat_sample	3	03	00	E1	00	00	42.0	1	0	2	0																						
2	ppu_public	90	14050910	73	520	260.0	mode0_enter	0	03	00	E1	00	00	260.0	1	0	2	0																						
2	ppu_public	90	14050904	73	257	128.5	stat_sample	0	00	00	E1	00	00	128.5	1	0	2	0																						
2	ppu_public	90	14051304	74	0	0.0	stat_sample	2	00	00	E1	00	00	0.0	1	0	2	0																						
2	ppu_public	90	14051304	74	2	1.0	mode2_irq_prepare	0	00	00	E1	00	00	1.0	1	0	2	0																						
2	ppu_public	90	14051312	74	0	0.0	stat_sample	2	02	00	E1	00	00	0.0	1	0	2	0																						
2	ppu_public	90	14051310	74	8	4.0	mode2_enter	2	02	00	E1	00	00	4.0	1	0	2	0																						
2	ppu_public	90	14051312	74	0	0.0	stat_sample	3	02	00	E1	00	00	0.0	1	0	2	0																						
2	ppu_public	90	14051478	74	176	88.0	mode3_enter	3	02	00	E1	00	00	88.0	1	0	2	0																						
2	ppu_public	90	14051472	74	84	42.0	stat_sample	3	03	00	E1	00	00	42.0	1	0	2	0																						
2	ppu_public	90	14051822	74	520	260.0	mode0_enter	0	03	00	E1	00	00	260.0	1	0	2	0																						
2	ppu_public	90	14051816	74	257	128.5	stat_sample	0	00	00	E1	00	00	128.5	1	0	2	0																						
2	ppu_public	90	14052216	75	0	0.0	stat_sample	2	00	00	E1	00	00	0.0	1	0	2	0																						
2	ppu_public	90	14052216	75	2	1.0	mode2_irq_prepare	0	00	00	E1	00	00	1.0	1	0	2	0																						
2	ppu_public	90	14052224	75	0	0.0	stat_sample	2	02	00	E1	00	00	0.0	1	0	2	0																						
2	ppu_public	90	14052222	75	8	4.0	mode2_enter	2	02	00	E1	00	00	4.0	1	0	2	0																						
2	ppu_public	90	14052224	75	0	0.0	stat_sample	3	02	00	E1	00	00	0.0	1	0	2	0																						
2	ppu_public	90	14052390	75	176	88.0	mode3_enter	3	02	00	E1	00	00	88.0	1	0	2	0																						
2	ppu_public	90	14052384	75	84	42.0	stat_sample	3	03	00	E1	00	00	42.0	1	0	2	0																						
2	ppu_public	90	14052734	75	520	260.0	mode0_enter	0	03	00	E1	00	00	260.0	1	0	2	0																						
2	ppu_public	90	14052728	75	257	128.5	stat_sample	0	00	00	E1	00	00	128.5	1	0	2	0																						
2	ppu_public	90	14053136	76	0	0.0	stat_sample	2	00	00	E1	00	00	0.0	1	0	2	0																						
2	ppu_public	90	14053136	76	2	1.0	mode2_irq_prepare	0	00	00	E1	00	00	1.0	1	0	2	0																						
2	ppu_public	90	14053136	76	0	0.0	stat_sample	2	02	00	E1	00	00	0.0	1	0	2	0																						
2	ppu_public	90	14053142	76	8	4.0	mode2_enter	2	02	00	E1	00	00	4.0	1	0	2	0																						
2	ppu_public	90	14053136	76	0	0.0	stat_sample	3	02	00	E1	00	00	0.0	1	0	2	0																						
2	ppu_public	90	14053310	76	176	88.0	mode3_enter	3	02	00	E1	00	00	88.0	1	0	2	0																						
2	ppu_public	90	14053296	76	84	42.0	stat_sample	3	03	00	E1	00	00	42.0	1	0	2	0																						
2	ppu_public	90	14053654	76	520	260.0	mode0_enter	0	03	00	E1	00	00	260.0	1	0	2	0																						
2	ppu_public	90	14053640	76	257	128.5	stat_sample	0	00	00	E1	00	00	128.5	1	0	2	0																						
2	ppu_public	90	14054040	77	0	0.0	stat_sample	2	00	00	E1	00	00	0.0	1	0	2	0																						
2	ppu_public	90	14054040	77	2	1.0	mode2_irq_prepare	0	00	00	E1	00	00	1.0	1	0	2	0																						
2	ppu_public	90	14054048	77	0	0.0	stat_sample	2	02	00	E1	00	00	0.0	1	0	2	0																						
2	ppu_public	90	14054046	77	8	4.0	mode2_enter	2	02	00	E1	00	00	4.0	1	0	2	0																						
2	ppu_public	90	14054048	77	0	0.0	stat_sample	3	02	00	E1	00	00	0.0	1	0	2	0																						
2	ppu_public	90	14054214	77	176	88.0	mode3_enter	3	02	00	E1	00	00	88.0	1	0	2	0																						
2	ppu_public	90	14054208	77	84	42.0	stat_sample	3	03	00	E1	00	00	42.0	1	0	2	0																						
2	ppu_public	90	14054558	77	520	260.0	mode0_enter	0	03	00	E1	00	00	260.0	1	0	2	0																						
2	ppu_public	90	14054552	77	257	128.5	stat_sample	0	00	00	E1	00	00	128.5	1	0	2	0																						
2	ppu_public	90	14054952	78	0	0.0	stat_sample	2	00	00	E1	00	00	0.0	1	0	2	0																						
2	ppu_public	90	14054952	78	2	1.0	mode2_irq_prepare	0	00	00	E1	00	00	1.0	1	0	2	0																						
2	ppu_public	90	14054960	78	0	0.0	stat_sample	2	02	00	E1	00	00	0.0	1	0	2	0																						
2	ppu_public	90	14054958	78	8	4.0	mode2_enter	2	02	00	E1	00	00	4.0	1	0	2	0																						
2	ppu_public	90	14054960	78	0	0.0	stat_sample	3	02	00	E1	00	00	0.0	1	0	2	0																						
2	ppu_public	90	14055126	78	176	88.0	mode3_enter	3	02	00	E1	00	00	88.0	1	0	2	0																						
2	ppu_public	90	14055120	78	84	42.0	stat_sample	3	03	00	E1	00	00	42.0	1	0	2	0																						
2	ppu_public	90	14055470	78	520	260.0	mode0_enter	0	03	00	E1	00	00	260.0	1	0	2	0																						
2	ppu_public	90	14055464	78	257	128.5	stat_sample	0	00	00	E1	00	00	128.5	1	0	2	0																						
2	ppu_public	90	14055864	79	0	0.0	stat_sample	2	00	00	E1	00	00	0.0	1	0	2	0																						
2	ppu_public	90	14055864	79	2	1.0	mode2_irq_prepare	0	00	00	E1	00	00	1.0	1	0	2	0																						
2	ppu_public	90	14055872	79	0	0.0	stat_sample	2	02	00	E1	00	00	0.0	1	0	2	0																						
2	ppu_public	90	14055870	79	8	4.0	mode2_enter	2	02	00	E1	00	00	4.0	1	0	2	0																						
2	ppu_public	90	14055872	79	0	0.0	stat_sample	3	02	00	E1	00	00	0.0	1	0	2	0																						
2	ppu_public	90	14056038	79	176	88.0	mode3_enter	3	02	00	E1	00	00	88.0	1	0	2	0																						
2	ppu_public	90	14056032	79	84	42.0	stat_sample	3	03	00	E1	00	00	42.0	1	0	2	0																						
2	ppu_public	90	14056382	79	520	260.0	mode0_enter	0	03	00	E1	00	00	260.0	1	0	2	0																						
2	ppu_public	90	14056376	79	257	128.5	stat_sample	0	00	00	E1	00	00	128.5	1	0	2	0																						
2	ppu_public	90	14056776	80	0	0.0	stat_sample	2	00	00	E1	00	00	0.0	1	0	2	0																						
2	ppu_public	90	14056776	80	2	1.0	mode2_irq_prepare	0	00	00	E1	00	00	1.0	1	0	2	0																						
2	ppu_public	90	14056784	80	0	0.0	stat_sample	2	02	00	E1	00	00	0.0	1	0	2	0																						
2	ppu_public	90	14056782	80	8	4.0	mode2_enter	2	02	00	E1	00	00	4.0	1	0	2	0																						
2	ppu_public	90	14056784	80	0	0.0	stat_sample	3	02	00	E1	00	00	0.0	1	0	2	0																						
2	ppu_public	90	14056950	80	176	88.0	mode3_enter	3	02	00	E1	00	00	88.0	1	0	2	0																						
2	ppu_public	90	14056944	80	84	42.0	stat_sample	3	03	00	E1	00	00	42.0	1	0	2	0																						
2	ppu_public	90	14057294	80	520	260.0	mode0_enter	0	03	00	E1	00	00	260.0	1	0	2	0																						
2	ppu_public	90	14057296	80	257	128.5	stat_sample	0	00	00	E1	00	00	128.5	1	0	2	0																						
2	ppu_public	90	14057688	81	0	0.0	stat_sample	2	00	00	E1	00	00	0.0	1	0	2	0																						
2	ppu_public	90	14057688	81	2	1.0	mode2_irq_prepare	0	00	00	E1	00	00	1.0	1	0	2	0																						
2	ppu_public	90	14057696	81	0	0.0	stat_sample	2	02	00	E1	00	00	0.0	1	0	2	0																						
2	ppu_public	90	14057694	81	8	4.0	mode2_enter	2	02	00	E1	00	00	4.0	1	0	2	0																						
2	ppu_public	90	14057696	81	0	0.0	stat_sample	3	02	00	E1	00	00	0.0	1	0	2	0																						
2	ppu_public	90	14057862	81	176	88.0	mode3_enter	3	02	00	E1	00	00	88.0	1	0	2	0																						
2	ppu_public	90	14057856	81	84	42.0	stat_sample	3	03	00	E1	00	00	42.0	1	0	2	0																						
2	ppu_public	90	14058206	81	520	260.0	mode0_enter	0	03	00	E1	00	00	260.0	1	0	2	0																						
2	ppu_public	90	14058200	81	257	128.5	stat_sample	0	00	00	E1	00	00	128.5	1	0	2	0																						
2	ppu_public	90	14058600	82	0	0.0	stat_sample	2	00	00	E1	00	00	0.0	1	0	2	0																						
2	ppu_public	90	14058600	82	2	1.0	mode2_irq_prepare	0	00	00	E1	00	00	1.0	1	0	2	0																						
2	ppu_public	90	14058608	82	0	0.0	stat_sample	2	02	00	E1	00	00	0.0	1	0	2	0																						
2	ppu_public	90	14058606	82	8	4.0	mode2_enter	2	02	00	E1	00	00	4.0	1	0	2	0																						
2	ppu_public	90	14058608	82	0	0.0	stat_sample	3	02	00	E1	00	00	0.0	1	0	2	0																						
2	ppu_public	90	14058774	82	176	88.0	mode3_enter	3	02	00	E1	00	00	88.0	1	0	2	0																						
2	ppu_public	90	14058768	82	84	42.0	stat_sample	3	03	00	E1	00	00	42.0	1	0	2	0																						
2	ppu_public	90	14059118	82	520	260.0	mode0_enter	0	03	00	E1	00	00	260.0	1	0	2	0																						
2	ppu_public	90	14059112	82	257	128.5	stat_sample	0	00	00	E1	00	00	128.5	1	0	2	0																						
2	ppu_public	90	14059512	83	0	0.0	stat_sample	2	00	00	E1	00	00	0.0	1	0	2	0																						
2	ppu_public	90	14059512	83	2	1.0	mode2_irq_prepare	0	00	00	E1	00	00	1.0	1	0	2	0																						
2	ppu_public	90	14059520	83	0	0.0	stat_sample	2	02	00	E1	00	00	0.0	1	0	2	0																						
2	ppu_public	90	14059518	83	8	4.0	mode2_enter	2	02	00	E1	00	00	4.0	1	0	2	0																						
2	ppu_public	90	14059520	83	0	0.0	stat_sample	3	02	00	E1	00	00	0.0	1	0	2	0																						
2	ppu_public	90	14059686	83	176	88.0	mode3_enter	3	02	00	E1	00	00	88.0	1	0	2	0																						
2	ppu_public	90	14059688	83	84	42.0	stat_sample	3	03	00	E1	00	00	42.0	1	0	2	0																						
2	ppu_public	90	14060030	83	520	260.0	mode0_enter	0	03	00	E1	00	00	260.0	1	0	2	0																						
2	ppu_public	90	14060024	83	257	128.5	stat_sample	0	00	00	E1	00	00	128.5	1	0	2	0																						
2	ppu_public	90	14060424	84	0	0.0	stat_sample	2	00	00	E1	00	00	0.0	1	0	2	0																						
2	ppu_public	90	14060424	84	2	1.0	mode2_irq_prepare	0	00	00	E1	00	00	1.0	1	0	2	0																						
2	ppu_public	90	14060432	84	0	0.0	stat_sample	2	02	00	E1	00	00	0.0	1	0	2	0																						
2	ppu_public	90	14060430	84	8	4.0	mode2_enter	2	02	00	E1	00	00	4.0	1	0	2	0																						
2	ppu_public	90	14060432	84	0	0.0	stat_sample	3	02	00	E1	00	00	0.0	1	0	2	0																						
2	ppu_public	90	14060598	84	176	88.0	mode3_enter	3	02	00	E1	00	00	88.0	1	0	2	0																						
2	ppu_public	90	14060592	84	84	42.0	stat_sample	3	03	00	E1	00	00	42.0	1	0	2	0																						
2	ppu_public	90	14060942	84	520	260.0	mode0_enter	0	03	00	E1	00	00	260.0	1	0	2	0																						
2	ppu_public	90	14060936	84	257	128.5	stat_sample	0	00	00	E1	00	00	128.5	1	0	2	0																						
2	ppu_public	90	14061336	85	0	0.0	stat_sample	2	00	00	E1	00	00	0.0	1	0	2	0																						
2	ppu_public	90	14061336	85	2	1.0	mode2_irq_prepare	0	00	00	E1	00	00	1.0	1	0	2	0																						
2	ppu_public	90	14061352	85	0	0.0	stat_sample	2	02	00	E1	00	00	0.0	1	0	2	0																						
2	ppu_public	90	14061342	85	8	4.0	mode2_enter	2	02	00	E1	00	00	4.0	1	0	2	0																						
2	ppu_public	90	14061352	85	0	0.0	stat_sample	3	02	00	E1	00	00	0.0	1	0	2	0																						
2	ppu_public	90	14061510	85	176	88.0	mode3_enter	3	02	00	E1	00	00	88.0	1	0	2	0																						
2	ppu_public	90	14061504	85	84	42.0	stat_sample	3	03	00	E1	00	00	42.0	1	0	2	0																						
2	ppu_public	90	14061854	85	520	260.0	mode0_enter	0	03	00	E1	00	00	260.0	1	0	2	0																						
2	ppu_public	90	14061848	85	257	128.5	stat_sample	0	00	00	E1	00	00	128.5	1	0	2	0																						
2	ppu_public	90	14062248	86	0	0.0	stat_sample	2	00	00	E1	00	00	0.0	1	0	2	0																						
2	ppu_public	90	14062248	86	2	1.0	mode2_irq_prepare	0	00	00	E1	00	00	1.0	1	0	2	0																						
2	ppu_public	90	14062256	86	0	0.0	stat_sample	2	02	00	E1	00	00	0.0	1	0	2	0																						
2	ppu_public	90	14062254	86	8	4.0	mode2_enter	2	02	00	E1	00	00	4.0	1	0	2	0																						
2	ppu_public	90	14062256	86	0	0.0	stat_sample	3	02	00	E1	00	00	0.0	1	0	2	0																						
2	ppu_public	90	14062422	86	176	88.0	mode3_enter	3	02	00	E1	00	00	88.0	1	0	2	0																						
2	ppu_public	90	14062416	86	84	42.0	stat_sample	3	03	00	E1	00	00	42.0	1	0	2	0																						
2	ppu_public	90	14062766	86	520	260.0	mode0_enter	0	03	00	E1	00	00	260.0	1	0	2	0																						
2	ppu_public	90	14062760	86	257	128.5	stat_sample	0	00	00	E1	00	00	128.5	1	0	2	0																						
2	ppu_public	90	14063160	87	0	0.0	stat_sample	2	00	00	E1	00	00	0.0	1	0	2	0																						
2	ppu_public	90	14063160	87	2	1.0	mode2_irq_prepare	0	00	00	E1	00	00	1.0	1	0	2	0																						
2	ppu_public	90	14063168	87	0	0.0	stat_sample	2	02	00	E1	00	00	0.0	1	0	2	0																						
2	ppu_public	90	14063166	87	8	4.0	mode2_enter	2	02	00	E1	00	00	4.0	1	0	2	0																						
2	ppu_public	90	14063168	87	0	0.0	stat_sample	3	02	00	E1	00	00	0.0	1	0	2	0																						
2	ppu_public	90	14063334	87	176	88.0	mode3_enter	3	02	00	E1	00	00	88.0	1	0	2	0																						
2	ppu_public	90	14063328	87	84	42.0	stat_sample	3	03	00	E1	00	00	42.0	1	0	2	0																						
2	ppu_public	90	14063678	87	520	260.0	mode0_enter	0	03	00	E1	00	00	260.0	1	0	2	0																						
2	ppu_public	90	14063672	87	257	128.5	stat_sample	0	00	00	E1	00	00	128.5	1	0	2	0																						
2	ppu_public	90	14064072	88	0	0.0	stat_sample	2	00	00	E1	00	00	0.0	1	0	2	0																						
2	ppu_public	90	14064072	88	2	1.0	mode2_irq_prepare	0	00	00	E1	00	00	1.0	1	0	2	0																						
2	ppu_public	90	14064080	88	0	0.0	stat_sample	2	02	00	E1	00	00	0.0	1	0	2	0																						
2	ppu_public	90	14064078	88	8	4.0	mode2_enter	2	02	00	E1	00	00	4.0	1	0	2	0																						
2	ppu_public	90	14064080	88	0	0.0	stat_sample	3	02	00	E1	00	00	0.0	1	0	2	0																						
2	ppu_public	90	14064246	88	176	88.0	mode3_enter	3	02	00	E1	00	00	88.0	1	0	2	0																						
2	ppu_public	90	14064240	88	84	42.0	stat_sample	3	03	00	E1	00	00	42.0	1	0	2	0																						
2	ppu_public	90	14064590	88	520	260.0	mode0_enter	0	03	00	E1	00	00	260.0	1	0	2	0																						
2	ppu_public	90	14064584	88	257	128.5	stat_sample	0	00	00	E1	00	00	128.5	1	0	2	0																						
2	ppu_public	90	14064992	89	0	0.0	stat_sample	2	00	00	E1	00	00	0.0	1	0	2	0																						
2	ppu_public	90	14064992	89	2	1.0	mode2_irq_prepare	0	00	00	E1	00	00	1.0	1	0	2	0																						
2	ppu_public	90	14064992	89	0	0.0	stat_sample	2	02	00	E1	00	00	0.0	1	0	2	0																						
2	ppu_public	90	14064998	89	8	4.0	mode2_enter	2	02	00	E1	00	00	4.0	1	0	2	0																						
2	ppu_public	90	14064992	89	0	0.0	stat_sample	3	02	00	E1	00	00	0.0	1	0	2	0																						
2	ppu_public	90	14065166	89	176	88.0	mode3_enter	3	02	00	E1	00	00	88.0	1	0	2	0																						
2	ppu_public	90	14065152	89	84	42.0	stat_sample	3	03	00	E1	00	00	42.0	1	0	2	0																						
2	ppu_public	90	14065510	89	520	260.0	mode0_enter	0	03	00	E1	00	00	260.0	1	0	2	0																						
2	ppu_public	90	14065496	89	257	128.5	stat_sample	0	00	00	E1	00	00	128.5	1	0	2	0																						
2	ppu_public	90	14065896	90	0	0.0	stat_sample	2	00	00	E1	00	00	0.0	1	0	2	0																						
2	ppu_public	90	14065896	90	2	1.0	mode2_irq_prepare	0	00	00	E1	00	00	1.0	1	0	2	0																						
2	ppu_public	90	14065904	90	0	0.0	stat_sample	2	02	00	E1	00	00	0.0	1	0	2	0																						
2	ppu_public	90	14065902	90	8	4.0	mode2_enter	2	02	00	E1	00	00	4.0	1	0	2	0																						
2	ppu_public	90	14065904	90	0	0.0	stat_sample	3	02	00	E1	00	00	0.0	1	0	2	0																						
2	ppu_public	90	14066070	90	176	88.0	mode3_enter	3	02	00	E1	00	00	88.0	1	0	2	0																						
2	ppu_public	90	14066064	90	84	42.0	stat_sample	3	03	00	E1	00	00	42.0	1	0	2	0																						
2	ppu_public	90	14066414	90	520	260.0	mode0_enter	0	03	00	E1	00	00	260.0	1	0	2	0																						
2	ppu_public	90	14066408	90	257	128.5	stat_sample	0	00	00	E1	00	00	128.5	1	0	2	0																						
2	ppu_public	90	14066808	91	0	0.0	stat_sample	2	00	00	E1	00	00	0.0	1	0	2	0																						
2	ppu_public	90	14066808	91	2	1.0	mode2_irq_prepare	0	00	00	E1	00	00	1.0	1	0	2	0																						
2	ppu_public	90	14066816	91	0	0.0	stat_sample	2	02	00	E1	00	00	0.0	1	0	2	0																						
2	ppu_public	90	14066814	91	8	4.0	mode2_enter	2	02	00	E1	00	00	4.0	1	0	2	0																						
2	ppu_public	90	14066816	91	0	0.0	stat_sample	3	02	00	E1	00	00	0.0	1	0	2	0																						
2	ppu_public	90	14066982	91	176	88.0	mode3_enter	3	02	00	E1	00	00	88.0	1	0	2	0																						
2	ppu_public	90	14066976	91	84	42.0	stat_sample	3	03	00	E1	00	00	42.0	1	0	2	0																						
2	ppu_public	90	14067326	91	520	260.0	mode0_enter	0	03	00	E1	00	00	260.0	1	0	2	0																						
2	ppu_public	90	14067320	91	257	128.5	stat_sample	0	00	00	E1	00	00	128.5	1	0	2	0																						
2	ppu_public	90	14067720	92	0	0.0	stat_sample	2	00	00	E1	00	00	0.0	1	0	2	0																						
2	ppu_public	90	14067720	92	2	1.0	mode2_irq_prepare	0	00	00	E1	00	00	1.0	1	0	2	0																						
2	ppu_public	90	14067728	92	0	0.0	stat_sample	2	02	00	E1	00	00	0.0	1	0	2	0																						
2	ppu_public	90	14067726	92	8	4.0	mode2_enter	2	02	00	E1	00	00	4.0	1	0	2	0																						
2	ppu_public	90	14067728	92	0	0.0	stat_sample	3	02	00	E1	00	00	0.0	1	0	2	0																						
2	ppu_public	90	14067894	92	176	88.0	mode3_enter	3	02	00	E1	00	00	88.0	1	0	2	0																						
2	ppu_public	90	14067888	92	84	42.0	stat_sample	3	03	00	E1	00	00	42.0	1	0	2	0																						
2	ppu_public	90	14068238	92	520	260.0	mode0_enter	0	03	00	E1	00	00	260.0	1	0	2	0																						
2	ppu_public	90	14068232	92	257	128.5	stat_sample	0	00	00	E1	00	00	128.5	1	0	2	0																						
2	ppu_public	90	14068632	93	0	0.0	stat_sample	2	00	00	E1	00	00	0.0	1	0	2	0																						
2	ppu_public	90	14068632	93	2	1.0	mode2_irq_prepare	0	00	00	E1	00	00	1.0	1	0	2	0																						
2	ppu_public	90	14068640	93	0	0.0	stat_sample	2	02	00	E1	00	00	0.0	1	0	2	0																						
2	ppu_public	90	14068638	93	8	4.0	mode2_enter	2	02	00	E1	00	00	4.0	1	0	2	0																						
2	ppu_public	90	14068640	93	0	0.0	stat_sample	3	02	00	E1	00	00	0.0	1	0	2	0																						
2	ppu_public	90	14068806	93	176	88.0	mode3_enter	3	02	00	E1	00	00	88.0	1	0	2	0																						
2	ppu_public	90	14068800	93	84	42.0	stat_sample	3	03	00	E1	00	00	42.0	1	0	2	0																						
2	ppu_public	90	14069150	93	520	260.0	mode0_enter	0	03	00	E1	00	00	260.0	1	0	2	0																						
2	ppu_public	90	14069152	93	257	128.5	stat_sample	0	00	00	E1	00	00	128.5	1	0	2	0																						
2	ppu_public	90	14069544	94	0	0.0	stat_sample	2	00	00	E1	00	00	0.0	1	0	2	0																						
2	ppu_public	90	14069544	94	2	1.0	mode2_irq_prepare	0	00	00	E1	00	00	1.0	1	0	2	0																						
2	ppu_public	90	14069552	94	0	0.0	stat_sample	2	02	00	E1	00	00	0.0	1	0	2	0																						
2	ppu_public	90	14069550	94	8	4.0	mode2_enter	2	02	00	E1	00	00	4.0	1	0	2	0																						
2	ppu_public	90	14069552	94	0	0.0	stat_sample	3	02	00	E1	00	00	0.0	1	0	2	0																						
2	ppu_public	90	14069718	94	176	88.0	mode3_enter	3	02	00	E1	00	00	88.0	1	0	2	0																						
2	ppu_public	90	14069712	94	84	42.0	stat_sample	3	03	00	E1	00	00	42.0	1	0	2	0																						
2	ppu_public	90	14070062	94	520	260.0	mode0_enter	0	03	00	E1	00	00	260.0	1	0	2	0																						
2	ppu_public	90	14070056	94	257	128.5	stat_sample	0	00	00	E1	00	00	128.5	1	0	2	0																						
2	ppu_public	90	14070456	95	0	0.0	stat_sample	2	00	00	E1	00	00	0.0	1	0	2	0																						
2	ppu_public	90	14070456	95	2	1.0	mode2_irq_prepare	0	00	00	E1	00	00	1.0	1	0	2	0																						
2	ppu_public	90	14070464	95	0	0.0	stat_sample	2	02	00	E1	00	00	0.0	1	0	2	0																						
2	ppu_public	90	14070462	95	8	4.0	mode2_enter	2	02	00	E1	00	00	4.0	1	0	2	0																						
2	ppu_public	90	14070464	95	0	0.0	stat_sample	3	02	00	E1	00	00	0.0	1	0	2	0																						
2	ppu_public	90	14070630	95	176	88.0	mode3_enter	3	02	00	E1	00	00	88.0	1	0	2	0																						
2	ppu_public	90	14070624	95	84	42.0	stat_sample	3	03	00	E1	00	00	42.0	1	0	2	0																						
2	ppu_public	90	14070974	95	520	260.0	mode0_enter	0	03	00	E1	00	00	260.0	1	0	2	0																						
2	ppu_public	90	14070968	95	257	128.5	stat_sample	0	00	00	E1	00	00	128.5	1	0	2	0																						
2	ppu_public	90	14071368	96	0	0.0	stat_sample	2	00	00	E1	00	00	0.0	1	0	2	0																						
2	ppu_public	90	14071368	96	2	1.0	mode2_irq_prepare	0	00	00	E1	00	00	1.0	1	0	2	0																						
2	ppu_public	90	14071376	96	0	0.0	stat_sample	2	02	00	E1	00	00	0.0	1	0	2	0																						
2	ppu_public	90	14071374	96	8	4.0	mode2_enter	2	02	00	E1	00	00	4.0	1	0	2	0																						
2	ppu_public	90	14071376	96	0	0.0	stat_sample	3	02	00	E1	00	00	0.0	1	0	2	0																						
2	ppu_public	90	14071542	96	176	88.0	mode3_enter	3	02	00	E1	00	00	88.0	1	0	2	0																						
2	ppu_public	90	14071544	96	84	42.0	stat_sample	3	03	00	E1	00	00	42.0	1	0	2	0																						
2	ppu_public	90	14071886	96	520	260.0	mode0_enter	0	03	00	E1	00	00	260.0	1	0	2	0																						
2	ppu_public	90	14071880	96	257	128.5	stat_sample	0	00	00	E1	00	00	128.5	1	0	2	0																						
2	ppu_public	90	14072280	97	0	0.0	stat_sample	2	00	00	E1	00	00	0.0	1	0	2	0																						
2	ppu_public	90	14072280	97	2	1.0	mode2_irq_prepare	0	00	00	E1	00	00	1.0	1	0	2	0																						
2	ppu_public	90	14072288	97	0	0.0	stat_sample	2	02	00	E1	00	00	0.0	1	0	2	0																						
2	ppu_public	90	14072286	97	8	4.0	mode2_enter	2	02	00	E1	00	00	4.0	1	0	2	0																						
2	ppu_public	90	14072288	97	0	0.0	stat_sample	3	02	00	E1	00	00	0.0	1	0	2	0																						
2	ppu_public	90	14072454	97	176	88.0	mode3_enter	3	02	00	E1	00	00	88.0	1	0	2	0																						
2	ppu_public	90	14072448	97	84	42.0	stat_sample	3	03	00	E1	00	00	42.0	1	0	2	0																						
2	ppu_public	90	14072798	97	520	260.0	mode0_enter	0	03	00	E1	00	00	260.0	1	0	2	0																						
2	ppu_public	90	14072792	97	257	128.5	stat_sample	0	00	00	E1	00	00	128.5	1	0	2	0																						
2	ppu_public	90	14073192	98	0	0.0	stat_sample	2	00	00	E1	00	00	0.0	1	0	2	0																						
2	ppu_public	90	14073192	98	2	1.0	mode2_irq_prepare	0	00	00	E1	00	00	1.0	1	0	2	0																						
2	ppu_public	90	14073208	98	0	0.0	stat_sample	2	02	00	E1	00	00	0.0	1	0	2	0																						
2	ppu_public	90	14073198	98	8	4.0	mode2_enter	2	02	00	E1	00	00	4.0	1	0	2	0																						
2	ppu_public	90	14073208	98	0	0.0	stat_sample	3	02	00	E1	00	00	0.0	1	0	2	0																						
2	ppu_public	90	14073366	98	176	88.0	mode3_enter	3	02	00	E1	00	00	88.0	1	0	2	0																						
2	ppu_public	90	14073360	98	84	42.0	stat_sample	3	03	00	E1	00	00	42.0	1	0	2	0																						
2	ppu_public	90	14073710	98	520	260.0	mode0_enter	0	03	00	E1	00	00	260.0	1	0	2	0																						
2	ppu_public	90	14073704	98	257	128.5	stat_sample	0	00	00	E1	00	00	128.5	1	0	2	0																						
2	ppu_public	90	14074104	99	0	0.0	stat_sample	2	00	00	E1	00	00	0.0	1	0	2	0																						
2	ppu_public	90	14074104	99	2	1.0	mode2_irq_prepare	0	00	00	E1	00	00	1.0	1	0	2	0																						
2	ppu_public	90	14074112	99	0	0.0	stat_sample	2	02	00	E1	00	00	0.0	1	0	2	0																						
2	ppu_public	90	14074110	99	8	4.0	mode2_enter	2	02	00	E1	00	00	4.0	1	0	2	0																						
2	ppu_public	90	14074112	99	0	0.0	stat_sample	3	02	00	E1	00	00	0.0	1	0	2	0																						
2	ppu_public	90	14074278	99	176	88.0	mode3_enter	3	02	00	E1	00	00	88.0	1	0	2	0																						
2	ppu_public	90	14074272	99	84	42.0	stat_sample	3	03	00	E1	00	00	42.0	1	0	2	0																						
2	ppu_public	90	14074622	99	520	260.0	mode0_enter	0	03	00	E1	00	00	260.0	1	0	2	0																						
2	ppu_public	90	14074616	99	257	128.5	stat_sample	0	00	00	E1	00	00	128.5	1	0	2	0																						
2	ppu_public	90	14075016	100	0	0.0	stat_sample	2	00	00	E1	00	00	0.0	1	0	2	0																						
2	ppu_public	90	14075016	100	2	1.0	mode2_irq_prepare	0	00	00	E1	00	00	1.0	1	0	2	0																						
2	ppu_public	90	14075024	100	0	0.0	stat_sample	2	02	00	E1	00	00	0.0	1	0	2	0																						
2	ppu_public	90	14075022	100	8	4.0	mode2_enter	2	02	00	E1	00	00	4.0	1	0	2	0																						
2	ppu_public	90	14075024	100	0	0.0	stat_sample	3	02	00	E1	00	00	0.0	1	0	2	0																						
2	ppu_public	90	14075190	100	176	88.0	mode3_enter	3	02	00	E1	00	00	88.0	1	0	2	0																						
2	ppu_public	90	14075184	100	84	42.0	stat_sample	3	03	00	E1	00	00	42.0	1	0	2	0																						
2	ppu_public	90	14075534	100	520	260.0	mode0_enter	0	03	00	E1	00	00	260.0	1	0	2	0																						
2	ppu_public	90	14075528	100	257	128.5	stat_sample	0	00	00	E1	00	00	128.5	1	0	2	0																						
2	ppu_public	90	14075928	101	0	0.0	stat_sample	2	00	00	E1	00	00	0.0	1	0	2	0																						
2	ppu_public	90	14075928	101	2	1.0	mode2_irq_prepare	0	00	00	E1	00	00	1.0	1	0	2	0																						
2	ppu_public	90	14075936	101	0	0.0	stat_sample	2	02	00	E1	00	00	0.0	1	0	2	0																						
2	ppu_public	90	14075934	101	8	4.0	mode2_enter	2	02	00	E1	00	00	4.0	1	0	2	0																						
2	ppu_public	90	14075936	101	0	0.0	stat_sample	3	02	00	E1	00	00	0.0	1	0	2	0																						
2	ppu_public	90	14076102	101	176	88.0	mode3_enter	3	02	00	E1	00	00	88.0	1	0	2	0																						
2	ppu_public	90	14076096	101	84	42.0	stat_sample	3	03	00	E1	00	00	42.0	1	0	2	0																						
2	ppu_public	90	14076446	101	520	260.0	mode0_enter	0	03	00	E1	00	00	260.0	1	0	2	0																						
2	ppu_public	90	14076440	101	257	128.5	stat_sample	0	00	00	E1	00	00	128.5	1	0	2	0																						
2	ppu_public	90	14076848	102	0	0.0	stat_sample	2	00	00	E1	00	00	0.0	1	0	2	0																						
2	ppu_public	90	14076848	102	2	1.0	mode2_irq_prepare	0	00	00	E1	00	00	1.0	1	0	2	0																						
2	ppu_public	90	14076848	102	0	0.0	stat_sample	2	02	00	E1	00	00	0.0	1	0	2	0																						
2	ppu_public	90	14076854	102	8	4.0	mode2_enter	2	02	00	E1	00	00	4.0	1	0	2	0																						
2	ppu_public	90	14076848	102	0	0.0	stat_sample	3	02	00	E1	00	00	0.0	1	0	2	0																						
2	ppu_public	90	14077022	102	176	88.0	mode3_enter	3	02	00	E1	00	00	88.0	1	0	2	0																						
2	ppu_public	90	14077008	102	84	42.0	stat_sample	3	03	00	E1	00	00	42.0	1	0	2	0																						
2	ppu_public	90	14077366	102	520	260.0	mode0_enter	0	03	00	E1	00	00	260.0	1	0	2	0																						
2	ppu_public	90	14077352	102	257	128.5	stat_sample	0	00	00	E1	00	00	128.5	1	0	2	0																						
2	ppu_public	90	14077752	103	0	0.0	stat_sample	2	00	00	E1	00	00	0.0	1	0	2	0																						
2	ppu_public	90	14077752	103	2	1.0	mode2_irq_prepare	0	00	00	E1	00	00	1.0	1	0	2	0																						
2	ppu_public	90	14077760	103	0	0.0	stat_sample	2	02	00	E1	00	00	0.0	1	0	2	0																						
2	ppu_public	90	14077758	103	8	4.0	mode2_enter	2	02	00	E1	00	00	4.0	1	0	2	0																						
2	ppu_public	90	14077760	103	0	0.0	stat_sample	3	02	00	E1	00	00	0.0	1	0	2	0																						
2	ppu_public	90	14077926	103	176	88.0	mode3_enter	3	02	00	E1	00	00	88.0	1	0	2	0																						
2	ppu_public	90	14077920	103	84	42.0	stat_sample	3	03	00	E1	00	00	42.0	1	0	2	0																						
2	ppu_public	90	14078270	103	520	260.0	mode0_enter	0	03	00	E1	00	00	260.0	1	0	2	0																						
2	ppu_public	90	14078264	103	257	128.5	stat_sample	0	00	00	E1	00	00	128.5	1	0	2	0																						
2	ppu_public	90	14078664	104	0	0.0	stat_sample	2	00	00	E1	00	00	0.0	1	0	2	0																						
2	ppu_public	90	14078664	104	2	1.0	mode2_irq_prepare	0	00	00	E1	00	00	1.0	1	0	2	0																						
2	ppu_public	90	14078672	104	0	0.0	stat_sample	2	02	00	E1	00	00	0.0	1	0	2	0																						
2	ppu_public	90	14078670	104	8	4.0	mode2_enter	2	02	00	E1	00	00	4.0	1	0	2	0																						
2	ppu_public	90	14078672	104	0	0.0	stat_sample	3	02	00	E1	00	00	0.0	1	0	2	0																						
2	ppu_public	90	14078838	104	176	88.0	mode3_enter	3	02	00	E1	00	00	88.0	1	0	2	0																						
2	ppu_public	90	14078832	104	84	42.0	stat_sample	3	03	00	E1	00	00	42.0	1	0	2	0																						
2	ppu_public	90	14079182	104	520	260.0	mode0_enter	0	03	00	E1	00	00	260.0	1	0	2	0																						
2	ppu_public	90	14079176	104	257	128.5	stat_sample	0	00	00	E1	00	00	128.5	1	0	2	0																						
2	ppu_public	90	14079576	105	0	0.0	stat_sample	2	00	00	E1	00	00	0.0	1	0	2	0																						
2	ppu_public	90	14079576	105	2	1.0	mode2_irq_prepare	0	00	00	E1	00	00	1.0	1	0	2	0																						
2	ppu_public	90	14079584	105	0	0.0	stat_sample	2	02	00	E1	00	00	0.0	1	0	2	0																						
2	ppu_public	90	14079582	105	8	4.0	mode2_enter	2	02	00	E1	00	00	4.0	1	0	2	0																						
2	ppu_public	90	14079584	105	0	0.0	stat_sample	3	02	00	E1	00	00	0.0	1	0	2	0																						
2	ppu_public	90	14079750	105	176	88.0	mode3_enter	3	02	00	E1	00	00	88.0	1	0	2	0																						
2	ppu_public	90	14079744	105	84	42.0	stat_sample	3	03	00	E1	00	00	42.0	1	0	2	0																						
2	ppu_public	90	14080094	105	520	260.0	mode0_enter	0	03	00	E1	00	00	260.0	1	0	2	0																						
2	ppu_public	90	14080088	105	257	128.5	stat_sample	0	00	00	E1	00	00	128.5	1	0	2	0																						
2	ppu_public	90	14080488	106	0	0.0	stat_sample	2	00	00	E1	00	00	0.0	1	0	2	0																						
2	ppu_public	90	14080488	106	2	1.0	mode2_irq_prepare	0	00	00	E1	00	00	1.0	1	0	2	0																						
2	ppu_public	90	14080496	106	0	0.0	stat_sample	2	02	00	E1	00	00	0.0	1	0	2	0																						
2	ppu_public	90	14080494	106	8	4.0	mode2_enter	2	02	00	E1	00	00	4.0	1	0	2	0																						
2	ppu_public	90	14080496	106	0	0.0	stat_sample	3	02	00	E1	00	00	0.0	1	0	2	0																						
2	ppu_public	90	14080662	106	176	88.0	mode3_enter	3	02	00	E1	00	00	88.0	1	0	2	0																						
2	ppu_public	90	14080656	106	84	42.0	stat_sample	3	03	00	E1	00	00	42.0	1	0	2	0																						
2	ppu_public	90	14081006	106	520	260.0	mode0_enter	0	03	00	E1	00	00	260.0	1	0	2	0																						
2	ppu_public	90	14081008	106	257	128.5	stat_sample	0	00	00	E1	00	00	128.5	1	0	2	0																						
2	ppu_public	90	14081400	107	0	0.0	stat_sample	2	00	00	E1	00	00	0.0	1	0	2	0																						
2	ppu_public	90	14081400	107	2	1.0	mode2_irq_prepare	0	00	00	E1	00	00	1.0	1	0	2	0																						
2	ppu_public	90	14081408	107	0	0.0	stat_sample	2	02	00	E1	00	00	0.0	1	0	2	0																						
2	ppu_public	90	14081406	107	8	4.0	mode2_enter	2	02	00	E1	00	00	4.0	1	0	2	0																						
2	ppu_public	90	14081408	107	0	0.0	stat_sample	3	02	00	E1	00	00	0.0	1	0	2	0																						
2	ppu_public	90	14081574	107	176	88.0	mode3_enter	3	02	00	E1	00	00	88.0	1	0	2	0																						
2	ppu_public	90	14081568	107	84	42.0	stat_sample	3	03	00	E1	00	00	42.0	1	0	2	0																						
2	ppu_public	90	14081918	107	520	260.0	mode0_enter	0	03	00	E1	00	00	260.0	1	0	2	0																						
2	ppu_public	90	14081912	107	257	128.5	stat_sample	0	00	00	E1	00	00	128.5	1	0	2	0																						
2	ppu_public	90	14082312	108	0	0.0	stat_sample	2	00	00	E1	00	00	0.0	1	0	2	0																						
2	ppu_public	90	14082312	108	2	1.0	mode2_irq_prepare	0	00	00	E1	00	00	1.0	1	0	2	0																						
2	ppu_public	90	14082320	108	0	0.0	stat_sample	2	02	00	E1	00	00	0.0	1	0	2	0																						
2	ppu_public	90	14082318	108	8	4.0	mode2_enter	2	02	00	E1	00	00	4.0	1	0	2	0																						
2	ppu_public	90	14082320	108	0	0.0	stat_sample	3	02	00	E1	00	00	0.0	1	0	2	0																						
2	ppu_public	90	14082486	108	176	88.0	mode3_enter	3	02	00	E1	00	00	88.0	1	0	2	0																						
2	ppu_public	90	14082480	108	84	42.0	stat_sample	3	03	00	E1	00	00	42.0	1	0	2	0																						
2	ppu_public	90	14082830	108	520	260.0	mode0_enter	0	03	00	E1	00	00	260.0	1	0	2	0																						
2	ppu_public	90	14082824	108	257	128.5	stat_sample	0	00	00	E1	00	00	128.5	1	0	2	0																						
2	ppu_public	90	14083224	109	0	0.0	stat_sample	2	00	00	E1	00	00	0.0	1	0	2	0																						
2	ppu_public	90	14083224	109	2	1.0	mode2_irq_prepare	0	00	00	E1	00	00	1.0	1	0	2	0																						
2	ppu_public	90	14083232	109	0	0.0	stat_sample	2	02	00	E1	00	00	0.0	1	0	2	0																						
2	ppu_public	90	14083230	109	8	4.0	mode2_enter	2	02	00	E1	00	00	4.0	1	0	2	0																						
2	ppu_public	90	14083232	109	0	0.0	stat_sample	3	02	00	E1	00	00	0.0	1	0	2	0																						
2	ppu_public	90	14083398	109	176	88.0	mode3_enter	3	02	00	E1	00	00	88.0	1	0	2	0																						
2	ppu_public	90	14083400	109	84	42.0	stat_sample	3	03	00	E1	00	00	42.0	1	0	2	0																						
2	ppu_public	90	14083742	109	520	260.0	mode0_enter	0	03	00	E1	00	00	260.0	1	0	2	0																						
2	ppu_public	90	14083736	109	257	128.5	stat_sample	0	00	00	E1	00	00	128.5	1	0	2	0																						
2	ppu_public	90	14084136	110	0	0.0	stat_sample	2	00	00	E1	00	00	0.0	1	0	2	0																						
2	ppu_public	90	14084136	110	2	1.0	mode2_irq_prepare	0	00	00	E1	00	00	1.0	1	0	2	0																						
2	ppu_public	90	14084144	110	0	0.0	stat_sample	2	02	00	E1	00	00	0.0	1	0	2	0																						
2	ppu_public	90	14084142	110	8	4.0	mode2_enter	2	02	00	E1	00	00	4.0	1	0	2	0																						
2	ppu_public	90	14084144	110	0	0.0	stat_sample	3	02	00	E1	00	00	0.0	1	0	2	0																						
2	ppu_public	90	14084310	110	176	88.0	mode3_enter	3	02	00	E1	00	00	88.0	1	0	2	0																						
2	ppu_public	90	14084304	110	84	42.0	stat_sample	3	03	00	E1	00	00	42.0	1	0	2	0																						
2	ppu_public	90	14084654	110	520	260.0	mode0_enter	0	03	00	E1	00	00	260.0	1	0	2	0																						
2	ppu_public	90	14084648	110	257	128.5	stat_sample	0	00	00	E1	00	00	128.5	1	0	2	0																						
2	ppu_public	90	14085048	111	0	0.0	stat_sample	2	00	00	E1	00	00	0.0	1	0	2	0																						
2	ppu_public	90	14085048	111	2	1.0	mode2_irq_prepare	0	00	00	E1	00	00	1.0	1	0	2	0																						
2	ppu_public	90	14085064	111	0	0.0	stat_sample	2	02	00	E1	00	00	0.0	1	0	2	0																						
2	ppu_public	90	14085054	111	8	4.0	mode2_enter	2	02	00	E1	00	00	4.0	1	0	2	0																						
2	ppu_public	90	14085064	111	0	0.0	stat_sample	3	02	00	E1	00	00	0.0	1	0	2	0																						
2	ppu_public	90	14085222	111	176	88.0	mode3_enter	3	02	00	E1	00	00	88.0	1	0	2	0																						
2	ppu_public	90	14085216	111	84	42.0	stat_sample	3	03	00	E1	00	00	42.0	1	0	2	0																						
2	ppu_public	90	14085566	111	520	260.0	mode0_enter	0	03	00	E1	00	00	260.0	1	0	2	0																						
2	ppu_public	90	14085560	111	257	128.5	stat_sample	0	00	00	E1	00	00	128.5	1	0	2	0																						
2	ppu_public	90	14085960	112	0	0.0	stat_sample	2	00	00	E1	00	00	0.0	1	0	2	0																						
2	ppu_public	90	14085960	112	2	1.0	mode2_irq_prepare	0	00	00	E1	00	00	1.0	1	0	2	0																						
2	ppu_public	90	14085968	112	0	0.0	stat_sample	2	02	00	E1	00	00	0.0	1	0	2	0																						
2	ppu_public	90	14085966	112	8	4.0	mode2_enter	2	02	00	E1	00	00	4.0	1	0	2	0																						
2	ppu_public	90	14085968	112	0	0.0	stat_sample	3	02	00	E1	00	00	0.0	1	0	2	0																						
2	ppu_public	90	14086134	112	176	88.0	mode3_enter	3	02	00	E1	00	00	88.0	1	0	2	0																						
2	ppu_public	90	14086128	112	84	42.0	stat_sample	3	03	00	E1	00	00	42.0	1	0	2	0																						
2	ppu_public	90	14086478	112	520	260.0	mode0_enter	0	03	00	E1	00	00	260.0	1	0	2	0																						
2	ppu_public	90	14086472	112	257	128.5	stat_sample	0	00	00	E1	00	00	128.5	1	0	2	0																						
2	ppu_public	90	14086872	113	0	0.0	stat_sample	2	00	00	E1	00	00	0.0	1	0	2	0																						
2	ppu_public	90	14086872	113	2	1.0	mode2_irq_prepare	0	00	00	E1	00	00	1.0	1	0	2	0																						
2	ppu_public	90	14086880	113	0	0.0	stat_sample	2	02	00	E1	00	00	0.0	1	0	2	0																						
2	ppu_public	90	14086878	113	8	4.0	mode2_enter	2	02	00	E1	00	00	4.0	1	0	2	0																						
2	ppu_public	90	14086880	113	0	0.0	stat_sample	3	02	00	E1	00	00	0.0	1	0	2	0																						
2	ppu_public	90	14087046	113	176	88.0	mode3_enter	3	02	00	E1	00	00	88.0	1	0	2	0																						
2	ppu_public	90	14087040	113	84	42.0	stat_sample	3	03	00	E1	00	00	42.0	1	0	2	0																						
2	ppu_public	90	14087390	113	520	260.0	mode0_enter	0	03	00	E1	00	00	260.0	1	0	2	0																						
2	ppu_public	90	14087384	113	257	128.5	stat_sample	0	00	00	E1	00	00	128.5	1	0	2	0																						
2	ppu_public	90	14087784	114	0	0.0	stat_sample	2	00	00	E1	00	00	0.0	1	0	2	0																						
2	ppu_public	90	14087784	114	2	1.0	mode2_irq_prepare	0	00	00	E1	00	00	1.0	1	0	2	0																						
2	ppu_public	90	14087792	114	0	0.0	stat_sample	2	02	00	E1	00	00	0.0	1	0	2	0																						
2	ppu_public	90	14087790	114	8	4.0	mode2_enter	2	02	00	E1	00	00	4.0	1	0	2	0																						
2	ppu_public	90	14087792	114	0	0.0	stat_sample	3	02	00	E1	00	00	0.0	1	0	2	0																						
2	ppu_public	90	14087958	114	176	88.0	mode3_enter	3	02	00	E1	00	00	88.0	1	0	2	0																						
2	ppu_public	90	14087952	114	84	42.0	stat_sample	3	03	00	E1	00	00	42.0	1	0	2	0																						
2	ppu_public	90	14088302	114	520	260.0	mode0_enter	0	03	00	E1	00	00	260.0	1	0	2	0																						
2	ppu_public	90	14088296	114	257	128.5	stat_sample	0	00	00	E1	00	00	128.5	1	0	2	0																						
2	ppu_public	90	14088704	115	0	0.0	stat_sample	2	00	00	E1	00	00	0.0	1	0	2	0																						
2	ppu_public	90	14088704	115	2	1.0	mode2_irq_prepare	0	00	00	E1	00	00	1.0	1	0	2	0																						
2	ppu_public	90	14088704	115	0	0.0	stat_sample	2	02	00	E1	00	00	0.0	1	0	2	0																						
2	ppu_public	90	14088710	115	8	4.0	mode2_enter	2	02	00	E1	00	00	4.0	1	0	2	0																						
2	ppu_public	90	14088704	115	0	0.0	stat_sample	3	02	00	E1	00	00	0.0	1	0	2	0																						
2	ppu_public	90	14088878	115	176	88.0	mode3_enter	3	02	00	E1	00	00	88.0	1	0	2	0																						
2	ppu_public	90	14088864	115	84	42.0	stat_sample	3	03	00	E1	00	00	42.0	1	0	2	0																						
2	ppu_public	90	14089222	115	520	260.0	mode0_enter	0	03	00	E1	00	00	260.0	1	0	2	0																						
2	ppu_public	90	14089208	115	257	128.5	stat_sample	0	00	00	E1	00	00	128.5	1	0	2	0																						
2	ppu_public	90	14089608	116	0	0.0	stat_sample	2	00	00	E1	00	00	0.0	1	0	2	0																						
2	ppu_public	90	14089608	116	2	1.0	mode2_irq_prepare	0	00	00	E1	00	00	1.0	1	0	2	0																						
2	ppu_public	90	14089616	116	0	0.0	stat_sample	2	02	00	E1	00	00	0.0	1	0	2	0																						
2	ppu_public	90	14089614	116	8	4.0	mode2_enter	2	02	00	E1	00	00	4.0	1	0	2	0																						
2	ppu_public	90	14089616	116	0	0.0	stat_sample	3	02	00	E1	00	00	0.0	1	0	2	0																						
2	ppu_public	90	14089782	116	176	88.0	mode3_enter	3	02	00	E1	00	00	88.0	1	0	2	0																						
2	ppu_public	90	14089776	116	84	42.0	stat_sample	3	03	00	E1	00	00	42.0	1	0	2	0																						
2	ppu_public	90	14090126	116	520	260.0	mode0_enter	0	03	00	E1	00	00	260.0	1	0	2	0																						
2	ppu_public	90	14090120	116	257	128.5	stat_sample	0	00	00	E1	00	00	128.5	1	0	2	0																						
2	ppu_public	90	14090520	117	0	0.0	stat_sample	2	00	00	E1	00	00	0.0	1	0	2	0																						
2	ppu_public	90	14090520	117	2	1.0	mode2_irq_prepare	0	00	00	E1	00	00	1.0	1	0	2	0																						
2	ppu_public	90	14090528	117	0	0.0	stat_sample	2	02	00	E1	00	00	0.0	1	0	2	0																						
2	ppu_public	90	14090526	117	8	4.0	mode2_enter	2	02	00	E1	00	00	4.0	1	0	2	0																						
2	ppu_public	90	14090528	117	0	0.0	stat_sample	3	02	00	E1	00	00	0.0	1	0	2	0																						
2	ppu_public	90	14090694	117	176	88.0	mode3_enter	3	02	00	E1	00	00	88.0	1	0	2	0																						
2	ppu_public	90	14090688	117	84	42.0	stat_sample	3	03	00	E1	00	00	42.0	1	0	2	0																						
2	ppu_public	90	14091038	117	520	260.0	mode0_enter	0	03	00	E1	00	00	260.0	1	0	2	0																						
2	ppu_public	90	14091032	117	257	128.5	stat_sample	0	00	00	E1	00	00	128.5	1	0	2	0																						
2	ppu_public	90	14091432	118	0	0.0	stat_sample	2	00	00	E1	00	00	0.0	1	0	2	0																						
2	ppu_public	90	14091432	118	2	1.0	mode2_irq_prepare	0	00	00	E1	00	00	1.0	1	0	2	0																						
2	ppu_public	90	14091440	118	0	0.0	stat_sample	2	02	00	E1	00	00	0.0	1	0	2	0																						
2	ppu_public	90	14091438	118	8	4.0	mode2_enter	2	02	00	E1	00	00	4.0	1	0	2	0																						
2	ppu_public	90	14091440	118	0	0.0	stat_sample	3	02	00	E1	00	00	0.0	1	0	2	0																						
2	ppu_public	90	14091606	118	176	88.0	mode3_enter	3	02	00	E1	00	00	88.0	1	0	2	0																						
2	ppu_public	90	14091600	118	84	42.0	stat_sample	3	03	00	E1	00	00	42.0	1	0	2	0																						
2	ppu_public	90	14091950	118	520	260.0	mode0_enter	0	03	00	E1	00	00	260.0	1	0	2	0																						
2	ppu_public	90	14091944	118	257	128.5	stat_sample	0	00	00	E1	00	00	128.5	1	0	2	0																						
2	ppu_public	90	14092344	119	0	0.0	stat_sample	2	00	00	E1	00	00	0.0	1	0	2	0																						
2	ppu_public	90	14092344	119	2	1.0	mode2_irq_prepare	0	00	00	E1	00	00	1.0	1	0	2	0																						
2	ppu_public	90	14092352	119	0	0.0	stat_sample	2	02	00	E1	00	00	0.0	1	0	2	0																						
2	ppu_public	90	14092350	119	8	4.0	mode2_enter	2	02	00	E1	00	00	4.0	1	0	2	0																						
2	ppu_public	90	14092352	119	0	0.0	stat_sample	3	02	00	E1	00	00	0.0	1	0	2	0																						
2	ppu_public	90	14092518	119	176	88.0	mode3_enter	3	02	00	E1	00	00	88.0	1	0	2	0																						
2	ppu_public	90	14092512	119	84	42.0	stat_sample	3	03	00	E1	00	00	42.0	1	0	2	0																						
2	ppu_public	90	14092862	119	520	260.0	mode0_enter	0	03	00	E1	00	00	260.0	1	0	2	0																						
2	ppu_public	90	14092864	119	257	128.5	stat_sample	0	00	00	E1	00	00	128.5	1	0	2	0																						
2	ppu_public	90	14093256	120	0	0.0	stat_sample	2	00	00	E1	00	00	0.0	1	0	2	0																						
2	ppu_public	90	14093256	120	2	1.0	mode2_irq_prepare	0	00	00	E1	00	00	1.0	1	0	2	0																						
2	ppu_public	90	14093264	120	0	0.0	stat_sample	2	02	00	E1	00	00	0.0	1	0	2	0																						
2	ppu_public	90	14093262	120	8	4.0	mode2_enter	2	02	00	E1	00	00	4.0	1	0	2	0																						
2	ppu_public	90	14093264	120	0	0.0	stat_sample	3	02	00	E1	00	00	0.0	1	0	2	0																						
2	ppu_public	90	14093430	120	176	88.0	mode3_enter	3	02	00	E1	00	00	88.0	1	0	2	0																						
2	ppu_public	90	14093424	120	84	42.0	stat_sample	3	03	00	E1	00	00	42.0	1	0	2	0																						
2	ppu_public	90	14093774	120	520	260.0	mode0_enter	0	03	00	E1	00	00	260.0	1	0	2	0																						
2	ppu_public	90	14093768	120	257	128.5	stat_sample	0	00	00	E1	00	00	128.5	1	0	2	0																						
2	ppu_public	90	14094168	121	0	0.0	stat_sample	2	00	00	E1	00	00	0.0	1	0	2	0																						
2	ppu_public	90	14094168	121	2	1.0	mode2_irq_prepare	0	00	00	E1	00	00	1.0	1	0	2	0																						
2	ppu_public	90	14094176	121	0	0.0	stat_sample	2	02	00	E1	00	00	0.0	1	0	2	0																						
2	ppu_public	90	14094174	121	8	4.0	mode2_enter	2	02	00	E1	00	00	4.0	1	0	2	0																						
2	ppu_public	90	14094176	121	0	0.0	stat_sample	3	02	00	E1	00	00	0.0	1	0	2	0																						
2	ppu_public	90	14094342	121	176	88.0	mode3_enter	3	02	00	E1	00	00	88.0	1	0	2	0																						
2	ppu_public	90	14094336	121	84	42.0	stat_sample	3	03	00	E1	00	00	42.0	1	0	2	0																						
2	ppu_public	90	14094686	121	520	260.0	mode0_enter	0	03	00	E1	00	00	260.0	1	0	2	0																						
2	ppu_public	90	14094680	121	257	128.5	stat_sample	0	00	00	E1	00	00	128.5	1	0	2	0																						
2	ppu_public	90	14095080	122	0	0.0	stat_sample	2	00	00	E1	00	00	0.0	1	0	2	0																						
2	ppu_public	90	14095080	122	2	1.0	mode2_irq_prepare	0	00	00	E1	00	00	1.0	1	0	2	0																						
2	ppu_public	90	14095088	122	0	0.0	stat_sample	2	02	00	E1	00	00	0.0	1	0	2	0																						
2	ppu_public	90	14095086	122	8	4.0	mode2_enter	2	02	00	E1	00	00	4.0	1	0	2	0																						
2	ppu_public	90	14095088	122	0	0.0	stat_sample	3	02	00	E1	00	00	0.0	1	0	2	0																						
2	ppu_public	90	14095254	122	176	88.0	mode3_enter	3	02	00	E1	00	00	88.0	1	0	2	0																						
2	ppu_public	90	14095256	122	84	42.0	stat_sample	3	03	00	E1	00	00	42.0	1	0	2	0																						
2	ppu_public	90	14095598	122	520	260.0	mode0_enter	0	03	00	E1	00	00	260.0	1	0	2	0																						
2	ppu_public	90	14095592	122	257	128.5	stat_sample	0	00	00	E1	00	00	128.5	1	0	2	0																						
2	ppu_public	90	14095992	123	0	0.0	stat_sample	2	00	00	E1	00	00	0.0	1	0	2	0																						
2	ppu_public	90	14095992	123	2	1.0	mode2_irq_prepare	0	00	00	E1	00	00	1.0	1	0	2	0																						
2	ppu_public	90	14096000	123	0	0.0	stat_sample	2	02	00	E1	00	00	0.0	1	0	2	0																						
2	ppu_public	90	14095998	123	8	4.0	mode2_enter	2	02	00	E1	00	00	4.0	1	0	2	0																						
2	ppu_public	90	14096000	123	0	0.0	stat_sample	3	02	00	E1	00	00	0.0	1	0	2	0																						
2	ppu_public	90	14096166	123	176	88.0	mode3_enter	3	02	00	E1	00	00	88.0	1	0	2	0																						
2	ppu_public	90	14096160	123	84	42.0	stat_sample	3	03	00	E1	00	00	42.0	1	0	2	0																						
2	ppu_public	90	14096510	123	520	260.0	mode0_enter	0	03	00	E1	00	00	260.0	1	0	2	0																						
2	ppu_public	90	14096504	123	257	128.5	stat_sample	0	00	00	E1	00	00	128.5	1	0	2	0																						
2	ppu_public	90	14096904	124	0	0.0	stat_sample	2	00	00	E1	00	00	0.0	1	0	2	0																						
2	ppu_public	90	14096904	124	2	1.0	mode2_irq_prepare	0	00	00	E1	00	00	1.0	1	0	2	0																						
2	ppu_public	90	14096920	124	0	0.0	stat_sample	2	02	00	E1	00	00	0.0	1	0	2	0																						
2	ppu_public	90	14096910	124	8	4.0	mode2_enter	2	02	00	E1	00	00	4.0	1	0	2	0																						
2	ppu_public	90	14096920	124	0	0.0	stat_sample	3	02	00	E1	00	00	0.0	1	0	2	0																						
2	ppu_public	90	14097078	124	176	88.0	mode3_enter	3	02	00	E1	00	00	88.0	1	0	2	0																						
2	ppu_public	90	14097072	124	84	42.0	stat_sample	3	03	00	E1	00	00	42.0	1	0	2	0																						
2	ppu_public	90	14097422	124	520	260.0	mode0_enter	0	03	00	E1	00	00	260.0	1	0	2	0																						
2	ppu_public	90	14097416	124	257	128.5	stat_sample	0	00	00	E1	00	00	128.5	1	0	2	0																						
2	ppu_public	90	14097816	125	0	0.0	stat_sample	2	00	00	E1	00	00	0.0	1	0	2	0																						
2	ppu_public	90	14097816	125	2	1.0	mode2_irq_prepare	0	00	00	E1	00	00	1.0	1	0	2	0																						
2	ppu_public	90	14097824	125	0	0.0	stat_sample	2	02	00	E1	00	00	0.0	1	0	2	0																						
2	ppu_public	90	14097822	125	8	4.0	mode2_enter	2	02	00	E1	00	00	4.0	1	0	2	0																						
2	ppu_public	90	14097824	125	0	0.0	stat_sample	3	02	00	E1	00	00	0.0	1	0	2	0																						
2	ppu_public	90	14097990	125	176	88.0	mode3_enter	3	02	00	E1	00	00	88.0	1	0	2	0																						
2	ppu_public	90	14097984	125	84	42.0	stat_sample	3	03	00	E1	00	00	42.0	1	0	2	0																						
2	ppu_public	90	14098334	125	520	260.0	mode0_enter	0	03	00	E1	00	00	260.0	1	0	2	0																						
2	ppu_public	90	14098328	125	257	128.5	stat_sample	0	00	00	E1	00	00	128.5	1	0	2	0																						
2	ppu_public	90	14098728	126	0	0.0	stat_sample	2	00	00	E1	00	00	0.0	1	0	2	0																						
2	ppu_public	90	14098728	126	2	1.0	mode2_irq_prepare	0	00	00	E1	00	00	1.0	1	0	2	0																						
2	ppu_public	90	14098736	126	0	0.0	stat_sample	2	02	00	E1	00	00	0.0	1	0	2	0																						
2	ppu_public	90	14098734	126	8	4.0	mode2_enter	2	02	00	E1	00	00	4.0	1	0	2	0																						
2	ppu_public	90	14098736	126	0	0.0	stat_sample	3	02	00	E1	00	00	0.0	1	0	2	0																						
2	ppu_public	90	14098902	126	176	88.0	mode3_enter	3	02	00	E1	00	00	88.0	1	0	2	0																						
2	ppu_public	90	14098896	126	84	42.0	stat_sample	3	03	00	E1	00	00	42.0	1	0	2	0																						
2	ppu_public	90	14099246	126	520	260.0	mode0_enter	0	03	00	E1	00	00	260.0	1	0	2	0																						
2	ppu_public	90	14099240	126	257	128.5	stat_sample	0	00	00	E1	00	00	128.5	1	0	2	0																						
2	ppu_public	90	14099640	127	0	0.0	stat_sample	2	00	00	E1	00	00	0.0	1	0	2	0																						
2	ppu_public	90	14099640	127	2	1.0	mode2_irq_prepare	0	00	00	E1	00	00	1.0	1	0	2	0																						
2	ppu_public	90	14099648	127	0	0.0	stat_sample	2	02	00	E1	00	00	0.0	1	0	2	0																						
2	ppu_public	90	14099646	127	8	4.0	mode2_enter	2	02	00	E1	00	00	4.0	1	0	2	0																						
2	ppu_public	90	14099648	127	0	0.0	stat_sample	3	02	00	E1	00	00	0.0	1	0	2	0																						
2	ppu_public	90	14099814	127	176	88.0	mode3_enter	3	02	00	E1	00	00	88.0	1	0	2	0																						
2	ppu_public	90	14099808	127	84	42.0	stat_sample	3	03	00	E1	00	00	42.0	1	0	2	0																						
2	ppu_public	90	14100158	127	520	260.0	mode0_enter	0	03	00	E1	00	00	260.0	1	0	2	0																						
2	ppu_public	90	14100152	127	257	128.5	stat_sample	0	00	00	E1	00	00	128.5	1	0	2	0																						
2	ppu_public	90	14100560	128	0	0.0	stat_sample	2	00	00	E1	00	00	0.0	1	0	2	0																						
2	ppu_public	90	14100560	128	2	1.0	mode2_irq_prepare	0	00	00	E1	00	00	1.0	1	0	2	0																						
2	ppu_public	90	14100560	128	0	0.0	stat_sample	2	02	00	E1	00	00	0.0	1	0	2	0																						
2	ppu_public	90	14100566	128	8	4.0	mode2_enter	2	02	00	E1	00	00	4.0	1	0	2	0																						
2	ppu_public	90	14100560	128	0	0.0	stat_sample	3	02	00	E1	00	00	0.0	1	0	2	0																						
2	ppu_public	90	14100734	128	176	88.0	mode3_enter	3	02	00	E1	00	00	88.0	1	0	2	0																						
2	ppu_public	90	14100720	128	84	42.0	stat_sample	3	03	00	E1	00	00	42.0	1	0	2	0																						
2	ppu_public	90	14101078	128	520	260.0	mode0_enter	0	03	00	E1	00	00	260.0	1	0	2	0																						
2	ppu_public	90	14101064	128	257	128.5	stat_sample	0	00	00	E1	00	00	128.5	1	0	2	0																						
2	ppu_public	90	14101464	129	0	0.0	stat_sample	2	00	00	E1	00	00	0.0	1	0	2	0																						
2	ppu_public	90	14101464	129	2	1.0	mode2_irq_prepare	0	00	00	E1	00	00	1.0	1	0	2	0																						
2	ppu_public	90	14101472	129	0	0.0	stat_sample	2	02	00	E1	00	00	0.0	1	0	2	0																						
2	ppu_public	90	14101470	129	8	4.0	mode2_enter	2	02	00	E1	00	00	4.0	1	0	2	0																						
2	ppu_public	90	14101472	129	0	0.0	stat_sample	3	02	00	E1	00	00	0.0	1	0	2	0																						
2	ppu_public	90	14101638	129	176	88.0	mode3_enter	3	02	00	E1	00	00	88.0	1	0	2	0																						
2	ppu_public	90	14101632	129	84	42.0	stat_sample	3	03	00	E1	00	00	42.0	1	0	2	0																						
2	ppu_public	90	14101982	129	520	260.0	mode0_enter	0	03	00	E1	00	00	260.0	1	0	2	0																						
2	ppu_public	90	14101976	129	257	128.5	stat_sample	0	00	00	E1	00	00	128.5	1	0	2	0																						
2	ppu_public	90	14102376	130	0	0.0	stat_sample	2	00	00	E1	00	00	0.0	1	0	2	0																						
2	ppu_public	90	14102376	130	2	1.0	mode2_irq_prepare	0	00	00	E1	00	00	1.0	1	0	2	0																						
2	ppu_public	90	14102384	130	0	0.0	stat_sample	2	02	00	E1	00	00	0.0	1	0	2	0																						
2	ppu_public	90	14102382	130	8	4.0	mode2_enter	2	02	00	E1	00	00	4.0	1	0	2	0																						
2	ppu_public	90	14102384	130	0	0.0	stat_sample	3	02	00	E1	00	00	0.0	1	0	2	0																						
2	ppu_public	90	14102550	130	176	88.0	mode3_enter	3	02	00	E1	00	00	88.0	1	0	2	0																						
2	ppu_public	90	14102544	130	84	42.0	stat_sample	3	03	00	E1	00	00	42.0	1	0	2	0																						
2	ppu_public	90	14102894	130	520	260.0	mode0_enter	0	03	00	E1	00	00	260.0	1	0	2	0																						
2	ppu_public	90	14102888	130	257	128.5	stat_sample	0	00	00	E1	00	00	128.5	1	0	2	0																						
2	ppu_public	90	14103288	131	0	0.0	stat_sample	2	00	00	E1	00	00	0.0	1	0	2	0																						
2	ppu_public	90	14103288	131	2	1.0	mode2_irq_prepare	0	00	00	E1	00	00	1.0	1	0	2	0																						
2	ppu_public	90	14103296	131	0	0.0	stat_sample	2	02	00	E1	00	00	0.0	1	0	2	0																						
2	ppu_public	90	14103294	131	8	4.0	mode2_enter	2	02	00	E1	00	00	4.0	1	0	2	0																						
2	ppu_public	90	14103296	131	0	0.0	stat_sample	3	02	00	E1	00	00	0.0	1	0	2	0																						
2	ppu_public	90	14103462	131	176	88.0	mode3_enter	3	02	00	E1	00	00	88.0	1	0	2	0																						
2	ppu_public	90	14103456	131	84	42.0	stat_sample	3	03	00	E1	00	00	42.0	1	0	2	0																						
2	ppu_public	90	14103806	131	520	260.0	mode0_enter	0	03	00	E1	00	00	260.0	1	0	2	0																						
2	ppu_public	90	14103800	131	257	128.5	stat_sample	0	00	00	E1	00	00	128.5	1	0	2	0																						
2	ppu_public	90	14104200	132	0	0.0	stat_sample	2	00	00	E1	00	00	0.0	1	0	2	0																						
2	ppu_public	90	14104200	132	2	1.0	mode2_irq_prepare	0	00	00	E1	00	00	1.0	1	0	2	0																						
2	ppu_public	90	14104208	132	0	0.0	stat_sample	2	02	00	E1	00	00	0.0	1	0	2	0																						
2	ppu_public	90	14104206	132	8	4.0	mode2_enter	2	02	00	E1	00	00	4.0	1	0	2	0																						
2	ppu_public	90	14104208	132	0	0.0	stat_sample	3	02	00	E1	00	00	0.0	1	0	2	0																						
2	ppu_public	90	14104374	132	176	88.0	mode3_enter	3	02	00	E1	00	00	88.0	1	0	2	0																						
2	ppu_public	90	14104368	132	84	42.0	stat_sample	3	03	00	E1	00	00	42.0	1	0	2	0																						
2	ppu_public	90	14104718	132	520	260.0	mode0_enter	0	03	00	E1	00	00	260.0	1	0	2	0																						
2	ppu_public	90	14104720	132	257	128.5	stat_sample	0	00	00	E1	00	00	128.5	1	0	2	0																						
2	ppu_public	90	14105112	133	0	0.0	stat_sample	2	00	00	E1	00	00	0.0	1	0	2	0																						
2	ppu_public	90	14105112	133	2	1.0	mode2_irq_prepare	0	00	00	E1	00	00	1.0	1	0	2	0																						
2	ppu_public	90	14105120	133	0	0.0	stat_sample	2	02	00	E1	00	00	0.0	1	0	2	0																						
2	ppu_public	90	14105118	133	8	4.0	mode2_enter	2	02	00	E1	00	00	4.0	1	0	2	0																						
2	ppu_public	90	14105120	133	0	0.0	stat_sample	3	02	00	E1	00	00	0.0	1	0	2	0																						
2	ppu_public	90	14105286	133	176	88.0	mode3_enter	3	02	00	E1	00	00	88.0	1	0	2	0																						
2	ppu_public	90	14105280	133	84	42.0	stat_sample	3	03	00	E1	00	00	42.0	1	0	2	0																						
2	ppu_public	90	14105630	133	520	260.0	mode0_enter	0	03	00	E1	00	00	260.0	1	0	2	0																						
2	ppu_public	90	14105624	133	257	128.5	stat_sample	0	00	00	E1	00	00	128.5	1	0	2	0																						
2	ppu_public	90	14106024	134	0	0.0	stat_sample	2	00	00	E1	00	00	0.0	1	0	2	0																						
2	ppu_public	90	14106024	134	2	1.0	mode2_irq_prepare	0	00	00	E1	00	00	1.0	1	0	2	0																						
2	ppu_public	90	14106032	134	0	0.0	stat_sample	2	02	00	E1	00	00	0.0	1	0	2	0																						
2	ppu_public	90	14106030	134	8	4.0	mode2_enter	2	02	00	E1	00	00	4.0	1	0	2	0																						
2	ppu_public	90	14106032	134	0	0.0	stat_sample	3	02	00	E1	00	00	0.0	1	0	2	0																						
2	ppu_public	90	14106198	134	176	88.0	mode3_enter	3	02	00	E1	00	00	88.0	1	0	2	0																						
2	ppu_public	90	14106192	134	84	42.0	stat_sample	3	03	00	E1	00	00	42.0	1	0	2	0																						
2	ppu_public	90	14106542	134	520	260.0	mode0_enter	0	03	00	E1	00	00	260.0	1	0	2	0																						
2	ppu_public	90	14106536	134	257	128.5	stat_sample	0	00	00	E1	00	00	128.5	1	0	2	0																						
2	ppu_public	90	14106936	135	0	0.0	stat_sample	2	00	00	E1	00	00	0.0	1	0	2	0																						
2	ppu_public	90	14106936	135	2	1.0	mode2_irq_prepare	0	00	00	E1	00	00	1.0	1	0	2	0																						
2	ppu_public	90	14106944	135	0	0.0	stat_sample	2	02	00	E1	00	00	0.0	1	0	2	0																						
2	ppu_public	90	14106942	135	8	4.0	mode2_enter	2	02	00	E1	00	00	4.0	1	0	2	0																						
2	ppu_public	90	14106944	135	0	0.0	stat_sample	3	02	00	E1	00	00	0.0	1	0	2	0																						
2	ppu_public	90	14107110	135	176	88.0	mode3_enter	3	02	00	E1	00	00	88.0	1	0	2	0																						
2	ppu_public	90	14107112	135	84	42.0	stat_sample	3	03	00	E1	00	00	42.0	1	0	2	0																						
2	ppu_public	90	14107454	135	520	260.0	mode0_enter	0	03	00	E1	00	00	260.0	1	0	2	0																						
2	ppu_public	90	14107448	135	257	128.5	stat_sample	0	00	00	E1	00	00	128.5	1	0	2	0																						
2	ppu_public	90	14107848	136	0	0.0	stat_sample	2	00	00	E1	00	00	0.0	1	0	2	0																						
2	ppu_public	90	14107848	136	2	1.0	mode2_irq_prepare	0	00	00	E1	00	00	1.0	1	0	2	0																						
2	ppu_public	90	14107856	136	0	0.0	stat_sample	2	02	00	E1	00	00	0.0	1	0	2	0																						
2	ppu_public	90	14107854	136	8	4.0	mode2_enter	2	02	00	E1	00	00	4.0	1	0	2	0																						
2	ppu_public	90	14107856	136	0	0.0	stat_sample	3	02	00	E1	00	00	0.0	1	0	2	0																						
2	ppu_public	90	14108022	136	176	88.0	mode3_enter	3	02	00	E1	00	00	88.0	1	0	2	0																						
2	ppu_public	90	14108016	136	84	42.0	stat_sample	3	03	00	E1	00	00	42.0	1	0	2	0																						
2	ppu_public	90	14108366	136	520	260.0	mode0_enter	0	03	00	E1	00	00	260.0	1	0	2	0																						
2	ppu_public	90	14108360	136	257	128.5	stat_sample	0	00	00	E1	00	00	128.5	1	0	2	0																						
2	ppu_public	90	14108760	137	0	0.0	stat_sample	2	00	00	E1	00	00	0.0	1	0	2	0																						
2	ppu_public	90	14108760	137	2	1.0	mode2_irq_prepare	0	00	00	E1	00	00	1.0	1	0	2	0																						
2	ppu_public	90	14108776	137	0	0.0	stat_sample	2	02	00	E1	00	00	0.0	1	0	2	0																						
2	ppu_public	90	14108766	137	8	4.0	mode2_enter	2	02	00	E1	00	00	4.0	1	0	2	0																						
2	ppu_public	90	14108776	137	0	0.0	stat_sample	3	02	00	E1	00	00	0.0	1	0	2	0																						
2	ppu_public	90	14108934	137	176	88.0	mode3_enter	3	02	00	E1	00	00	88.0	1	0	2	0																						
2	ppu_public	90	14108928	137	84	42.0	stat_sample	3	03	00	E1	00	00	42.0	1	0	2	0																						
2	ppu_public	90	14109278	137	520	260.0	mode0_enter	0	03	00	E1	00	00	260.0	1	0	2	0																						
2	ppu_public	90	14109272	137	257	128.5	stat_sample	0	00	00	E1	00	00	128.5	1	0	2	0																						
2	ppu_public	90	14109672	138	0	0.0	stat_sample	2	00	00	E1	00	00	0.0	1	0	2	0																						
2	ppu_public	90	14109672	138	2	1.0	mode2_irq_prepare	0	00	00	E1	00	00	1.0	1	0	2	0																						
2	ppu_public	90	14109680	138	0	0.0	stat_sample	2	02	00	E1	00	00	0.0	1	0	2	0																						
2	ppu_public	90	14109678	138	8	4.0	mode2_enter	2	02	00	E1	00	00	4.0	1	0	2	0																						
2	ppu_public	90	14109680	138	0	0.0	stat_sample	3	02	00	E1	00	00	0.0	1	0	2	0																						
2	ppu_public	90	14109846	138	176	88.0	mode3_enter	3	02	00	E1	00	00	88.0	1	0	2	0																						
2	ppu_public	90	14109840	138	84	42.0	stat_sample	3	03	00	E1	00	00	42.0	1	0	2	0																						
2	ppu_public	90	14110190	138	520	260.0	mode0_enter	0	03	00	E1	00	00	260.0	1	0	2	0																						
2	ppu_public	90	14110184	138	257	128.5	stat_sample	0	00	00	E1	00	00	128.5	1	0	2	0																						
2	ppu_public	90	14110584	139	0	0.0	stat_sample	2	00	00	E1	00	00	0.0	1	0	2	0																						
2	ppu_public	90	14110584	139	2	1.0	mode2_irq_prepare	0	00	00	E1	00	00	1.0	1	0	2	0																						
2	ppu_public	90	14110592	139	0	0.0	stat_sample	2	02	00	E1	00	00	0.0	1	0	2	0																						
2	ppu_public	90	14110590	139	8	4.0	mode2_enter	2	02	00	E1	00	00	4.0	1	0	2	0																						
2	ppu_public	90	14110592	139	0	0.0	stat_sample	3	02	00	E1	00	00	0.0	1	0	2	0																						
2	ppu_public	90	14110758	139	176	88.0	mode3_enter	3	02	00	E1	00	00	88.0	1	0	2	0																						
2	ppu_public	90	14110752	139	84	42.0	stat_sample	3	03	00	E1	00	00	42.0	1	0	2	0																						
2	ppu_public	90	14111102	139	520	260.0	mode0_enter	0	03	00	E1	00	00	260.0	1	0	2	0																						
2	ppu_public	90	14111096	139	257	128.5	stat_sample	0	00	00	E1	00	00	128.5	1	0	2	0																						
2	ppu_public	90	14111496	140	0	0.0	stat_sample	2	00	00	E1	00	00	0.0	1	0	2	0																						
2	ppu_public	90	14111496	140	2	1.0	mode2_irq_prepare	0	00	00	E1	00	00	1.0	1	0	2	0																						
2	ppu_public	90	14111504	140	0	0.0	stat_sample	2	02	00	E1	00	00	0.0	1	0	2	0																						
2	ppu_public	90	14111502	140	8	4.0	mode2_enter	2	02	00	E1	00	00	4.0	1	0	2	0																						
2	ppu_public	90	14111504	140	0	0.0	stat_sample	3	02	00	E1	00	00	0.0	1	0	2	0																						
2	ppu_public	90	14111670	140	176	88.0	mode3_enter	3	02	00	E1	00	00	88.0	1	0	2	0																						
2	ppu_public	90	14111664	140	84	42.0	stat_sample	3	03	00	E1	00	00	42.0	1	0	2	0																						
2	ppu_public	90	14112014	140	520	260.0	mode0_enter	0	03	00	E1	00	00	260.0	1	0	2	0																						
2	ppu_public	90	14112008	140	257	128.5	stat_sample	0	00	00	E1	00	00	128.5	1	0	2	0																						
2	ppu_public	90	14112416	141	0	0.0	stat_sample	2	00	00	E1	00	00	0.0	1	0	2	0																						
2	ppu_public	90	14112416	141	2	1.0	mode2_irq_prepare	0	00	00	E1	00	00	1.0	1	0	2	0																						
2	ppu_public	90	14112416	141	0	0.0	stat_sample	2	02	00	E1	00	00	0.0	1	0	2	0																						
2	ppu_public	90	14112422	141	8	4.0	mode2_enter	2	02	00	E1	00	00	4.0	1	0	2	0																						
2	ppu_public	90	14112416	141	0	0.0	stat_sample	3	02	00	E1	00	00	0.0	1	0	2	0																						
2	ppu_public	90	14112590	141	176	88.0	mode3_enter	3	02	00	E1	00	00	88.0	1	0	2	0																						
2	ppu_public	90	14112576	141	84	42.0	stat_sample	3	03	00	E1	00	00	42.0	1	0	2	0																						
2	ppu_public	90	14112934	141	520	260.0	mode0_enter	0	03	00	E1	00	00	260.0	1	0	2	0																						
2	ppu_public	90	14112920	141	257	128.5	stat_sample	0	00	00	E1	00	00	128.5	1	0	2	0																						
2	ppu_public	90	14113320	142	0	0.0	stat_sample	2	00	00	E1	00	00	0.0	1	0	2	0																						
2	ppu_public	90	14113320	142	2	1.0	mode2_irq_prepare	0	00	00	E1	00	00	1.0	1	0	2	0																						
2	ppu_public	90	14113328	142	0	0.0	stat_sample	2	02	00	E1	00	00	0.0	1	0	2	0																						
2	ppu_public	90	14113326	142	8	4.0	mode2_enter	2	02	00	E1	00	00	4.0	1	0	2	0																						
2	ppu_public	90	14113328	142	0	0.0	stat_sample	3	02	00	E1	00	00	0.0	1	0	2	0																						
2	ppu_public	90	14113494	142	176	88.0	mode3_enter	3	02	00	E1	00	00	88.0	1	0	2	0																						
2	ppu_public	90	14113488	142	84	42.0	stat_sample	3	03	00	E1	00	00	42.0	1	0	2	0																						
2	ppu_public	90	14113838	142	520	260.0	mode0_enter	0	03	00	E1	00	00	260.0	1	0	2	0																						
2	ppu_public	90	14113832	142	257	128.5	stat_sample	0	00	00	E1	00	00	128.5	1	0	2	0																						
2	ppu_public	90	14114232	143	0	0.0	stat_sample	2	00	00	E1	00	00	0.0	1	0	2	0																						
2	ppu_public	90	14114232	143	2	1.0	mode2_irq_prepare	0	00	00	E1	00	00	1.0	1	0	2	0																						
2	ppu_public	90	14114240	143	0	0.0	stat_sample	2	02	00	E1	00	00	0.0	1	0	2	0																						
2	ppu_public	90	14114238	143	8	4.0	mode2_enter	2	02	00	E1	00	00	4.0	1	0	2	0																						
2	ppu_public	90	14114240	143	0	0.0	stat_sample	3	02	00	E1	00	00	0.0	1	0	2	0																						
2	ppu_public	90	14114406	143	176	88.0	mode3_enter	3	02	00	E1	00	00	88.0	1	0	2	0																						
2	ppu_public	90	14114400	143	84	42.0	stat_sample	3	03	00	E1	00	00	42.0	1	0	2	0																						
2	ppu_public	90	14114750	143	520	260.0	mode0_enter	0	03	00	E1	00	00	260.0	1	0	2	0																						
2	ppu_public	90	14114744	143	257	128.5	stat_sample	0	00	00	E1	00	00	128.5	1	0	2	0																						
2	ppu_public	90	14115144	144	0	0.0	stat_sample	0	00	00	E1	00	00	0.0	1	0	2	0																						
2	ppu_public	90	14115152	144	0	0.0	stat_sample	0	00	00	E1	00	00	0.0	1	0	2	0																						
2	ppu_public	90	14115152	144	0	0.0	stat_sample	1	01	00	E1	00	00	0.0	1	0	2	0																						
2	ppu_public	90	14114236	144	6	3.0	frame_vblank	1	01	00	E1	00	00	3.0	1	1	2	0																						
2	ppu_public	90	14114236	144	6	3.0	vblank_irq_edge	1	01	00	E1	00	00	3.0	1	1	2	0																						
2	cpu	90	14115270	0	1040	520.0	write	1	00		E1	00	00	520.0	0		2	0				FF40	01					00	00	01	00	00		DMG_LCDC	14115270	520.0				
2	cpu	90	14115384	0	1154	577.0	write	1	00		E1	00	00	577.0	0		2	0				C136	00					00	00	01	00	00		READ_OLD	14115384	577.0				
2	cpu	90	14115568	0	1338	669.0	write	1	00		E1	00	00	669.0	0		2	0				DFFD	0B					00	00	01	00	00		READ_OLD	14115568	669.0				
2	cpu	90	14115576	0	1346	673.0	write	1	00		E1	00	00	673.0	0		2	0				DFFC	50					00	00	01	00	00		READ_OLD	14115576	673.0				
2	cpu	90	14115616	0	1386	693.0	write	1	00		E1	00	00	693.0	0		2	0				DFFB	47					00	00	01	00	00		READ_OLD	14115616	693.0				
2	cpu	90	14115624	0	1394	697.0	write	1	00		E1	00	00	697.0	0		2	0				DFFA	FC					00	00	01	00	00		READ_OLD	14115624	697.0				
2	cpu	90	14115680	0	1450	725.0	write	1	00		E1	00	00	725.0	0		2	0				DFF9	49					00	00	01	00	00		READ_OLD	14115680	725.0				
2	cpu	90	14115688	0	1458	729.0	write	1	00		E1	00	00	729.0	0		2	0				DFF8	8A					00	00	01	00	00		READ_OLD	14115688	729.0				
2	cpu	90	14115712	0	1482	741.0	write	1	00		E1	00	00	741.0	0		2	0				DFF7	C1					00	00	01	00	00		READ_OLD	14115712	741.0				
2	cpu	90	14115720	0	1490	745.0	write	1	00		E1	00	00	745.0	0		2	0				DFF6	37					00	00	01	00	00		READ_OLD	14115720	745.0				
2	cpu	90	14115744	0	1514	757.0	write	1	00		E1	00	00	757.0	0		2	0				DFF5	FE					00	00	01	00	00		READ_OLD	14115744	757.0				
2	cpu	90	14115752	0	1522	761.0	write	1	00		E1	00	00	761.0	0		2	0				DFF4	00					00	00	01	00	00		READ_OLD	14115752	761.0				
2	cpu	90	14115776	0	1546	773.0	write	1	00		E1	00	00	773.0	0		2	0				DFF3	AE					00	00	01	00	00		READ_OLD	14115776	773.0				
2	cpu	90	14115784	0	1554	777.0	write	1	00		E1	00	00	777.0	0		2	0				DFF2	50					00	00	01	00	00		READ_OLD	14115784	777.0				
2	cpu	90	14115824	0	1594	797.0	write	1	00		E1	00	00	797.0	0		2	0				FE00	00					00	00	01	00	00		READ_OLD	14115824	797.0				
2	cpu	90	14115856	0	1626	813.0	write	1	00		E1	00	00	813.0	0		2	0				8000	00					00	00	01	00	00		READ_OLD	14115856	813.0				
2	cpu	90	14115968	0	1738	869.0	write	1	00		E1	00	00	869.0	0		2	0				DFF1	49					00	00	01	00	00		READ_OLD	14115968	869.0				
2	cpu	90	14115976	0	1746	873.0	write	1	00		E1	00	00	873.0	0		2	0				DFF0	A7					00	00	01	00	00		READ_OLD	14115976	873.0				
2	cpu	90	14116040	0	1810	905.0	write	1	00		E1	00	00	905.0	0		2	0				C000	3E					00	00	01	00	00		READ_OLD	14116040	905.0				
2	cpu	90	14116160	0	1930	965.0	write	1	00		E1	00	00	965.0	0		2	0				C001	81					00	00	01	00	00		READ_OLD	14116160	965.0				
2	cpu	90	14116280	0	2050	1025.0	write	1	00		E1	00	00	1025.0	0		2	0				C002	E0					00	00	01	00	00		READ_OLD	14116280	1025.0				
2	cpu	90	14116400	0	2170	1085.0	write	1	00		E1	00	00	1085.0	0		2	0				C003	40					00	00	01	00	00		READ_OLD	14116400	1085.0				
2	cpu	90	14116592	0	2362	1181.0	write	1	00		E1	00	00	1181.0	0		2	0				C004	00					00	00	01	00	00		READ_OLD	14116592	1181.0				
2	cpu	90	14116688	0	2458	1229.0	write	1	00		E1	00	00	1229.0	0		2	0				C005	00					00	00	01	00	00		READ_OLD	14116688	1229.0				
2	cpu	90	14116784	0	2554	1277.0	write	1	00		E1	00	00	1277.0	0		2	0				C006	00					00	00	01	00	00		READ_OLD	14116784	1277.0				
2	cpu	90	14116880	0	2650	1325.0	write	1	00		E1	00	00	1325.0	0		2	0				C007	00					00	00	01	00	00		READ_OLD	14116880	1325.0				
2	cpu	90	14116976	0	2746	1373.0	write	1	00		E1	00	00	1373.0	0		2	0				C008	00					00	00	01	00	00		READ_OLD	14116976	1373.0				
2	cpu	90	14117072	0	2842	1421.0	write	1	00		E1	00	00	1421.0	0		2	0				C009	00					00	00	01	00	00		READ_OLD	14117072	1421.0				
2	cpu	90	14117168	0	2938	1469.0	write	1	00		E1	00	00	1469.0	0		2	0				C00A	00					00	00	01	00	00		READ_OLD	14117168	1469.0				
2	cpu	90	14117264	0	3034	1517.0	write	1	00		E1	00	00	1517.0	0		2	0				C00B	00					00	00	01	00	00		READ_OLD	14117264	1517.0				
2	cpu	90	14117360	0	3130	1565.0	write	1	00		E1	00	00	1565.0	0		2	0				C00C	00					00	00	01	00	00		READ_OLD	14117360	1565.0				
2	cpu	90	14117456	0	3226	1613.0	write	1	00		E1	00	00	1613.0	0		2	0				C00D	00					00	00	01	00	00		READ_OLD	14117456	1613.0				
2	cpu	90	14117552	0	3322	1661.0	write	1	00		E1	00	00	1661.0	0		2	0				C00E	00					00	00	01	00	00		READ_OLD	14117552	1661.0				
2	cpu	90	14117648	0	3418	1709.0	write	1	00		E1	00	00	1709.0	0		2	0				C00F	00					00	00	01	00	00		READ_OLD	14117648	1709.0				
2	cpu	90	14117744	0	3514	1757.0	write	1	00		E1	00	00	1757.0	0		2	0				C010	00					00	00	01	00	00		READ_OLD	14117744	1757.0				
2	cpu	90	14117840	0	3610	1805.0	write	1	00		E1	00	00	1805.0	0		2	0				C011	00					00	00	01	00	00		READ_OLD	14117840	1805.0				
2	cpu	90	14117936	0	3706	1853.0	write	1	00		E1	00	00	1853.0	0		2	0				C012	00					00	00	01	00	00		READ_OLD	14117936	1853.0				
2	cpu	90	14118032	0	3802	1901.0	write	1	00		E1	00	00	1901.0	0		2	0				C013	00					00	00	01	00	00		READ_OLD	14118032	1901.0				
2	cpu	90	14118128	0	3898	1949.0	write	1	00		E1	00	00	1949.0	0		2	0				C014	00					00	00	01	00	00		READ_OLD	14118128	1949.0				
2	cpu	90	14118224	0	3994	1997.0	write	1	00		E1	00	00	1997.0	0		2	0				C015	00					00	00	01	00	00		READ_OLD	14118224	1997.0				
2	cpu	90	14118320	0	4090	2045.0	write	1	00		E1	00	00	2045.0	0		2	0				C016	00					00	00	01	00	00		READ_OLD	14118320	2045.0				
2	cpu	90	14118416	0	4186	2093.0	write	1	00		E1	00	00	2093.0	0		2	0				C017	00					00	00	01	00	00		READ_OLD	14118416	2093.0				
2	cpu	90	14118512	0	4282	2141.0	write	1	00		E1	00	00	2141.0	0		2	0				C018	00					00	00	01	00	00		READ_OLD	14118512	2141.0				
2	cpu	90	14118608	0	4378	2189.0	write	1	00		E1	00	00	2189.0	0		2	0				C019	00					00	00	01	00	00		READ_OLD	14118608	2189.0				
2	cpu	90	14118704	0	4474	2237.0	write	1	00		E1	00	00	2237.0	0		2	0				C01A	00					00	00	01	00	00		READ_OLD	14118704	2237.0				
2	cpu	90	14118800	0	4570	2285.0	write	1	00		E1	00	00	2285.0	0		2	0				C01B	00					00	00	01	00	00		READ_OLD	14118800	2285.0				
2	cpu	90	14118896	0	4666	2333.0	write	1	00		E1	00	00	2333.0	0		2	0				C01C	00					00	00	01	00	00		READ_OLD	14118896	2333.0				
2	cpu	90	14118992	0	4762	2381.0	write	1	00		E1	00	00	2381.0	0		2	0				C01D	00					00	00	01	00	00		READ_OLD	14118992	2381.0				
2	cpu	90	14119088	0	4858	2429.0	write	1	00		E1	00	00	2429.0	0		2	0				C01E	00					00	00	01	00	00		READ_OLD	14119088	2429.0				
2	cpu	90	14119184	0	4954	2477.0	write	1	00		E1	00	00	2477.0	0		2	0				C01F	00					00	00	01	00	00		READ_OLD	14119184	2477.0				
2	cpu	90	14119280	0	5050	2525.0	write	1	00		E1	00	00	2525.0	0		2	0				C020	00					00	00	01	00	00		READ_OLD	14119280	2525.0				
2	cpu	90	14119376	0	5146	2573.0	write	1	00		E1	00	00	2573.0	0		2	0				C021	00					00	00	01	00	00		READ_OLD	14119376	2573.0				
2	cpu	90	14119472	0	5242	2621.0	write	1	00		E1	00	00	2621.0	0		2	0				C022	00					00	00	01	00	00		READ_OLD	14119472	2621.0				
2	cpu	90	14119568	0	5338	2669.0	write	1	00		E1	00	00	2669.0	0		2	0				C023	00					00	00	01	00	00		READ_OLD	14119568	2669.0				
2	cpu	90	14119664	0	5434	2717.0	write	1	00		E1	00	00	2717.0	0		2	0				C024	00					00	00	01	00	00		READ_OLD	14119664	2717.0				
2	cpu	90	14119760	0	5530	2765.0	write	1	00		E1	00	00	2765.0	0		2	0				C025	00					00	00	01	00	00		READ_OLD	14119760	2765.0				
2	cpu	90	14119856	0	5626	2813.0	write	1	00		E1	00	00	2813.0	0		2	0				C026	00					00	00	01	00	00		READ_OLD	14119856	2813.0				
2	cpu	90	14119952	0	5722	2861.0	write	1	00		E1	00	00	2861.0	0		2	0				C027	00					00	00	01	00	00		READ_OLD	14119952	2861.0				
2	cpu	90	14120048	0	5818	2909.0	write	1	00		E1	00	00	2909.0	0		2	0				C028	00					00	00	01	00	00		READ_OLD	14120048	2909.0				
2	cpu	90	14120144	0	5914	2957.0	write	1	00		E1	00	00	2957.0	0		2	0				C029	00					00	00	01	00	00		READ_OLD	14120144	2957.0				
2	cpu	90	14120240	0	6010	3005.0	write	1	00		E1	00	00	3005.0	0		2	0				C02A	00					00	00	01	00	00		READ_OLD	14120240	3005.0				
2	cpu	90	14120336	0	6106	3053.0	write	1	00		E1	00	00	3053.0	0		2	0				C02B	00					00	00	01	00	00		READ_OLD	14120336	3053.0				
2	cpu	90	14120432	0	6202	3101.0	write	1	00		E1	00	00	3101.0	0		2	0				C02C	00					00	00	01	00	00		READ_OLD	14120432	3101.0				
2	cpu	90	14120528	0	6298	3149.0	write	1	00		E1	00	00	3149.0	0		2	0				C02D	00					00	00	01	00	00		READ_OLD	14120528	3149.0				
2	cpu	90	14120624	0	6394	3197.0	write	1	00		E1	00	00	3197.0	0		2	0				C02E	00					00	00	01	00	00		READ_OLD	14120624	3197.0				
2	cpu	90	14120720	0	6490	3245.0	write	1	00		E1	00	00	3245.0	0		2	0				C02F	00					00	00	01	00	00		READ_OLD	14120720	3245.0				
2	cpu	90	14120816	0	6586	3293.0	write	1	00		E1	00	00	3293.0	0		2	0				C030	00					00	00	01	00	00		READ_OLD	14120816	3293.0				
2	cpu	90	14120912	0	6682	3341.0	write	1	00		E1	00	00	3341.0	0		2	0				C031	00					00	00	01	00	00		READ_OLD	14120912	3341.0				
2	cpu	90	14121008	0	6778	3389.0	write	1	00		E1	00	00	3389.0	0		2	0				C032	00					00	00	01	00	00		READ_OLD	14121008	3389.0				
2	cpu	90	14121104	0	6874	3437.0	write	1	00		E1	00	00	3437.0	0		2	0				C033	00					00	00	01	00	00		READ_OLD	14121104	3437.0				
2	cpu	90	14121200	0	6970	3485.0	write	1	00		E1	00	00	3485.0	0		2	0				C034	00					00	00	01	00	00		READ_OLD	14121200	3485.0				
2	cpu	90	14121296	0	7066	3533.0	write	1	00		E1	00	00	3533.0	0		2	0				C035	00					00	00	01	00	00		READ_OLD	14121296	3533.0				
2	cpu	90	14121392	0	7162	3581.0	write	1	00		E1	00	00	3581.0	0		2	0				C036	00					00	00	01	00	00		READ_OLD	14121392	3581.0				
2	cpu	90	14121488	0	7258	3629.0	write	1	00		E1	00	00	3629.0	0		2	0				C037	00					00	00	01	00	00		READ_OLD	14121488	3629.0				
2	cpu	90	14121584	0	7354	3677.0	write	1	00		E1	00	00	3677.0	0		2	0				C038	00					00	00	01	00	00		READ_OLD	14121584	3677.0				
2	cpu	90	14121680	0	7450	3725.0	write	1	00		E1	00	00	3725.0	0		2	0				C039	00					00	00	01	00	00		READ_OLD	14121680	3725.0				
2	cpu	90	14121776	0	7546	3773.0	write	1	00		E1	00	00	3773.0	0		2	0				C03A	00					00	00	01	00	00		READ_OLD	14121776	3773.0				
2	cpu	90	14121872	0	7642	3821.0	write	1	00		E1	00	00	3821.0	0		2	0				C03B	00					00	00	01	00	00		READ_OLD	14121872	3821.0				
2	cpu	90	14121968	0	7738	3869.0	write	1	00		E1	00	00	3869.0	0		2	0				C03C	00					00	00	01	00	00		READ_OLD	14121968	3869.0				
2	cpu	90	14122064	0	7834	3917.0	write	1	00		E1	00	00	3917.0	0		2	0				C03D	00					00	00	01	00	00		READ_OLD	14122064	3917.0				
2	cpu	90	14122160	0	7930	3965.0	write	1	00		E1	00	00	3965.0	0		2	0				C03E	00					00	00	01	00	00		READ_OLD	14122160	3965.0				
2	cpu	90	14122256	0	8026	4013.0	write	1	00		E1	00	00	4013.0	0		2	0				C03F	00					00	00	01	00	00		READ_OLD	14122256	4013.0				
2	cpu	90	14122352	0	8122	4061.0	write	1	00		E1	00	00	4061.0	0		2	0				C040	00					00	00	01	00	00		READ_OLD	14122352	4061.0				
2	cpu	90	14122448	0	8218	4109.0	write	1	00		E1	00	00	4109.0	0		2	0				C041	00					00	00	01	00	00		READ_OLD	14122448	4109.0				
2	cpu	90	14122544	0	8314	4157.0	write	1	00		E1	00	00	4157.0	0		2	0				C042	00					00	00	01	00	00		READ_OLD	14122544	4157.0				
2	cpu	90	14122640	0	8410	4205.0	write	1	00		E1	00	00	4205.0	0		2	0				C043	00					00	00	01	00	00		READ_OLD	14122640	4205.0				
2	cpu	90	14122736	0	8506	4253.0	write	1	00		E1	00	00	4253.0	0		2	0				C044	00					00	00	01	00	00		READ_OLD	14122736	4253.0				
2	cpu	90	14122832	0	8602	4301.0	write	1	00		E1	00	00	4301.0	0		2	0				C045	00					00	00	01	00	00		READ_OLD	14122832	4301.0				
2	cpu	90	14122928	0	8698	4349.0	write	1	00		E1	00	00	4349.0	0		2	0				C046	00					00	00	01	00	00		READ_OLD	14122928	4349.0				
2	cpu	90	14123024	0	8794	4397.0	write	1	00		E1	00	00	4397.0	0		2	0				C047	00					00	00	01	00	00		READ_OLD	14123024	4397.0				
2	cpu	90	14123120	0	8890	4445.0	write	1	00		E1	00	00	4445.0	0		2	0				C048	00					00	00	01	00	00		READ_OLD	14123120	4445.0				
2	cpu	90	14123216	0	8986	4493.0	write	1	00		E1	00	00	4493.0	0		2	0				C049	00					00	00	01	00	00		READ_OLD	14123216	4493.0				
2	cpu	90	14123312	0	9082	4541.0	write	1	00		E1	00	00	4541.0	0		2	0				C04A	00					00	00	01	00	00		READ_OLD	14123312	4541.0				
2	cpu	90	14123408	0	9178	4589.0	write	1	00		E1	00	00	4589.0	0		2	0				C04B	00					00	00	01	00	00		READ_OLD	14123408	4589.0				
2	cpu	90	14123504	0	9274	4637.0	write	1	00		E1	00	00	4637.0	0		2	0				C04C	00					00	00	01	00	00		READ_OLD	14123504	4637.0				
2	cpu	90	14123600	0	9370	4685.0	write	1	00		E1	00	00	4685.0	0		2	0				C04D	00					00	00	01	00	00		READ_OLD	14123600	4685.0				
2	cpu	90	14123696	0	9466	4733.0	write	1	00		E1	00	00	4733.0	0		2	0				C04E	00					00	00	01	00	00		READ_OLD	14123696	4733.0				
2	cpu	90	14123792	0	9562	4781.0	write	1	00		E1	00	00	4781.0	0		2	0				C04F	00					00	00	01	00	00		READ_OLD	14123792	4781.0				
2	cpu	90	14123888	0	9658	4829.0	write	1	00		E1	00	00	4829.0	0		2	0				C050	00					00	00	01	00	00		READ_OLD	14123888	4829.0				
2	cpu	90	14123984	0	9754	4877.0	write	1	00		E1	00	00	4877.0	0		2	0				C051	00					00	00	01	00	00		READ_OLD	14123984	4877.0				
2	cpu	90	14124080	0	9850	4925.0	write	1	00		E1	00	00	4925.0	0		2	0				C052	00					00	00	01	00	00		READ_OLD	14124080	4925.0				
2	cpu	90	14124176	0	9946	4973.0	write	1	00		E1	00	00	4973.0	0		2	0				C053	00					00	00	01	00	00		READ_OLD	14124176	4973.0				
2	cpu	90	14124272	0	10042	5021.0	write	1	00		E1	00	00	5021.0	0		2	0				C054	00					00	00	01	00	00		READ_OLD	14124272	5021.0				
2	cpu	90	14124368	0	10138	5069.0	write	1	00		E1	00	00	5069.0	0		2	0				C055	00					00	00	01	00	00		READ_OLD	14124368	5069.0				
2	cpu	90	14124464	0	10234	5117.0	write	1	00		E1	00	00	5117.0	0		2	0				C056	00					00	00	01	00	00		READ_OLD	14124464	5117.0				
2	cpu	90	14124560	0	10330	5165.0	write	1	00		E1	00	00	5165.0	0		2	0				C057	00					00	00	01	00	00		READ_OLD	14124560	5165.0				
2	cpu	90	14124656	0	10426	5213.0	write	1	00		E1	00	00	5213.0	0		2	0				C058	00					00	00	01	00	00		READ_OLD	14124656	5213.0				
2	cpu	90	14124752	0	10522	5261.0	write	1	00		E1	00	00	5261.0	0		2	0				C059	00					00	00	01	00	00		READ_OLD	14124752	5261.0				
2	cpu	90	14124848	0	10618	5309.0	write	1	00		E1	00	00	5309.0	0		2	0				C05A	00					00	00	01	00	00		READ_OLD	14124848	5309.0				
2	cpu	90	14124944	0	10714	5357.0	write	1	00		E1	00	00	5357.0	0		2	0				C05B	00					00	00	01	00	00		READ_OLD	14124944	5357.0				
2	cpu	90	14125040	0	10810	5405.0	write	1	00		E1	00	00	5405.0	0		2	0				C05C	00					00	00	01	00	00		READ_OLD	14125040	5405.0				
2	cpu	90	14125136	0	10906	5453.0	write	1	00		E1	00	00	5453.0	0		2	0				C05D	00					00	00	01	00	00		READ_OLD	14125136	5453.0				
2	cpu	90	14125232	0	11002	5501.0	write	1	00		E1	00	00	5501.0	0		2	0				C05E	00					00	00	01	00	00		READ_OLD	14125232	5501.0				
2	cpu	90	14125328	0	11098	5549.0	write	1	00		E1	00	00	5549.0	0		2	0				C05F	00					00	00	01	00	00		READ_OLD	14125328	5549.0				
2	cpu	90	14125424	0	11194	5597.0	write	1	00		E1	00	00	5597.0	0		2	0				C060	00					00	00	01	00	00		READ_OLD	14125424	5597.0				
2	cpu	90	14125520	0	11290	5645.0	write	1	00		E1	00	00	5645.0	0		2	0				C061	00					00	00	01	00	00		READ_OLD	14125520	5645.0				
2	cpu	90	14125616	0	11386	5693.0	write	1	00		E1	00	00	5693.0	0		2	0				C062	00					00	00	01	00	00		READ_OLD	14125616	5693.0				
2	cpu	90	14125712	0	11482	5741.0	write	1	00		E1	00	00	5741.0	0		2	0				C063	00					00	00	01	00	00		READ_OLD	14125712	5741.0				
2	cpu	90	14125808	0	11578	5789.0	write	1	00		E1	00	00	5789.0	0		2	0				C064	00					00	00	01	00	00		READ_OLD	14125808	5789.0				
2	cpu	90	14125904	0	11674	5837.0	write	1	00		E1	00	00	5837.0	0		2	0				C065	00					00	00	01	00	00		READ_OLD	14125904	5837.0				
2	cpu	90	14126000	0	11770	5885.0	write	1	00		E1	00	00	5885.0	0		2	0				C066	00					00	00	01	00	00		READ_OLD	14126000	5885.0				
2	cpu	90	14126096	0	11866	5933.0	write	1	00		E1	00	00	5933.0	0		2	0				C067	00					00	00	01	00	00		READ_OLD	14126096	5933.0				
2	cpu	90	14126192	0	11962	5981.0	write	1	00		E1	00	00	5981.0	0		2	0				C068	00					00	00	01	00	00		READ_OLD	14126192	5981.0				
2	cpu	90	14126288	0	12058	6029.0	write	1	00		E1	00	00	6029.0	0		2	0				C069	00					00	00	01	00	00		READ_OLD	14126288	6029.0				
2	cpu	90	14126384	0	12154	6077.0	write	1	00		E1	00	00	6077.0	0		2	0				C06A	00					00	00	01	00	00		READ_OLD	14126384	6077.0				
2	cpu	90	14126480	0	12250	6125.0	write	1	00		E1	00	00	6125.0	0		2	0				C06B	00					00	00	01	00	00		READ_OLD	14126480	6125.0				
2	cpu	90	14126576	0	12346	6173.0	write	1	00		E1	00	00	6173.0	0		2	0				C06C	00					00	00	01	00	00		READ_OLD	14126576	6173.0				
2	cpu	90	14126672	0	12442	6221.0	write	1	00		E1	00	00	6221.0	0		2	0				C06D	00					00	00	01	00	00		READ_OLD	14126672	6221.0				
2	cpu	90	14126768	0	12538	6269.0	write	1	00		E1	00	00	6269.0	0		2	0				C06E	00					00	00	01	00	00		READ_OLD	14126768	6269.0				
2	cpu	90	14126864	0	12634	6317.0	write	1	00		E1	00	00	6317.0	0		2	0				C06F	00					00	00	01	00	00		READ_OLD	14126864	6317.0				
2	cpu	90	14126960	0	12730	6365.0	write	1	00		E1	00	00	6365.0	0		2	0				C070	00					00	00	01	00	00		READ_OLD	14126960	6365.0				
2	cpu	90	14127056	0	12826	6413.0	write	1	00		E1	00	00	6413.0	0		2	0				C071	00					00	00	01	00	00		READ_OLD	14127056	6413.0				
2	cpu	90	14127152	0	12922	6461.0	write	1	00		E1	00	00	6461.0	0		2	0				C072	00					00	00	01	00	00		READ_OLD	14127152	6461.0				
2	cpu	90	14127248	0	13018	6509.0	write	1	00		E1	00	00	6509.0	0		2	0				C073	00					00	00	01	00	00		READ_OLD	14127248	6509.0				
2	cpu	90	14127344	0	13114	6557.0	write	1	00		E1	00	00	6557.0	0		2	0				C074	00					00	00	01	00	00		READ_OLD	14127344	6557.0				
2	cpu	90	14127440	0	13210	6605.0	write	1	00		E1	00	00	6605.0	0		2	0				C075	00					00	00	01	00	00		READ_OLD	14127440	6605.0				
2	cpu	90	14127536	0	13306	6653.0	write	1	00		E1	00	00	6653.0	0		2	0				C076	00					00	00	01	00	00		READ_OLD	14127536	6653.0				
2	cpu	90	14127632	0	13402	6701.0	write	1	00		E1	00	00	6701.0	0		2	0				C077	00					00	00	01	00	00		READ_OLD	14127632	6701.0				
2	cpu	90	14127728	0	13498	6749.0	write	1	00		E1	00	00	6749.0	0		2	0				C078	00					00	00	01	00	00		READ_OLD	14127728	6749.0				
2	cpu	90	14127824	0	13594	6797.0	write	1	00		E1	00	00	6797.0	0		2	0				C079	00					00	00	01	00	00		READ_OLD	14127824	6797.0				
2	cpu	90	14127920	0	13690	6845.0	write	1	00		E1	00	00	6845.0	0		2	0				C07A	00					00	00	01	00	00		READ_OLD	14127920	6845.0				
2	cpu	90	14128016	0	13786	6893.0	write	1	00		E1	00	00	6893.0	0		2	0				C07B	00					00	00	01	00	00		READ_OLD	14128016	6893.0				
2	cpu	90	14128112	0	13882	6941.0	write	1	00		E1	00	00	6941.0	0		2	0				C07C	00					00	00	01	00	00		READ_OLD	14128112	6941.0				
2	cpu	90	14128208	0	13978	6989.0	write	1	00		E1	00	00	6989.0	0		2	0				C07D	00					00	00	01	00	00		READ_OLD	14128208	6989.0				
2	cpu	90	14128304	0	14074	7037.0	write	1	00		E1	00	00	7037.0	0		2	0				C07E	00					00	00	01	00	00		READ_OLD	14128304	7037.0				
2	cpu	90	14128400	0	14170	7085.0	write	1	00		E1	00	00	7085.0	0		2	0				C07F	00					00	00	01	00	00		READ_OLD	14128400	7085.0				
2	cpu	90	14128496	0	14266	7133.0	write	1	00		E1	00	00	7133.0	0		2	0				C080	00					00	00	01	00	00		READ_OLD	14128496	7133.0				
2	cpu	90	14128592	0	14362	7181.0	write	1	00		E1	00	00	7181.0	0		2	0				C081	00					00	00	01	00	00		READ_OLD	14128592	7181.0				
2	cpu	90	14128688	0	14458	7229.0	write	1	00		E1	00	00	7229.0	0		2	0				C082	00					00	00	01	00	00		READ_OLD	14128688	7229.0				
2	cpu	90	14128784	0	14554	7277.0	write	1	00		E1	00	00	7277.0	0		2	0				C083	00					00	00	01	00	00		READ_OLD	14128784	7277.0				
2	cpu	90	14128880	0	14650	7325.0	write	1	00		E1	00	00	7325.0	0		2	0				C084	00					00	00	01	00	00		READ_OLD	14128880	7325.0				
2	cpu	90	14128976	0	14746	7373.0	write	1	00		E1	00	00	7373.0	0		2	0				C085	00					00	00	01	00	00		READ_OLD	14128976	7373.0				
2	cpu	90	14129072	0	14842	7421.0	write	1	00		E1	00	00	7421.0	0		2	0				C086	00					00	00	01	00	00		READ_OLD	14129072	7421.0				
2	cpu	90	14129168	0	14938	7469.0	write	1	00		E1	00	00	7469.0	0		2	0				C087	00					00	00	01	00	00		READ_OLD	14129168	7469.0				
2	cpu	90	14129264	0	15034	7517.0	write	1	00		E1	00	00	7517.0	0		2	0				C088	00					00	00	01	00	00		READ_OLD	14129264	7517.0				
2	cpu	90	14129360	0	15130	7565.0	write	1	00		E1	00	00	7565.0	0		2	0				C089	00					00	00	01	00	00		READ_OLD	14129360	7565.0				
2	cpu	90	14129456	0	15226	7613.0	write	1	00		E1	00	00	7613.0	0		2	0				C08A	00					00	00	01	00	00		READ_OLD	14129456	7613.0				
2	cpu	90	14129552	0	15322	7661.0	write	1	00		E1	00	00	7661.0	0		2	0				C08B	00					00	00	01	00	00		READ_OLD	14129552	7661.0				
2	cpu	90	14129648	0	15418	7709.0	write	1	00		E1	00	00	7709.0	0		2	0				C08C	00					00	00	01	00	00		READ_OLD	14129648	7709.0				
2	cpu	90	14129744	0	15514	7757.0	write	1	00		E1	00	00	7757.0	0		2	0				C08D	00					00	00	01	00	00		READ_OLD	14129744	7757.0				
2	cpu	90	14129840	0	15610	7805.0	write	1	00		E1	00	00	7805.0	0		2	0				C08E	00					00	00	01	00	00		READ_OLD	14129840	7805.0				
2	cpu	90	14129936	0	15706	7853.0	write	1	00		E1	00	00	7853.0	0		2	0				C08F	00					00	00	01	00	00		READ_OLD	14129936	7853.0				
2	cpu	90	14130032	0	15802	7901.0	write	1	00		E1	00	00	7901.0	0		2	0				C090	00					00	00	01	00	00		READ_OLD	14130032	7901.0				
2	cpu	90	14130128	0	15898	7949.0	write	1	00		E1	00	00	7949.0	0		2	0				C091	00					00	00	01	00	00		READ_OLD	14130128	7949.0				
2	cpu	90	14130224	0	15994	7997.0	write	1	00		E1	00	00	7997.0	0		2	0				C092	00					00	00	01	00	00		READ_OLD	14130224	7997.0				
2	cpu	90	14130320	0	16090	8045.0	write	1	00		E1	00	00	8045.0	0		2	0				C093	00					00	00	01	00	00		READ_OLD	14130320	8045.0				
2	cpu	90	14130416	0	16186	8093.0	write	1	00		E1	00	00	8093.0	0		2	0				C094	00					00	00	01	00	00		READ_OLD	14130416	8093.0				
2	cpu	90	14130512	0	16282	8141.0	write	1	00		E1	00	00	8141.0	0		2	0				C095	00					00	00	01	00	00		READ_OLD	14130512	8141.0				
2	cpu	90	14130608	0	16378	8189.0	write	1	00		E1	00	00	8189.0	0		2	0				C096	00					00	00	01	00	00		READ_OLD	14130608	8189.0				
2	cpu	90	14130704	0	16474	8237.0	write	1	00		E1	00	00	8237.0	0		2	0				C097	00					00	00	01	00	00		READ_OLD	14130704	8237.0				
2	cpu	90	14130800	0	16570	8285.0	write	1	00		E1	00	00	8285.0	0		2	0				C098	00					00	00	01	00	00		READ_OLD	14130800	8285.0				
2	cpu	90	14130896	0	16666	8333.0	write	1	00		E1	00	00	8333.0	0		2	0				C099	00					00	00	01	00	00		READ_OLD	14130896	8333.0				
2	cpu	90	14130992	0	16762	8381.0	write	1	00		E1	00	00	8381.0	0		2	0				C09A	00					00	00	01	00	00		READ_OLD	14130992	8381.0				
2	cpu	90	14131088	0	16858	8429.0	write	1	00		E1	00	00	8429.0	0		2	0				C09B	00					00	00	01	00	00		READ_OLD	14131088	8429.0				
2	cpu	90	14131184	0	16954	8477.0	write	1	00		E1	00	00	8477.0	0		2	0				C09C	00					00	00	01	00	00		READ_OLD	14131184	8477.0				
2	cpu	90	14131280	0	17050	8525.0	write	1	00		E1	00	00	8525.0	0		2	0				C09D	00					00	00	01	00	00		READ_OLD	14131280	8525.0				
2	cpu	90	14131376	0	17146	8573.0	write	1	00		E1	00	00	8573.0	0		2	0				C09E	00					00	00	01	00	00		READ_OLD	14131376	8573.0				
2	cpu	90	14131472	0	17242	8621.0	write	1	00		E1	00	00	8621.0	0		2	0				C09F	00					00	00	01	00	00		READ_OLD	14131472	8621.0				
2	cpu	90	14131568	0	17338	8669.0	write	1	00		E1	00	00	8669.0	0		2	0				C0A0	00					00	00	01	00	00		READ_OLD	14131568	8669.0				
2	cpu	90	14131664	0	17434	8717.0	write	1	00		E1	00	00	8717.0	0		2	0				C0A1	00					00	00	01	00	00		READ_OLD	14131664	8717.0				
2	cpu	90	14131760	0	17530	8765.0	write	1	00		E1	00	00	8765.0	0		2	0				C0A2	00					00	00	01	00	00		READ_OLD	14131760	8765.0				
2	cpu	90	14131856	0	17626	8813.0	write	1	00		E1	00	00	8813.0	0		2	0				C0A3	00					00	00	01	00	00		READ_OLD	14131856	8813.0				
2	cpu	90	14131952	0	17722	8861.0	write	1	00		E1	00	00	8861.0	0		2	0				C0A4	00					00	00	01	00	00		READ_OLD	14131952	8861.0				
2	cpu	90	14132048	0	17818	8909.0	write	1	00		E1	00	00	8909.0	0		2	0				C0A5	00					00	00	01	00	00		READ_OLD	14132048	8909.0				
2	cpu	90	14132144	0	17914	8957.0	write	1	00		E1	00	00	8957.0	0		2	0				C0A6	00					00	00	01	00	00		READ_OLD	14132144	8957.0				
2	cpu	90	14132240	0	18010	9005.0	write	1	00		E1	00	00	9005.0	0		2	0				C0A7	00					00	00	01	00	00		READ_OLD	14132240	9005.0				
2	cpu	90	14132336	0	18106	9053.0	write	1	00		E1	00	00	9053.0	0		2	0				C0A8	00					00	00	01	00	00		READ_OLD	14132336	9053.0				
2	cpu	90	14132432	0	18202	9101.0	write	1	00		E1	00	00	9101.0	0		2	0				C0A9	00					00	00	01	00	00		READ_OLD	14132432	9101.0				
2	cpu	90	14132528	0	18298	9149.0	write	1	00		E1	00	00	9149.0	0		2	0				C0AA	00					00	00	01	00	00		READ_OLD	14132528	9149.0				
2	cpu	90	14132624	0	18394	9197.0	write	1	00		E1	00	00	9197.0	0		2	0				C0AB	00					00	00	01	00	00		READ_OLD	14132624	9197.0				
2	cpu	90	14132720	0	18490	9245.0	write	1	00		E1	00	00	9245.0	0		2	0				C0AC	00					00	00	01	00	00		READ_OLD	14132720	9245.0				
2	cpu	90	14132816	0	18586	9293.0	write	1	00		E1	00	00	9293.0	0		2	0				C0AD	00					00	00	01	00	00		READ_OLD	14132816	9293.0				
2	cpu	90	14132912	0	18682	9341.0	write	1	00		E1	00	00	9341.0	0		2	0				C0AE	00					00	00	01	00	00		READ_OLD	14132912	9341.0				
2	cpu	90	14133008	0	18778	9389.0	write	1	00		E1	00	00	9389.0	0		2	0				C0AF	00					00	00	01	00	00		READ_OLD	14133008	9389.0				
2	cpu	90	14133104	0	18874	9437.0	write	1	00		E1	00	00	9437.0	0		2	0				C0B0	00					00	00	01	00	00		READ_OLD	14133104	9437.0				
2	cpu	90	14133200	0	18970	9485.0	write	1	00		E1	00	00	9485.0	0		2	0				C0B1	00					00	00	01	00	00		READ_OLD	14133200	9485.0				
2	cpu	90	14133360	0	19130	9565.0	write	1	00		E1	00	00	9565.0	0		2	0				DFF3	49					00	00	01	00	00		READ_OLD	14133360	9565.0				
2	cpu	90	14133368	0	19138	9569.0	write	1	00		E1	00	00	9569.0	0		2	0				DFF2	BA					00	00	01	00	00		READ_OLD	14133368	9569.0				
2	cpu	90	14133432	0	19202	9601.0	write	1	00		E1	00	00	9601.0	0		2	0				C0B2	12					00	00	01	00	00		READ_OLD	14133432	9601.0				
2	cpu	90	14133552	0	19322	9661.0	write	1	00		E1	00	00	9661.0	0		2	0				C0B3	C9					00	00	01	00	00		READ_OLD	14133552	9661.0				
2	cpu	90	14133728	0	19498	9749.0	write	1	00		E1	00	00	9749.0	0		2	0				DFF5	49					00	00	01	00	00		READ_OLD	14133728	9749.0				
2	cpu	90	14133736	0	19506	9753.0	write	1	00		E1	00	00	9753.0	0		2	0				DFF4	BE					00	00	01	00	00		READ_OLD	14133736	9753.0				
2	cpu	90	14133774	0	19544	9772.0	write	1	00		E1	00	00	9772.0	1		2	0				FF40	81					00	00	81	00	00		DMG_LCDC	14133774	9772.0				
2	ppu_public	90	14133784	0	76	38.0	stat_sample	3	04	00	E1	00	00	38.0	1	0	2	0																						
2	ppu_public	90	14133936	0	78	39.0	stat_sample	3	04	00	E1	00	00	39.0	1	0	2	0																						
2	ppu_public	91	14134280	0	259	129.5	stat_sample	0	04	00	E1	00	00	129.5	1	0	2	0																						
2	ppu_public	91	14134680	1	0	0.0	stat_sample	2	00	00	E1	00	00	0.0	1	0	2	0																						
2	ppu_public	91	14134680	1	2	1.0	mode2_irq_prepare	0	00	00	E1	00	00	1.0	1	0	2	0																						
2	ppu_public	91	14134688	1	0	0.0	stat_sample	2	02	00	E1	00	00	0.0	1	0	2	0																						
2	ppu_public	91	14134686	1	8	4.0	mode2_enter	2	02	00	E1	00	00	4.0	1	0	2	0																						
2	ppu_public	91	14134688	1	0	0.0	stat_sample	3	02	00	E1	00	00	0.0	1	0	2	0																						
2	ppu_public	91	14134854	1	176	88.0	mode3_enter	3	02	00	E1	00	00	88.0	1	0	2	0																						
2	ppu_public	91	14134848	1	84	42.0	stat_sample	3	03	00	E1	00	00	42.0	1	0	2	0																						
2	ppu_public	91	14135198	1	520	260.0	mode0_enter	0	03	00	E1	00	00	260.0	1	0	2	0																						
2	cpu	91	14135184	1	417	208.5	write	3	03		E1	00	00	253.0	1		2	0				FE00	81					00	00	81	00	00		READ_OLD	14135184	253.0				
2	ppu_public	91	14135192	1	257	128.5	stat_sample	0	00	00	E1	00	00	128.5	1	0	2	0																						
2	cpu	91	14135256	1	321	160.5	write	0	00		E1	00	00	289.0	1		2	0				DFF5	49					00	00	81	00	00		READ_OLD	14135256	289.0				
2	cpu	91	14135264	1	329	164.5	write	0	00		E1	00	00	293.0	1		2	0				DFF4	C1					00	00	81	00	00		READ_OLD	14135264	293.0				
2	cpu	91	14135352	1	417	208.5	write	0	00		E1	00	00	337.0	1		2	0				DFF3	FE					00	00	81	00	00		READ_OLD	14135352	337.0				
2	cpu	91	14135360	1	425	212.5	write	0	00		E1	00	00	341.0	1		2	0				DFF2	00					00	00	81	00	00		READ_OLD	14135360	341.0				
2	cpu	91	14135416	1	481	240.5	write	0	00		E1	00	00	369.0	1		2	0				DFF1	49					00	00	81	00	00		READ_OLD	14135416	369.0				
2	cpu	91	14135424	1	489	244.5	write	0	00		E1	00	00	373.0	1		2	0				DFF0	FF					00	00	81	00	00		READ_OLD	14135424	373.0				
2	ppu_public	91	14135592	2	0	0.0	stat_sample	2	00	00	E1	00	00	0.0	1	0	2	0																						
2	ppu_public	91	14135592	2	2	1.0	mode2_irq_prepare	0	00	00	E1	00	00	1.0	1	0	2	0																						
2	ppu_public	91	14135600	2	0	0.0	stat_sample	2	02	00	E1	00	00	0.0	1	0	2	0																						
2	ppu_public	91	14135598	2	8	4.0	mode2_enter	2	02	00	E1	00	00	4.0	1	0	2	0																						
2	ppu_public	91	14135600	2	0	0.0	stat_sample	3	02	00	E1	00	00	0.0	1	0	2	0																						
2	ppu_public	91	14135766	2	176	88.0	mode3_enter	3	02	00	E1	00	00	88.0	1	0	2	0																						
2	ppu_public	91	14135760	2	84	42.0	stat_sample	3	03	00	E1	00	00	42.0	1	0	2	0																						
2	ppu_public	91	14136110	2	520	260.0	mode0_enter	0	03	00	E1	00	00	260.0	1	0	2	0																						
2	ppu_public	91	14136104	2	257	128.5	stat_sample	0	00	00	E1	00	00	128.5	1	0	2	0																						
2	ppu_public	91	14136504	3	0	0.0	stat_sample	2	00	00	E1	00	00	0.0	1	0	2	0																						
2	ppu_public	91	14136504	3	2	1.0	mode2_irq_prepare	0	00	00	E1	00	00	1.0	1	0	2	0																						
2	ppu_public	91	14136512	3	0	0.0	stat_sample	2	02	00	E1	00	00	0.0	1	0	2	0																						
2	ppu_public	91	14136510	3	8	4.0	mode2_enter	2	02	00	E1	00	00	4.0	1	0	2	0																						
2	ppu_public	91	14136512	3	0	0.0	stat_sample	3	02	00	E1	00	00	0.0	1	0	2	0																						
2	ppu_public	91	14136678	3	176	88.0	mode3_enter	3	02	00	E1	00	00	88.0	1	0	2	0																						
2	ppu_public	91	14136672	3	84	42.0	stat_sample	3	03	00	E1	00	00	42.0	1	0	2	0																						
2	ppu_public	91	14137022	3	520	260.0	mode0_enter	0	03	00	E1	00	00	260.0	1	0	2	0																						
2	ppu_public	91	14137016	3	257	128.5	stat_sample	0	00	00	E1	00	00	128.5	1	0	2	0																						
2	ppu_public	91	14137416	4	0	0.0	stat_sample	2	00	00	E1	00	00	0.0	1	0	2	0																						
2	ppu_public	91	14137416	4	2	1.0	mode2_irq_prepare	0	00	00	E1	00	00	1.0	1	0	2	0																						
2	ppu_public	91	14137424	4	0	0.0	stat_sample	2	02	00	E1	00	00	0.0	1	0	2	0																						
2	ppu_public	91	14137422	4	8	4.0	mode2_enter	2	02	00	E1	00	00	4.0	1	0	2	0																						
2	ppu_public	91	14137424	4	0	0.0	stat_sample	3	02	00	E1	00	00	0.0	1	0	2	0																						
2	ppu_public	91	14137590	4	176	88.0	mode3_enter	3	02	00	E1	00	00	88.0	1	0	2	0																						
2	ppu_public	91	14137592	4	84	42.0	stat_sample	3	03	00	E1	00	00	42.0	1	0	2	0																						
2	ppu_public	91	14137934	4	520	260.0	mode0_enter	0	03	00	E1	00	00	260.0	1	0	2	0																						
2	ppu_public	91	14137928	4	257	128.5	stat_sample	0	00	00	E1	00	00	128.5	1	0	2	0																						
2	ppu_public	91	14138328	5	0	0.0	stat_sample	2	00	00	E1	00	00	0.0	1	0	2	0																						
2	ppu_public	91	14138328	5	2	1.0	mode2_irq_prepare	0	00	00	E1	00	00	1.0	1	0	2	0																						
2	ppu_public	91	14138336	5	0	0.0	stat_sample	2	02	00	E1	00	00	0.0	1	0	2	0																						
2	ppu_public	91	14138334	5	8	4.0	mode2_enter	2	02	00	E1	00	00	4.0	1	0	2	0																						
2	ppu_public	91	14138336	5	0	0.0	stat_sample	3	02	00	E1	00	00	0.0	1	0	2	0																						
2	ppu_public	91	14138502	5	176	88.0	mode3_enter	3	02	00	E1	00	00	88.0	1	0	2	0																						
2	ppu_public	91	14138496	5	84	42.0	stat_sample	3	03	00	E1	00	00	42.0	1	0	2	0																						
2	ppu_public	91	14138846	5	520	260.0	mode0_enter	0	03	00	E1	00	00	260.0	1	0	2	0																						
2	ppu_public	91	14138840	5	257	128.5	stat_sample	0	00	00	E1	00	00	128.5	1	0	2	0																						
2	ppu_public	91	14139240	6	0	0.0	stat_sample	2	00	00	E1	00	00	0.0	1	0	2	0																						
2	ppu_public	91	14139240	6	2	1.0	mode2_irq_prepare	0	00	00	E1	00	00	1.0	1	0	2	0																						
2	ppu_public	91	14139256	6	0	0.0	stat_sample	2	02	00	E1	00	00	0.0	1	0	2	0																						
2	ppu_public	91	14139246	6	8	4.0	mode2_enter	2	02	00	E1	00	00	4.0	1	0	2	0																						
2	ppu_public	91	14139256	6	0	0.0	stat_sample	3	02	00	E1	00	00	0.0	1	0	2	0																						
2	ppu_public	91	14139414	6	176	88.0	mode3_enter	3	02	00	E1	00	00	88.0	1	0	2	0																						
2	ppu_public	91	14139408	6	84	42.0	stat_sample	3	03	00	E1	00	00	42.0	1	0	2	0																						
2	ppu_public	91	14139758	6	520	260.0	mode0_enter	0	03	00	E1	00	00	260.0	1	0	2	0																						
2	ppu_public	91	14139752	6	257	128.5	stat_sample	0	00	00	E1	00	00	128.5	1	0	2	0																						
2	ppu_public	91	14140152	7	0	0.0	stat_sample	2	00	00	E1	00	00	0.0	1	0	2	0																						
2	ppu_public	91	14140152	7	2	1.0	mode2_irq_prepare	0	00	00	E1	00	00	1.0	1	0	2	0																						
2	ppu_public	91	14140160	7	0	0.0	stat_sample	2	02	00	E1	00	00	0.0	1	0	2	0																						
2	ppu_public	91	14140158	7	8	4.0	mode2_enter	2	02	00	E1	00	00	4.0	1	0	2	0																						
2	ppu_public	91	14140160	7	0	0.0	stat_sample	3	02	00	E1	00	00	0.0	1	0	2	0																						
2	ppu_public	91	14140326	7	176	88.0	mode3_enter	3	02	00	E1	00	00	88.0	1	0	2	0																						
2	ppu_public	91	14140320	7	84	42.0	stat_sample	3	03	00	E1	00	00	42.0	1	0	2	0																						
2	ppu_public	91	14140670	7	520	260.0	mode0_enter	0	03	00	E1	00	00	260.0	1	0	2	0																						
2	ppu_public	91	14140664	7	257	128.5	stat_sample	0	00	00	E1	00	00	128.5	1	0	2	0																						
2	ppu_public	91	14141064	8	0	0.0	stat_sample	2	00	00	E1	00	00	0.0	1	0	2	0																						
2	ppu_public	91	14141064	8	2	1.0	mode2_irq_prepare	0	00	00	E1	00	00	1.0	1	0	2	0																						
2	ppu_public	91	14141072	8	0	0.0	stat_sample	2	02	00	E1	00	00	0.0	1	0	2	0																						
2	ppu_public	91	14141070	8	8	4.0	mode2_enter	2	02	00	E1	00	00	4.0	1	0	2	0																						
2	ppu_public	91	14141072	8	0	0.0	stat_sample	3	02	00	E1	00	00	0.0	1	0	2	0																						
2	ppu_public	91	14141238	8	176	88.0	mode3_enter	3	02	00	E1	00	00	88.0	1	0	2	0																						
2	ppu_public	91	14141232	8	84	42.0	stat_sample	3	03	00	E1	00	00	42.0	1	0	2	0																						
2	ppu_public	91	14141582	8	520	260.0	mode0_enter	0	03	00	E1	00	00	260.0	1	0	2	0																						
2	ppu_public	91	14141576	8	257	128.5	stat_sample	0	00	00	E1	00	00	128.5	1	0	2	0																						
2	ppu_public	91	14141976	9	0	0.0	stat_sample	2	00	00	E1	00	00	0.0	1	0	2	0																						
2	ppu_public	91	14141976	9	2	1.0	mode2_irq_prepare	0	00	00	E1	00	00	1.0	1	0	2	0																						
2	ppu_public	91	14141984	9	0	0.0	stat_sample	2	02	00	E1	00	00	0.0	1	0	2	0																						
2	ppu_public	91	14141982	9	8	4.0	mode2_enter	2	02	00	E1	00	00	4.0	1	0	2	0																						
2	ppu_public	91	14141984	9	0	0.0	stat_sample	3	02	00	E1	00	00	0.0	1	0	2	0																						
2	ppu_public	91	14142150	9	176	88.0	mode3_enter	3	02	00	E1	00	00	88.0	1	0	2	0																						
2	ppu_public	91	14142144	9	84	42.0	stat_sample	3	03	00	E1	00	00	42.0	1	0	2	0																						
2	ppu_public	91	14142494	9	520	260.0	mode0_enter	0	03	00	E1	00	00	260.0	1	0	2	0																						
2	ppu_public	91	14142488	9	257	128.5	stat_sample	0	00	00	E1	00	00	128.5	1	0	2	0																						
2	ppu_public	91	14142896	10	0	0.0	stat_sample	2	00	00	E1	00	00	0.0	1	0	2	0																						
2	ppu_public	91	14142896	10	2	1.0	mode2_irq_prepare	0	00	00	E1	00	00	1.0	1	0	2	0																						
2	ppu_public	91	14142896	10	0	0.0	stat_sample	2	02	00	E1	00	00	0.0	1	0	2	0																						
2	ppu_public	91	14142902	10	8	4.0	mode2_enter	2	02	00	E1	00	00	4.0	1	0	2	0																						
2	ppu_public	91	14142896	10	0	0.0	stat_sample	3	02	00	E1	00	00	0.0	1	0	2	0																						
2	ppu_public	91	14143070	10	176	88.0	mode3_enter	3	02	00	E1	00	00	88.0	1	0	2	0																						
2	ppu_public	91	14143056	10	84	42.0	stat_sample	3	03	00	E1	00	00	42.0	1	0	2	0																						
2	ppu_public	91	14143414	10	520	260.0	mode0_enter	0	03	00	E1	00	00	260.0	1	0	2	0																						
2	ppu_public	91	14143400	10	257	128.5	stat_sample	0	00	00	E1	00	00	128.5	1	0	2	0																						
2	ppu_public	91	14143800	11	0	0.0	stat_sample	2	00	00	E1	00	00	0.0	1	0	2	0																						
2	ppu_public	91	14143800	11	2	1.0	mode2_irq_prepare	0	00	00	E1	00	00	1.0	1	0	2	0																						
2	ppu_public	91	14143808	11	0	0.0	stat_sample	2	02	00	E1	00	00	0.0	1	0	2	0																						
2	ppu_public	91	14143806	11	8	4.0	mode2_enter	2	02	00	E1	00	00	4.0	1	0	2	0																						
2	ppu_public	91	14143808	11	0	0.0	stat_sample	3	02	00	E1	00	00	0.0	1	0	2	0																						
2	ppu_public	91	14143974	11	176	88.0	mode3_enter	3	02	00	E1	00	00	88.0	1	0	2	0																						
2	ppu_public	91	14143968	11	84	42.0	stat_sample	3	03	00	E1	00	00	42.0	1	0	2	0																						
2	ppu_public	91	14144318	11	520	260.0	mode0_enter	0	03	00	E1	00	00	260.0	1	0	2	0																						
2	ppu_public	91	14144312	11	257	128.5	stat_sample	0	00	00	E1	00	00	128.5	1	0	2	0																						
2	ppu_public	91	14144712	12	0	0.0	stat_sample	2	00	00	E1	00	00	0.0	1	0	2	0																						
2	ppu_public	91	14144712	12	2	1.0	mode2_irq_prepare	0	00	00	E1	00	00	1.0	1	0	2	0																						
2	ppu_public	91	14144720	12	0	0.0	stat_sample	2	02	00	E1	00	00	0.0	1	0	2	0																						
2	ppu_public	91	14144718	12	8	4.0	mode2_enter	2	02	00	E1	00	00	4.0	1	0	2	0																						
2	ppu_public	91	14144720	12	0	0.0	stat_sample	3	02	00	E1	00	00	0.0	1	0	2	0																						
2	ppu_public	91	14144886	12	176	88.0	mode3_enter	3	02	00	E1	00	00	88.0	1	0	2	0																						
2	ppu_public	91	14144880	12	84	42.0	stat_sample	3	03	00	E1	00	00	42.0	1	0	2	0																						
2	ppu_public	91	14145230	12	520	260.0	mode0_enter	0	03	00	E1	00	00	260.0	1	0	2	0																						
2	ppu_public	91	14145224	12	257	128.5	stat_sample	0	00	00	E1	00	00	128.5	1	0	2	0																						
2	ppu_public	91	14145624	13	0	0.0	stat_sample	2	00	00	E1	00	00	0.0	1	0	2	0																						
2	ppu_public	91	14145624	13	2	1.0	mode2_irq_prepare	0	00	00	E1	00	00	1.0	1	0	2	0																						
2	ppu_public	91	14145632	13	0	0.0	stat_sample	2	02	00	E1	00	00	0.0	1	0	2	0																						
2	ppu_public	91	14145630	13	8	4.0	mode2_enter	2	02	00	E1	00	00	4.0	1	0	2	0																						
2	ppu_public	91	14145632	13	0	0.0	stat_sample	3	02	00	E1	00	00	0.0	1	0	2	0																						
2	ppu_public	91	14145798	13	176	88.0	mode3_enter	3	02	00	E1	00	00	88.0	1	0	2	0																						
2	ppu_public	91	14145792	13	84	42.0	stat_sample	3	03	00	E1	00	00	42.0	1	0	2	0																						
2	ppu_public	91	14146142	13	520	260.0	mode0_enter	0	03	00	E1	00	00	260.0	1	0	2	0																						
2	ppu_public	91	14146136	13	257	128.5	stat_sample	0	00	00	E1	00	00	128.5	1	0	2	0																						
2	ppu_public	91	14146536	14	0	0.0	stat_sample	2	00	00	E1	00	00	0.0	1	0	2	0																						
2	ppu_public	91	14146536	14	2	1.0	mode2_irq_prepare	0	00	00	E1	00	00	1.0	1	0	2	0																						
2	ppu_public	91	14146544	14	0	0.0	stat_sample	2	02	00	E1	00	00	0.0	1	0	2	0																						
2	ppu_public	91	14146542	14	8	4.0	mode2_enter	2	02	00	E1	00	00	4.0	1	0	2	0																						
2	ppu_public	91	14146544	14	0	0.0	stat_sample	3	02	00	E1	00	00	0.0	1	0	2	0																						
2	ppu_public	91	14146710	14	176	88.0	mode3_enter	3	02	00	E1	00	00	88.0	1	0	2	0																						
2	ppu_public	91	14146704	14	84	42.0	stat_sample	3	03	00	E1	00	00	42.0	1	0	2	0																						
2	ppu_public	91	14147054	14	520	260.0	mode0_enter	0	03	00	E1	00	00	260.0	1	0	2	0																						
2	ppu_public	91	14147056	14	257	128.5	stat_sample	0	00	00	E1	00	00	128.5	1	0	2	0																						
2	ppu_public	91	14147448	15	0	0.0	stat_sample	2	00	00	E1	00	00	0.0	1	0	2	0																						
2	ppu_public	91	14147448	15	2	1.0	mode2_irq_prepare	0	00	00	E1	00	00	1.0	1	0	2	0																						
2	ppu_public	91	14147456	15	0	0.0	stat_sample	2	02	00	E1	00	00	0.0	1	0	2	0																						
2	ppu_public	91	14147454	15	8	4.0	mode2_enter	2	02	00	E1	00	00	4.0	1	0	2	0																						
2	ppu_public	91	14147456	15	0	0.0	stat_sample	3	02	00	E1	00	00	0.0	1	0	2	0																						
2	ppu_public	91	14147622	15	176	88.0	mode3_enter	3	02	00	E1	00	00	88.0	1	0	2	0																						
2	ppu_public	91	14147616	15	84	42.0	stat_sample	3	03	00	E1	00	00	42.0	1	0	2	0																						
2	ppu_public	91	14147966	15	520	260.0	mode0_enter	0	03	00	E1	00	00	260.0	1	0	2	0																						
2	ppu_public	91	14147960	15	257	128.5	stat_sample	0	00	00	E1	00	00	128.5	1	0	2	0																						
2	ppu_public	91	14148360	16	0	0.0	stat_sample	2	00	00	E1	00	00	0.0	1	0	2	0																						
2	ppu_public	91	14148360	16	2	1.0	mode2_irq_prepare	0	00	00	E1	00	00	1.0	1	0	2	0																						
2	ppu_public	91	14148368	16	0	0.0	stat_sample	2	02	00	E1	00	00	0.0	1	0	2	0																						
2	ppu_public	91	14148366	16	8	4.0	mode2_enter	2	02	00	E1	00	00	4.0	1	0	2	0																						
2	ppu_public	91	14148368	16	0	0.0	stat_sample	3	02	00	E1	00	00	0.0	1	0	2	0																						
2	ppu_public	91	14148534	16	176	88.0	mode3_enter	3	02	00	E1	00	00	88.0	1	0	2	0																						
2	ppu_public	91	14148528	16	84	42.0	stat_sample	3	03	00	E1	00	00	42.0	1	0	2	0																						
2	ppu_public	91	14148878	16	520	260.0	mode0_enter	0	03	00	E1	00	00	260.0	1	0	2	0																						
2	ppu_public	91	14148872	16	257	128.5	stat_sample	0	00	00	E1	00	00	128.5	1	0	2	0																						
2	ppu_public	91	14149272	17	0	0.0	stat_sample	2	00	00	E1	00	00	0.0	1	0	2	0																						
2	ppu_public	91	14149272	17	2	1.0	mode2_irq_prepare	0	00	00	E1	00	00	1.0	1	0	2	0																						
2	ppu_public	91	14149280	17	0	0.0	stat_sample	2	02	00	E1	00	00	0.0	1	0	2	0																						
2	ppu_public	91	14149278	17	8	4.0	mode2_enter	2	02	00	E1	00	00	4.0	1	0	2	0																						
2	ppu_public	91	14149280	17	0	0.0	stat_sample	3	02	00	E1	00	00	0.0	1	0	2	0																						
2	ppu_public	91	14149446	17	176	88.0	mode3_enter	3	02	00	E1	00	00	88.0	1	0	2	0																						
2	ppu_public	91	14149448	17	84	42.0	stat_sample	3	03	00	E1	00	00	42.0	1	0	2	0																						
2	ppu_public	91	14149790	17	520	260.0	mode0_enter	0	03	00	E1	00	00	260.0	1	0	2	0																						
2	ppu_public	91	14149784	17	257	128.5	stat_sample	0	00	00	E1	00	00	128.5	1	0	2	0																						
2	ppu_public	91	14150184	18	0	0.0	stat_sample	2	00	00	E1	00	00	0.0	1	0	2	0																						
2	ppu_public	91	14150184	18	2	1.0	mode2_irq_prepare	0	00	00	E1	00	00	1.0	1	0	2	0																						
2	ppu_public	91	14150192	18	0	0.0	stat_sample	2	02	00	E1	00	00	0.0	1	0	2	0																						
2	ppu_public	91	14150190	18	8	4.0	mode2_enter	2	02	00	E1	00	00	4.0	1	0	2	0																						
2	ppu_public	91	14150192	18	0	0.0	stat_sample	3	02	00	E1	00	00	0.0	1	0	2	0																						
2	ppu_public	91	14150358	18	176	88.0	mode3_enter	3	02	00	E1	00	00	88.0	1	0	2	0																						
2	ppu_public	91	14150352	18	84	42.0	stat_sample	3	03	00	E1	00	00	42.0	1	0	2	0																						
2	ppu_public	91	14150702	18	520	260.0	mode0_enter	0	03	00	E1	00	00	260.0	1	0	2	0																						
2	ppu_public	91	14150696	18	257	128.5	stat_sample	0	00	00	E1	00	00	128.5	1	0	2	0																						
2	ppu_public	91	14151096	19	0	0.0	stat_sample	2	00	00	E1	00	00	0.0	1	0	2	0																						
2	ppu_public	91	14151096	19	2	1.0	mode2_irq_prepare	0	00	00	E1	00	00	1.0	1	0	2	0																						
2	ppu_public	91	14151112	19	0	0.0	stat_sample	2	02	00	E1	00	00	0.0	1	0	2	0																						
2	ppu_public	91	14151102	19	8	4.0	mode2_enter	2	02	00	E1	00	00	4.0	1	0	2	0																						
2	ppu_public	91	14151112	19	0	0.0	stat_sample	3	02	00	E1	00	00	0.0	1	0	2	0																						
2	ppu_public	91	14151270	19	176	88.0	mode3_enter	3	02	00	E1	00	00	88.0	1	0	2	0																						
2	ppu_public	91	14151264	19	84	42.0	stat_sample	3	03	00	E1	00	00	42.0	1	0	2	0																						
2	ppu_public	91	14151614	19	520	260.0	mode0_enter	0	03	00	E1	00	00	260.0	1	0	2	0																						
2	ppu_public	91	14151608	19	257	128.5	stat_sample	0	00	00	E1	00	00	128.5	1	0	2	0																						
2	ppu_public	91	14152008	20	0	0.0	stat_sample	2	00	00	E1	00	00	0.0	1	0	2	0																						
2	ppu_public	91	14152008	20	2	1.0	mode2_irq_prepare	0	00	00	E1	00	00	1.0	1	0	2	0																						
2	ppu_public	91	14152016	20	0	0.0	stat_sample	2	02	00	E1	00	00	0.0	1	0	2	0																						
2	ppu_public	91	14152014	20	8	4.0	mode2_enter	2	02	00	E1	00	00	4.0	1	0	2	0																						
2	ppu_public	91	14152016	20	0	0.0	stat_sample	3	02	00	E1	00	00	0.0	1	0	2	0																						
2	ppu_public	91	14152182	20	176	88.0	mode3_enter	3	02	00	E1	00	00	88.0	1	0	2	0																						
2	ppu_public	91	14152176	20	84	42.0	stat_sample	3	03	00	E1	00	00	42.0	1	0	2	0																						
2	ppu_public	91	14152526	20	520	260.0	mode0_enter	0	03	00	E1	00	00	260.0	1	0	2	0																						
2	ppu_public	91	14152520	20	257	128.5	stat_sample	0	00	00	E1	00	00	128.5	1	0	2	0																						
2	ppu_public	91	14152920	21	0	0.0	stat_sample	2	00	00	E1	00	00	0.0	1	0	2	0																						
2	ppu_public	91	14152920	21	2	1.0	mode2_irq_prepare	0	00	00	E1	00	00	1.0	1	0	2	0																						
2	ppu_public	91	14152928	21	0	0.0	stat_sample	2	02	00	E1	00	00	0.0	1	0	2	0																						
2	ppu_public	91	14152926	21	8	4.0	mode2_enter	2	02	00	E1	00	00	4.0	1	0	2	0																						
2	ppu_public	91	14152928	21	0	0.0	stat_sample	3	02	00	E1	00	00	0.0	1	0	2	0																						
2	ppu_public	91	14153094	21	176	88.0	mode3_enter	3	02	00	E1	00	00	88.0	1	0	2	0																						
2	ppu_public	91	14153088	21	84	42.0	stat_sample	3	03	00	E1	00	00	42.0	1	0	2	0																						
2	ppu_public	91	14153438	21	520	260.0	mode0_enter	0	03	00	E1	00	00	260.0	1	0	2	0																						
2	ppu_public	91	14153432	21	257	128.5	stat_sample	0	00	00	E1	00	00	128.5	1	0	2	0																						
2	ppu_public	91	14153832	22	0	0.0	stat_sample	2	00	00	E1	00	00	0.0	1	0	2	0																						
2	ppu_public	91	14153832	22	2	1.0	mode2_irq_prepare	0	00	00	E1	00	00	1.0	1	0	2	0																						
2	ppu_public	91	14153840	22	0	0.0	stat_sample	2	02	00	E1	00	00	0.0	1	0	2	0																						
2	ppu_public	91	14153838	22	8	4.0	mode2_enter	2	02	00	E1	00	00	4.0	1	0	2	0																						
2	ppu_public	91	14153840	22	0	0.0	stat_sample	3	02	00	E1	00	00	0.0	1	0	2	0																						
2	ppu_public	91	14154006	22	176	88.0	mode3_enter	3	02	00	E1	00	00	88.0	1	0	2	0																						
2	ppu_public	91	14154000	22	84	42.0	stat_sample	3	03	00	E1	00	00	42.0	1	0	2	0																						
2	ppu_public	91	14154350	22	520	260.0	mode0_enter	0	03	00	E1	00	00	260.0	1	0	2	0																						
2	ppu_public	91	14154344	22	257	128.5	stat_sample	0	00	00	E1	00	00	128.5	1	0	2	0																						
2	ppu_public	91	14154752	23	0	0.0	stat_sample	2	00	00	E1	00	00	0.0	1	0	2	0																						
2	ppu_public	91	14154752	23	2	1.0	mode2_irq_prepare	0	00	00	E1	00	00	1.0	1	0	2	0																						
2	ppu_public	91	14154752	23	0	0.0	stat_sample	2	02	00	E1	00	00	0.0	1	0	2	0																						
2	ppu_public	91	14154758	23	8	4.0	mode2_enter	2	02	00	E1	00	00	4.0	1	0	2	0																						
2	ppu_public	91	14154752	23	0	0.0	stat_sample	3	02	00	E1	00	00	0.0	1	0	2	0																						
2	ppu_public	91	14154926	23	176	88.0	mode3_enter	3	02	00	E1	00	00	88.0	1	0	2	0																						
2	ppu_public	91	14154912	23	84	42.0	stat_sample	3	03	00	E1	00	00	42.0	1	0	2	0																						
2	ppu_public	91	14155270	23	520	260.0	mode0_enter	0	03	00	E1	00	00	260.0	1	0	2	0																						
2	ppu_public	91	14155256	23	257	128.5	stat_sample	0	00	00	E1	00	00	128.5	1	0	2	0																						
2	ppu_public	91	14155656	24	0	0.0	stat_sample	2	00	00	E1	00	00	0.0	1	0	2	0																						
2	ppu_public	91	14155656	24	2	1.0	mode2_irq_prepare	0	00	00	E1	00	00	1.0	1	0	2	0																						
2	ppu_public	91	14155664	24	0	0.0	stat_sample	2	02	00	E1	00	00	0.0	1	0	2	0																						
2	ppu_public	91	14155662	24	8	4.0	mode2_enter	2	02	00	E1	00	00	4.0	1	0	2	0																						
2	ppu_public	91	14155664	24	0	0.0	stat_sample	3	02	00	E1	00	00	0.0	1	0	2	0																						
2	ppu_public	91	14155830	24	176	88.0	mode3_enter	3	02	00	E1	00	00	88.0	1	0	2	0																						
2	ppu_public	91	14155824	24	84	42.0	stat_sample	3	03	00	E1	00	00	42.0	1	0	2	0																						
2	ppu_public	91	14156174	24	520	260.0	mode0_enter	0	03	00	E1	00	00	260.0	1	0	2	0																						
2	ppu_public	91	14156168	24	257	128.5	stat_sample	0	00	00	E1	00	00	128.5	1	0	2	0																						
2	ppu_public	91	14156568	25	0	0.0	stat_sample	2	00	00	E1	00	00	0.0	1	0	2	0																						
2	ppu_public	91	14156568	25	2	1.0	mode2_irq_prepare	0	00	00	E1	00	00	1.0	1	0	2	0																						
2	ppu_public	91	14156576	25	0	0.0	stat_sample	2	02	00	E1	00	00	0.0	1	0	2	0																						
2	ppu_public	91	14156574	25	8	4.0	mode2_enter	2	02	00	E1	00	00	4.0	1	0	2	0																						
2	ppu_public	91	14156576	25	0	0.0	stat_sample	3	02	00	E1	00	00	0.0	1	0	2	0																						
2	ppu_public	91	14156742	25	176	88.0	mode3_enter	3	02	00	E1	00	00	88.0	1	0	2	0																						
2	ppu_public	91	14156736	25	84	42.0	stat_sample	3	03	00	E1	00	00	42.0	1	0	2	0																						
2	ppu_public	91	14157086	25	520	260.0	mode0_enter	0	03	00	E1	00	00	260.0	1	0	2	0																						
2	ppu_public	91	14157080	25	257	128.5	stat_sample	0	00	00	E1	00	00	128.5	1	0	2	0																						
2	ppu_public	91	14157480	26	0	0.0	stat_sample	2	00	00	E1	00	00	0.0	1	0	2	0																						
2	ppu_public	91	14157480	26	2	1.0	mode2_irq_prepare	0	00	00	E1	00	00	1.0	1	0	2	0																						
2	ppu_public	91	14157488	26	0	0.0	stat_sample	2	02	00	E1	00	00	0.0	1	0	2	0																						
2	ppu_public	91	14157486	26	8	4.0	mode2_enter	2	02	00	E1	00	00	4.0	1	0	2	0																						
2	ppu_public	91	14157488	26	0	0.0	stat_sample	3	02	00	E1	00	00	0.0	1	0	2	0																						
2	ppu_public	91	14157654	26	176	88.0	mode3_enter	3	02	00	E1	00	00	88.0	1	0	2	0																						
2	ppu_public	91	14157648	26	84	42.0	stat_sample	3	03	00	E1	00	00	42.0	1	0	2	0																						
2	ppu_public	91	14157998	26	520	260.0	mode0_enter	0	03	00	E1	00	00	260.0	1	0	2	0																						
2	ppu_public	91	14157992	26	257	128.5	stat_sample	0	00	00	E1	00	00	128.5	1	0	2	0																						
2	ppu_public	91	14158392	27	0	0.0	stat_sample	2	00	00	E1	00	00	0.0	1	0	2	0																						
2	ppu_public	91	14158392	27	2	1.0	mode2_irq_prepare	0	00	00	E1	00	00	1.0	1	0	2	0																						
2	ppu_public	91	14158400	27	0	0.0	stat_sample	2	02	00	E1	00	00	0.0	1	0	2	0																						
2	ppu_public	91	14158398	27	8	4.0	mode2_enter	2	02	00	E1	00	00	4.0	1	0	2	0																						
2	ppu_public	91	14158400	27	0	0.0	stat_sample	3	02	00	E1	00	00	0.0	1	0	2	0																						
2	ppu_public	91	14158566	27	176	88.0	mode3_enter	3	02	00	E1	00	00	88.0	1	0	2	0																						
2	ppu_public	91	14158560	27	84	42.0	stat_sample	3	03	00	E1	00	00	42.0	1	0	2	0																						
2	ppu_public	91	14158910	27	520	260.0	mode0_enter	0	03	00	E1	00	00	260.0	1	0	2	0																						
2	ppu_public	91	14158912	27	257	128.5	stat_sample	0	00	00	E1	00	00	128.5	1	0	2	0																						
2	ppu_public	91	14159304	28	0	0.0	stat_sample	2	00	00	E1	00	00	0.0	1	0	2	0																						
2	ppu_public	91	14159304	28	2	1.0	mode2_irq_prepare	0	00	00	E1	00	00	1.0	1	0	2	0																						
2	ppu_public	91	14159312	28	0	0.0	stat_sample	2	02	00	E1	00	00	0.0	1	0	2	0																						
2	ppu_public	91	14159310	28	8	4.0	mode2_enter	2	02	00	E1	00	00	4.0	1	0	2	0																						
2	ppu_public	91	14159312	28	0	0.0	stat_sample	3	02	00	E1	00	00	0.0	1	0	2	0																						
2	ppu_public	91	14159478	28	176	88.0	mode3_enter	3	02	00	E1	00	00	88.0	1	0	2	0																						
2	ppu_public	91	14159472	28	84	42.0	stat_sample	3	03	00	E1	00	00	42.0	1	0	2	0																						
2	ppu_public	91	14159822	28	520	260.0	mode0_enter	0	03	00	E1	00	00	260.0	1	0	2	0																						
2	ppu_public	91	14159816	28	257	128.5	stat_sample	0	00	00	E1	00	00	128.5	1	0	2	0																						
2	ppu_public	91	14160216	29	0	0.0	stat_sample	2	00	00	E1	00	00	0.0	1	0	2	0																						
2	ppu_public	91	14160216	29	2	1.0	mode2_irq_prepare	0	00	00	E1	00	00	1.0	1	0	2	0																						
2	ppu_public	91	14160224	29	0	0.0	stat_sample	2	02	00	E1	00	00	0.0	1	0	2	0																						
2	ppu_public	91	14160222	29	8	4.0	mode2_enter	2	02	00	E1	00	00	4.0	1	0	2	0																						
2	ppu_public	91	14160224	29	0	0.0	stat_sample	3	02	00	E1	00	00	0.0	1	0	2	0																						
2	ppu_public	91	14160390	29	176	88.0	mode3_enter	3	02	00	E1	00	00	88.0	1	0	2	0																						
2	ppu_public	91	14160384	29	84	42.0	stat_sample	3	03	00	E1	00	00	42.0	1	0	2	0																						
2	ppu_public	91	14160734	29	520	260.0	mode0_enter	0	03	00	E1	00	00	260.0	1	0	2	0																						
2	ppu_public	91	14160728	29	257	128.5	stat_sample	0	00	00	E1	00	00	128.5	1	0	2	0																						
2	ppu_public	91	14161128	30	0	0.0	stat_sample	2	00	00	E1	00	00	0.0	1	0	2	0																						
2	ppu_public	91	14161128	30	2	1.0	mode2_irq_prepare	0	00	00	E1	00	00	1.0	1	0	2	0																						
2	ppu_public	91	14161136	30	0	0.0	stat_sample	2	02	00	E1	00	00	0.0	1	0	2	0																						
2	ppu_public	91	14161134	30	8	4.0	mode2_enter	2	02	00	E1	00	00	4.0	1	0	2	0																						
2	ppu_public	91	14161136	30	0	0.0	stat_sample	3	02	00	E1	00	00	0.0	1	0	2	0																						
2	ppu_public	91	14161302	30	176	88.0	mode3_enter	3	02	00	E1	00	00	88.0	1	0	2	0																						
2	ppu_public	91	14161304	30	84	42.0	stat_sample	3	03	00	E1	00	00	42.0	1	0	2	0																						
2	ppu_public	91	14161646	30	520	260.0	mode0_enter	0	03	00	E1	00	00	260.0	1	0	2	0																						
2	ppu_public	91	14161640	30	257	128.5	stat_sample	0	00	00	E1	00	00	128.5	1	0	2	0																						
2	ppu_public	91	14162040	31	0	0.0	stat_sample	2	00	00	E1	00	00	0.0	1	0	2	0																						
2	ppu_public	91	14162040	31	2	1.0	mode2_irq_prepare	0	00	00	E1	00	00	1.0	1	0	2	0																						
2	ppu_public	91	14162048	31	0	0.0	stat_sample	2	02	00	E1	00	00	0.0	1	0	2	0																						
2	ppu_public	91	14162046	31	8	4.0	mode2_enter	2	02	00	E1	00	00	4.0	1	0	2	0																						
2	ppu_public	91	14162048	31	0	0.0	stat_sample	3	02	00	E1	00	00	0.0	1	0	2	0																						
2	ppu_public	91	14162214	31	176	88.0	mode3_enter	3	02	00	E1	00	00	88.0	1	0	2	0																						
2	ppu_public	91	14162208	31	84	42.0	stat_sample	3	03	00	E1	00	00	42.0	1	0	2	0																						
2	ppu_public	91	14162558	31	520	260.0	mode0_enter	0	03	00	E1	00	00	260.0	1	0	2	0																						
2	ppu_public	91	14162552	31	257	128.5	stat_sample	0	00	00	E1	00	00	128.5	1	0	2	0																						
2	ppu_public	91	14162952	32	0	0.0	stat_sample	2	00	00	E1	00	00	0.0	1	0	2	0																						
2	ppu_public	91	14162952	32	2	1.0	mode2_irq_prepare	0	00	00	E1	00	00	1.0	1	0	2	0																						
2	ppu_public	91	14162968	32	0	0.0	stat_sample	2	02	00	E1	00	00	0.0	1	0	2	0																						
2	ppu_public	91	14162958	32	8	4.0	mode2_enter	2	02	00	E1	00	00	4.0	1	0	2	0																						
2	ppu_public	91	14162968	32	0	0.0	stat_sample	3	02	00	E1	00	00	0.0	1	0	2	0																						
2	ppu_public	91	14163126	32	176	88.0	mode3_enter	3	02	00	E1	00	00	88.0	1	0	2	0																						
2	ppu_public	91	14163120	32	84	42.0	stat_sample	3	03	00	E1	00	00	42.0	1	0	2	0																						
2	ppu_public	91	14163470	32	520	260.0	mode0_enter	0	03	00	E1	00	00	260.0	1	0	2	0																						
2	ppu_public	91	14163464	32	257	128.5	stat_sample	0	00	00	E1	00	00	128.5	1	0	2	0																						
2	ppu_public	91	14163864	33	0	0.0	stat_sample	2	00	00	E1	00	00	0.0	1	0	2	0																						
2	ppu_public	91	14163864	33	2	1.0	mode2_irq_prepare	0	00	00	E1	00	00	1.0	1	0	2	0																						
2	ppu_public	91	14163872	33	0	0.0	stat_sample	2	02	00	E1	00	00	0.0	1	0	2	0																						
2	ppu_public	91	14163870	33	8	4.0	mode2_enter	2	02	00	E1	00	00	4.0	1	0	2	0																						
2	ppu_public	91	14163872	33	0	0.0	stat_sample	3	02	00	E1	00	00	0.0	1	0	2	0																						
2	ppu_public	91	14164038	33	176	88.0	mode3_enter	3	02	00	E1	00	00	88.0	1	0	2	0																						
2	ppu_public	91	14164032	33	84	42.0	stat_sample	3	03	00	E1	00	00	42.0	1	0	2	0																						
2	ppu_public	91	14164382	33	520	260.0	mode0_enter	0	03	00	E1	00	00	260.0	1	0	2	0																						
2	ppu_public	91	14164376	33	257	128.5	stat_sample	0	00	00	E1	00	00	128.5	1	0	2	0																						
2	ppu_public	91	14164776	34	0	0.0	stat_sample	2	00	00	E1	00	00	0.0	1	0	2	0																						
2	ppu_public	91	14164776	34	2	1.0	mode2_irq_prepare	0	00	00	E1	00	00	1.0	1	0	2	0																						
2	ppu_public	91	14164784	34	0	0.0	stat_sample	2	02	00	E1	00	00	0.0	1	0	2	0																						
2	ppu_public	91	14164782	34	8	4.0	mode2_enter	2	02	00	E1	00	00	4.0	1	0	2	0																						
2	ppu_public	91	14164784	34	0	0.0	stat_sample	3	02	00	E1	00	00	0.0	1	0	2	0																						
2	ppu_public	91	14164950	34	176	88.0	mode3_enter	3	02	00	E1	00	00	88.0	1	0	2	0																						
2	ppu_public	91	14164944	34	84	42.0	stat_sample	3	03	00	E1	00	00	42.0	1	0	2	0																						
2	ppu_public	91	14165294	34	520	260.0	mode0_enter	0	03	00	E1	00	00	260.0	1	0	2	0																						
2	ppu_public	91	14165288	34	257	128.5	stat_sample	0	00	00	E1	00	00	128.5	1	0	2	0																						
2	ppu_public	91	14165688	35	0	0.0	stat_sample	2	00	00	E1	00	00	0.0	1	0	2	0																						
2	ppu_public	91	14165688	35	2	1.0	mode2_irq_prepare	0	00	00	E1	00	00	1.0	1	0	2	0																						
2	ppu_public	91	14165696	35	0	0.0	stat_sample	2	02	00	E1	00	00	0.0	1	0	2	0																						
2	ppu_public	91	14165694	35	8	4.0	mode2_enter	2	02	00	E1	00	00	4.0	1	0	2	0																						
2	ppu_public	91	14165696	35	0	0.0	stat_sample	3	02	00	E1	00	00	0.0	1	0	2	0																						
2	ppu_public	91	14165862	35	176	88.0	mode3_enter	3	02	00	E1	00	00	88.0	1	0	2	0																						
2	ppu_public	91	14165856	35	84	42.0	stat_sample	3	03	00	E1	00	00	42.0	1	0	2	0																						
2	ppu_public	91	14166206	35	520	260.0	mode0_enter	0	03	00	E1	00	00	260.0	1	0	2	0																						
2	ppu_public	91	14166200	35	257	128.5	stat_sample	0	00	00	E1	00	00	128.5	1	0	2	0																						
2	ppu_public	91	14166608	36	0	0.0	stat_sample	2	00	00	E1	00	00	0.0	1	0	2	0																						
2	ppu_public	91	14166608	36	2	1.0	mode2_irq_prepare	0	00	00	E1	00	00	1.0	1	0	2	0																						
2	ppu_public	91	14166608	36	0	0.0	stat_sample	2	02	00	E1	00	00	0.0	1	0	2	0																						
2	ppu_public	91	14166614	36	8	4.0	mode2_enter	2	02	00	E1	00	00	4.0	1	0	2	0																						
2	ppu_public	91	14166608	36	0	0.0	stat_sample	3	02	00	E1	00	00	0.0	1	0	2	0																						
2	ppu_public	91	14166782	36	176	88.0	mode3_enter	3	02	00	E1	00	00	88.0	1	0	2	0																						
2	ppu_public	91	14166768	36	84	42.0	stat_sample	3	03	00	E1	00	00	42.0	1	0	2	0																						
2	ppu_public	91	14167126	36	520	260.0	mode0_enter	0	03	00	E1	00	00	260.0	1	0	2	0																						
2	ppu_public	91	14167112	36	257	128.5	stat_sample	0	00	00	E1	00	00	128.5	1	0	2	0																						
2	ppu_public	91	14167512	37	0	0.0	stat_sample	2	00	00	E1	00	00	0.0	1	0	2	0																						
2	ppu_public	91	14167512	37	2	1.0	mode2_irq_prepare	0	00	00	E1	00	00	1.0	1	0	2	0																						
2	ppu_public	91	14167520	37	0	0.0	stat_sample	2	02	00	E1	00	00	0.0	1	0	2	0																						
2	ppu_public	91	14167518	37	8	4.0	mode2_enter	2	02	00	E1	00	00	4.0	1	0	2	0																						
2	ppu_public	91	14167520	37	0	0.0	stat_sample	3	02	00	E1	00	00	0.0	1	0	2	0																						
2	ppu_public	91	14167686	37	176	88.0	mode3_enter	3	02	00	E1	00	00	88.0	1	0	2	0																						
2	ppu_public	91	14167680	37	84	42.0	stat_sample	3	03	00	E1	00	00	42.0	1	0	2	0																						
2	ppu_public	91	14168030	37	520	260.0	mode0_enter	0	03	00	E1	00	00	260.0	1	0	2	0																						
2	ppu_public	91	14168024	37	257	128.5	stat_sample	0	00	00	E1	00	00	128.5	1	0	2	0																						
2	ppu_public	91	14168424	38	0	0.0	stat_sample	2	00	00	E1	00	00	0.0	1	0	2	0																						
2	ppu_public	91	14168424	38	2	1.0	mode2_irq_prepare	0	00	00	E1	00	00	1.0	1	0	2	0																						
2	ppu_public	91	14168432	38	0	0.0	stat_sample	2	02	00	E1	00	00	0.0	1	0	2	0																						
2	ppu_public	91	14168430	38	8	4.0	mode2_enter	2	02	00	E1	00	00	4.0	1	0	2	0																						
2	ppu_public	91	14168432	38	0	0.0	stat_sample	3	02	00	E1	00	00	0.0	1	0	2	0																						
2	ppu_public	91	14168598	38	176	88.0	mode3_enter	3	02	00	E1	00	00	88.0	1	0	2	0																						
2	ppu_public	91	14168592	38	84	42.0	stat_sample	3	03	00	E1	00	00	42.0	1	0	2	0																						
2	ppu_public	91	14168942	38	520	260.0	mode0_enter	0	03	00	E1	00	00	260.0	1	0	2	0																						
2	ppu_public	91	14168936	38	257	128.5	stat_sample	0	00	00	E1	00	00	128.5	1	0	2	0																						
2	ppu_public	91	14169336	39	0	0.0	stat_sample	2	00	00	E1	00	00	0.0	1	0	2	0																						
2	ppu_public	91	14169336	39	2	1.0	mode2_irq_prepare	0	00	00	E1	00	00	1.0	1	0	2	0																						
2	ppu_public	91	14169344	39	0	0.0	stat_sample	2	02	00	E1	00	00	0.0	1	0	2	0																						
2	ppu_public	91	14169342	39	8	4.0	mode2_enter	2	02	00	E1	00	00	4.0	1	0	2	0																						
2	ppu_public	91	14169344	39	0	0.0	stat_sample	3	02	00	E1	00	00	0.0	1	0	2	0																						
2	ppu_public	91	14169510	39	176	88.0	mode3_enter	3	02	00	E1	00	00	88.0	1	0	2	0																						
2	ppu_public	91	14169504	39	84	42.0	stat_sample	3	03	00	E1	00	00	42.0	1	0	2	0																						
2	ppu_public	91	14169854	39	520	260.0	mode0_enter	0	03	00	E1	00	00	260.0	1	0	2	0																						
2	ppu_public	91	14169848	39	257	128.5	stat_sample	0	00	00	E1	00	00	128.5	1	0	2	0																						
2	ppu_public	91	14170248	40	0	0.0	stat_sample	2	00	00	E1	00	00	0.0	1	0	2	0																						
2	ppu_public	91	14170248	40	2	1.0	mode2_irq_prepare	0	00	00	E1	00	00	1.0	1	0	2	0																						
2	ppu_public	91	14170256	40	0	0.0	stat_sample	2	02	00	E1	00	00	0.0	1	0	2	0																						
2	ppu_public	91	14170254	40	8	4.0	mode2_enter	2	02	00	E1	00	00	4.0	1	0	2	0																						
2	ppu_public	91	14170256	40	0	0.0	stat_sample	3	02	00	E1	00	00	0.0	1	0	2	0																						
2	ppu_public	91	14170422	40	176	88.0	mode3_enter	3	02	00	E1	00	00	88.0	1	0	2	0																						
2	ppu_public	91	14170416	40	84	42.0	stat_sample	3	03	00	E1	00	00	42.0	1	0	2	0																						
2	ppu_public	91	14170766	40	520	260.0	mode0_enter	0	03	00	E1	00	00	260.0	1	0	2	0																						
2	ppu_public	91	14170768	40	257	128.5	stat_sample	0	00	00	E1	00	00	128.5	1	0	2	0																						
2	ppu_public	91	14171160	41	0	0.0	stat_sample	2	00	00	E1	00	00	0.0	1	0	2	0																						
2	ppu_public	91	14171160	41	2	1.0	mode2_irq_prepare	0	00	00	E1	00	00	1.0	1	0	2	0																						
2	ppu_public	91	14171168	41	0	0.0	stat_sample	2	02	00	E1	00	00	0.0	1	0	2	0																						
2	ppu_public	91	14171166	41	8	4.0	mode2_enter	2	02	00	E1	00	00	4.0	1	0	2	0																						
2	ppu_public	91	14171168	41	0	0.0	stat_sample	3	02	00	E1	00	00	0.0	1	0	2	0																						
2	ppu_public	91	14171334	41	176	88.0	mode3_enter	3	02	00	E1	00	00	88.0	1	0	2	0																						
2	ppu_public	91	14171328	41	84	42.0	stat_sample	3	03	00	E1	00	00	42.0	1	0	2	0																						
2	ppu_public	91	14171678	41	520	260.0	mode0_enter	0	03	00	E1	00	00	260.0	1	0	2	0																						
2	ppu_public	91	14171672	41	257	128.5	stat_sample	0	00	00	E1	00	00	128.5	1	0	2	0																						
2	ppu_public	91	14172072	42	0	0.0	stat_sample	2	00	00	E1	00	00	0.0	1	0	2	0																						
2	ppu_public	91	14172072	42	2	1.0	mode2_irq_prepare	0	00	00	E1	00	00	1.0	1	0	2	0																						
2	ppu_public	91	14172080	42	0	0.0	stat_sample	2	02	00	E1	00	00	0.0	1	0	2	0																						
2	ppu_public	91	14172078	42	8	4.0	mode2_enter	2	02	00	E1	00	00	4.0	1	0	2	0																						
2	ppu_public	91	14172080	42	0	0.0	stat_sample	3	02	00	E1	00	00	0.0	1	0	2	0																						
2	ppu_public	91	14172246	42	176	88.0	mode3_enter	3	02	00	E1	00	00	88.0	1	0	2	0																						
2	ppu_public	91	14172240	42	84	42.0	stat_sample	3	03	00	E1	00	00	42.0	1	0	2	0																						
2	ppu_public	91	14172590	42	520	260.0	mode0_enter	0	03	00	E1	00	00	260.0	1	0	2	0																						
2	ppu_public	91	14172584	42	257	128.5	stat_sample	0	00	00	E1	00	00	128.5	1	0	2	0																						
2	ppu_public	91	14172984	43	0	0.0	stat_sample	2	00	00	E1	00	00	0.0	1	0	2	0																						
2	ppu_public	91	14172984	43	2	1.0	mode2_irq_prepare	0	00	00	E1	00	00	1.0	1	0	2	0																						
2	ppu_public	91	14172992	43	0	0.0	stat_sample	2	02	00	E1	00	00	0.0	1	0	2	0																						
2	ppu_public	91	14172990	43	8	4.0	mode2_enter	2	02	00	E1	00	00	4.0	1	0	2	0																						
2	ppu_public	91	14172992	43	0	0.0	stat_sample	3	02	00	E1	00	00	0.0	1	0	2	0																						
2	ppu_public	91	14173158	43	176	88.0	mode3_enter	3	02	00	E1	00	00	88.0	1	0	2	0																						
2	ppu_public	91	14173160	43	84	42.0	stat_sample	3	03	00	E1	00	00	42.0	1	0	2	0																						
2	ppu_public	91	14173502	43	520	260.0	mode0_enter	0	03	00	E1	00	00	260.0	1	0	2	0																						
2	ppu_public	91	14173496	43	257	128.5	stat_sample	0	00	00	E1	00	00	128.5	1	0	2	0																						
2	ppu_public	91	14173896	44	0	0.0	stat_sample	2	00	00	E1	00	00	0.0	1	0	2	0																						
2	ppu_public	91	14173896	44	2	1.0	mode2_irq_prepare	0	00	00	E1	00	00	1.0	1	0	2	0																						
2	ppu_public	91	14173904	44	0	0.0	stat_sample	2	02	00	E1	00	00	0.0	1	0	2	0																						
2	ppu_public	91	14173902	44	8	4.0	mode2_enter	2	02	00	E1	00	00	4.0	1	0	2	0																						
2	ppu_public	91	14173904	44	0	0.0	stat_sample	3	02	00	E1	00	00	0.0	1	0	2	0																						
2	ppu_public	91	14174070	44	176	88.0	mode3_enter	3	02	00	E1	00	00	88.0	1	0	2	0																						
2	ppu_public	91	14174064	44	84	42.0	stat_sample	3	03	00	E1	00	00	42.0	1	0	2	0																						
2	ppu_public	91	14174414	44	520	260.0	mode0_enter	0	03	00	E1	00	00	260.0	1	0	2	0																						
2	ppu_public	91	14174408	44	257	128.5	stat_sample	0	00	00	E1	00	00	128.5	1	0	2	0																						
2	ppu_public	91	14174808	45	0	0.0	stat_sample	2	00	00	E1	00	00	0.0	1	0	2	0																						
2	ppu_public	91	14174808	45	2	1.0	mode2_irq_prepare	0	00	00	E1	00	00	1.0	1	0	2	0																						
2	ppu_public	91	14174824	45	0	0.0	stat_sample	2	02	00	E1	00	00	0.0	1	0	2	0																						
2	ppu_public	91	14174814	45	8	4.0	mode2_enter	2	02	00	E1	00	00	4.0	1	0	2	0																						
2	ppu_public	91	14174824	45	0	0.0	stat_sample	3	02	00	E1	00	00	0.0	1	0	2	0																						
2	ppu_public	91	14174982	45	176	88.0	mode3_enter	3	02	00	E1	00	00	88.0	1	0	2	0																						
2	ppu_public	91	14174976	45	84	42.0	stat_sample	3	03	00	E1	00	00	42.0	1	0	2	0																						
2	ppu_public	91	14175326	45	520	260.0	mode0_enter	0	03	00	E1	00	00	260.0	1	0	2	0																						
2	ppu_public	91	14175320	45	257	128.5	stat_sample	0	00	00	E1	00	00	128.5	1	0	2	0																						
2	ppu_public	91	14175720	46	0	0.0	stat_sample	2	00	00	E1	00	00	0.0	1	0	2	0																						
2	ppu_public	91	14175720	46	2	1.0	mode2_irq_prepare	0	00	00	E1	00	00	1.0	1	0	2	0																						
2	ppu_public	91	14175728	46	0	0.0	stat_sample	2	02	00	E1	00	00	0.0	1	0	2	0																						
2	ppu_public	91	14175726	46	8	4.0	mode2_enter	2	02	00	E1	00	00	4.0	1	0	2	0																						
2	ppu_public	91	14175728	46	0	0.0	stat_sample	3	02	00	E1	00	00	0.0	1	0	2	0																						
2	ppu_public	91	14175894	46	176	88.0	mode3_enter	3	02	00	E1	00	00	88.0	1	0	2	0																						
2	ppu_public	91	14175888	46	84	42.0	stat_sample	3	03	00	E1	00	00	42.0	1	0	2	0																						
2	ppu_public	91	14176238	46	520	260.0	mode0_enter	0	03	00	E1	00	00	260.0	1	0	2	0																						
2	ppu_public	91	14176232	46	257	128.5	stat_sample	0	00	00	E1	00	00	128.5	1	0	2	0																						
2	ppu_public	91	14176632	47	0	0.0	stat_sample	2	00	00	E1	00	00	0.0	1	0	2	0																						
2	ppu_public	91	14176632	47	2	1.0	mode2_irq_prepare	0	00	00	E1	00	00	1.0	1	0	2	0																						
2	ppu_public	91	14176640	47	0	0.0	stat_sample	2	02	00	E1	00	00	0.0	1	0	2	0																						
2	ppu_public	91	14176638	47	8	4.0	mode2_enter	2	02	00	E1	00	00	4.0	1	0	2	0																						
2	ppu_public	91	14176640	47	0	0.0	stat_sample	3	02	00	E1	00	00	0.0	1	0	2	0																						
2	ppu_public	91	14176806	47	176	88.0	mode3_enter	3	02	00	E1	00	00	88.0	1	0	2	0																						
2	ppu_public	91	14176800	47	84	42.0	stat_sample	3	03	00	E1	00	00	42.0	1	0	2	0																						
2	ppu_public	91	14177150	47	520	260.0	mode0_enter	0	03	00	E1	00	00	260.0	1	0	2	0																						
2	ppu_public	91	14177144	47	257	128.5	stat_sample	0	00	00	E1	00	00	128.5	1	0	2	0																						
2	ppu_public	91	14177544	48	0	0.0	stat_sample	2	00	00	E1	00	00	0.0	1	0	2	0																						
2	ppu_public	91	14177544	48	2	1.0	mode2_irq_prepare	0	00	00	E1	00	00	1.0	1	0	2	0																						
2	ppu_public	91	14177552	48	0	0.0	stat_sample	2	02	00	E1	00	00	0.0	1	0	2	0																						
2	ppu_public	91	14177550	48	8	4.0	mode2_enter	2	02	00	E1	00	00	4.0	1	0	2	0																						
2	ppu_public	91	14177552	48	0	0.0	stat_sample	3	02	00	E1	00	00	0.0	1	0	2	0																						
2	ppu_public	91	14177718	48	176	88.0	mode3_enter	3	02	00	E1	00	00	88.0	1	0	2	0																						
2	ppu_public	91	14177712	48	84	42.0	stat_sample	3	03	00	E1	00	00	42.0	1	0	2	0																						
2	ppu_public	91	14178062	48	520	260.0	mode0_enter	0	03	00	E1	00	00	260.0	1	0	2	0																						
2	ppu_public	91	14178056	48	257	128.5	stat_sample	0	00	00	E1	00	00	128.5	1	0	2	0																						
2	ppu_public	91	14178464	49	0	0.0	stat_sample	2	00	00	E1	00	00	0.0	1	0	2	0																						
2	ppu_public	91	14178464	49	2	1.0	mode2_irq_prepare	0	00	00	E1	00	00	1.0	1	0	2	0																						
2	ppu_public	91	14178464	49	0	0.0	stat_sample	2	02	00	E1	00	00	0.0	1	0	2	0																						
2	ppu_public	91	14178470	49	8	4.0	mode2_enter	2	02	00	E1	00	00	4.0	1	0	2	0																						
2	ppu_public	91	14178464	49	0	0.0	stat_sample	3	02	00	E1	00	00	0.0	1	0	2	0																						
2	ppu_public	91	14178638	49	176	88.0	mode3_enter	3	02	00	E1	00	00	88.0	1	0	2	0																						
2	ppu_public	91	14178624	49	84	42.0	stat_sample	3	03	00	E1	00	00	42.0	1	0	2	0																						
2	ppu_public	91	14178982	49	520	260.0	mode0_enter	0	03	00	E1	00	00	260.0	1	0	2	0																						
2	ppu_public	91	14178968	49	257	128.5	stat_sample	0	00	00	E1	00	00	128.5	1	0	2	0																						
2	ppu_public	91	14179368	50	0	0.0	stat_sample	2	00	00	E1	00	00	0.0	1	0	2	0																						
2	ppu_public	91	14179368	50	2	1.0	mode2_irq_prepare	0	00	00	E1	00	00	1.0	1	0	2	0																						
2	ppu_public	91	14179376	50	0	0.0	stat_sample	2	02	00	E1	00	00	0.0	1	0	2	0																						
2	ppu_public	91	14179374	50	8	4.0	mode2_enter	2	02	00	E1	00	00	4.0	1	0	2	0																						
2	ppu_public	91	14179376	50	0	0.0	stat_sample	3	02	00	E1	00	00	0.0	1	0	2	0																						
2	ppu_public	91	14179542	50	176	88.0	mode3_enter	3	02	00	E1	00	00	88.0	1	0	2	0																						
2	ppu_public	91	14179536	50	84	42.0	stat_sample	3	03	00	E1	00	00	42.0	1	0	2	0																						
2	ppu_public	91	14179886	50	520	260.0	mode0_enter	0	03	00	E1	00	00	260.0	1	0	2	0																						
2	ppu_public	91	14179880	50	257	128.5	stat_sample	0	00	00	E1	00	00	128.5	1	0	2	0																						
2	ppu_public	91	14180280	51	0	0.0	stat_sample	2	00	00	E1	00	00	0.0	1	0	2	0																						
2	ppu_public	91	14180280	51	2	1.0	mode2_irq_prepare	0	00	00	E1	00	00	1.0	1	0	2	0																						
2	ppu_public	91	14180288	51	0	0.0	stat_sample	2	02	00	E1	00	00	0.0	1	0	2	0																						
2	ppu_public	91	14180286	51	8	4.0	mode2_enter	2	02	00	E1	00	00	4.0	1	0	2	0																						
2	ppu_public	91	14180288	51	0	0.0	stat_sample	3	02	00	E1	00	00	0.0	1	0	2	0																						
2	ppu_public	91	14180454	51	176	88.0	mode3_enter	3	02	00	E1	00	00	88.0	1	0	2	0																						
2	ppu_public	91	14180448	51	84	42.0	stat_sample	3	03	00	E1	00	00	42.0	1	0	2	0																						
2	ppu_public	91	14180798	51	520	260.0	mode0_enter	0	03	00	E1	00	00	260.0	1	0	2	0																						
2	ppu_public	91	14180792	51	257	128.5	stat_sample	0	00	00	E1	00	00	128.5	1	0	2	0																						
2	ppu_public	91	14181192	52	0	0.0	stat_sample	2	00	00	E1	00	00	0.0	1	0	2	0																						
2	ppu_public	91	14181192	52	2	1.0	mode2_irq_prepare	0	00	00	E1	00	00	1.0	1	0	2	0																						
2	ppu_public	91	14181200	52	0	0.0	stat_sample	2	02	00	E1	00	00	0.0	1	0	2	0																						
2	ppu_public	91	14181198	52	8	4.0	mode2_enter	2	02	00	E1	00	00	4.0	1	0	2	0																						
2	ppu_public	91	14181200	52	0	0.0	stat_sample	3	02	00	E1	00	00	0.0	1	0	2	0																						
2	ppu_public	91	14181366	52	176	88.0	mode3_enter	3	02	00	E1	00	00	88.0	1	0	2	0																						
2	ppu_public	91	14181360	52	84	42.0	stat_sample	3	03	00	E1	00	00	42.0	1	0	2	0																						
2	ppu_public	91	14181710	52	520	260.0	mode0_enter	0	03	00	E1	00	00	260.0	1	0	2	0																						
2	ppu_public	91	14181704	52	257	128.5	stat_sample	0	00	00	E1	00	00	128.5	1	0	2	0																						
2	ppu_public	91	14182104	53	0	0.0	stat_sample	2	00	00	E1	00	00	0.0	1	0	2	0																						
2	ppu_public	91	14182104	53	2	1.0	mode2_irq_prepare	0	00	00	E1	00	00	1.0	1	0	2	0																						
2	ppu_public	91	14182112	53	0	0.0	stat_sample	2	02	00	E1	00	00	0.0	1	0	2	0																						
2	ppu_public	91	14182110	53	8	4.0	mode2_enter	2	02	00	E1	00	00	4.0	1	0	2	0																						
2	ppu_public	91	14182112	53	0	0.0	stat_sample	3	02	00	E1	00	00	0.0	1	0	2	0																						
2	ppu_public	91	14182278	53	176	88.0	mode3_enter	3	02	00	E1	00	00	88.0	1	0	2	0																						
2	ppu_public	91	14182272	53	84	42.0	stat_sample	3	03	00	E1	00	00	42.0	1	0	2	0																						
2	ppu_public	91	14182622	53	520	260.0	mode0_enter	0	03	00	E1	00	00	260.0	1	0	2	0																						
2	ppu_public	91	14182624	53	257	128.5	stat_sample	0	00	00	E1	00	00	128.5	1	0	2	0																						
2	ppu_public	91	14183016	54	0	0.0	stat_sample	2	00	00	E1	00	00	0.0	1	0	2	0																						
2	ppu_public	91	14183016	54	2	1.0	mode2_irq_prepare	0	00	00	E1	00	00	1.0	1	0	2	0																						
2	ppu_public	91	14183024	54	0	0.0	stat_sample	2	02	00	E1	00	00	0.0	1	0	2	0																						
2	ppu_public	91	14183022	54	8	4.0	mode2_enter	2	02	00	E1	00	00	4.0	1	0	2	0																						
2	ppu_public	91	14183024	54	0	0.0	stat_sample	3	02	00	E1	00	00	0.0	1	0	2	0																						
2	ppu_public	91	14183190	54	176	88.0	mode3_enter	3	02	00	E1	00	00	88.0	1	0	2	0																						
2	ppu_public	91	14183184	54	84	42.0	stat_sample	3	03	00	E1	00	00	42.0	1	0	2	0																						
2	ppu_public	91	14183534	54	520	260.0	mode0_enter	0	03	00	E1	00	00	260.0	1	0	2	0																						
2	ppu_public	91	14183528	54	257	128.5	stat_sample	0	00	00	E1	00	00	128.5	1	0	2	0																						
2	ppu_public	91	14183928	55	0	0.0	stat_sample	2	00	00	E1	00	00	0.0	1	0	2	0																						
2	ppu_public	91	14183928	55	2	1.0	mode2_irq_prepare	0	00	00	E1	00	00	1.0	1	0	2	0																						
2	ppu_public	91	14183936	55	0	0.0	stat_sample	2	02	00	E1	00	00	0.0	1	0	2	0																						
2	ppu_public	91	14183934	55	8	4.0	mode2_enter	2	02	00	E1	00	00	4.0	1	0	2	0																						
2	ppu_public	91	14183936	55	0	0.0	stat_sample	3	02	00	E1	00	00	0.0	1	0	2	0																						
2	ppu_public	91	14184102	55	176	88.0	mode3_enter	3	02	00	E1	00	00	88.0	1	0	2	0																						
2	ppu_public	91	14184096	55	84	42.0	stat_sample	3	03	00	E1	00	00	42.0	1	0	2	0																						
2	ppu_public	91	14184446	55	520	260.0	mode0_enter	0	03	00	E1	00	00	260.0	1	0	2	0																						
2	ppu_public	91	14184440	55	257	128.5	stat_sample	0	00	00	E1	00	00	128.5	1	0	2	0																						
2	ppu_public	91	14184840	56	0	0.0	stat_sample	2	00	00	E1	00	00	0.0	1	0	2	0																						
2	ppu_public	91	14184840	56	2	1.0	mode2_irq_prepare	0	00	00	E1	00	00	1.0	1	0	2	0																						
2	ppu_public	91	14184848	56	0	0.0	stat_sample	2	02	00	E1	00	00	0.0	1	0	2	0																						
2	ppu_public	91	14184846	56	8	4.0	mode2_enter	2	02	00	E1	00	00	4.0	1	0	2	0																						
2	ppu_public	91	14184848	56	0	0.0	stat_sample	3	02	00	E1	00	00	0.0	1	0	2	0																						
2	ppu_public	91	14185014	56	176	88.0	mode3_enter	3	02	00	E1	00	00	88.0	1	0	2	0																						
2	ppu_public	91	14185016	56	84	42.0	stat_sample	3	03	00	E1	00	00	42.0	1	0	2	0																						
2	ppu_public	91	14185358	56	520	260.0	mode0_enter	0	03	00	E1	00	00	260.0	1	0	2	0																						
2	ppu_public	91	14185352	56	257	128.5	stat_sample	0	00	00	E1	00	00	128.5	1	0	2	0																						
2	ppu_public	91	14185752	57	0	0.0	stat_sample	2	00	00	E1	00	00	0.0	1	0	2	0																						
2	ppu_public	91	14185752	57	2	1.0	mode2_irq_prepare	0	00	00	E1	00	00	1.0	1	0	2	0																						
2	ppu_public	91	14185760	57	0	0.0	stat_sample	2	02	00	E1	00	00	0.0	1	0	2	0																						
2	ppu_public	91	14185758	57	8	4.0	mode2_enter	2	02	00	E1	00	00	4.0	1	0	2	0																						
2	ppu_public	91	14185760	57	0	0.0	stat_sample	3	02	00	E1	00	00	0.0	1	0	2	0																						
2	ppu_public	91	14185926	57	176	88.0	mode3_enter	3	02	00	E1	00	00	88.0	1	0	2	0																						
2	ppu_public	91	14185920	57	84	42.0	stat_sample	3	03	00	E1	00	00	42.0	1	0	2	0																						
2	ppu_public	91	14186270	57	520	260.0	mode0_enter	0	03	00	E1	00	00	260.0	1	0	2	0																						
2	ppu_public	91	14186264	57	257	128.5	stat_sample	0	00	00	E1	00	00	128.5	1	0	2	0																						
2	ppu_public	91	14186664	58	0	0.0	stat_sample	2	00	00	E1	00	00	0.0	1	0	2	0																						
2	ppu_public	91	14186664	58	2	1.0	mode2_irq_prepare	0	00	00	E1	00	00	1.0	1	0	2	0																						
2	ppu_public	91	14186680	58	0	0.0	stat_sample	2	02	00	E1	00	00	0.0	1	0	2	0																						
2	ppu_public	91	14186670	58	8	4.0	mode2_enter	2	02	00	E1	00	00	4.0	1	0	2	0																						
2	ppu_public	91	14186680	58	0	0.0	stat_sample	3	02	00	E1	00	00	0.0	1	0	2	0																						
2	ppu_public	91	14186838	58	176	88.0	mode3_enter	3	02	00	E1	00	00	88.0	1	0	2	0																						
2	ppu_public	91	14186832	58	84	42.0	stat_sample	3	03	00	E1	00	00	42.0	1	0	2	0																						
2	ppu_public	91	14187182	58	520	260.0	mode0_enter	0	03	00	E1	00	00	260.0	1	0	2	0																						
2	ppu_public	91	14187176	58	257	128.5	stat_sample	0	00	00	E1	00	00	128.5	1	0	2	0																						
2	ppu_public	91	14187576	59	0	0.0	stat_sample	2	00	00	E1	00	00	0.0	1	0	2	0																						
2	ppu_public	91	14187576	59	2	1.0	mode2_irq_prepare	0	00	00	E1	00	00	1.0	1	0	2	0																						
2	ppu_public	91	14187584	59	0	0.0	stat_sample	2	02	00	E1	00	00	0.0	1	0	2	0																						
2	ppu_public	91	14187582	59	8	4.0	mode2_enter	2	02	00	E1	00	00	4.0	1	0	2	0																						
2	ppu_public	91	14187584	59	0	0.0	stat_sample	3	02	00	E1	00	00	0.0	1	0	2	0																						
2	ppu_public	91	14187750	59	176	88.0	mode3_enter	3	02	00	E1	00	00	88.0	1	0	2	0																						
2	ppu_public	91	14187744	59	84	42.0	stat_sample	3	03	00	E1	00	00	42.0	1	0	2	0																						
2	ppu_public	91	14188094	59	520	260.0	mode0_enter	0	03	00	E1	00	00	260.0	1	0	2	0																						
2	ppu_public	91	14188088	59	257	128.5	stat_sample	0	00	00	E1	00	00	128.5	1	0	2	0																						
2	ppu_public	91	14188488	60	0	0.0	stat_sample	2	00	00	E1	00	00	0.0	1	0	2	0																						
2	ppu_public	91	14188488	60	2	1.0	mode2_irq_prepare	0	00	00	E1	00	00	1.0	1	0	2	0																						
2	ppu_public	91	14188496	60	0	0.0	stat_sample	2	02	00	E1	00	00	0.0	1	0	2	0																						
2	ppu_public	91	14188494	60	8	4.0	mode2_enter	2	02	00	E1	00	00	4.0	1	0	2	0																						
2	ppu_public	91	14188496	60	0	0.0	stat_sample	3	02	00	E1	00	00	0.0	1	0	2	0																						
2	ppu_public	91	14188662	60	176	88.0	mode3_enter	3	02	00	E1	00	00	88.0	1	0	2	0																						
2	ppu_public	91	14188656	60	84	42.0	stat_sample	3	03	00	E1	00	00	42.0	1	0	2	0																						
2	ppu_public	91	14189006	60	520	260.0	mode0_enter	0	03	00	E1	00	00	260.0	1	0	2	0																						
2	ppu_public	91	14189000	60	257	128.5	stat_sample	0	00	00	E1	00	00	128.5	1	0	2	0																						
2	ppu_public	91	14189400	61	0	0.0	stat_sample	2	00	00	E1	00	00	0.0	1	0	2	0																						
2	ppu_public	91	14189400	61	2	1.0	mode2_irq_prepare	0	00	00	E1	00	00	1.0	1	0	2	0																						
2	ppu_public	91	14189408	61	0	0.0	stat_sample	2	02	00	E1	00	00	0.0	1	0	2	0																						
2	ppu_public	91	14189406	61	8	4.0	mode2_enter	2	02	00	E1	00	00	4.0	1	0	2	0																						
2	ppu_public	91	14189408	61	0	0.0	stat_sample	3	02	00	E1	00	00	0.0	1	0	2	0																						
2	ppu_public	91	14189574	61	176	88.0	mode3_enter	3	02	00	E1	00	00	88.0	1	0	2	0																						
2	ppu_public	91	14189568	61	84	42.0	stat_sample	3	03	00	E1	00	00	42.0	1	0	2	0																						
2	ppu_public	91	14189918	61	520	260.0	mode0_enter	0	03	00	E1	00	00	260.0	1	0	2	0																						
2	ppu_public	91	14189912	61	257	128.5	stat_sample	0	00	00	E1	00	00	128.5	1	0	2	0																						
2	ppu_public	91	14190320	62	0	0.0	stat_sample	2	00	00	E1	00	00	0.0	1	0	2	0																						
2	ppu_public	91	14190320	62	2	1.0	mode2_irq_prepare	0	00	00	E1	00	00	1.0	1	0	2	0																						
2	ppu_public	91	14190320	62	0	0.0	stat_sample	2	02	00	E1	00	00	0.0	1	0	2	0																						
2	ppu_public	91	14190326	62	8	4.0	mode2_enter	2	02	00	E1	00	00	4.0	1	0	2	0																						
2	ppu_public	91	14190320	62	0	0.0	stat_sample	3	02	00	E1	00	00	0.0	1	0	2	0																						
2	ppu_public	91	14190494	62	176	88.0	mode3_enter	3	02	00	E1	00	00	88.0	1	0	2	0																						
2	ppu_public	91	14190480	62	84	42.0	stat_sample	3	03	00	E1	00	00	42.0	1	0	2	0																						
2	ppu_public	91	14190838	62	520	260.0	mode0_enter	0	03	00	E1	00	00	260.0	1	0	2	0																						
2	ppu_public	91	14190824	62	257	128.5	stat_sample	0	00	00	E1	00	00	128.5	1	0	2	0																						
2	ppu_public	91	14191224	63	0	0.0	stat_sample	2	00	00	E1	00	00	0.0	1	0	2	0																						
2	ppu_public	91	14191224	63	2	1.0	mode2_irq_prepare	0	00	00	E1	00	00	1.0	1	0	2	0																						
2	ppu_public	91	14191232	63	0	0.0	stat_sample	2	02	00	E1	00	00	0.0	1	0	2	0																						
2	ppu_public	91	14191230	63	8	4.0	mode2_enter	2	02	00	E1	00	00	4.0	1	0	2	0																						
2	ppu_public	91	14191232	63	0	0.0	stat_sample	3	02	00	E1	00	00	0.0	1	0	2	0																						
2	ppu_public	91	14191398	63	176	88.0	mode3_enter	3	02	00	E1	00	00	88.0	1	0	2	0																						
2	ppu_public	91	14191392	63	84	42.0	stat_sample	3	03	00	E1	00	00	42.0	1	0	2	0																						
2	ppu_public	91	14191742	63	520	260.0	mode0_enter	0	03	00	E1	00	00	260.0	1	0	2	0																						
2	ppu_public	91	14191736	63	257	128.5	stat_sample	0	00	00	E1	00	00	128.5	1	0	2	0																						
2	ppu_public	91	14192136	64	0	0.0	stat_sample	2	00	00	E1	00	00	0.0	1	0	2	0																						
2	ppu_public	91	14192136	64	2	1.0	mode2_irq_prepare	0	00	00	E1	00	00	1.0	1	0	2	0																						
2	ppu_public	91	14192144	64	0	0.0	stat_sample	2	02	00	E1	00	00	0.0	1	0	2	0																						
2	ppu_public	91	14192142	64	8	4.0	mode2_enter	2	02	00	E1	00	00	4.0	1	0	2	0																						
2	ppu_public	91	14192144	64	0	0.0	stat_sample	3	02	00	E1	00	00	0.0	1	0	2	0																						
2	ppu_public	91	14192310	64	176	88.0	mode3_enter	3	02	00	E1	00	00	88.0	1	0	2	0																						
2	ppu_public	91	14192304	64	84	42.0	stat_sample	3	03	00	E1	00	00	42.0	1	0	2	0																						
2	ppu_public	91	14192654	64	520	260.0	mode0_enter	0	03	00	E1	00	00	260.0	1	0	2	0																						
2	ppu_public	91	14192648	64	257	128.5	stat_sample	0	00	00	E1	00	00	128.5	1	0	2	0																						
2	ppu_public	91	14193048	65	0	0.0	stat_sample	2	00	00	E1	00	00	0.0	1	0	2	0																						
2	ppu_public	91	14193048	65	2	1.0	mode2_irq_prepare	0	00	00	E1	00	00	1.0	1	0	2	0																						
2	ppu_public	91	14193056	65	0	0.0	stat_sample	2	02	00	E1	00	00	0.0	1	0	2	0																						
2	ppu_public	91	14193054	65	8	4.0	mode2_enter	2	02	00	E1	00	00	4.0	1	0	2	0																						
2	ppu_public	91	14193056	65	0	0.0	stat_sample	3	02	00	E1	00	00	0.0	1	0	2	0																						
2	ppu_public	91	14193222	65	176	88.0	mode3_enter	3	02	00	E1	00	00	88.0	1	0	2	0																						
2	ppu_public	91	14193216	65	84	42.0	stat_sample	3	03	00	E1	00	00	42.0	1	0	2	0																						
2	ppu_public	91	14193566	65	520	260.0	mode0_enter	0	03	00	E1	00	00	260.0	1	0	2	0																						
2	ppu_public	91	14193560	65	257	128.5	stat_sample	0	00	00	E1	00	00	128.5	1	0	2	0																						
2	ppu_public	91	14193960	66	0	0.0	stat_sample	2	00	00	E1	00	00	0.0	1	0	2	0																						
2	ppu_public	91	14193960	66	2	1.0	mode2_irq_prepare	0	00	00	E1	00	00	1.0	1	0	2	0																						
2	ppu_public	91	14193968	66	0	0.0	stat_sample	2	02	00	E1	00	00	0.0	1	0	2	0																						
2	ppu_public	91	14193966	66	8	4.0	mode2_enter	2	02	00	E1	00	00	4.0	1	0	2	0																						
2	ppu_public	91	14193968	66	0	0.0	stat_sample	3	02	00	E1	00	00	0.0	1	0	2	0																						
2	ppu_public	91	14194134	66	176	88.0	mode3_enter	3	02	00	E1	00	00	88.0	1	0	2	0																						
2	ppu_public	91	14194128	66	84	42.0	stat_sample	3	03	00	E1	00	00	42.0	1	0	2	0																						
2	ppu_public	91	14194478	66	520	260.0	mode0_enter	0	03	00	E1	00	00	260.0	1	0	2	0																						
2	ppu_public	91	14194480	66	257	128.5	stat_sample	0	00	00	E1	00	00	128.5	1	0	2	0																						
2	ppu_public	91	14194872	67	0	0.0	stat_sample	2	00	00	E1	00	00	0.0	1	0	2	0																						
2	ppu_public	91	14194872	67	2	1.0	mode2_irq_prepare	0	00	00	E1	00	00	1.0	1	0	2	0																						
2	ppu_public	91	14194880	67	0	0.0	stat_sample	2	02	00	E1	00	00	0.0	1	0	2	0																						
2	ppu_public	91	14194878	67	8	4.0	mode2_enter	2	02	00	E1	00	00	4.0	1	0	2	0																						
2	ppu_public	91	14194880	67	0	0.0	stat_sample	3	02	00	E1	00	00	0.0	1	0	2	0																						
2	ppu_public	91	14195046	67	176	88.0	mode3_enter	3	02	00	E1	00	00	88.0	1	0	2	0																						
2	ppu_public	91	14195040	67	84	42.0	stat_sample	3	03	00	E1	00	00	42.0	1	0	2	0																						
2	ppu_public	91	14195390	67	520	260.0	mode0_enter	0	03	00	E1	00	00	260.0	1	0	2	0																						
2	ppu_public	91	14195384	67	257	128.5	stat_sample	0	00	00	E1	00	00	128.5	1	0	2	0																						
2	ppu_public	91	14195784	68	0	0.0	stat_sample	2	00	00	E1	00	00	0.0	1	0	2	0																						
2	ppu_public	91	14195784	68	2	1.0	mode2_irq_prepare	0	00	00	E1	00	00	1.0	1	0	2	0																						
2	ppu_public	91	14195792	68	0	0.0	stat_sample	2	02	00	E1	00	00	0.0	1	0	2	0																						
2	ppu_public	91	14195790	68	8	4.0	mode2_enter	2	02	00	E1	00	00	4.0	1	0	2	0																						
2	ppu_public	91	14195792	68	0	0.0	stat_sample	3	02	00	E1	00	00	0.0	1	0	2	0																						
2	ppu_public	91	14195958	68	176	88.0	mode3_enter	3	02	00	E1	00	00	88.0	1	0	2	0																						
2	ppu_public	91	14195952	68	84	42.0	stat_sample	3	03	00	E1	00	00	42.0	1	0	2	0																						
2	ppu_public	91	14196302	68	520	260.0	mode0_enter	0	03	00	E1	00	00	260.0	1	0	2	0																						
2	ppu_public	91	14196296	68	257	128.5	stat_sample	0	00	00	E1	00	00	128.5	1	0	2	0																						
2	ppu_public	91	14196696	69	0	0.0	stat_sample	2	00	00	E1	00	00	0.0	1	0	2	0																						
2	ppu_public	91	14196696	69	2	1.0	mode2_irq_prepare	0	00	00	E1	00	00	1.0	1	0	2	0																						
2	ppu_public	91	14196704	69	0	0.0	stat_sample	2	02	00	E1	00	00	0.0	1	0	2	0																						
2	ppu_public	91	14196702	69	8	4.0	mode2_enter	2	02	00	E1	00	00	4.0	1	0	2	0																						
2	ppu_public	91	14196704	69	0	0.0	stat_sample	3	02	00	E1	00	00	0.0	1	0	2	0																						
2	ppu_public	91	14196870	69	176	88.0	mode3_enter	3	02	00	E1	00	00	88.0	1	0	2	0																						
2	ppu_public	91	14196872	69	84	42.0	stat_sample	3	03	00	E1	00	00	42.0	1	0	2	0																						
2	ppu_public	91	14197214	69	520	260.0	mode0_enter	0	03	00	E1	00	00	260.0	1	0	2	0																						
2	ppu_public	91	14197208	69	257	128.5	stat_sample	0	00	00	E1	00	00	128.5	1	0	2	0																						
2	ppu_public	91	14197608	70	0	0.0	stat_sample	2	00	00	E1	00	00	0.0	1	0	2	0																						
2	ppu_public	91	14197608	70	2	1.0	mode2_irq_prepare	0	00	00	E1	00	00	1.0	1	0	2	0																						
2	ppu_public	91	14197616	70	0	0.0	stat_sample	2	02	00	E1	00	00	0.0	1	0	2	0																						
2	ppu_public	91	14197614	70	8	4.0	mode2_enter	2	02	00	E1	00	00	4.0	1	0	2	0																						
2	ppu_public	91	14197616	70	0	0.0	stat_sample	3	02	00	E1	00	00	0.0	1	0	2	0																						
2	ppu_public	91	14197782	70	176	88.0	mode3_enter	3	02	00	E1	00	00	88.0	1	0	2	0																						
2	ppu_public	91	14197776	70	84	42.0	stat_sample	3	03	00	E1	00	00	42.0	1	0	2	0																						
2	ppu_public	91	14198126	70	520	260.0	mode0_enter	0	03	00	E1	00	00	260.0	1	0	2	0																						
2	ppu_public	91	14198120	70	257	128.5	stat_sample	0	00	00	E1	00	00	128.5	1	0	2	0																						
2	ppu_public	91	14198520	71	0	0.0	stat_sample	2	00	00	E1	00	00	0.0	1	0	2	0																						
2	ppu_public	91	14198520	71	2	1.0	mode2_irq_prepare	0	00	00	E1	00	00	1.0	1	0	2	0																						
2	ppu_public	91	14198536	71	0	0.0	stat_sample	2	02	00	E1	00	00	0.0	1	0	2	0																						
2	ppu_public	91	14198526	71	8	4.0	mode2_enter	2	02	00	E1	00	00	4.0	1	0	2	0																						
2	ppu_public	91	14198536	71	0	0.0	stat_sample	3	02	00	E1	00	00	0.0	1	0	2	0																						
2	ppu_public	91	14198694	71	176	88.0	mode3_enter	3	02	00	E1	00	00	88.0	1	0	2	0																						
2	ppu_public	91	14198688	71	84	42.0	stat_sample	3	03	00	E1	00	00	42.0	1	0	2	0																						
2	ppu_public	91	14199038	71	520	260.0	mode0_enter	0	03	00	E1	00	00	260.0	1	0	2	0																						
2	ppu_public	91	14199032	71	257	128.5	stat_sample	0	00	00	E1	00	00	128.5	1	0	2	0																						
2	ppu_public	91	14199432	72	0	0.0	stat_sample	2	00	00	E1	00	00	0.0	1	0	2	0																						
2	ppu_public	91	14199432	72	2	1.0	mode2_irq_prepare	0	00	00	E1	00	00	1.0	1	0	2	0																						
2	ppu_public	91	14199440	72	0	0.0	stat_sample	2	02	00	E1	00	00	0.0	1	0	2	0																						
2	ppu_public	91	14199438	72	8	4.0	mode2_enter	2	02	00	E1	00	00	4.0	1	0	2	0																						
2	ppu_public	91	14199440	72	0	0.0	stat_sample	3	02	00	E1	00	00	0.0	1	0	2	0																						
2	ppu_public	91	14199606	72	176	88.0	mode3_enter	3	02	00	E1	00	00	88.0	1	0	2	0																						
2	ppu_public	91	14199600	72	84	42.0	stat_sample	3	03	00	E1	00	00	42.0	1	0	2	0																						
2	ppu_public	91	14199950	72	520	260.0	mode0_enter	0	03	00	E1	00	00	260.0	1	0	2	0																						
2	ppu_public	91	14199944	72	257	128.5	stat_sample	0	00	00	E1	00	00	128.5	1	0	2	0																						
2	ppu_public	91	14200344	73	0	0.0	stat_sample	2	00	00	E1	00	00	0.0	1	0	2	0																						
2	ppu_public	91	14200344	73	2	1.0	mode2_irq_prepare	0	00	00	E1	00	00	1.0	1	0	2	0																						
2	ppu_public	91	14200352	73	0	0.0	stat_sample	2	02	00	E1	00	00	0.0	1	0	2	0																						
2	ppu_public	91	14200350	73	8	4.0	mode2_enter	2	02	00	E1	00	00	4.0	1	0	2	0																						
2	ppu_public	91	14200352	73	0	0.0	stat_sample	3	02	00	E1	00	00	0.0	1	0	2	0																						
2	ppu_public	91	14200518	73	176	88.0	mode3_enter	3	02	00	E1	00	00	88.0	1	0	2	0																						
2	ppu_public	91	14200512	73	84	42.0	stat_sample	3	03	00	E1	00	00	42.0	1	0	2	0																						
2	ppu_public	91	14200862	73	520	260.0	mode0_enter	0	03	00	E1	00	00	260.0	1	0	2	0																						
2	ppu_public	91	14200856	73	257	128.5	stat_sample	0	00	00	E1	00	00	128.5	1	0	2	0																						
2	ppu_public	91	14201256	74	0	0.0	stat_sample	2	00	00	E1	00	00	0.0	1	0	2	0																						
2	ppu_public	91	14201256	74	2	1.0	mode2_irq_prepare	0	00	00	E1	00	00	1.0	1	0	2	0																						
2	ppu_public	91	14201264	74	0	0.0	stat_sample	2	02	00	E1	00	00	0.0	1	0	2	0																						
2	ppu_public	91	14201262	74	8	4.0	mode2_enter	2	02	00	E1	00	00	4.0	1	0	2	0																						
2	ppu_public	91	14201264	74	0	0.0	stat_sample	3	02	00	E1	00	00	0.0	1	0	2	0																						
2	ppu_public	91	14201430	74	176	88.0	mode3_enter	3	02	00	E1	00	00	88.0	1	0	2	0																						
2	ppu_public	91	14201424	74	84	42.0	stat_sample	3	03	00	E1	00	00	42.0	1	0	2	0																						
2	ppu_public	91	14201774	74	520	260.0	mode0_enter	0	03	00	E1	00	00	260.0	1	0	2	0																						
2	ppu_public	91	14201768	74	257	128.5	stat_sample	0	00	00	E1	00	00	128.5	1	0	2	0																						
2	ppu_public	91	14202176	75	0	0.0	stat_sample	2	00	00	E1	00	00	0.0	1	0	2	0																						
2	ppu_public	91	14202176	75	2	1.0	mode2_irq_prepare	0	00	00	E1	00	00	1.0	1	0	2	0																						
2	ppu_public	91	14202176	75	0	0.0	stat_sample	2	02	00	E1	00	00	0.0	1	0	2	0																						
2	ppu_public	91	14202182	75	8	4.0	mode2_enter	2	02	00	E1	00	00	4.0	1	0	2	0																						
2	ppu_public	91	14202176	75	0	0.0	stat_sample	3	02	00	E1	00	00	0.0	1	0	2	0																						
2	ppu_public	91	14202350	75	176	88.0	mode3_enter	3	02	00	E1	00	00	88.0	1	0	2	0																						
2	ppu_public	91	14202336	75	84	42.0	stat_sample	3	03	00	E1	00	00	42.0	1	0	2	0																						
2	ppu_public	91	14202694	75	520	260.0	mode0_enter	0	03	00	E1	00	00	260.0	1	0	2	0																						
2	ppu_public	91	14202680	75	257	128.5	stat_sample	0	00	00	E1	00	00	128.5	1	0	2	0																						
2	ppu_public	91	14203080	76	0	0.0	stat_sample	2	00	00	E1	00	00	0.0	1	0	2	0																						
2	ppu_public	91	14203080	76	2	1.0	mode2_irq_prepare	0	00	00	E1	00	00	1.0	1	0	2	0																						
2	ppu_public	91	14203088	76	0	0.0	stat_sample	2	02	00	E1	00	00	0.0	1	0	2	0																						
2	ppu_public	91	14203086	76	8	4.0	mode2_enter	2	02	00	E1	00	00	4.0	1	0	2	0																						
2	ppu_public	91	14203088	76	0	0.0	stat_sample	3	02	00	E1	00	00	0.0	1	0	2	0																						
2	ppu_public	91	14203254	76	176	88.0	mode3_enter	3	02	00	E1	00	00	88.0	1	0	2	0																						
2	ppu_public	91	14203248	76	84	42.0	stat_sample	3	03	00	E1	00	00	42.0	1	0	2	0																						
2	ppu_public	91	14203598	76	520	260.0	mode0_enter	0	03	00	E1	00	00	260.0	1	0	2	0																						
2	ppu_public	91	14203592	76	257	128.5	stat_sample	0	00	00	E1	00	00	128.5	1	0	2	0																						
2	ppu_public	91	14203992	77	0	0.0	stat_sample	2	00	00	E1	00	00	0.0	1	0	2	0																						
2	ppu_public	91	14203992	77	2	1.0	mode2_irq_prepare	0	00	00	E1	00	00	1.0	1	0	2	0																						
2	ppu_public	91	14204000	77	0	0.0	stat_sample	2	02	00	E1	00	00	0.0	1	0	2	0																						
2	ppu_public	91	14203998	77	8	4.0	mode2_enter	2	02	00	E1	00	00	4.0	1	0	2	0																						
2	ppu_public	91	14204000	77	0	0.0	stat_sample	3	02	00	E1	00	00	0.0	1	0	2	0																						
2	ppu_public	91	14204166	77	176	88.0	mode3_enter	3	02	00	E1	00	00	88.0	1	0	2	0																						
2	ppu_public	91	14204160	77	84	42.0	stat_sample	3	03	00	E1	00	00	42.0	1	0	2	0																						
2	ppu_public	91	14204510	77	520	260.0	mode0_enter	0	03	00	E1	00	00	260.0	1	0	2	0																						
2	ppu_public	91	14204504	77	257	128.5	stat_sample	0	00	00	E1	00	00	128.5	1	0	2	0																						
2	ppu_public	91	14204904	78	0	0.0	stat_sample	2	00	00	E1	00	00	0.0	1	0	2	0																						
2	ppu_public	91	14204904	78	2	1.0	mode2_irq_prepare	0	00	00	E1	00	00	1.0	1	0	2	0																						
2	ppu_public	91	14204912	78	0	0.0	stat_sample	2	02	00	E1	00	00	0.0	1	0	2	0																						
2	ppu_public	91	14204910	78	8	4.0	mode2_enter	2	02	00	E1	00	00	4.0	1	0	2	0																						
2	ppu_public	91	14204912	78	0	0.0	stat_sample	3	02	00	E1	00	00	0.0	1	0	2	0																						
2	ppu_public	91	14205078	78	176	88.0	mode3_enter	3	02	00	E1	00	00	88.0	1	0	2	0																						
2	ppu_public	91	14205072	78	84	42.0	stat_sample	3	03	00	E1	00	00	42.0	1	0	2	0																						
2	ppu_public	91	14205422	78	520	260.0	mode0_enter	0	03	00	E1	00	00	260.0	1	0	2	0																						
2	ppu_public	91	14205416	78	257	128.5	stat_sample	0	00	00	E1	00	00	128.5	1	0	2	0																						
2	ppu_public	91	14205816	79	0	0.0	stat_sample	2	00	00	E1	00	00	0.0	1	0	2	0																						
2	ppu_public	91	14205816	79	2	1.0	mode2_irq_prepare	0	00	00	E1	00	00	1.0	1	0	2	0																						
2	ppu_public	91	14205824	79	0	0.0	stat_sample	2	02	00	E1	00	00	0.0	1	0	2	0																						
2	ppu_public	91	14205822	79	8	4.0	mode2_enter	2	02	00	E1	00	00	4.0	1	0	2	0																						
2	ppu_public	91	14205824	79	0	0.0	stat_sample	3	02	00	E1	00	00	0.0	1	0	2	0																						
2	ppu_public	91	14205990	79	176	88.0	mode3_enter	3	02	00	E1	00	00	88.0	1	0	2	0																						
2	ppu_public	91	14205984	79	84	42.0	stat_sample	3	03	00	E1	00	00	42.0	1	0	2	0																						
2	ppu_public	91	14206334	79	520	260.0	mode0_enter	0	03	00	E1	00	00	260.0	1	0	2	0																						
2	ppu_public	91	14206336	79	257	128.5	stat_sample	0	00	00	E1	00	00	128.5	1	0	2	0																						
2	ppu_public	91	14206728	80	0	0.0	stat_sample	2	00	00	E1	00	00	0.0	1	0	2	0																						
2	ppu_public	91	14206728	80	2	1.0	mode2_irq_prepare	0	00	00	E1	00	00	1.0	1	0	2	0																						
2	ppu_public	91	14206736	80	0	0.0	stat_sample	2	02	00	E1	00	00	0.0	1	0	2	0																						
2	ppu_public	91	14206734	80	8	4.0	mode2_enter	2	02	00	E1	00	00	4.0	1	0	2	0																						
2	ppu_public	91	14206736	80	0	0.0	stat_sample	3	02	00	E1	00	00	0.0	1	0	2	0																						
2	ppu_public	91	14206902	80	176	88.0	mode3_enter	3	02	00	E1	00	00	88.0	1	0	2	0																						
2	ppu_public	91	14206896	80	84	42.0	stat_sample	3	03	00	E1	00	00	42.0	1	0	2	0																						
2	ppu_public	91	14207246	80	520	260.0	mode0_enter	0	03	00	E1	00	00	260.0	1	0	2	0																						
2	ppu_public	91	14207240	80	257	128.5	stat_sample	0	00	00	E1	00	00	128.5	1	0	2	0																						
2	ppu_public	91	14207640	81	0	0.0	stat_sample	2	00	00	E1	00	00	0.0	1	0	2	0																						
2	ppu_public	91	14207640	81	2	1.0	mode2_irq_prepare	0	00	00	E1	00	00	1.0	1	0	2	0																						
2	ppu_public	91	14207648	81	0	0.0	stat_sample	2	02	00	E1	00	00	0.0	1	0	2	0																						
2	ppu_public	91	14207646	81	8	4.0	mode2_enter	2	02	00	E1	00	00	4.0	1	0	2	0																						
2	ppu_public	91	14207648	81	0	0.0	stat_sample	3	02	00	E1	00	00	0.0	1	0	2	0																						
2	ppu_public	91	14207814	81	176	88.0	mode3_enter	3	02	00	E1	00	00	88.0	1	0	2	0																						
2	ppu_public	91	14207808	81	84	42.0	stat_sample	3	03	00	E1	00	00	42.0	1	0	2	0																						
2	ppu_public	91	14208158	81	520	260.0	mode0_enter	0	03	00	E1	00	00	260.0	1	0	2	0																						
2	ppu_public	91	14208152	81	257	128.5	stat_sample	0	00	00	E1	00	00	128.5	1	0	2	0																						
2	ppu_public	91	14208552	82	0	0.0	stat_sample	2	00	00	E1	00	00	0.0	1	0	2	0																						
2	ppu_public	91	14208552	82	2	1.0	mode2_irq_prepare	0	00	00	E1	00	00	1.0	1	0	2	0																						
2	ppu_public	91	14208560	82	0	0.0	stat_sample	2	02	00	E1	00	00	0.0	1	0	2	0																						
2	ppu_public	91	14208558	82	8	4.0	mode2_enter	2	02	00	E1	00	00	4.0	1	0	2	0																						
2	ppu_public	91	14208560	82	0	0.0	stat_sample	3	02	00	E1	00	00	0.0	1	0	2	0																						
2	ppu_public	91	14208726	82	176	88.0	mode3_enter	3	02	00	E1	00	00	88.0	1	0	2	0																						
2	ppu_public	91	14208728	82	84	42.0	stat_sample	3	03	00	E1	00	00	42.0	1	0	2	0																						
2	ppu_public	91	14209070	82	520	260.0	mode0_enter	0	03	00	E1	00	00	260.0	1	0	2	0																						
2	ppu_public	91	14209064	82	257	128.5	stat_sample	0	00	00	E1	00	00	128.5	1	0	2	0																						
2	ppu_public	91	14209464	83	0	0.0	stat_sample	2	00	00	E1	00	00	0.0	1	0	2	0																						
2	ppu_public	91	14209464	83	2	1.0	mode2_irq_prepare	0	00	00	E1	00	00	1.0	1	0	2	0																						
2	ppu_public	91	14209472	83	0	0.0	stat_sample	2	02	00	E1	00	00	0.0	1	0	2	0																						
2	ppu_public	91	14209470	83	8	4.0	mode2_enter	2	02	00	E1	00	00	4.0	1	0	2	0																						
2	ppu_public	91	14209472	83	0	0.0	stat_sample	3	02	00	E1	00	00	0.0	1	0	2	0																						
2	ppu_public	91	14209638	83	176	88.0	mode3_enter	3	02	00	E1	00	00	88.0	1	0	2	0																						
2	ppu_public	91	14209632	83	84	42.0	stat_sample	3	03	00	E1	00	00	42.0	1	0	2	0																						
2	ppu_public	91	14209982	83	520	260.0	mode0_enter	0	03	00	E1	00	00	260.0	1	0	2	0																						
2	ppu_public	91	14209976	83	257	128.5	stat_sample	0	00	00	E1	00	00	128.5	1	0	2	0																						
2	ppu_public	91	14210376	84	0	0.0	stat_sample	2	00	00	E1	00	00	0.0	1	0	2	0																						
2	ppu_public	91	14210376	84	2	1.0	mode2_irq_prepare	0	00	00	E1	00	00	1.0	1	0	2	0																						
2	ppu_public	91	14210392	84	0	0.0	stat_sample	2	02	00	E1	00	00	0.0	1	0	2	0																						
2	ppu_public	91	14210382	84	8	4.0	mode2_enter	2	02	00	E1	00	00	4.0	1	0	2	0																						
2	ppu_public	91	14210392	84	0	0.0	stat_sample	3	02	00	E1	00	00	0.0	1	0	2	0																						
2	ppu_public	91	14210550	84	176	88.0	mode3_enter	3	02	00	E1	00	00	88.0	1	0	2	0																						
2	ppu_public	91	14210544	84	84	42.0	stat_sample	3	03	00	E1	00	00	42.0	1	0	2	0																						
2	ppu_public	91	14210894	84	520	260.0	mode0_enter	0	03	00	E1	00	00	260.0	1	0	2	0																						
2	ppu_public	91	14210888	84	257	128.5	stat_sample	0	00	00	E1	00	00	128.5	1	0	2	0																						
2	ppu_public	91	14211288	85	0	0.0	stat_sample	2	00	00	E1	00	00	0.0	1	0	2	0																						
2	ppu_public	91	14211288	85	2	1.0	mode2_irq_prepare	0	00	00	E1	00	00	1.0	1	0	2	0																						
2	ppu_public	91	14211296	85	0	0.0	stat_sample	2	02	00	E1	00	00	0.0	1	0	2	0																						
2	ppu_public	91	14211294	85	8	4.0	mode2_enter	2	02	00	E1	00	00	4.0	1	0	2	0																						
2	ppu_public	91	14211296	85	0	0.0	stat_sample	3	02	00	E1	00	00	0.0	1	0	2	0																						
2	ppu_public	91	14211462	85	176	88.0	mode3_enter	3	02	00	E1	00	00	88.0	1	0	2	0																						
2	ppu_public	91	14211456	85	84	42.0	stat_sample	3	03	00	E1	00	00	42.0	1	0	2	0																						
2	ppu_public	91	14211806	85	520	260.0	mode0_enter	0	03	00	E1	00	00	260.0	1	0	2	0																						
2	ppu_public	91	14211800	85	257	128.5	stat_sample	0	00	00	E1	00	00	128.5	1	0	2	0																						
2	ppu_public	91	14212200	86	0	0.0	stat_sample	2	00	00	E1	00	00	0.0	1	0	2	0																						
2	ppu_public	91	14212200	86	2	1.0	mode2_irq_prepare	0	00	00	E1	00	00	1.0	1	0	2	0																						
2	ppu_public	91	14212208	86	0	0.0	stat_sample	2	02	00	E1	00	00	0.0	1	0	2	0																						
2	ppu_public	91	14212206	86	8	4.0	mode2_enter	2	02	00	E1	00	00	4.0	1	0	2	0																						
2	ppu_public	91	14212208	86	0	0.0	stat_sample	3	02	00	E1	00	00	0.0	1	0	2	0																						
2	ppu_public	91	14212374	86	176	88.0	mode3_enter	3	02	00	E1	00	00	88.0	1	0	2	0																						
2	ppu_public	91	14212368	86	84	42.0	stat_sample	3	03	00	E1	00	00	42.0	1	0	2	0																						
2	ppu_public	91	14212718	86	520	260.0	mode0_enter	0	03	00	E1	00	00	260.0	1	0	2	0																						
2	ppu_public	91	14212712	86	257	128.5	stat_sample	0	00	00	E1	00	00	128.5	1	0	2	0																						
2	ppu_public	91	14213112	87	0	0.0	stat_sample	2	00	00	E1	00	00	0.0	1	0	2	0																						
2	ppu_public	91	14213112	87	2	1.0	mode2_irq_prepare	0	00	00	E1	00	00	1.0	1	0	2	0																						
2	ppu_public	91	14213120	87	0	0.0	stat_sample	2	02	00	E1	00	00	0.0	1	0	2	0																						
2	ppu_public	91	14213118	87	8	4.0	mode2_enter	2	02	00	E1	00	00	4.0	1	0	2	0																						
2	ppu_public	91	14213120	87	0	0.0	stat_sample	3	02	00	E1	00	00	0.0	1	0	2	0																						
2	ppu_public	91	14213286	87	176	88.0	mode3_enter	3	02	00	E1	00	00	88.0	1	0	2	0																						
2	ppu_public	91	14213280	87	84	42.0	stat_sample	3	03	00	E1	00	00	42.0	1	0	2	0																						
2	ppu_public	91	14213630	87	520	260.0	mode0_enter	0	03	00	E1	00	00	260.0	1	0	2	0																						
2	ppu_public	91	14213624	87	257	128.5	stat_sample	0	00	00	E1	00	00	128.5	1	0	2	0																						
2	ppu_public	91	14214032	88	0	0.0	stat_sample	2	00	00	E1	00	00	0.0	1	0	2	0																						
2	ppu_public	91	14214032	88	2	1.0	mode2_irq_prepare	0	00	00	E1	00	00	1.0	1	0	2	0																						
2	ppu_public	91	14214032	88	0	0.0	stat_sample	2	02	00	E1	00	00	0.0	1	0	2	0																						
2	ppu_public	91	14214038	88	8	4.0	mode2_enter	2	02	00	E1	00	00	4.0	1	0	2	0																						
2	ppu_public	91	14214032	88	0	0.0	stat_sample	3	02	00	E1	00	00	0.0	1	0	2	0																						
2	ppu_public	91	14214206	88	176	88.0	mode3_enter	3	02	00	E1	00	00	88.0	1	0	2	0																						
2	ppu_public	91	14214192	88	84	42.0	stat_sample	3	03	00	E1	00	00	42.0	1	0	2	0																						
2	ppu_public	91	14214550	88	520	260.0	mode0_enter	0	03	00	E1	00	00	260.0	1	0	2	0																						
2	ppu_public	91	14214536	88	257	128.5	stat_sample	0	00	00	E1	00	00	128.5	1	0	2	0																						
2	ppu_public	91	14214936	89	0	0.0	stat_sample	2	00	00	E1	00	00	0.0	1	0	2	0																						
2	ppu_public	91	14214936	89	2	1.0	mode2_irq_prepare	0	00	00	E1	00	00	1.0	1	0	2	0																						
2	ppu_public	91	14214944	89	0	0.0	stat_sample	2	02	00	E1	00	00	0.0	1	0	2	0																						
2	ppu_public	91	14214942	89	8	4.0	mode2_enter	2	02	00	E1	00	00	4.0	1	0	2	0																						
2	ppu_public	91	14214944	89	0	0.0	stat_sample	3	02	00	E1	00	00	0.0	1	0	2	0																						
2	ppu_public	91	14215110	89	176	88.0	mode3_enter	3	02	00	E1	00	00	88.0	1	0	2	0																						
2	ppu_public	91	14215104	89	84	42.0	stat_sample	3	03	00	E1	00	00	42.0	1	0	2	0																						
2	ppu_public	91	14215454	89	520	260.0	mode0_enter	0	03	00	E1	00	00	260.0	1	0	2	0																						
2	ppu_public	91	14215448	89	257	128.5	stat_sample	0	00	00	E1	00	00	128.5	1	0	2	0																						
2	ppu_public	91	14215848	90	0	0.0	stat_sample	2	00	00	E1	00	00	0.0	1	0	2	0																						
2	ppu_public	91	14215848	90	2	1.0	mode2_irq_prepare	0	00	00	E1	00	00	1.0	1	0	2	0																						
2	ppu_public	91	14215856	90	0	0.0	stat_sample	2	02	00	E1	00	00	0.0	1	0	2	0																						
2	ppu_public	91	14215854	90	8	4.0	mode2_enter	2	02	00	E1	00	00	4.0	1	0	2	0																						
2	ppu_public	91	14215856	90	0	0.0	stat_sample	3	02	00	E1	00	00	0.0	1	0	2	0																						
2	ppu_public	91	14216022	90	176	88.0	mode3_enter	3	02	00	E1	00	00	88.0	1	0	2	0																						
2	ppu_public	91	14216016	90	84	42.0	stat_sample	3	03	00	E1	00	00	42.0	1	0	2	0																						
2	ppu_public	91	14216366	90	520	260.0	mode0_enter	0	03	00	E1	00	00	260.0	1	0	2	0																						
2	ppu_public	91	14216360	90	257	128.5	stat_sample	0	00	00	E1	00	00	128.5	1	0	2	0																						
2	ppu_public	91	14216760	91	0	0.0	stat_sample	2	00	00	E1	00	00	0.0	1	0	2	0																						
2	ppu_public	91	14216760	91	2	1.0	mode2_irq_prepare	0	00	00	E1	00	00	1.0	1	0	2	0																						
2	ppu_public	91	14216768	91	0	0.0	stat_sample	2	02	00	E1	00	00	0.0	1	0	2	0																						
2	ppu_public	91	14216766	91	8	4.0	mode2_enter	2	02	00	E1	00	00	4.0	1	0	2	0																						
2	ppu_public	91	14216768	91	0	0.0	stat_sample	3	02	00	E1	00	00	0.0	1	0	2	0																						
2	ppu_public	91	14216934	91	176	88.0	mode3_enter	3	02	00	E1	00	00	88.0	1	0	2	0																						
2	ppu_public	91	14216928	91	84	42.0	stat_sample	3	03	00	E1	00	00	42.0	1	0	2	0																						
2	ppu_public	91	14217278	91	520	260.0	mode0_enter	0	03	00	E1	00	00	260.0	1	0	2	0																						
2	ppu_public	91	14217272	91	257	128.5	stat_sample	0	00	00	E1	00	00	128.5	1	0	2	0																						
2	ppu_public	91	14217672	92	0	0.0	stat_sample	2	00	00	E1	00	00	0.0	1	0	2	0																						
2	ppu_public	91	14217672	92	2	1.0	mode2_irq_prepare	0	00	00	E1	00	00	1.0	1	0	2	0																						
2	ppu_public	91	14217680	92	0	0.0	stat_sample	2	02	00	E1	00	00	0.0	1	0	2	0																						
2	ppu_public	91	14217678	92	8	4.0	mode2_enter	2	02	00	E1	00	00	4.0	1	0	2	0																						
2	ppu_public	91	14217680	92	0	0.0	stat_sample	3	02	00	E1	00	00	0.0	1	0	2	0																						
2	ppu_public	91	14217846	92	176	88.0	mode3_enter	3	02	00	E1	00	00	88.0	1	0	2	0																						
2	ppu_public	91	14217840	92	84	42.0	stat_sample	3	03	00	E1	00	00	42.0	1	0	2	0																						
2	ppu_public	91	14218190	92	520	260.0	mode0_enter	0	03	00	E1	00	00	260.0	1	0	2	0																						
2	ppu_public	91	14218192	92	257	128.5	stat_sample	0	00	00	E1	00	00	128.5	1	0	2	0																						
2	ppu_public	91	14218584	93	0	0.0	stat_sample	2	00	00	E1	00	00	0.0	1	0	2	0																						
2	ppu_public	91	14218584	93	2	1.0	mode2_irq_prepare	0	00	00	E1	00	00	1.0	1	0	2	0																						
2	ppu_public	91	14218592	93	0	0.0	stat_sample	2	02	00	E1	00	00	0.0	1	0	2	0																						
2	ppu_public	91	14218590	93	8	4.0	mode2_enter	2	02	00	E1	00	00	4.0	1	0	2	0																						
2	ppu_public	91	14218592	93	0	0.0	stat_sample	3	02	00	E1	00	00	0.0	1	0	2	0																						
2	ppu_public	91	14218758	93	176	88.0	mode3_enter	3	02	00	E1	00	00	88.0	1	0	2	0																						
2	ppu_public	91	14218752	93	84	42.0	stat_sample	3	03	00	E1	00	00	42.0	1	0	2	0																						
2	ppu_public	91	14219102	93	520	260.0	mode0_enter	0	03	00	E1	00	00	260.0	1	0	2	0																						
2	ppu_public	91	14219096	93	257	128.5	stat_sample	0	00	00	E1	00	00	128.5	1	0	2	0																						
2	ppu_public	91	14219496	94	0	0.0	stat_sample	2	00	00	E1	00	00	0.0	1	0	2	0																						
2	ppu_public	91	14219496	94	2	1.0	mode2_irq_prepare	0	00	00	E1	00	00	1.0	1	0	2	0																						
2	ppu_public	91	14219504	94	0	0.0	stat_sample	2	02	00	E1	00	00	0.0	1	0	2	0																						
2	ppu_public	91	14219502	94	8	4.0	mode2_enter	2	02	00	E1	00	00	4.0	1	0	2	0																						
2	ppu_public	91	14219504	94	0	0.0	stat_sample	3	02	00	E1	00	00	0.0	1	0	2	0																						
2	ppu_public	91	14219670	94	176	88.0	mode3_enter	3	02	00	E1	00	00	88.0	1	0	2	0																						
2	ppu_public	91	14219664	94	84	42.0	stat_sample	3	03	00	E1	00	00	42.0	1	0	2	0																						
2	ppu_public	91	14220014	94	520	260.0	mode0_enter	0	03	00	E1	00	00	260.0	1	0	2	0																						
2	ppu_public	91	14220008	94	257	128.5	stat_sample	0	00	00	E1	00	00	128.5	1	0	2	0																						
2	ppu_public	91	14220408	95	0	0.0	stat_sample	2	00	00	E1	00	00	0.0	1	0	2	0																						
2	ppu_public	91	14220408	95	2	1.0	mode2_irq_prepare	0	00	00	E1	00	00	1.0	1	0	2	0																						
2	ppu_public	91	14220416	95	0	0.0	stat_sample	2	02	00	E1	00	00	0.0	1	0	2	0																						
2	ppu_public	91	14220414	95	8	4.0	mode2_enter	2	02	00	E1	00	00	4.0	1	0	2	0																						
2	ppu_public	91	14220416	95	0	0.0	stat_sample	3	02	00	E1	00	00	0.0	1	0	2	0																						
2	ppu_public	91	14220582	95	176	88.0	mode3_enter	3	02	00	E1	00	00	88.0	1	0	2	0																						
2	ppu_public	91	14220584	95	84	42.0	stat_sample	3	03	00	E1	00	00	42.0	1	0	2	0																						
2	ppu_public	91	14220926	95	520	260.0	mode0_enter	0	03	00	E1	00	00	260.0	1	0	2	0																						
2	ppu_public	91	14220920	95	257	128.5	stat_sample	0	00	00	E1	00	00	128.5	1	0	2	0																						
2	ppu_public	91	14221320	96	0	0.0	stat_sample	2	00	00	E1	00	00	0.0	1	0	2	0																						
2	ppu_public	91	14221320	96	2	1.0	mode2_irq_prepare	0	00	00	E1	00	00	1.0	1	0	2	0																						
2	ppu_public	91	14221328	96	0	0.0	stat_sample	2	02	00	E1	00	00	0.0	1	0	2	0																						
2	ppu_public	91	14221326	96	8	4.0	mode2_enter	2	02	00	E1	00	00	4.0	1	0	2	0																						
2	ppu_public	91	14221328	96	0	0.0	stat_sample	3	02	00	E1	00	00	0.0	1	0	2	0																						
2	ppu_public	91	14221494	96	176	88.0	mode3_enter	3	02	00	E1	00	00	88.0	1	0	2	0																						
2	ppu_public	91	14221488	96	84	42.0	stat_sample	3	03	00	E1	00	00	42.0	1	0	2	0																						
2	ppu_public	91	14221838	96	520	260.0	mode0_enter	0	03	00	E1	00	00	260.0	1	0	2	0																						
2	ppu_public	91	14221832	96	257	128.5	stat_sample	0	00	00	E1	00	00	128.5	1	0	2	0																						
2	ppu_public	91	14222232	97	0	0.0	stat_sample	2	00	00	E1	00	00	0.0	1	0	2	0																						
2	ppu_public	91	14222232	97	2	1.0	mode2_irq_prepare	0	00	00	E1	00	00	1.0	1	0	2	0																						
2	ppu_public	91	14222248	97	0	0.0	stat_sample	2	02	00	E1	00	00	0.0	1	0	2	0																						
2	ppu_public	91	14222238	97	8	4.0	mode2_enter	2	02	00	E1	00	00	4.0	1	0	2	0																						
2	ppu_public	91	14222248	97	0	0.0	stat_sample	3	02	00	E1	00	00	0.0	1	0	2	0																						
2	ppu_public	91	14222406	97	176	88.0	mode3_enter	3	02	00	E1	00	00	88.0	1	0	2	0																						
2	ppu_public	91	14222400	97	84	42.0	stat_sample	3	03	00	E1	00	00	42.0	1	0	2	0																						
2	ppu_public	91	14222750	97	520	260.0	mode0_enter	0	03	00	E1	00	00	260.0	1	0	2	0																						
2	ppu_public	91	14222744	97	257	128.5	stat_sample	0	00	00	E1	00	00	128.5	1	0	2	0																						
2	ppu_public	91	14223144	98	0	0.0	stat_sample	2	00	00	E1	00	00	0.0	1	0	2	0																						
2	ppu_public	91	14223144	98	2	1.0	mode2_irq_prepare	0	00	00	E1	00	00	1.0	1	0	2	0																						
2	ppu_public	91	14223152	98	0	0.0	stat_sample	2	02	00	E1	00	00	0.0	1	0	2	0																						
2	ppu_public	91	14223150	98	8	4.0	mode2_enter	2	02	00	E1	00	00	4.0	1	0	2	0																						
2	ppu_public	91	14223152	98	0	0.0	stat_sample	3	02	00	E1	00	00	0.0	1	0	2	0																						
2	ppu_public	91	14223318	98	176	88.0	mode3_enter	3	02	00	E1	00	00	88.0	1	0	2	0																						
2	ppu_public	91	14223312	98	84	42.0	stat_sample	3	03	00	E1	00	00	42.0	1	0	2	0																						
2	ppu_public	91	14223662	98	520	260.0	mode0_enter	0	03	00	E1	00	00	260.0	1	0	2	0																						
2	ppu_public	91	14223656	98	257	128.5	stat_sample	0	00	00	E1	00	00	128.5	1	0	2	0																						
2	ppu_public	91	14224056	99	0	0.0	stat_sample	2	00	00	E1	00	00	0.0	1	0	2	0																						
2	ppu_public	91	14224056	99	2	1.0	mode2_irq_prepare	0	00	00	E1	00	00	1.0	1	0	2	0																						
2	ppu_public	91	14224064	99	0	0.0	stat_sample	2	02	00	E1	00	00	0.0	1	0	2	0																						
2	ppu_public	91	14224062	99	8	4.0	mode2_enter	2	02	00	E1	00	00	4.0	1	0	2	0																						
2	ppu_public	91	14224064	99	0	0.0	stat_sample	3	02	00	E1	00	00	0.0	1	0	2	0																						
2	ppu_public	91	14224230	99	176	88.0	mode3_enter	3	02	00	E1	00	00	88.0	1	0	2	0																						
2	ppu_public	91	14224224	99	84	42.0	stat_sample	3	03	00	E1	00	00	42.0	1	0	2	0																						
2	ppu_public	91	14224574	99	520	260.0	mode0_enter	0	03	00	E1	00	00	260.0	1	0	2	0																						
2	ppu_public	91	14224568	99	257	128.5	stat_sample	0	00	00	E1	00	00	128.5	1	0	2	0																						
2	ppu_public	91	14224968	100	0	0.0	stat_sample	2	00	00	E1	00	00	0.0	1	0	2	0																						
2	ppu_public	91	14224968	100	2	1.0	mode2_irq_prepare	0	00	00	E1	00	00	1.0	1	0	2	0																						
2	ppu_public	91	14224976	100	0	0.0	stat_sample	2	02	00	E1	00	00	0.0	1	0	2	0																						
2	ppu_public	91	14224974	100	8	4.0	mode2_enter	2	02	00	E1	00	00	4.0	1	0	2	0																						
2	ppu_public	91	14224976	100	0	0.0	stat_sample	3	02	00	E1	00	00	0.0	1	0	2	0																						
2	ppu_public	91	14225142	100	176	88.0	mode3_enter	3	02	00	E1	00	00	88.0	1	0	2	0																						
2	ppu_public	91	14225136	100	84	42.0	stat_sample	3	03	00	E1	00	00	42.0	1	0	2	0																						
2	ppu_public	91	14225486	100	520	260.0	mode0_enter	0	03	00	E1	00	00	260.0	1	0	2	0																						
2	ppu_public	91	14225480	100	257	128.5	stat_sample	0	00	00	E1	00	00	128.5	1	0	2	0																						
2	ppu_public	91	14225888	101	0	0.0	stat_sample	2	00	00	E1	00	00	0.0	1	0	2	0																						
2	ppu_public	91	14225888	101	2	1.0	mode2_irq_prepare	0	00	00	E1	00	00	1.0	1	0	2	0																						
2	ppu_public	91	14225888	101	0	0.0	stat_sample	2	02	00	E1	00	00	0.0	1	0	2	0																						
2	ppu_public	91	14225894	101	8	4.0	mode2_enter	2	02	00	E1	00	00	4.0	1	0	2	0																						
2	ppu_public	91	14225888	101	0	0.0	stat_sample	3	02	00	E1	00	00	0.0	1	0	2	0																						
2	ppu_public	91	14226062	101	176	88.0	mode3_enter	3	02	00	E1	00	00	88.0	1	0	2	0																						
2	ppu_public	91	14226048	101	84	42.0	stat_sample	3	03	00	E1	00	00	42.0	1	0	2	0																						
2	ppu_public	91	14226406	101	520	260.0	mode0_enter	0	03	00	E1	00	00	260.0	1	0	2	0																						
2	ppu_public	91	14226392	101	257	128.5	stat_sample	0	00	00	E1	00	00	128.5	1	0	2	0																						
2	ppu_public	91	14226792	102	0	0.0	stat_sample	2	00	00	E1	00	00	0.0	1	0	2	0																						
2	ppu_public	91	14226792	102	2	1.0	mode2_irq_prepare	0	00	00	E1	00	00	1.0	1	0	2	0																						
2	ppu_public	91	14226800	102	0	0.0	stat_sample	2	02	00	E1	00	00	0.0	1	0	2	0																						
2	ppu_public	91	14226798	102	8	4.0	mode2_enter	2	02	00	E1	00	00	4.0	1	0	2	0																						
2	ppu_public	91	14226800	102	0	0.0	stat_sample	3	02	00	E1	00	00	0.0	1	0	2	0																						
2	ppu_public	91	14226966	102	176	88.0	mode3_enter	3	02	00	E1	00	00	88.0	1	0	2	0																						
2	ppu_public	91	14226960	102	84	42.0	stat_sample	3	03	00	E1	00	00	42.0	1	0	2	0																						
2	ppu_public	91	14227310	102	520	260.0	mode0_enter	0	03	00	E1	00	00	260.0	1	0	2	0																						
2	ppu_public	91	14227304	102	257	128.5	stat_sample	0	00	00	E1	00	00	128.5	1	0	2	0																						
2	ppu_public	91	14227704	103	0	0.0	stat_sample	2	00	00	E1	00	00	0.0	1	0	2	0																						
2	ppu_public	91	14227704	103	2	1.0	mode2_irq_prepare	0	00	00	E1	00	00	1.0	1	0	2	0																						
2	ppu_public	91	14227712	103	0	0.0	stat_sample	2	02	00	E1	00	00	0.0	1	0	2	0																						
2	ppu_public	91	14227710	103	8	4.0	mode2_enter	2	02	00	E1	00	00	4.0	1	0	2	0																						
2	ppu_public	91	14227712	103	0	0.0	stat_sample	3	02	00	E1	00	00	0.0	1	0	2	0																						
2	ppu_public	91	14227878	103	176	88.0	mode3_enter	3	02	00	E1	00	00	88.0	1	0	2	0																						
2	ppu_public	91	14227872	103	84	42.0	stat_sample	3	03	00	E1	00	00	42.0	1	0	2	0																						
2	ppu_public	91	14228222	103	520	260.0	mode0_enter	0	03	00	E1	00	00	260.0	1	0	2	0																						
2	ppu_public	91	14228216	103	257	128.5	stat_sample	0	00	00	E1	00	00	128.5	1	0	2	0																						
2	ppu_public	91	14228616	104	0	0.0	stat_sample	2	00	00	E1	00	00	0.0	1	0	2	0																						
2	ppu_public	91	14228616	104	2	1.0	mode2_irq_prepare	0	00	00	E1	00	00	1.0	1	0	2	0																						
2	ppu_public	91	14228624	104	0	0.0	stat_sample	2	02	00	E1	00	00	0.0	1	0	2	0																						
2	ppu_public	91	14228622	104	8	4.0	mode2_enter	2	02	00	E1	00	00	4.0	1	0	2	0																						
2	ppu_public	91	14228624	104	0	0.0	stat_sample	3	02	00	E1	00	00	0.0	1	0	2	0																						
2	ppu_public	91	14228790	104	176	88.0	mode3_enter	3	02	00	E1	00	00	88.0	1	0	2	0																						
2	ppu_public	91	14228784	104	84	42.0	stat_sample	3	03	00	E1	00	00	42.0	1	0	2	0																						
2	ppu_public	91	14229134	104	520	260.0	mode0_enter	0	03	00	E1	00	00	260.0	1	0	2	0																						
2	ppu_public	91	14229128	104	257	128.5	stat_sample	0	00	00	E1	00	00	128.5	1	0	2	0																						
2	ppu_public	91	14229528	105	0	0.0	stat_sample	2	00	00	E1	00	00	0.0	1	0	2	0																						
2	ppu_public	91	14229528	105	2	1.0	mode2_irq_prepare	0	00	00	E1	00	00	1.0	1	0	2	0																						
2	ppu_public	91	14229536	105	0	0.0	stat_sample	2	02	00	E1	00	00	0.0	1	0	2	0																						
2	ppu_public	91	14229534	105	8	4.0	mode2_enter	2	02	00	E1	00	00	4.0	1	0	2	0																						
2	ppu_public	91	14229536	105	0	0.0	stat_sample	3	02	00	E1	00	00	0.0	1	0	2	0																						
2	ppu_public	91	14229702	105	176	88.0	mode3_enter	3	02	00	E1	00	00	88.0	1	0	2	0																						
2	ppu_public	91	14229696	105	84	42.0	stat_sample	3	03	00	E1	00	00	42.0	1	0	2	0																						
2	ppu_public	91	14230046	105	520	260.0	mode0_enter	0	03	00	E1	00	00	260.0	1	0	2	0																						
2	ppu_public	91	14230048	105	257	128.5	stat_sample	0	00	00	E1	00	00	128.5	1	0	2	0																						
2	ppu_public	91	14230440	106	0	0.0	stat_sample	2	00	00	E1	00	00	0.0	1	0	2	0																						
2	ppu_public	91	14230440	106	2	1.0	mode2_irq_prepare	0	00	00	E1	00	00	1.0	1	0	2	0																						
2	ppu_public	91	14230448	106	0	0.0	stat_sample	2	02	00	E1	00	00	0.0	1	0	2	0																						
2	ppu_public	91	14230446	106	8	4.0	mode2_enter	2	02	00	E1	00	00	4.0	1	0	2	0																						
2	ppu_public	91	14230448	106	0	0.0	stat_sample	3	02	00	E1	00	00	0.0	1	0	2	0																						
2	ppu_public	91	14230614	106	176	88.0	mode3_enter	3	02	00	E1	00	00	88.0	1	0	2	0																						
2	ppu_public	91	14230608	106	84	42.0	stat_sample	3	03	00	E1	00	00	42.0	1	0	2	0																						
2	ppu_public	91	14230958	106	520	260.0	mode0_enter	0	03	00	E1	00	00	260.0	1	0	2	0																						
2	ppu_public	91	14230952	106	257	128.5	stat_sample	0	00	00	E1	00	00	128.5	1	0	2	0																						
2	ppu_public	91	14231352	107	0	0.0	stat_sample	2	00	00	E1	00	00	0.0	1	0	2	0																						
2	ppu_public	91	14231352	107	2	1.0	mode2_irq_prepare	0	00	00	E1	00	00	1.0	1	0	2	0																						
2	ppu_public	91	14231360	107	0	0.0	stat_sample	2	02	00	E1	00	00	0.0	1	0	2	0																						
2	ppu_public	91	14231358	107	8	4.0	mode2_enter	2	02	00	E1	00	00	4.0	1	0	2	0																						
2	ppu_public	91	14231360	107	0	0.0	stat_sample	3	02	00	E1	00	00	0.0	1	0	2	0																						
2	ppu_public	91	14231526	107	176	88.0	mode3_enter	3	02	00	E1	00	00	88.0	1	0	2	0																						
2	ppu_public	91	14231520	107	84	42.0	stat_sample	3	03	00	E1	00	00	42.0	1	0	2	0																						
2	ppu_public	91	14231870	107	520	260.0	mode0_enter	0	03	00	E1	00	00	260.0	1	0	2	0																						
2	ppu_public	91	14231864	107	257	128.5	stat_sample	0	00	00	E1	00	00	128.5	1	0	2	0																						
2	ppu_public	91	14232264	108	0	0.0	stat_sample	2	00	00	E1	00	00	0.0	1	0	2	0																						
2	ppu_public	91	14232264	108	2	1.0	mode2_irq_prepare	0	00	00	E1	00	00	1.0	1	0	2	0																						
2	ppu_public	91	14232272	108	0	0.0	stat_sample	2	02	00	E1	00	00	0.0	1	0	2	0																						
2	ppu_public	91	14232270	108	8	4.0	mode2_enter	2	02	00	E1	00	00	4.0	1	0	2	0																						
2	ppu_public	91	14232272	108	0	0.0	stat_sample	3	02	00	E1	00	00	0.0	1	0	2	0																						
2	ppu_public	91	14232438	108	176	88.0	mode3_enter	3	02	00	E1	00	00	88.0	1	0	2	0																						
2	ppu_public	91	14232440	108	84	42.0	stat_sample	3	03	00	E1	00	00	42.0	1	0	2	0																						
2	ppu_public	91	14232782	108	520	260.0	mode0_enter	0	03	00	E1	00	00	260.0	1	0	2	0																						
2	ppu_public	91	14232776	108	257	128.5	stat_sample	0	00	00	E1	00	00	128.5	1	0	2	0																						
2	ppu_public	91	14233176	109	0	0.0	stat_sample	2	00	00	E1	00	00	0.0	1	0	2	0																						
2	ppu_public	91	14233176	109	2	1.0	mode2_irq_prepare	0	00	00	E1	00	00	1.0	1	0	2	0																						
2	ppu_public	91	14233184	109	0	0.0	stat_sample	2	02	00	E1	00	00	0.0	1	0	2	0																						
2	ppu_public	91	14233182	109	8	4.0	mode2_enter	2	02	00	E1	00	00	4.0	1	0	2	0																						
2	ppu_public	91	14233184	109	0	0.0	stat_sample	3	02	00	E1	00	00	0.0	1	0	2	0																						
2	ppu_public	91	14233350	109	176	88.0	mode3_enter	3	02	00	E1	00	00	88.0	1	0	2	0																						
2	ppu_public	91	14233344	109	84	42.0	stat_sample	3	03	00	E1	00	00	42.0	1	0	2	0																						
2	ppu_public	91	14233694	109	520	260.0	mode0_enter	0	03	00	E1	00	00	260.0	1	0	2	0																						
2	ppu_public	91	14233688	109	257	128.5	stat_sample	0	00	00	E1	00	00	128.5	1	0	2	0																						
2	ppu_public	91	14234088	110	0	0.0	stat_sample	2	00	00	E1	00	00	0.0	1	0	2	0																						
2	ppu_public	91	14234088	110	2	1.0	mode2_irq_prepare	0	00	00	E1	00	00	1.0	1	0	2	0																						
2	ppu_public	91	14234104	110	0	0.0	stat_sample	2	02	00	E1	00	00	0.0	1	0	2	0																						
2	ppu_public	91	14234094	110	8	4.0	mode2_enter	2	02	00	E1	00	00	4.0	1	0	2	0																						
2	ppu_public	91	14234104	110	0	0.0	stat_sample	3	02	00	E1	00	00	0.0	1	0	2	0																						
2	ppu_public	91	14234262	110	176	88.0	mode3_enter	3	02	00	E1	00	00	88.0	1	0	2	0																						
2	ppu_public	91	14234256	110	84	42.0	stat_sample	3	03	00	E1	00	00	42.0	1	0	2	0																						
2	ppu_public	91	14234606	110	520	260.0	mode0_enter	0	03	00	E1	00	00	260.0	1	0	2	0																						
2	ppu_public	91	14234600	110	257	128.5	stat_sample	0	00	00	E1	00	00	128.5	1	0	2	0																						
2	ppu_public	91	14235000	111	0	0.0	stat_sample	2	00	00	E1	00	00	0.0	1	0	2	0																						
2	ppu_public	91	14235000	111	2	1.0	mode2_irq_prepare	0	00	00	E1	00	00	1.0	1	0	2	0																						
2	ppu_public	91	14235008	111	0	0.0	stat_sample	2	02	00	E1	00	00	0.0	1	0	2	0																						
2	ppu_public	91	14235006	111	8	4.0	mode2_enter	2	02	00	E1	00	00	4.0	1	0	2	0																						
2	ppu_public	91	14235008	111	0	0.0	stat_sample	3	02	00	E1	00	00	0.0	1	0	2	0																						
2	ppu_public	91	14235174	111	176	88.0	mode3_enter	3	02	00	E1	00	00	88.0	1	0	2	0																						
2	ppu_public	91	14235168	111	84	42.0	stat_sample	3	03	00	E1	00	00	42.0	1	0	2	0																						
2	ppu_public	91	14235518	111	520	260.0	mode0_enter	0	03	00	E1	00	00	260.0	1	0	2	0																						
2	ppu_public	91	14235512	111	257	128.5	stat_sample	0	00	00	E1	00	00	128.5	1	0	2	0																						
2	ppu_public	91	14235912	112	0	0.0	stat_sample	2	00	00	E1	00	00	0.0	1	0	2	0																						
2	ppu_public	91	14235912	112	2	1.0	mode2_irq_prepare	0	00	00	E1	00	00	1.0	1	0	2	0																						
2	ppu_public	91	14235920	112	0	0.0	stat_sample	2	02	00	E1	00	00	0.0	1	0	2	0																						
2	ppu_public	91	14235918	112	8	4.0	mode2_enter	2	02	00	E1	00	00	4.0	1	0	2	0																						
2	ppu_public	91	14235920	112	0	0.0	stat_sample	3	02	00	E1	00	00	0.0	1	0	2	0																						
2	ppu_public	91	14236086	112	176	88.0	mode3_enter	3	02	00	E1	00	00	88.0	1	0	2	0																						
2	ppu_public	91	14236080	112	84	42.0	stat_sample	3	03	00	E1	00	00	42.0	1	0	2	0																						
2	ppu_public	91	14236430	112	520	260.0	mode0_enter	0	03	00	E1	00	00	260.0	1	0	2	0																						
2	ppu_public	91	14236424	112	257	128.5	stat_sample	0	00	00	E1	00	00	128.5	1	0	2	0																						
2	ppu_public	91	14236824	113	0	0.0	stat_sample	2	00	00	E1	00	00	0.0	1	0	2	0																						
2	ppu_public	91	14236824	113	2	1.0	mode2_irq_prepare	0	00	00	E1	00	00	1.0	1	0	2	0																						
2	ppu_public	91	14236832	113	0	0.0	stat_sample	2	02	00	E1	00	00	0.0	1	0	2	0																						
2	ppu_public	91	14236830	113	8	4.0	mode2_enter	2	02	00	E1	00	00	4.0	1	0	2	0																						
2	ppu_public	91	14236832	113	0	0.0	stat_sample	3	02	00	E1	00	00	0.0	1	0	2	0																						
2	ppu_public	91	14236998	113	176	88.0	mode3_enter	3	02	00	E1	00	00	88.0	1	0	2	0																						
2	ppu_public	91	14236992	113	84	42.0	stat_sample	3	03	00	E1	00	00	42.0	1	0	2	0																						
2	ppu_public	91	14237342	113	520	260.0	mode0_enter	0	03	00	E1	00	00	260.0	1	0	2	0																						
2	ppu_public	91	14237336	113	257	128.5	stat_sample	0	00	00	E1	00	00	128.5	1	0	2	0																						
2	ppu_public	91	14237744	114	0	0.0	stat_sample	2	00	00	E1	00	00	0.0	1	0	2	0																						
2	ppu_public	91	14237744	114	2	1.0	mode2_irq_prepare	0	00	00	E1	00	00	1.0	1	0	2	0																						
2	ppu_public	91	14237744	114	0	0.0	stat_sample	2	02	00	E1	00	00	0.0	1	0	2	0																						
2	ppu_public	91	14237750	114	8	4.0	mode2_enter	2	02	00	E1	00	00	4.0	1	0	2	0																						
2	ppu_public	91	14237744	114	0	0.0	stat_sample	3	02	00	E1	00	00	0.0	1	0	2	0																						
2	ppu_public	91	14237918	114	176	88.0	mode3_enter	3	02	00	E1	00	00	88.0	1	0	2	0																						
2	ppu_public	91	14237904	114	84	42.0	stat_sample	3	03	00	E1	00	00	42.0	1	0	2	0																						
2	ppu_public	91	14238262	114	520	260.0	mode0_enter	0	03	00	E1	00	00	260.0	1	0	2	0																						
2	ppu_public	91	14238248	114	257	128.5	stat_sample	0	00	00	E1	00	00	128.5	1	0	2	0																						
2	ppu_public	91	14238648	115	0	0.0	stat_sample	2	00	00	E1	00	00	0.0	1	0	2	0																						
2	ppu_public	91	14238648	115	2	1.0	mode2_irq_prepare	0	00	00	E1	00	00	1.0	1	0	2	0																						
2	ppu_public	91	14238656	115	0	0.0	stat_sample	2	02	00	E1	00	00	0.0	1	0	2	0																						
2	ppu_public	91	14238654	115	8	4.0	mode2_enter	2	02	00	E1	00	00	4.0	1	0	2	0																						
2	ppu_public	91	14238656	115	0	0.0	stat_sample	3	02	00	E1	00	00	0.0	1	0	2	0																						
2	ppu_public	91	14238822	115	176	88.0	mode3_enter	3	02	00	E1	00	00	88.0	1	0	2	0																						
2	ppu_public	91	14238816	115	84	42.0	stat_sample	3	03	00	E1	00	00	42.0	1	0	2	0																						
2	ppu_public	91	14239166	115	520	260.0	mode0_enter	0	03	00	E1	00	00	260.0	1	0	2	0																						
2	ppu_public	91	14239160	115	257	128.5	stat_sample	0	00	00	E1	00	00	128.5	1	0	2	0																						
2	ppu_public	91	14239560	116	0	0.0	stat_sample	2	00	00	E1	00	00	0.0	1	0	2	0																						
2	ppu_public	91	14239560	116	2	1.0	mode2_irq_prepare	0	00	00	E1	00	00	1.0	1	0	2	0																						
2	ppu_public	91	14239568	116	0	0.0	stat_sample	2	02	00	E1	00	00	0.0	1	0	2	0																						
2	ppu_public	91	14239566	116	8	4.0	mode2_enter	2	02	00	E1	00	00	4.0	1	0	2	0																						
2	ppu_public	91	14239568	116	0	0.0	stat_sample	3	02	00	E1	00	00	0.0	1	0	2	0																						
2	ppu_public	91	14239734	116	176	88.0	mode3_enter	3	02	00	E1	00	00	88.0	1	0	2	0																						
2	ppu_public	91	14239728	116	84	42.0	stat_sample	3	03	00	E1	00	00	42.0	1	0	2	0																						
2	ppu_public	91	14240078	116	520	260.0	mode0_enter	0	03	00	E1	00	00	260.0	1	0	2	0																						
2	ppu_public	91	14240072	116	257	128.5	stat_sample	0	00	00	E1	00	00	128.5	1	0	2	0																						
2	ppu_public	91	14240472	117	0	0.0	stat_sample	2	00	00	E1	00	00	0.0	1	0	2	0																						
2	ppu_public	91	14240472	117	2	1.0	mode2_irq_prepare	0	00	00	E1	00	00	1.0	1	0	2	0																						
2	ppu_public	91	14240480	117	0	0.0	stat_sample	2	02	00	E1	00	00	0.0	1	0	2	0																						
2	ppu_public	91	14240478	117	8	4.0	mode2_enter	2	02	00	E1	00	00	4.0	1	0	2	0																						
2	ppu_public	91	14240480	117	0	0.0	stat_sample	3	02	00	E1	00	00	0.0	1	0	2	0																						
2	ppu_public	91	14240646	117	176	88.0	mode3_enter	3	02	00	E1	00	00	88.0	1	0	2	0																						
2	ppu_public	91	14240640	117	84	42.0	stat_sample	3	03	00	E1	00	00	42.0	1	0	2	0																						
2	ppu_public	91	14240990	117	520	260.0	mode0_enter	0	03	00	E1	00	00	260.0	1	0	2	0																						
2	ppu_public	91	14240984	117	257	128.5	stat_sample	0	00	00	E1	00	00	128.5	1	0	2	0																						
2	ppu_public	91	14241384	118	0	0.0	stat_sample	2	00	00	E1	00	00	0.0	1	0	2	0																						
2	ppu_public	91	14241384	118	2	1.0	mode2_irq_prepare	0	00	00	E1	00	00	1.0	1	0	2	0																						
2	ppu_public	91	14241392	118	0	0.0	stat_sample	2	02	00	E1	00	00	0.0	1	0	2	0																						
2	ppu_public	91	14241390	118	8	4.0	mode2_enter	2	02	00	E1	00	00	4.0	1	0	2	0																						
2	ppu_public	91	14241392	118	0	0.0	stat_sample	3	02	00	E1	00	00	0.0	1	0	2	0																						
2	ppu_public	91	14241558	118	176	88.0	mode3_enter	3	02	00	E1	00	00	88.0	1	0	2	0																						
2	ppu_public	91	14241552	118	84	42.0	stat_sample	3	03	00	E1	00	00	42.0	1	0	2	0																						
2	ppu_public	91	14241902	118	520	260.0	mode0_enter	0	03	00	E1	00	00	260.0	1	0	2	0																						
2	ppu_public	91	14241904	118	257	128.5	stat_sample	0	00	00	E1	00	00	128.5	1	0	2	0																						
2	ppu_public	91	14242296	119	0	0.0	stat_sample	2	00	00	E1	00	00	0.0	1	0	2	0																						
2	ppu_public	91	14242296	119	2	1.0	mode2_irq_prepare	0	00	00	E1	00	00	1.0	1	0	2	0																						
2	ppu_public	91	14242304	119	0	0.0	stat_sample	2	02	00	E1	00	00	0.0	1	0	2	0																						
2	ppu_public	91	14242302	119	8	4.0	mode2_enter	2	02	00	E1	00	00	4.0	1	0	2	0																						
2	ppu_public	91	14242304	119	0	0.0	stat_sample	3	02	00	E1	00	00	0.0	1	0	2	0																						
2	ppu_public	91	14242470	119	176	88.0	mode3_enter	3	02	00	E1	00	00	88.0	1	0	2	0																						
2	ppu_public	91	14242464	119	84	42.0	stat_sample	3	03	00	E1	00	00	42.0	1	0	2	0																						
2	ppu_public	91	14242814	119	520	260.0	mode0_enter	0	03	00	E1	00	00	260.0	1	0	2	0																						
2	ppu_public	91	14242808	119	257	128.5	stat_sample	0	00	00	E1	00	00	128.5	1	0	2	0																						
2	ppu_public	91	14243208	120	0	0.0	stat_sample	2	00	00	E1	00	00	0.0	1	0	2	0																						
2	ppu_public	91	14243208	120	2	1.0	mode2_irq_prepare	0	00	00	E1	00	00	1.0	1	0	2	0																						
2	ppu_public	91	14243216	120	0	0.0	stat_sample	2	02	00	E1	00	00	0.0	1	0	2	0																						
2	ppu_public	91	14243214	120	8	4.0	mode2_enter	2	02	00	E1	00	00	4.0	1	0	2	0																						
2	ppu_public	91	14243216	120	0	0.0	stat_sample	3	02	00	E1	00	00	0.0	1	0	2	0																						
2	ppu_public	91	14243382	120	176	88.0	mode3_enter	3	02	00	E1	00	00	88.0	1	0	2	0																						
2	ppu_public	91	14243376	120	84	42.0	stat_sample	3	03	00	E1	00	00	42.0	1	0	2	0																						
2	ppu_public	91	14243726	120	520	260.0	mode0_enter	0	03	00	E1	00	00	260.0	1	0	2	0																						
2	ppu_public	91	14243720	120	257	128.5	stat_sample	0	00	00	E1	00	00	128.5	1	0	2	0																						
2	ppu_public	91	14244120	121	0	0.0	stat_sample	2	00	00	E1	00	00	0.0	1	0	2	0																						
2	ppu_public	91	14244120	121	2	1.0	mode2_irq_prepare	0	00	00	E1	00	00	1.0	1	0	2	0																						
2	ppu_public	91	14244128	121	0	0.0	stat_sample	2	02	00	E1	00	00	0.0	1	0	2	0																						
2	ppu_public	91	14244126	121	8	4.0	mode2_enter	2	02	00	E1	00	00	4.0	1	0	2	0																						
2	ppu_public	91	14244128	121	0	0.0	stat_sample	3	02	00	E1	00	00	0.0	1	0	2	0																						
2	ppu_public	91	14244294	121	176	88.0	mode3_enter	3	02	00	E1	00	00	88.0	1	0	2	0																						
2	ppu_public	91	14244296	121	84	42.0	stat_sample	3	03	00	E1	00	00	42.0	1	0	2	0																						
2	ppu_public	91	14244638	121	520	260.0	mode0_enter	0	03	00	E1	00	00	260.0	1	0	2	0																						
2	ppu_public	91	14244632	121	257	128.5	stat_sample	0	00	00	E1	00	00	128.5	1	0	2	0																						
2	ppu_public	91	14245032	122	0	0.0	stat_sample	2	00	00	E1	00	00	0.0	1	0	2	0																						
2	ppu_public	91	14245032	122	2	1.0	mode2_irq_prepare	0	00	00	E1	00	00	1.0	1	0	2	0																						
2	ppu_public	91	14245040	122	0	0.0	stat_sample	2	02	00	E1	00	00	0.0	1	0	2	0																						
2	ppu_public	91	14245038	122	8	4.0	mode2_enter	2	02	00	E1	00	00	4.0	1	0	2	0																						
2	ppu_public	91	14245040	122	0	0.0	stat_sample	3	02	00	E1	00	00	0.0	1	0	2	0																						
2	ppu_public	91	14245206	122	176	88.0	mode3_enter	3	02	00	E1	00	00	88.0	1	0	2	0																						
2	ppu_public	91	14245200	122	84	42.0	stat_sample	3	03	00	E1	00	00	42.0	1	0	2	0																						
2	ppu_public	91	14245550	122	520	260.0	mode0_enter	0	03	00	E1	00	00	260.0	1	0	2	0																						
2	ppu_public	91	14245544	122	257	128.5	stat_sample	0	00	00	E1	00	00	128.5	1	0	2	0																						
2	ppu_public	91	14245944	123	0	0.0	stat_sample	2	00	00	E1	00	00	0.0	1	0	2	0																						
2	ppu_public	91	14245944	123	2	1.0	mode2_irq_prepare	0	00	00	E1	00	00	1.0	1	0	2	0																						
2	ppu_public	91	14245960	123	0	0.0	stat_sample	2	02	00	E1	00	00	0.0	1	0	2	0																						
2	ppu_public	91	14245950	123	8	4.0	mode2_enter	2	02	00	E1	00	00	4.0	1	0	2	0																						
2	ppu_public	91	14245960	123	0	0.0	stat_sample	3	02	00	E1	00	00	0.0	1	0	2	0																						
2	ppu_public	91	14246118	123	176	88.0	mode3_enter	3	02	00	E1	00	00	88.0	1	0	2	0																						
2	ppu_public	91	14246112	123	84	42.0	stat_sample	3	03	00	E1	00	00	42.0	1	0	2	0																						
2	ppu_public	91	14246462	123	520	260.0	mode0_enter	0	03	00	E1	00	00	260.0	1	0	2	0																						
2	ppu_public	91	14246456	123	257	128.5	stat_sample	0	00	00	E1	00	00	128.5	1	0	2	0																						
2	ppu_public	91	14246856	124	0	0.0	stat_sample	2	00	00	E1	00	00	0.0	1	0	2	0																						
2	ppu_public	91	14246856	124	2	1.0	mode2_irq_prepare	0	00	00	E1	00	00	1.0	1	0	2	0																						
2	ppu_public	91	14246864	124	0	0.0	stat_sample	2	02	00	E1	00	00	0.0	1	0	2	0																						
2	ppu_public	91	14246862	124	8	4.0	mode2_enter	2	02	00	E1	00	00	4.0	1	0	2	0																						
2	ppu_public	91	14246864	124	0	0.0	stat_sample	3	02	00	E1	00	00	0.0	1	0	2	0																						
2	ppu_public	91	14247030	124	176	88.0	mode3_enter	3	02	00	E1	00	00	88.0	1	0	2	0																						
2	ppu_public	91	14247024	124	84	42.0	stat_sample	3	03	00	E1	00	00	42.0	1	0	2	0																						
2	ppu_public	91	14247374	124	520	260.0	mode0_enter	0	03	00	E1	00	00	260.0	1	0	2	0																						
2	ppu_public	91	14247368	124	257	128.5	stat_sample	0	00	00	E1	00	00	128.5	1	0	2	0																						
2	ppu_public	91	14247768	125	0	0.0	stat_sample	2	00	00	E1	00	00	0.0	1	0	2	0																						
2	ppu_public	91	14247768	125	2	1.0	mode2_irq_prepare	0	00	00	E1	00	00	1.0	1	0	2	0																						
2	ppu_public	91	14247776	125	0	0.0	stat_sample	2	02	00	E1	00	00	0.0	1	0	2	0																						
2	ppu_public	91	14247774	125	8	4.0	mode2_enter	2	02	00	E1	00	00	4.0	1	0	2	0																						
2	ppu_public	91	14247776	125	0	0.0	stat_sample	3	02	00	E1	00	00	0.0	1	0	2	0																						
2	ppu_public	91	14247942	125	176	88.0	mode3_enter	3	02	00	E1	00	00	88.0	1	0	2	0																						
2	ppu_public	91	14247936	125	84	42.0	stat_sample	3	03	00	E1	00	00	42.0	1	0	2	0																						
2	ppu_public	91	14248286	125	520	260.0	mode0_enter	0	03	00	E1	00	00	260.0	1	0	2	0																						
2	ppu_public	91	14248280	125	257	128.5	stat_sample	0	00	00	E1	00	00	128.5	1	0	2	0																						
2	ppu_public	91	14248680	126	0	0.0	stat_sample	2	00	00	E1	00	00	0.0	1	0	2	0																						
2	ppu_public	91	14248680	126	2	1.0	mode2_irq_prepare	0	00	00	E1	00	00	1.0	1	0	2	0																						
2	ppu_public	91	14248688	126	0	0.0	stat_sample	2	02	00	E1	00	00	0.0	1	0	2	0																						
2	ppu_public	91	14248686	126	8	4.0	mode2_enter	2	02	00	E1	00	00	4.0	1	0	2	0																						
2	ppu_public	91	14248688	126	0	0.0	stat_sample	3	02	00	E1	00	00	0.0	1	0	2	0																						
2	ppu_public	91	14248854	126	176	88.0	mode3_enter	3	02	00	E1	00	00	88.0	1	0	2	0																						
2	ppu_public	91	14248848	126	84	42.0	stat_sample	3	03	00	E1	00	00	42.0	1	0	2	0																						
2	ppu_public	91	14249198	126	520	260.0	mode0_enter	0	03	00	E1	00	00	260.0	1	0	2	0																						
2	ppu_public	91	14249192	126	257	128.5	stat_sample	0	00	00	E1	00	00	128.5	1	0	2	0																						
2	ppu_public	91	14249600	127	0	0.0	stat_sample	2	00	00	E1	00	00	0.0	1	0	2	0																						
2	ppu_public	91	14249600	127	2	1.0	mode2_irq_prepare	0	00	00	E1	00	00	1.0	1	0	2	0																						
2	ppu_public	91	14249600	127	0	0.0	stat_sample	2	02	00	E1	00	00	0.0	1	0	2	0																						
2	ppu_public	91	14249606	127	8	4.0	mode2_enter	2	02	00	E1	00	00	4.0	1	0	2	0																						
2	ppu_public	91	14249600	127	0	0.0	stat_sample	3	02	00	E1	00	00	0.0	1	0	2	0																						
2	ppu_public	91	14249774	127	176	88.0	mode3_enter	3	02	00	E1	00	00	88.0	1	0	2	0																						
2	ppu_public	91	14249760	127	84	42.0	stat_sample	3	03	00	E1	00	00	42.0	1	0	2	0																						
2	ppu_public	91	14250118	127	520	260.0	mode0_enter	0	03	00	E1	00	00	260.0	1	0	2	0																						
2	ppu_public	91	14250104	127	257	128.5	stat_sample	0	00	00	E1	00	00	128.5	1	0	2	0																						
2	ppu_public	91	14250504	128	0	0.0	stat_sample	2	00	00	E1	00	00	0.0	1	0	2	0																						
2	ppu_public	91	14250504	128	2	1.0	mode2_irq_prepare	0	00	00	E1	00	00	1.0	1	0	2	0																						
2	ppu_public	91	14250512	128	0	0.0	stat_sample	2	02	00	E1	00	00	0.0	1	0	2	0																						
2	ppu_public	91	14250510	128	8	4.0	mode2_enter	2	02	00	E1	00	00	4.0	1	0	2	0																						
2	ppu_public	91	14250512	128	0	0.0	stat_sample	3	02	00	E1	00	00	0.0	1	0	2	0																						
2	ppu_public	91	14250678	128	176	88.0	mode3_enter	3	02	00	E1	00	00	88.0	1	0	2	0																						
2	ppu_public	91	14250672	128	84	42.0	stat_sample	3	03	00	E1	00	00	42.0	1	0	2	0																						
2	ppu_public	91	14251022	128	520	260.0	mode0_enter	0	03	00	E1	00	00	260.0	1	0	2	0																						
2	ppu_public	91	14251016	128	257	128.5	stat_sample	0	00	00	E1	00	00	128.5	1	0	2	0																						
2	ppu_public	91	14251416	129	0	0.0	stat_sample	2	00	00	E1	00	00	0.0	1	0	2	0																						
2	ppu_public	91	14251416	129	2	1.0	mode2_irq_prepare	0	00	00	E1	00	00	1.0	1	0	2	0																						
2	ppu_public	91	14251424	129	0	0.0	stat_sample	2	02	00	E1	00	00	0.0	1	0	2	0																						
2	ppu_public	91	14251422	129	8	4.0	mode2_enter	2	02	00	E1	00	00	4.0	1	0	2	0																						
2	ppu_public	91	14251424	129	0	0.0	stat_sample	3	02	00	E1	00	00	0.0	1	0	2	0																						
2	ppu_public	91	14251590	129	176	88.0	mode3_enter	3	02	00	E1	00	00	88.0	1	0	2	0																						
2	ppu_public	91	14251584	129	84	42.0	stat_sample	3	03	00	E1	00	00	42.0	1	0	2	0																						
2	ppu_public	91	14251934	129	520	260.0	mode0_enter	0	03	00	E1	00	00	260.0	1	0	2	0																						
2	ppu_public	91	14251928	129	257	128.5	stat_sample	0	00	00	E1	00	00	128.5	1	0	2	0																						
2	ppu_public	91	14252328	130	0	0.0	stat_sample	2	00	00	E1	00	00	0.0	1	0	2	0																						
2	ppu_public	91	14252328	130	2	1.0	mode2_irq_prepare	0	00	00	E1	00	00	1.0	1	0	2	0																						
2	ppu_public	91	14252336	130	0	0.0	stat_sample	2	02	00	E1	00	00	0.0	1	0	2	0																						
2	ppu_public	91	14252334	130	8	4.0	mode2_enter	2	02	00	E1	00	00	4.0	1	0	2	0																						
2	ppu_public	91	14252336	130	0	0.0	stat_sample	3	02	00	E1	00	00	0.0	1	0	2	0																						
2	ppu_public	91	14252502	130	176	88.0	mode3_enter	3	02	00	E1	00	00	88.0	1	0	2	0																						
2	ppu_public	91	14252496	130	84	42.0	stat_sample	3	03	00	E1	00	00	42.0	1	0	2	0																						
2	ppu_public	91	14252846	130	520	260.0	mode0_enter	0	03	00	E1	00	00	260.0	1	0	2	0																						
2	ppu_public	91	14252840	130	257	128.5	stat_sample	0	00	00	E1	00	00	128.5	1	0	2	0																						
2	ppu_public	91	14253240	131	0	0.0	stat_sample	2	00	00	E1	00	00	0.0	1	0	2	0																						
2	ppu_public	91	14253240	131	2	1.0	mode2_irq_prepare	0	00	00	E1	00	00	1.0	1	0	2	0																						
2	ppu_public	91	14253248	131	0	0.0	stat_sample	2	02	00	E1	00	00	0.0	1	0	2	0																						
2	ppu_public	91	14253246	131	8	4.0	mode2_enter	2	02	00	E1	00	00	4.0	1	0	2	0																						
2	ppu_public	91	14253248	131	0	0.0	stat_sample	3	02	00	E1	00	00	0.0	1	0	2	0																						
2	ppu_public	91	14253414	131	176	88.0	mode3_enter	3	02	00	E1	00	00	88.0	1	0	2	0																						
2	ppu_public	91	14253408	131	84	42.0	stat_sample	3	03	00	E1	00	00	42.0	1	0	2	0																						
2	ppu_public	91	14253758	131	520	260.0	mode0_enter	0	03	00	E1	00	00	260.0	1	0	2	0																						
2	ppu_public	91	14253760	131	257	128.5	stat_sample	0	00	00	E1	00	00	128.5	1	0	2	0																						
2	ppu_public	91	14254152	132	0	0.0	stat_sample	2	00	00	E1	00	00	0.0	1	0	2	0																						
2	ppu_public	91	14254152	132	2	1.0	mode2_irq_prepare	0	00	00	E1	00	00	1.0	1	0	2	0																						
2	ppu_public	91	14254160	132	0	0.0	stat_sample	2	02	00	E1	00	00	0.0	1	0	2	0																						
2	ppu_public	91	14254158	132	8	4.0	mode2_enter	2	02	00	E1	00	00	4.0	1	0	2	0																						
2	ppu_public	91	14254160	132	0	0.0	stat_sample	3	02	00	E1	00	00	0.0	1	0	2	0																						
2	ppu_public	91	14254326	132	176	88.0	mode3_enter	3	02	00	E1	00	00	88.0	1	0	2	0																						
2	ppu_public	91	14254320	132	84	42.0	stat_sample	3	03	00	E1	00	00	42.0	1	0	2	0																						
2	ppu_public	91	14254670	132	520	260.0	mode0_enter	0	03	00	E1	00	00	260.0	1	0	2	0																						
2	ppu_public	91	14254664	132	257	128.5	stat_sample	0	00	00	E1	00	00	128.5	1	0	2	0																						
2	ppu_public	91	14255064	133	0	0.0	stat_sample	2	00	00	E1	00	00	0.0	1	0	2	0																						
2	ppu_public	91	14255064	133	2	1.0	mode2_irq_prepare	0	00	00	E1	00	00	1.0	1	0	2	0																						
2	ppu_public	91	14255072	133	0	0.0	stat_sample	2	02	00	E1	00	00	0.0	1	0	2	0																						
2	ppu_public	91	14255070	133	8	4.0	mode2_enter	2	02	00	E1	00	00	4.0	1	0	2	0																						
2	ppu_public	91	14255072	133	0	0.0	stat_sample	3	02	00	E1	00	00	0.0	1	0	2	0																						
2	ppu_public	91	14255238	133	176	88.0	mode3_enter	3	02	00	E1	00	00	88.0	1	0	2	0																						
2	ppu_public	91	14255232	133	84	42.0	stat_sample	3	03	00	E1	00	00	42.0	1	0	2	0																						
2	ppu_public	91	14255582	133	520	260.0	mode0_enter	0	03	00	E1	00	00	260.0	1	0	2	0																						
2	ppu_public	91	14255576	133	257	128.5	stat_sample	0	00	00	E1	00	00	128.5	1	0	2	0																						
2	ppu_public	91	14255976	134	0	0.0	stat_sample	2	00	00	E1	00	00	0.0	1	0	2	0																						
2	ppu_public	91	14255976	134	2	1.0	mode2_irq_prepare	0	00	00	E1	00	00	1.0	1	0	2	0																						
2	ppu_public	91	14255984	134	0	0.0	stat_sample	2	02	00	E1	00	00	0.0	1	0	2	0																						
2	ppu_public	91	14255982	134	8	4.0	mode2_enter	2	02	00	E1	00	00	4.0	1	0	2	0																						
2	ppu_public	91	14255984	134	0	0.0	stat_sample	3	02	00	E1	00	00	0.0	1	0	2	0																						
2	ppu_public	91	14256150	134	176	88.0	mode3_enter	3	02	00	E1	00	00	88.0	1	0	2	0																						
2	ppu_public	91	14256152	134	84	42.0	stat_sample	3	03	00	E1	00	00	42.0	1	0	2	0																						
2	ppu_public	91	14256494	134	520	260.0	mode0_enter	0	03	00	E1	00	00	260.0	1	0	2	0																						
2	ppu_public	91	14256488	134	257	128.5	stat_sample	0	00	00	E1	00	00	128.5	1	0	2	0																						
2	ppu_public	91	14256888	135	0	0.0	stat_sample	2	00	00	E1	00	00	0.0	1	0	2	0																						
2	ppu_public	91	14256888	135	2	1.0	mode2_irq_prepare	0	00	00	E1	00	00	1.0	1	0	2	0																						
2	ppu_public	91	14256896	135	0	0.0	stat_sample	2	02	00	E1	00	00	0.0	1	0	2	0																						
2	ppu_public	91	14256894	135	8	4.0	mode2_enter	2	02	00	E1	00	00	4.0	1	0	2	0																						
2	ppu_public	91	14256896	135	0	0.0	stat_sample	3	02	00	E1	00	00	0.0	1	0	2	0																						
2	ppu_public	91	14257062	135	176	88.0	mode3_enter	3	02	00	E1	00	00	88.0	1	0	2	0																						
2	ppu_public	91	14257056	135	84	42.0	stat_sample	3	03	00	E1	00	00	42.0	1	0	2	0																						
2	ppu_public	91	14257406	135	520	260.0	mode0_enter	0	03	00	E1	00	00	260.0	1	0	2	0																						
2	ppu_public	91	14257400	135	257	128.5	stat_sample	0	00	00	E1	00	00	128.5	1	0	2	0																						
2	ppu_public	91	14257800	136	0	0.0	stat_sample	2	00	00	E1	00	00	0.0	1	0	2	0																						
2	ppu_public	91	14257800	136	2	1.0	mode2_irq_prepare	0	00	00	E1	00	00	1.0	1	0	2	0																						
2	ppu_public	91	14257816	136	0	0.0	stat_sample	2	02	00	E1	00	00	0.0	1	0	2	0																						
2	ppu_public	91	14257806	136	8	4.0	mode2_enter	2	02	00	E1	00	00	4.0	1	0	2	0																						
2	ppu_public	91	14257816	136	0	0.0	stat_sample	3	02	00	E1	00	00	0.0	1	0	2	0																						
2	ppu_public	91	14257974	136	176	88.0	mode3_enter	3	02	00	E1	00	00	88.0	1	0	2	0																						
2	ppu_public	91	14257968	136	84	42.0	stat_sample	3	03	00	E1	00	00	42.0	1	0	2	0																						
2	ppu_public	91	14258318	136	520	260.0	mode0_enter	0	03	00	E1	00	00	260.0	1	0	2	0																						
2	ppu_public	91	14258312	136	257	128.5	stat_sample	0	00	00	E1	00	00	128.5	1	0	2	0																						
2	ppu_public	91	14258712	137	0	0.0	stat_sample	2	00	00	E1	00	00	0.0	1	0	2	0																						
2	ppu_public	91	14258712	137	2	1.0	mode2_irq_prepare	0	00	00	E1	00	00	1.0	1	0	2	0																						
2	ppu_public	91	14258720	137	0	0.0	stat_sample	2	02	00	E1	00	00	0.0	1	0	2	0																						
2	ppu_public	91	14258718	137	8	4.0	mode2_enter	2	02	00	E1	00	00	4.0	1	0	2	0																						
2	ppu_public	91	14258720	137	0	0.0	stat_sample	3	02	00	E1	00	00	0.0	1	0	2	0																						
2	ppu_public	91	14258886	137	176	88.0	mode3_enter	3	02	00	E1	00	00	88.0	1	0	2	0																						
2	ppu_public	91	14258880	137	84	42.0	stat_sample	3	03	00	E1	00	00	42.0	1	0	2	0																						
2	ppu_public	91	14259230	137	520	260.0	mode0_enter	0	03	00	E1	00	00	260.0	1	0	2	0																						
2	ppu_public	91	14259224	137	257	128.5	stat_sample	0	00	00	E1	00	00	128.5	1	0	2	0																						
2	ppu_public	91	14259624	138	0	0.0	stat_sample	2	00	00	E1	00	00	0.0	1	0	2	0																						
2	ppu_public	91	14259624	138	2	1.0	mode2_irq_prepare	0	00	00	E1	00	00	1.0	1	0	2	0																						
2	ppu_public	91	14259632	138	0	0.0	stat_sample	2	02	00	E1	00	00	0.0	1	0	2	0																						
2	ppu_public	91	14259630	138	8	4.0	mode2_enter	2	02	00	E1	00	00	4.0	1	0	2	0																						
2	ppu_public	91	14259632	138	0	0.0	stat_sample	3	02	00	E1	00	00	0.0	1	0	2	0																						
2	ppu_public	91	14259798	138	176	88.0	mode3_enter	3	02	00	E1	00	00	88.0	1	0	2	0																						
2	ppu_public	91	14259792	138	84	42.0	stat_sample	3	03	00	E1	00	00	42.0	1	0	2	0																						
2	ppu_public	91	14260142	138	520	260.0	mode0_enter	0	03	00	E1	00	00	260.0	1	0	2	0																						
2	ppu_public	91	14260136	138	257	128.5	stat_sample	0	00	00	E1	00	00	128.5	1	0	2	0																						
2	ppu_public	91	14260536	139	0	0.0	stat_sample	2	00	00	E1	00	00	0.0	1	0	2	0																						
2	ppu_public	91	14260536	139	2	1.0	mode2_irq_prepare	0	00	00	E1	00	00	1.0	1	0	2	0																						
2	ppu_public	91	14260544	139	0	0.0	stat_sample	2	02	00	E1	00	00	0.0	1	0	2	0																						
2	ppu_public	91	14260542	139	8	4.0	mode2_enter	2	02	00	E1	00	00	4.0	1	0	2	0																						
2	ppu_public	91	14260544	139	0	0.0	stat_sample	3	02	00	E1	00	00	0.0	1	0	2	0																						
2	ppu_public	91	14260710	139	176	88.0	mode3_enter	3	02	00	E1	00	00	88.0	1	0	2	0																						
2	ppu_public	91	14260704	139	84	42.0	stat_sample	3	03	00	E1	00	00	42.0	1	0	2	0																						
2	ppu_public	91	14261054	139	520	260.0	mode0_enter	0	03	00	E1	00	00	260.0	1	0	2	0																						
2	ppu_public	91	14261048	139	257	128.5	stat_sample	0	00	00	E1	00	00	128.5	1	0	2	0																						
2	ppu_public	91	14261456	140	0	0.0	stat_sample	2	00	00	E1	00	00	0.0	1	0	2	0																						
2	ppu_public	91	14261456	140	2	1.0	mode2_irq_prepare	0	00	00	E1	00	00	1.0	1	0	2	0																						
2	ppu_public	91	14261456	140	0	0.0	stat_sample	2	02	00	E1	00	00	0.0	1	0	2	0																						
2	ppu_public	91	14261462	140	8	4.0	mode2_enter	2	02	00	E1	00	00	4.0	1	0	2	0																						
2	ppu_public	91	14261456	140	0	0.0	stat_sample	3	02	00	E1	00	00	0.0	1	0	2	0																						
2	ppu_public	91	14261630	140	176	88.0	mode3_enter	3	02	00	E1	00	00	88.0	1	0	2	0																						
2	ppu_public	91	14261616	140	84	42.0	stat_sample	3	03	00	E1	00	00	42.0	1	0	2	0																						
2	ppu_public	91	14261974	140	520	260.0	mode0_enter	0	03	00	E1	00	00	260.0	1	0	2	0																						
2	ppu_public	91	14261960	140	257	128.5	stat_sample	0	00	00	E1	00	00	128.5	1	0	2	0																						
2	ppu_public	91	14262360	141	0	0.0	stat_sample	2	00	00	E1	00	00	0.0	1	0	2	0																						
2	ppu_public	91	14262360	141	2	1.0	mode2_irq_prepare	0	00	00	E1	00	00	1.0	1	0	2	0																						
2	ppu_public	91	14262368	141	0	0.0	stat_sample	2	02	00	E1	00	00	0.0	1	0	2	0																						
2	ppu_public	91	14262366	141	8	4.0	mode2_enter	2	02	00	E1	00	00	4.0	1	0	2	0																						
2	ppu_public	91	14262368	141	0	0.0	stat_sample	3	02	00	E1	00	00	0.0	1	0	2	0																						
2	ppu_public	91	14262534	141	176	88.0	mode3_enter	3	02	00	E1	00	00	88.0	1	0	2	0																						
2	ppu_public	91	14262528	141	84	42.0	stat_sample	3	03	00	E1	00	00	42.0	1	0	2	0																						
2	ppu_public	91	14262878	141	520	260.0	mode0_enter	0	03	00	E1	00	00	260.0	1	0	2	0																						
2	ppu_public	91	14262872	141	257	128.5	stat_sample	0	00	00	E1	00	00	128.5	1	0	2	0																						
2	ppu_public	91	14263272	142	0	0.0	stat_sample	2	00	00	E1	00	00	0.0	1	0	2	0																						
2	ppu_public	91	14263272	142	2	1.0	mode2_irq_prepare	0	00	00	E1	00	00	1.0	1	0	2	0																						
2	ppu_public	91	14263280	142	0	0.0	stat_sample	2	02	00	E1	00	00	0.0	1	0	2	0																						
2	ppu_public	91	14263278	142	8	4.0	mode2_enter	2	02	00	E1	00	00	4.0	1	0	2	0																						
2	ppu_public	91	14263280	142	0	0.0	stat_sample	3	02	00	E1	00	00	0.0	1	0	2	0																						
2	ppu_public	91	14263446	142	176	88.0	mode3_enter	3	02	00	E1	00	00	88.0	1	0	2	0																						
2	ppu_public	91	14263440	142	84	42.0	stat_sample	3	03	00	E1	00	00	42.0	1	0	2	0																						
2	ppu_public	91	14263790	142	520	260.0	mode0_enter	0	03	00	E1	00	00	260.0	1	0	2	0																						
2	ppu_public	91	14263784	142	257	128.5	stat_sample	0	00	00	E1	00	00	128.5	1	0	2	0																						
2	ppu_public	91	14264184	143	0	0.0	stat_sample	2	00	00	E1	00	00	0.0	1	0	2	0																						
2	ppu_public	91	14264184	143	2	1.0	mode2_irq_prepare	0	00	00	E1	00	00	1.0	1	0	2	0																						
2	ppu_public	91	14264192	143	0	0.0	stat_sample	2	02	00	E1	00	00	0.0	1	0	2	0																						
2	ppu_public	91	14264190	143	8	4.0	mode2_enter	2	02	00	E1	00	00	4.0	1	0	2	0																						
2	ppu_public	91	14264192	143	0	0.0	stat_sample	3	02	00	E1	00	00	0.0	1	0	2	0																						
2	ppu_public	91	14264358	143	176	88.0	mode3_enter	3	02	00	E1	00	00	88.0	1	0	2	0																						
2	ppu_public	91	14264352	143	84	42.0	stat_sample	3	03	00	E1	00	00	42.0	1	0	2	0																						
2	ppu_public	91	14264702	143	520	260.0	mode0_enter	0	03	00	E1	00	00	260.0	1	0	2	0																						
2	ppu_public	91	14264696	143	257	128.5	stat_sample	0	00	00	E1	00	00	128.5	1	0	2	0																						
2	ppu_public	91	14265096	144	0	0.0	stat_sample	0	00	00	E1	00	00	0.0	1	0	2	0																						
2	ppu_public	91	14265104	144	0	0.0	stat_sample	0	00	00	E1	00	00	0.0	1	0	2	0																						
2	ppu_public	91	14265104	144	0	0.0	stat_sample	1	01	00	E1	00	00	0.0	1	0	2	0																						
2	ppu_public	91	14264188	144	6	3.0	frame_vblank	1	01	00	E1	00	00	3.0	1	1	2	0																						
2	ppu_public	91	14264188	144	6	3.0	vblank_irq_edge	1	01	00	E1	00	00	3.0	1	1	2	0																						
2	cpu	91	14265246	0	1064	532.0	write	1	00		E1	00	00	532.0	0		2	0				FF40	01					00	00	01	00	00		DMG_LCDC	14265246	532.0				
2	cpu	91	14265360	0	1178	589.0	write	1	00		E1	00	00	589.0	0		2	0				C137	00					00	00	01	00	00		READ_OLD	14265360	589.0				
2	cpu	91	14265544	0	1362	681.0	write	1	00		E1	00	00	681.0	0		2	0				DFFD	0C					00	00	01	00	00		READ_OLD	14265544	681.0				
2	cpu	91	14265552	0	1370	685.0	write	1	00		E1	00	00	685.0	0		2	0				DFFC	50					00	00	01	00	00		READ_OLD	14265552	685.0				
2	cpu	91	14265592	0	1410	705.0	write	1	00		E1	00	00	705.0	0		2	0				DFFB	47					00	00	01	00	00		READ_OLD	14265592	705.0				
2	cpu	91	14265600	0	1418	709.0	write	1	00		E1	00	00	709.0	0		2	0				DFFA	FD					00	00	01	00	00		READ_OLD	14265600	709.0				
2	cpu	91	14265656	0	1474	737.0	write	1	00		E1	00	00	737.0	0		2	0				DFF9	49					00	00	01	00	00		READ_OLD	14265656	737.0				
2	cpu	91	14265664	0	1482	741.0	write	1	00		E1	00	00	741.0	0		2	0				DFF8	8A					00	00	01	00	00		READ_OLD	14265664	741.0				
2	cpu	91	14265688	0	1506	753.0	write	1	00		E1	00	00	753.0	0		2	0				DFF7	C1					00	00	01	00	00		READ_OLD	14265688	753.0				
2	cpu	91	14265696	0	1514	757.0	write	1	00		E1	00	00	757.0	0		2	0				DFF6	38					00	00	01	00	00		READ_OLD	14265696	757.0				
2	cpu	91	14265720	0	1538	769.0	write	1	00		E1	00	00	769.0	0		2	0				DFF5	FE					00	00	01	00	00		READ_OLD	14265720	769.0				
2	cpu	91	14265728	0	1546	773.0	write	1	00		E1	00	00	773.0	0		2	0				DFF4	00					00	00	01	00	00		READ_OLD	14265728	773.0				
2	cpu	91	14265752	0	1570	785.0	write	1	00		E1	00	00	785.0	0		2	0				DFF3	AF					00	00	01	00	00		READ_OLD	14265752	785.0				
2	cpu	91	14265760	0	1578	789.0	write	1	00		E1	00	00	789.0	0		2	0				DFF2	50					00	00	01	00	00		READ_OLD	14265760	789.0				
2	cpu	91	14265800	0	1618	809.0	write	1	00		E1	00	00	809.0	0		2	0				FE00	00					00	00	01	00	00		READ_OLD	14265800	809.0				
2	cpu	91	14265832	0	1650	825.0	write	1	00		E1	00	00	825.0	0		2	0				8000	00					00	00	01	00	00		READ_OLD	14265832	825.0				
2	cpu	91	14265944	0	1762	881.0	write	1	00		E1	00	00	881.0	0		2	0				DFF1	49					00	00	01	00	00		READ_OLD	14265944	881.0				
2	cpu	91	14265952	0	1770	885.0	write	1	00		E1	00	00	885.0	0		2	0				DFF0	A7					00	00	01	00	00		READ_OLD	14265952	885.0				
2	cpu	91	14266016	0	1834	917.0	write	1	00		E1	00	00	917.0	0		2	0				C000	3E					00	00	01	00	00		READ_OLD	14266016	917.0				
2	cpu	91	14266136	0	1954	977.0	write	1	00		E1	00	00	977.0	0		2	0				C001	81					00	00	01	00	00		READ_OLD	14266136	977.0				
2	cpu	91	14266256	0	2074	1037.0	write	1	00		E1	00	00	1037.0	0		2	0				C002	E0					00	00	01	00	00		READ_OLD	14266256	1037.0				
2	cpu	91	14266376	0	2194	1097.0	write	1	00		E1	00	00	1097.0	0		2	0				C003	40					00	00	01	00	00		READ_OLD	14266376	1097.0				
2	cpu	91	14266568	0	2386	1193.0	write	1	00		E1	00	00	1193.0	0		2	0				C004	00					00	00	01	00	00		READ_OLD	14266568	1193.0				
2	cpu	91	14266664	0	2482	1241.0	write	1	00		E1	00	00	1241.0	0		2	0				C005	00					00	00	01	00	00		READ_OLD	14266664	1241.0				
2	cpu	91	14266760	0	2578	1289.0	write	1	00		E1	00	00	1289.0	0		2	0				C006	00					00	00	01	00	00		READ_OLD	14266760	1289.0				
2	cpu	91	14266856	0	2674	1337.0	write	1	00		E1	00	00	1337.0	0		2	0				C007	00					00	00	01	00	00		READ_OLD	14266856	1337.0				
2	cpu	91	14266952	0	2770	1385.0	write	1	00		E1	00	00	1385.0	0		2	0				C008	00					00	00	01	00	00		READ_OLD	14266952	1385.0				
2	cpu	91	14267048	0	2866	1433.0	write	1	00		E1	00	00	1433.0	0		2	0				C009	00					00	00	01	00	00		READ_OLD	14267048	1433.0				
2	cpu	91	14267144	0	2962	1481.0	write	1	00		E1	00	00	1481.0	0		2	0				C00A	00					00	00	01	00	00		READ_OLD	14267144	1481.0				
2	cpu	91	14267240	0	3058	1529.0	write	1	00		E1	00	00	1529.0	0		2	0				C00B	00					00	00	01	00	00		READ_OLD	14267240	1529.0				
2	cpu	91	14267336	0	3154	1577.0	write	1	00		E1	00	00	1577.0	0		2	0				C00C	00					00	00	01	00	00		READ_OLD	14267336	1577.0				
2	cpu	91	14267432	0	3250	1625.0	write	1	00		E1	00	00	1625.0	0		2	0				C00D	00					00	00	01	00	00		READ_OLD	14267432	1625.0				
2	cpu	91	14267528	0	3346	1673.0	write	1	00		E1	00	00	1673.0	0		2	0				C00E	00					00	00	01	00	00		READ_OLD	14267528	1673.0				
2	cpu	91	14267624	0	3442	1721.0	write	1	00		E1	00	00	1721.0	0		2	0				C00F	00					00	00	01	00	00		READ_OLD	14267624	1721.0				
2	cpu	91	14267720	0	3538	1769.0	write	1	00		E1	00	00	1769.0	0		2	0				C010	00					00	00	01	00	00		READ_OLD	14267720	1769.0				
2	cpu	91	14267816	0	3634	1817.0	write	1	00		E1	00	00	1817.0	0		2	0				C011	00					00	00	01	00	00		READ_OLD	14267816	1817.0				
2	cpu	91	14267912	0	3730	1865.0	write	1	00		E1	00	00	1865.0	0		2	0				C012	00					00	00	01	00	00		READ_OLD	14267912	1865.0				
2	cpu	91	14268008	0	3826	1913.0	write	1	00		E1	00	00	1913.0	0		2	0				C013	00					00	00	01	00	00		READ_OLD	14268008	1913.0				
2	cpu	91	14268104	0	3922	1961.0	write	1	00		E1	00	00	1961.0	0		2	0				C014	00					00	00	01	00	00		READ_OLD	14268104	1961.0				
2	cpu	91	14268200	0	4018	2009.0	write	1	00		E1	00	00	2009.0	0		2	0				C015	00					00	00	01	00	00		READ_OLD	14268200	2009.0				
2	cpu	91	14268296	0	4114	2057.0	write	1	00		E1	00	00	2057.0	0		2	0				C016	00					00	00	01	00	00		READ_OLD	14268296	2057.0				
2	cpu	91	14268392	0	4210	2105.0	write	1	00		E1	00	00	2105.0	0		2	0				C017	00					00	00	01	00	00		READ_OLD	14268392	2105.0				
2	cpu	91	14268488	0	4306	2153.0	write	1	00		E1	00	00	2153.0	0		2	0				C018	00					00	00	01	00	00		READ_OLD	14268488	2153.0				
2	cpu	91	14268584	0	4402	2201.0	write	1	00		E1	00	00	2201.0	0		2	0				C019	00					00	00	01	00	00		READ_OLD	14268584	2201.0				
2	cpu	91	14268680	0	4498	2249.0	write	1	00		E1	00	00	2249.0	0		2	0				C01A	00					00	00	01	00	00		READ_OLD	14268680	2249.0				
2	cpu	91	14268776	0	4594	2297.0	write	1	00		E1	00	00	2297.0	0		2	0				C01B	00					00	00	01	00	00		READ_OLD	14268776	2297.0				
2	cpu	91	14268872	0	4690	2345.0	write	1	00		E1	00	00	2345.0	0		2	0				C01C	00					00	00	01	00	00		READ_OLD	14268872	2345.0				
2	cpu	91	14268968	0	4786	2393.0	write	1	00		E1	00	00	2393.0	0		2	0				C01D	00					00	00	01	00	00		READ_OLD	14268968	2393.0				
2	cpu	91	14269064	0	4882	2441.0	write	1	00		E1	00	00	2441.0	0		2	0				C01E	00					00	00	01	00	00		READ_OLD	14269064	2441.0				
2	cpu	91	14269160	0	4978	2489.0	write	1	00		E1	00	00	2489.0	0		2	0				C01F	00					00	00	01	00	00		READ_OLD	14269160	2489.0				
2	cpu	91	14269256	0	5074	2537.0	write	1	00		E1	00	00	2537.0	0		2	0				C020	00					00	00	01	00	00		READ_OLD	14269256	2537.0				
2	cpu	91	14269352	0	5170	2585.0	write	1	00		E1	00	00	2585.0	0		2	0				C021	00					00	00	01	00	00		READ_OLD	14269352	2585.0				
2	cpu	91	14269448	0	5266	2633.0	write	1	00		E1	00	00	2633.0	0		2	0				C022	00					00	00	01	00	00		READ_OLD	14269448	2633.0				
2	cpu	91	14269544	0	5362	2681.0	write	1	00		E1	00	00	2681.0	0		2	0				C023	00					00	00	01	00	00		READ_OLD	14269544	2681.0				
2	cpu	91	14269640	0	5458	2729.0	write	1	00		E1	00	00	2729.0	0		2	0				C024	00					00	00	01	00	00		READ_OLD	14269640	2729.0				
2	cpu	91	14269736	0	5554	2777.0	write	1	00		E1	00	00	2777.0	0		2	0				C025	00					00	00	01	00	00		READ_OLD	14269736	2777.0				
2	cpu	91	14269832	0	5650	2825.0	write	1	00		E1	00	00	2825.0	0		2	0				C026	00					00	00	01	00	00		READ_OLD	14269832	2825.0				
2	cpu	91	14269928	0	5746	2873.0	write	1	00		E1	00	00	2873.0	0		2	0				C027	00					00	00	01	00	00		READ_OLD	14269928	2873.0				
2	cpu	91	14270024	0	5842	2921.0	write	1	00		E1	00	00	2921.0	0		2	0				C028	00					00	00	01	00	00		READ_OLD	14270024	2921.0				
2	cpu	91	14270120	0	5938	2969.0	write	1	00		E1	00	00	2969.0	0		2	0				C029	00					00	00	01	00	00		READ_OLD	14270120	2969.0				
2	cpu	91	14270216	0	6034	3017.0	write	1	00		E1	00	00	3017.0	0		2	0				C02A	00					00	00	01	00	00		READ_OLD	14270216	3017.0				
2	cpu	91	14270312	0	6130	3065.0	write	1	00		E1	00	00	3065.0	0		2	0				C02B	00					00	00	01	00	00		READ_OLD	14270312	3065.0				
2	cpu	91	14270408	0	6226	3113.0	write	1	00		E1	00	00	3113.0	0		2	0				C02C	00					00	00	01	00	00		READ_OLD	14270408	3113.0				
2	cpu	91	14270504	0	6322	3161.0	write	1	00		E1	00	00	3161.0	0		2	0				C02D	00					00	00	01	00	00		READ_OLD	14270504	3161.0				
2	cpu	91	14270600	0	6418	3209.0	write	1	00		E1	00	00	3209.0	0		2	0				C02E	00					00	00	01	00	00		READ_OLD	14270600	3209.0				
2	cpu	91	14270696	0	6514	3257.0	write	1	00		E1	00	00	3257.0	0		2	0				C02F	00					00	00	01	00	00		READ_OLD	14270696	3257.0				
2	cpu	91	14270792	0	6610	3305.0	write	1	00		E1	00	00	3305.0	0		2	0				C030	00					00	00	01	00	00		READ_OLD	14270792	3305.0				
2	cpu	91	14270888	0	6706	3353.0	write	1	00		E1	00	00	3353.0	0		2	0				C031	00					00	00	01	00	00		READ_OLD	14270888	3353.0				
2	cpu	91	14270984	0	6802	3401.0	write	1	00		E1	00	00	3401.0	0		2	0				C032	00					00	00	01	00	00		READ_OLD	14270984	3401.0				
2	cpu	91	14271080	0	6898	3449.0	write	1	00		E1	00	00	3449.0	0		2	0				C033	00					00	00	01	00	00		READ_OLD	14271080	3449.0				
2	cpu	91	14271176	0	6994	3497.0	write	1	00		E1	00	00	3497.0	0		2	0				C034	00					00	00	01	00	00		READ_OLD	14271176	3497.0				
2	cpu	91	14271272	0	7090	3545.0	write	1	00		E1	00	00	3545.0	0		2	0				C035	00					00	00	01	00	00		READ_OLD	14271272	3545.0				
2	cpu	91	14271368	0	7186	3593.0	write	1	00		E1	00	00	3593.0	0		2	0				C036	00					00	00	01	00	00		READ_OLD	14271368	3593.0				
2	cpu	91	14271464	0	7282	3641.0	write	1	00		E1	00	00	3641.0	0		2	0				C037	00					00	00	01	00	00		READ_OLD	14271464	3641.0				
2	cpu	91	14271560	0	7378	3689.0	write	1	00		E1	00	00	3689.0	0		2	0				C038	00					00	00	01	00	00		READ_OLD	14271560	3689.0				
2	cpu	91	14271656	0	7474	3737.0	write	1	00		E1	00	00	3737.0	0		2	0				C039	00					00	00	01	00	00		READ_OLD	14271656	3737.0				
2	cpu	91	14271752	0	7570	3785.0	write	1	00		E1	00	00	3785.0	0		2	0				C03A	00					00	00	01	00	00		READ_OLD	14271752	3785.0				
2	cpu	91	14271848	0	7666	3833.0	write	1	00		E1	00	00	3833.0	0		2	0				C03B	00					00	00	01	00	00		READ_OLD	14271848	3833.0				
2	cpu	91	14271944	0	7762	3881.0	write	1	00		E1	00	00	3881.0	0		2	0				C03C	00					00	00	01	00	00		READ_OLD	14271944	3881.0				
2	cpu	91	14272040	0	7858	3929.0	write	1	00		E1	00	00	3929.0	0		2	0				C03D	00					00	00	01	00	00		READ_OLD	14272040	3929.0				
2	cpu	91	14272136	0	7954	3977.0	write	1	00		E1	00	00	3977.0	0		2	0				C03E	00					00	00	01	00	00		READ_OLD	14272136	3977.0				
2	cpu	91	14272232	0	8050	4025.0	write	1	00		E1	00	00	4025.0	0		2	0				C03F	00					00	00	01	00	00		READ_OLD	14272232	4025.0				
2	cpu	91	14272328	0	8146	4073.0	write	1	00		E1	00	00	4073.0	0		2	0				C040	00					00	00	01	00	00		READ_OLD	14272328	4073.0				
2	cpu	91	14272424	0	8242	4121.0	write	1	00		E1	00	00	4121.0	0		2	0				C041	00					00	00	01	00	00		READ_OLD	14272424	4121.0				
2	cpu	91	14272520	0	8338	4169.0	write	1	00		E1	00	00	4169.0	0		2	0				C042	00					00	00	01	00	00		READ_OLD	14272520	4169.0				
2	cpu	91	14272616	0	8434	4217.0	write	1	00		E1	00	00	4217.0	0		2	0				C043	00					00	00	01	00	00		READ_OLD	14272616	4217.0				
2	cpu	91	14272712	0	8530	4265.0	write	1	00		E1	00	00	4265.0	0		2	0				C044	00					00	00	01	00	00		READ_OLD	14272712	4265.0				
2	cpu	91	14272808	0	8626	4313.0	write	1	00		E1	00	00	4313.0	0		2	0				C045	00					00	00	01	00	00		READ_OLD	14272808	4313.0				
2	cpu	91	14272904	0	8722	4361.0	write	1	00		E1	00	00	4361.0	0		2	0				C046	00					00	00	01	00	00		READ_OLD	14272904	4361.0				
2	cpu	91	14273000	0	8818	4409.0	write	1	00		E1	00	00	4409.0	0		2	0				C047	00					00	00	01	00	00		READ_OLD	14273000	4409.0				
2	cpu	91	14273096	0	8914	4457.0	write	1	00		E1	00	00	4457.0	0		2	0				C048	00					00	00	01	00	00		READ_OLD	14273096	4457.0				
2	cpu	91	14273192	0	9010	4505.0	write	1	00		E1	00	00	4505.0	0		2	0				C049	00					00	00	01	00	00		READ_OLD	14273192	4505.0				
2	cpu	91	14273288	0	9106	4553.0	write	1	00		E1	00	00	4553.0	0		2	0				C04A	00					00	00	01	00	00		READ_OLD	14273288	4553.0				
2	cpu	91	14273384	0	9202	4601.0	write	1	00		E1	00	00	4601.0	0		2	0				C04B	00					00	00	01	00	00		READ_OLD	14273384	4601.0				
2	cpu	91	14273480	0	9298	4649.0	write	1	00		E1	00	00	4649.0	0		2	0				C04C	00					00	00	01	00	00		READ_OLD	14273480	4649.0				
2	cpu	91	14273576	0	9394	4697.0	write	1	00		E1	00	00	4697.0	0		2	0				C04D	00					00	00	01	00	00		READ_OLD	14273576	4697.0				
2	cpu	91	14273672	0	9490	4745.0	write	1	00		E1	00	00	4745.0	0		2	0				C04E	00					00	00	01	00	00		READ_OLD	14273672	4745.0				
2	cpu	91	14273768	0	9586	4793.0	write	1	00		E1	00	00	4793.0	0		2	0				C04F	00					00	00	01	00	00		READ_OLD	14273768	4793.0				
2	cpu	91	14273864	0	9682	4841.0	write	1	00		E1	00	00	4841.0	0		2	0				C050	00					00	00	01	00	00		READ_OLD	14273864	4841.0				
2	cpu	91	14273960	0	9778	4889.0	write	1	00		E1	00	00	4889.0	0		2	0				C051	00					00	00	01	00	00		READ_OLD	14273960	4889.0				
2	cpu	91	14274056	0	9874	4937.0	write	1	00		E1	00	00	4937.0	0		2	0				C052	00					00	00	01	00	00		READ_OLD	14274056	4937.0				
2	cpu	91	14274152	0	9970	4985.0	write	1	00		E1	00	00	4985.0	0		2	0				C053	00					00	00	01	00	00		READ_OLD	14274152	4985.0				
2	cpu	91	14274248	0	10066	5033.0	write	1	00		E1	00	00	5033.0	0		2	0				C054	00					00	00	01	00	00		READ_OLD	14274248	5033.0				
2	cpu	91	14274344	0	10162	5081.0	write	1	00		E1	00	00	5081.0	0		2	0				C055	00					00	00	01	00	00		READ_OLD	14274344	5081.0				
2	cpu	91	14274440	0	10258	5129.0	write	1	00		E1	00	00	5129.0	0		2	0				C056	00					00	00	01	00	00		READ_OLD	14274440	5129.0				
2	cpu	91	14274536	0	10354	5177.0	write	1	00		E1	00	00	5177.0	0		2	0				C057	00					00	00	01	00	00		READ_OLD	14274536	5177.0				
2	cpu	91	14274632	0	10450	5225.0	write	1	00		E1	00	00	5225.0	0		2	0				C058	00					00	00	01	00	00		READ_OLD	14274632	5225.0				
2	cpu	91	14274728	0	10546	5273.0	write	1	00		E1	00	00	5273.0	0		2	0				C059	00					00	00	01	00	00		READ_OLD	14274728	5273.0				
2	cpu	91	14274824	0	10642	5321.0	write	1	00		E1	00	00	5321.0	0		2	0				C05A	00					00	00	01	00	00		READ_OLD	14274824	5321.0				
2	cpu	91	14274920	0	10738	5369.0	write	1	00		E1	00	00	5369.0	0		2	0				C05B	00					00	00	01	00	00		READ_OLD	14274920	5369.0				
2	cpu	91	14275016	0	10834	5417.0	write	1	00		E1	00	00	5417.0	0		2	0				C05C	00					00	00	01	00	00		READ_OLD	14275016	5417.0				
2	cpu	91	14275112	0	10930	5465.0	write	1	00		E1	00	00	5465.0	0		2	0				C05D	00					00	00	01	00	00		READ_OLD	14275112	5465.0				
2	cpu	91	14275208	0	11026	5513.0	write	1	00		E1	00	00	5513.0	0		2	0				C05E	00					00	00	01	00	00		READ_OLD	14275208	5513.0				
2	cpu	91	14275304	0	11122	5561.0	write	1	00		E1	00	00	5561.0	0		2	0				C05F	00					00	00	01	00	00		READ_OLD	14275304	5561.0				
2	cpu	91	14275400	0	11218	5609.0	write	1	00		E1	00	00	5609.0	0		2	0				C060	00					00	00	01	00	00		READ_OLD	14275400	5609.0				
2	cpu	91	14275496	0	11314	5657.0	write	1	00		E1	00	00	5657.0	0		2	0				C061	00					00	00	01	00	00		READ_OLD	14275496	5657.0				
2	cpu	91	14275592	0	11410	5705.0	write	1	00		E1	00	00	5705.0	0		2	0				C062	00					00	00	01	00	00		READ_OLD	14275592	5705.0				
2	cpu	91	14275688	0	11506	5753.0	write	1	00		E1	00	00	5753.0	0		2	0				C063	00					00	00	01	00	00		READ_OLD	14275688	5753.0				
2	cpu	91	14275784	0	11602	5801.0	write	1	00		E1	00	00	5801.0	0		2	0				C064	00					00	00	01	00	00		READ_OLD	14275784	5801.0				
2	cpu	91	14275880	0	11698	5849.0	write	1	00		E1	00	00	5849.0	0		2	0				C065	00					00	00	01	00	00		READ_OLD	14275880	5849.0				
2	cpu	91	14275976	0	11794	5897.0	write	1	00		E1	00	00	5897.0	0		2	0				C066	00					00	00	01	00	00		READ_OLD	14275976	5897.0				
2	cpu	91	14276072	0	11890	5945.0	write	1	00		E1	00	00	5945.0	0		2	0				C067	00					00	00	01	00	00		READ_OLD	14276072	5945.0				
2	cpu	91	14276168	0	11986	5993.0	write	1	00		E1	00	00	5993.0	0		2	0				C068	00					00	00	01	00	00		READ_OLD	14276168	5993.0				
2	cpu	91	14276264	0	12082	6041.0	write	1	00		E1	00	00	6041.0	0		2	0				C069	00					00	00	01	00	00		READ_OLD	14276264	6041.0				
2	cpu	91	14276360	0	12178	6089.0	write	1	00		E1	00	00	6089.0	0		2	0				C06A	00					00	00	01	00	00		READ_OLD	14276360	6089.0				
2	cpu	91	14276456	0	12274	6137.0	write	1	00		E1	00	00	6137.0	0		2	0				C06B	00					00	00	01	00	00		READ_OLD	14276456	6137.0				
2	cpu	91	14276552	0	12370	6185.0	write	1	00		E1	00	00	6185.0	0		2	0				C06C	00					00	00	01	00	00		READ_OLD	14276552	6185.0				
2	cpu	91	14276648	0	12466	6233.0	write	1	00		E1	00	00	6233.0	0		2	0				C06D	00					00	00	01	00	00		READ_OLD	14276648	6233.0				
2	cpu	91	14276744	0	12562	6281.0	write	1	00		E1	00	00	6281.0	0		2	0				C06E	00					00	00	01	00	00		READ_OLD	14276744	6281.0				
2	cpu	91	14276840	0	12658	6329.0	write	1	00		E1	00	00	6329.0	0		2	0				C06F	00					00	00	01	00	00		READ_OLD	14276840	6329.0				
2	cpu	91	14276936	0	12754	6377.0	write	1	00		E1	00	00	6377.0	0		2	0				C070	00					00	00	01	00	00		READ_OLD	14276936	6377.0				
2	cpu	91	14277032	0	12850	6425.0	write	1	00		E1	00	00	6425.0	0		2	0				C071	00					00	00	01	00	00		READ_OLD	14277032	6425.0				
2	cpu	91	14277128	0	12946	6473.0	write	1	00		E1	00	00	6473.0	0		2	0				C072	00					00	00	01	00	00		READ_OLD	14277128	6473.0				
2	cpu	91	14277224	0	13042	6521.0	write	1	00		E1	00	00	6521.0	0		2	0				C073	00					00	00	01	00	00		READ_OLD	14277224	6521.0				
2	cpu	91	14277320	0	13138	6569.0	write	1	00		E1	00	00	6569.0	0		2	0				C074	00					00	00	01	00	00		READ_OLD	14277320	6569.0				
2	cpu	91	14277416	0	13234	6617.0	write	1	00		E1	00	00	6617.0	0		2	0				C075	00					00	00	01	00	00		READ_OLD	14277416	6617.0				
2	cpu	91	14277512	0	13330	6665.0	write	1	00		E1	00	00	6665.0	0		2	0				C076	00					00	00	01	00	00		READ_OLD	14277512	6665.0				
2	cpu	91	14277608	0	13426	6713.0	write	1	00		E1	00	00	6713.0	0		2	0				C077	00					00	00	01	00	00		READ_OLD	14277608	6713.0				
2	cpu	91	14277704	0	13522	6761.0	write	1	00		E1	00	00	6761.0	0		2	0				C078	00					00	00	01	00	00		READ_OLD	14277704	6761.0				
2	cpu	91	14277800	0	13618	6809.0	write	1	00		E1	00	00	6809.0	0		2	0				C079	00					00	00	01	00	00		READ_OLD	14277800	6809.0				
2	cpu	91	14277896	0	13714	6857.0	write	1	00		E1	00	00	6857.0	0		2	0				C07A	00					00	00	01	00	00		READ_OLD	14277896	6857.0				
2	cpu	91	14277992	0	13810	6905.0	write	1	00		E1	00	00	6905.0	0		2	0				C07B	00					00	00	01	00	00		READ_OLD	14277992	6905.0				
2	cpu	91	14278088	0	13906	6953.0	write	1	00		E1	00	00	6953.0	0		2	0				C07C	00					00	00	01	00	00		READ_OLD	14278088	6953.0				
2	cpu	91	14278184	0	14002	7001.0	write	1	00		E1	00	00	7001.0	0		2	0				C07D	00					00	00	01	00	00		READ_OLD	14278184	7001.0				
2	cpu	91	14278280	0	14098	7049.0	write	1	00		E1	00	00	7049.0	0		2	0				C07E	00					00	00	01	00	00		READ_OLD	14278280	7049.0				
2	cpu	91	14278376	0	14194	7097.0	write	1	00		E1	00	00	7097.0	0		2	0				C07F	00					00	00	01	00	00		READ_OLD	14278376	7097.0				
2	cpu	91	14278472	0	14290	7145.0	write	1	00		E1	00	00	7145.0	0		2	0				C080	00					00	00	01	00	00		READ_OLD	14278472	7145.0				
2	cpu	91	14278568	0	14386	7193.0	write	1	00		E1	00	00	7193.0	0		2	0				C081	00					00	00	01	00	00		READ_OLD	14278568	7193.0				
2	cpu	91	14278664	0	14482	7241.0	write	1	00		E1	00	00	7241.0	0		2	0				C082	00					00	00	01	00	00		READ_OLD	14278664	7241.0				
2	cpu	91	14278760	0	14578	7289.0	write	1	00		E1	00	00	7289.0	0		2	0				C083	00					00	00	01	00	00		READ_OLD	14278760	7289.0				
2	cpu	91	14278856	0	14674	7337.0	write	1	00		E1	00	00	7337.0	0		2	0				C084	00					00	00	01	00	00		READ_OLD	14278856	7337.0				
2	cpu	91	14278952	0	14770	7385.0	write	1	00		E1	00	00	7385.0	0		2	0				C085	00					00	00	01	00	00		READ_OLD	14278952	7385.0				
2	cpu	91	14279048	0	14866	7433.0	write	1	00		E1	00	00	7433.0	0		2	0				C086	00					00	00	01	00	00		READ_OLD	14279048	7433.0				
2	cpu	91	14279144	0	14962	7481.0	write	1	00		E1	00	00	7481.0	0		2	0				C087	00					00	00	01	00	00		READ_OLD	14279144	7481.0				
2	cpu	91	14279240	0	15058	7529.0	write	1	00		E1	00	00	7529.0	0		2	0				C088	00					00	00	01	00	00		READ_OLD	14279240	7529.0				
2	cpu	91	14279336	0	15154	7577.0	write	1	00		E1	00	00	7577.0	0		2	0				C089	00					00	00	01	00	00		READ_OLD	14279336	7577.0				
2	cpu	91	14279432	0	15250	7625.0	write	1	00		E1	00	00	7625.0	0		2	0				C08A	00					00	00	01	00	00		READ_OLD	14279432	7625.0				
2	cpu	91	14279528	0	15346	7673.0	write	1	00		E1	00	00	7673.0	0		2	0				C08B	00					00	00	01	00	00		READ_OLD	14279528	7673.0				
2	cpu	91	14279624	0	15442	7721.0	write	1	00		E1	00	00	7721.0	0		2	0				C08C	00					00	00	01	00	00		READ_OLD	14279624	7721.0				
2	cpu	91	14279720	0	15538	7769.0	write	1	00		E1	00	00	7769.0	0		2	0				C08D	00					00	00	01	00	00		READ_OLD	14279720	7769.0				
2	cpu	91	14279816	0	15634	7817.0	write	1	00		E1	00	00	7817.0	0		2	0				C08E	00					00	00	01	00	00		READ_OLD	14279816	7817.0				
2	cpu	91	14279912	0	15730	7865.0	write	1	00		E1	00	00	7865.0	0		2	0				C08F	00					00	00	01	00	00		READ_OLD	14279912	7865.0				
2	cpu	91	14280008	0	15826	7913.0	write	1	00		E1	00	00	7913.0	0		2	0				C090	00					00	00	01	00	00		READ_OLD	14280008	7913.0				
2	cpu	91	14280104	0	15922	7961.0	write	1	00		E1	00	00	7961.0	0		2	0				C091	00					00	00	01	00	00		READ_OLD	14280104	7961.0				
2	cpu	91	14280200	0	16018	8009.0	write	1	00		E1	00	00	8009.0	0		2	0				C092	00					00	00	01	00	00		READ_OLD	14280200	8009.0				
2	cpu	91	14280296	0	16114	8057.0	write	1	00		E1	00	00	8057.0	0		2	0				C093	00					00	00	01	00	00		READ_OLD	14280296	8057.0				
2	cpu	91	14280392	0	16210	8105.0	write	1	00		E1	00	00	8105.0	0		2	0				C094	00					00	00	01	00	00		READ_OLD	14280392	8105.0				
2	cpu	91	14280488	0	16306	8153.0	write	1	00		E1	00	00	8153.0	0		2	0				C095	00					00	00	01	00	00		READ_OLD	14280488	8153.0				
2	cpu	91	14280584	0	16402	8201.0	write	1	00		E1	00	00	8201.0	0		2	0				C096	00					00	00	01	00	00		READ_OLD	14280584	8201.0				
2	cpu	91	14280680	0	16498	8249.0	write	1	00		E1	00	00	8249.0	0		2	0				C097	00					00	00	01	00	00		READ_OLD	14280680	8249.0				
2	cpu	91	14280776	0	16594	8297.0	write	1	00		E1	00	00	8297.0	0		2	0				C098	00					00	00	01	00	00		READ_OLD	14280776	8297.0				
2	cpu	91	14280872	0	16690	8345.0	write	1	00		E1	00	00	8345.0	0		2	0				C099	00					00	00	01	00	00		READ_OLD	14280872	8345.0				
2	cpu	91	14280968	0	16786	8393.0	write	1	00		E1	00	00	8393.0	0		2	0				C09A	00					00	00	01	00	00		READ_OLD	14280968	8393.0				
2	cpu	91	14281064	0	16882	8441.0	write	1	00		E1	00	00	8441.0	0		2	0				C09B	00					00	00	01	00	00		READ_OLD	14281064	8441.0				
2	cpu	91	14281160	0	16978	8489.0	write	1	00		E1	00	00	8489.0	0		2	0				C09C	00					00	00	01	00	00		READ_OLD	14281160	8489.0				
2	cpu	91	14281256	0	17074	8537.0	write	1	00		E1	00	00	8537.0	0		2	0				C09D	00					00	00	01	00	00		READ_OLD	14281256	8537.0				
2	cpu	91	14281352	0	17170	8585.0	write	1	00		E1	00	00	8585.0	0		2	0				C09E	00					00	00	01	00	00		READ_OLD	14281352	8585.0				
2	cpu	91	14281448	0	17266	8633.0	write	1	00		E1	00	00	8633.0	0		2	0				C09F	00					00	00	01	00	00		READ_OLD	14281448	8633.0				
2	cpu	91	14281544	0	17362	8681.0	write	1	00		E1	00	00	8681.0	0		2	0				C0A0	00					00	00	01	00	00		READ_OLD	14281544	8681.0				
2	cpu	91	14281640	0	17458	8729.0	write	1	00		E1	00	00	8729.0	0		2	0				C0A1	00					00	00	01	00	00		READ_OLD	14281640	8729.0				
2	cpu	91	14281736	0	17554	8777.0	write	1	00		E1	00	00	8777.0	0		2	0				C0A2	00					00	00	01	00	00		READ_OLD	14281736	8777.0				
2	cpu	91	14281832	0	17650	8825.0	write	1	00		E1	00	00	8825.0	0		2	0				C0A3	00					00	00	01	00	00		READ_OLD	14281832	8825.0				
2	cpu	91	14281928	0	17746	8873.0	write	1	00		E1	00	00	8873.0	0		2	0				C0A4	00					00	00	01	00	00		READ_OLD	14281928	8873.0				
2	cpu	91	14282024	0	17842	8921.0	write	1	00		E1	00	00	8921.0	0		2	0				C0A5	00					00	00	01	00	00		READ_OLD	14282024	8921.0				
2	cpu	91	14282120	0	17938	8969.0	write	1	00		E1	00	00	8969.0	0		2	0				C0A6	00					00	00	01	00	00		READ_OLD	14282120	8969.0				
2	cpu	91	14282216	0	18034	9017.0	write	1	00		E1	00	00	9017.0	0		2	0				C0A7	00					00	00	01	00	00		READ_OLD	14282216	9017.0				
2	cpu	91	14282312	0	18130	9065.0	write	1	00		E1	00	00	9065.0	0		2	0				C0A8	00					00	00	01	00	00		READ_OLD	14282312	9065.0				
2	cpu	91	14282408	0	18226	9113.0	write	1	00		E1	00	00	9113.0	0		2	0				C0A9	00					00	00	01	00	00		READ_OLD	14282408	9113.0				
2	cpu	91	14282504	0	18322	9161.0	write	1	00		E1	00	00	9161.0	0		2	0				C0AA	00					00	00	01	00	00		READ_OLD	14282504	9161.0				
2	cpu	91	14282600	0	18418	9209.0	write	1	00		E1	00	00	9209.0	0		2	0				C0AB	00					00	00	01	00	00		READ_OLD	14282600	9209.0				
2	cpu	91	14282696	0	18514	9257.0	write	1	00		E1	00	00	9257.0	0		2	0				C0AC	00					00	00	01	00	00		READ_OLD	14282696	9257.0				
2	cpu	91	14282792	0	18610	9305.0	write	1	00		E1	00	00	9305.0	0		2	0				C0AD	00					00	00	01	00	00		READ_OLD	14282792	9305.0				
2	cpu	91	14282888	0	18706	9353.0	write	1	00		E1	00	00	9353.0	0		2	0				C0AE	00					00	00	01	00	00		READ_OLD	14282888	9353.0				
2	cpu	91	14282984	0	18802	9401.0	write	1	00		E1	00	00	9401.0	0		2	0				C0AF	00					00	00	01	00	00		READ_OLD	14282984	9401.0				
2	cpu	91	14283080	0	18898	9449.0	write	1	00		E1	00	00	9449.0	0		2	0				C0B0	00					00	00	01	00	00		READ_OLD	14283080	9449.0				
2	cpu	91	14283176	0	18994	9497.0	write	1	00		E1	00	00	9497.0	0		2	0				C0B1	00					00	00	01	00	00		READ_OLD	14283176	9497.0				
2	cpu	91	14283272	0	19090	9545.0	write	1	00		E1	00	00	9545.0	0		2	0				C0B2	00					00	00	01	00	00		READ_OLD	14283272	9545.0				
2	cpu	91	14283432	0	19250	9625.0	write	1	00		E1	00	00	9625.0	0		2	0				DFF3	49					00	00	01	00	00		READ_OLD	14283432	9625.0				
2	cpu	91	14283440	0	19258	9629.0	write	1	00		E1	00	00	9629.0	0		2	0				DFF2	BA					00	00	01	00	00		READ_OLD	14283440	9629.0				
2	cpu	91	14283504	0	19322	9661.0	write	1	00		E1	00	00	9661.0	0		2	0				C0B3	12					00	00	01	00	00		READ_OLD	14283504	9661.0				
2	cpu	91	14283624	0	19442	9721.0	write	1	00		E1	00	00	9721.0	0		2	0				C0B4	C9					00	00	01	00	00		READ_OLD	14283624	9721.0				
2	cpu	91	14283800	0	19618	9809.0	write	1	00		E1	00	00	9809.0	0		2	0				DFF5	49					00	00	01	00	00		READ_OLD	14283800	9809.0				
2	cpu	91	14283808	0	19626	9813.0	write	1	00		E1	00	00	9813.0	0		2	0				DFF4	BE					00	00	01	00	00		READ_OLD	14283808	9813.0				
2	cpu	91	14283846	0	19664	9832.0	write	1	00		E1	00	00	9832.0	1		2	0				FF40	81					00	00	81	00	00		DMG_LCDC	14283846	9832.0				
2	ppu_public	91	14283856	0	76	38.0	stat_sample	3	04	00	E1	00	00	38.0	1	0	2	0																						
2	ppu_public	91	14284008	0	78	39.0	stat_sample	3	04	00	E1	00	00	39.0	1	0	2	0																						
