schema	kind	frame	raw_tick	ly	line_tick	dot	event	mode	stat	stat_sources	if	ie	lyc	line_dot	lcd_on	irq_edge	model	double_speed	state	x	screen_x	addr	byte	raw_color	palette_kind	palette_reg	palette_value	io_scy	io_scx	io_lcdc	io_wx	io_wy	pos	conflict	write_visible_tick	write_visible_dot	state_block	vram_bank	state_len	state_data
2	cpu	90	13893432	0	99	49.5	write	3	03		E1	00	01	48.0	1		2	0				FF89	FF					00	00	81	00	00		READ_OLD	13893432	48.0				
2	ppu_public	90	13893760	0	259	129.5	stat_sample	0	00	00	E1	00	01	129.5	1	0	2	0																						
2	cpu	90	13893776	0	275	137.5	write	0	00		E1	00	01	0.0	1		2	0				FF8A	00					00	00	81	00	00		READ_OLD	13893776	0.0				
2	ppu_public	90	13894160	1	0	0.0	stat_sample	2	00	00	E1	00	01	0.0	1	0	2	0																						
2	ppu_public	90	13894160	1	2	1.0	mode2_irq_prepare	0	00	00	E1	00	01	1.0	1	0	2	0																						
2	ppu_public	90	13894168	1	0	0.0	stat_sample	2	06	00	E1	00	01	0.0	1	0	2	0																						
2	ppu_public	90	13894166	1	8	4.0	mode2_enter	2	06	00	E1	00	01	4.0	1	0	2	0																						
2	ppu_public	90	13894168	1	0	0.0	stat_sample	3	06	00	E1	00	01	0.0	1	0	2	0																						
2	ppu_public	90	13894334	1	176	88.0	mode3_enter	3	06	00	E1	00	01	88.0	1	0	2	0																						
2	cpu	90	13894176	1	18	9.0	write	3	06		E1	00	01	9.0	1		2	0				FF8B	FF					00	00	81	00	00		READ_OLD	13894176	9.0				
2	ppu_public	90	13894328	1	84	42.0	stat_sample	3	07	00	E1	00	01	42.0	1	0	2	0																						
2	ppu_public	90	13894678	1	520	260.0	mode0_enter	0	07	00	E1	00	01	260.0	1	0	2	0																						
2	cpu	90	13894336	1	89	44.5	write	3	07		E1	00	01	89.0	1		2	0				FF8C	FF					00	00	81	00	00		READ_OLD	13894336	89.0				
2	ppu_public	90	13894672	1	257	128.5	stat_sample	0	04	00	E1	00	01	128.5	1	0	2	0																						
2	cpu	90	13894688	1	273	136.5	write	0	04		E1	00	01	265.0	1		2	0				FF8D	00					00	00	81	00	00		READ_OLD	13894688	265.0				
2	ppu_public	90	13895072	2	0	0.0	stat_sample	2	00	00	E1	00	01	0.0	1	0	2	0																						
2	ppu_public	90	13895072	2	2	1.0	mode2_irq_prepare	0	00	00	E1	00	01	1.0	1	0	2	0																						
2	ppu_public	90	13895080	2	0	0.0	stat_sample	2	02	00	E1	00	01	0.0	1	0	2	0																						
2	ppu_public	90	13895078	2	8	4.0	mode2_enter	2	02	00	E1	00	01	4.0	1	0	2	0																						
2	ppu_public	90	13895080	2	0	0.0	stat_sample	3	02	00	E1	00	01	0.0	1	0	2	0																						
2	ppu_public	90	13895246	2	176	88.0	mode3_enter	3	02	00	E1	00	01	88.0	1	0	2	0																						
2	cpu	90	13895088	2	18	9.0	write	3	02		E1	00	01	9.0	1		2	0				FF8E	FF					00	00	81	00	00		READ_OLD	13895088	9.0				
2	ppu_public	90	13895240	2	84	42.0	stat_sample	3	03	00	E1	00	01	42.0	1	0	2	0																						
2	ppu_public	90	13895590	2	520	260.0	mode0_enter	0	03	00	E1	00	01	260.0	1	0	2	0																						
2	cpu	90	13895248	2	89	44.5	write	3	03		E1	00	01	89.0	1		2	0				FF8F	FF					00	00	81	00	00		READ_OLD	13895248	89.0				
2	cpu	90	13895288	2	129	64.5	write	3	03		E1	00	01	109.0	1		2	0				DFFD	49					00	00	81	00	00		READ_OLD	13895288	109.0				
2	cpu	90	13895296	2	137	68.5	write	3	03		E1	00	01	113.0	1		2	0				DFFC	D5					00	00	81	00	00		READ_OLD	13895296	113.0				
2	cpu	90	13895384	2	225	112.5	write	3	03		E1	00	01	157.0	1		2	0				DFFB	FE					00	00	81	00	00		READ_OLD	13895384	157.0				
2	cpu	90	13895392	2	233	116.5	write	3	03		E1	00	01	161.0	1		2	0				DFFA	00					00	00	81	00	00		READ_OLD	13895392	161.0				
2	cpu	90	13895448	2	289	144.5	write	3	03		E1	00	01	189.0	1		2	0				DFF9	4C					00	00	81	00	00		READ_OLD	13895448	189.0				
2	cpu	90	13895456	2	297	148.5	write	3	03		E1	00	01	193.0	1		2	0				DFF8	F7					00	00	81	00	00		READ_OLD	13895456	193.0				
2	ppu_public	90	13895584	2	257	128.5	stat_sample	0	00	00	E1	00	01	128.5	1	0	2	0																						
2	ppu_public	90	13895984	3	0	0.0	stat_sample	2	00	00	E1	00	01	0.0	1	0	2	0																						
2	ppu_public	90	13895984	3	2	1.0	mode2_irq_prepare	0	00	00	E1	00	01	1.0	1	0	2	0																						
2	ppu_public	90	13895992	3	0	0.0	stat_sample	2	02	00	E1	00	01	0.0	1	0	2	0																						
2	ppu_public	90	13895990	3	8	4.0	mode2_enter	2	02	00	E1	00	01	4.0	1	0	2	0																						
2	ppu_public	90	13895992	3	0	0.0	stat_sample	3	02	00	E1	00	01	0.0	1	0	2	0																						
2	ppu_public	90	13896158	3	176	88.0	mode3_enter	3	02	00	E1	00	01	88.0	1	0	2	0																						
2	ppu_public	90	13896152	3	84	42.0	stat_sample	3	03	00	E1	00	01	42.0	1	0	2	0																						
2	ppu_public	90	13896502	3	520	260.0	mode0_enter	0	03	00	E1	00	01	260.0	1	0	2	0																						
2	ppu_public	90	13896496	3	257	128.5	stat_sample	0	00	00	E1	00	01	128.5	1	0	2	0																						
2	ppu_public	90	13896896	4	0	0.0	stat_sample	2	00	00	E1	00	01	0.0	1	0	2	0																						
2	ppu_public	90	13896896	4	2	1.0	mode2_irq_prepare	0	00	00	E1	00	01	1.0	1	0	2	0																						
2	ppu_public	90	13896904	4	0	0.0	stat_sample	2	02	00	E1	00	01	0.0	1	0	2	0																						
2	ppu_public	90	13896902	4	8	4.0	mode2_enter	2	02	00	E1	00	01	4.0	1	0	2	0																						
2	ppu_public	90	13896904	4	0	0.0	stat_sample	3	02	00	E1	00	01	0.0	1	0	2	0																						
2	ppu_public	90	13897070	4	176	88.0	mode3_enter	3	02	00	E1	00	01	88.0	1	0	2	0																						
2	ppu_public	90	13897064	4	84	42.0	stat_sample	3	03	00	E1	00	01	42.0	1	0	2	0																						
2	ppu_public	90	13897414	4	520	260.0	mode0_enter	0	03	00	E1	00	01	260.0	1	0	2	0																						
2	ppu_public	90	13897416	4	257	128.5	stat_sample	0	00	00	E1	00	01	128.5	1	0	2	0																						
2	ppu_public	90	13897808	5	0	0.0	stat_sample	2	00	00	E1	00	01	0.0	1	0	2	0																						
2	ppu_public	90	13897808	5	2	1.0	mode2_irq_prepare	0	00	00	E1	00	01	1.0	1	0	2	0																						
2	ppu_public	90	13897816	5	0	0.0	stat_sample	2	02	00	E1	00	01	0.0	1	0	2	0																						
2	ppu_public	90	13897814	5	8	4.0	mode2_enter	2	02	00	E1	00	01	4.0	1	0	2	0																						
2	ppu_public	90	13897816	5	0	0.0	stat_sample	3	02	00	E1	00	01	0.0	1	0	2	0																						
2	ppu_public	90	13897982	5	176	88.0	mode3_enter	3	02	00	E1	00	01	88.0	1	0	2	0																						
2	ppu_public	90	13897976	5	84	42.0	stat_sample	3	03	00	E1	00	01	42.0	1	0	2	0																						
2	ppu_public	90	13898326	5	520	260.0	mode0_enter	0	03	00	E1	00	01	260.0	1	0	2	0																						
2	ppu_public	90	13898320	5	257	128.5	stat_sample	0	00	00	E1	00	01	128.5	1	0	2	0																						
2	ppu_public	90	13898720	6	0	0.0	stat_sample	2	00	00	E1	00	01	0.0	1	0	2	0																						
2	ppu_public	90	13898720	6	2	1.0	mode2_irq_prepare	0	00	00	E1	00	01	1.0	1	0	2	0																						
2	ppu_public	90	13898728	6	0	0.0	stat_sample	2	02	00	E1	00	01	0.0	1	0	2	0																						
2	ppu_public	90	13898726	6	8	4.0	mode2_enter	2	02	00	E1	00	01	4.0	1	0	2	0																						
2	ppu_public	90	13898728	6	0	0.0	stat_sample	3	02	00	E1	00	01	0.0	1	0	2	0																						
2	ppu_public	90	13898894	6	176	88.0	mode3_enter	3	02	00	E1	00	01	88.0	1	0	2	0																						
2	ppu_public	90	13898888	6	84	42.0	stat_sample	3	03	00	E1	00	01	42.0	1	0	2	0																						
2	ppu_public	90	13899238	6	520	260.0	mode0_enter	0	03	00	E1	00	01	260.0	1	0	2	0																						
2	ppu_public	90	13899232	6	257	128.5	stat_sample	0	00	00	E1	00	01	128.5	1	0	2	0																						
2	ppu_public	90	13899632	7	0	0.0	stat_sample	2	00	00	E1	00	01	0.0	1	0	2	0																						
2	ppu_public	90	13899632	7	2	1.0	mode2_irq_prepare	0	00	00	E1	00	01	1.0	1	0	2	0																						
2	ppu_public	90	13899640	7	0	0.0	stat_sample	2	02	00	E1	00	01	0.0	1	0	2	0																						
2	ppu_public	90	13899638	7	8	4.0	mode2_enter	2	02	00	E1	00	01	4.0	1	0	2	0																						
2	ppu_public	90	13899640	7	0	0.0	stat_sample	3	02	00	E1	00	01	0.0	1	0	2	0																						
2	ppu_public	90	13899806	7	176	88.0	mode3_enter	3	02	00	E1	00	01	88.0	1	0	2	0																						
2	ppu_public	90	13899808	7	84	42.0	stat_sample	3	03	00	E1	00	01	42.0	1	0	2	0																						
2	ppu_public	90	13900150	7	520	260.0	mode0_enter	0	03	00	E1	00	01	260.0	1	0	2	0																						
2	ppu_public	90	13900144	7	257	128.5	stat_sample	0	00	00	E1	00	01	128.5	1	0	2	0																						
2	ppu_public	90	13900544	8	0	0.0	stat_sample	2	00	00	E1	00	01	0.0	1	0	2	0																						
2	ppu_public	90	13900544	8	2	1.0	mode2_irq_prepare	0	00	00	E1	00	01	1.0	1	0	2	0																						
2	ppu_public	90	13900552	8	0	0.0	stat_sample	2	02	00	E1	00	01	0.0	1	0	2	0																						
2	ppu_public	90	13900550	8	8	4.0	mode2_enter	2	02	00	E1	00	01	4.0	1	0	2	0																						
2	ppu_public	90	13900552	8	0	0.0	stat_sample	3	02	00	E1	00	01	0.0	1	0	2	0																						
2	ppu_public	90	13900718	8	176	88.0	mode3_enter	3	02	00	E1	00	01	88.0	1	0	2	0																						
2	ppu_public	90	13900712	8	84	42.0	stat_sample	3	03	00	E1	00	01	42.0	1	0	2	0																						
2	ppu_public	90	13901062	8	520	260.0	mode0_enter	0	03	00	E1	00	01	260.0	1	0	2	0																						
2	ppu_public	90	13901056	8	257	128.5	stat_sample	0	00	00	E1	00	01	128.5	1	0	2	0																						
2	ppu_public	90	13901456	9	0	0.0	stat_sample	2	00	00	E1	00	01	0.0	1	0	2	0																						
2	ppu_public	90	13901456	9	2	1.0	mode2_irq_prepare	0	00	00	E1	00	01	1.0	1	0	2	0																						
2	ppu_public	90	13901472	9	0	0.0	stat_sample	2	02	00	E1	00	01	0.0	1	0	2	0																						
2	ppu_public	90	13901462	9	8	4.0	mode2_enter	2	02	00	E1	00	01	4.0	1	0	2	0																						
2	ppu_public	90	13901472	9	0	0.0	stat_sample	3	02	00	E1	00	01	0.0	1	0	2	0																						
2	ppu_public	90	13901630	9	176	88.0	mode3_enter	3	02	00	E1	00	01	88.0	1	0	2	0																						
2	ppu_public	90	13901624	9	84	42.0	stat_sample	3	03	00	E1	00	01	42.0	1	0	2	0																						
2	ppu_public	90	13901974	9	520	260.0	mode0_enter	0	03	00	E1	00	01	260.0	1	0	2	0																						
2	ppu_public	90	13901968	9	257	128.5	stat_sample	0	00	00	E1	00	01	128.5	1	0	2	0																						
2	ppu_public	90	13902368	10	0	0.0	stat_sample	2	00	00	E1	00	01	0.0	1	0	2	0																						
2	ppu_public	90	13902368	10	2	1.0	mode2_irq_prepare	0	00	00	E1	00	01	1.0	1	0	2	0																						
2	ppu_public	90	13902376	10	0	0.0	stat_sample	2	02	00	E1	00	01	0.0	1	0	2	0																						
2	ppu_public	90	13902374	10	8	4.0	mode2_enter	2	02	00	E1	00	01	4.0	1	0	2	0																						
2	ppu_public	90	13902376	10	0	0.0	stat_sample	3	02	00	E1	00	01	0.0	1	0	2	0																						
2	ppu_public	90	13902542	10	176	88.0	mode3_enter	3	02	00	E1	00	01	88.0	1	0	2	0																						
2	ppu_public	90	13902536	10	84	42.0	stat_sample	3	03	00	E1	00	01	42.0	1	0	2	0																						
2	ppu_public	90	13902886	10	520	260.0	mode0_enter	0	03	00	E1	00	01	260.0	1	0	2	0																						
2	ppu_public	90	13902880	10	257	128.5	stat_sample	0	00	00	E1	00	01	128.5	1	0	2	0																						
2	ppu_public	90	13903280	11	0	0.0	stat_sample	2	00	00	E1	00	01	0.0	1	0	2	0																						
2	ppu_public	90	13903280	11	2	1.0	mode2_irq_prepare	0	00	00	E1	00	01	1.0	1	0	2	0																						
2	ppu_public	90	13903288	11	0	0.0	stat_sample	2	02	00	E1	00	01	0.0	1	0	2	0																						
2	ppu_public	90	13903286	11	8	4.0	mode2_enter	2	02	00	E1	00	01	4.0	1	0	2	0																						
2	ppu_public	90	13903288	11	0	0.0	stat_sample	3	02	00	E1	00	01	0.0	1	0	2	0																						
2	ppu_public	90	13903454	11	176	88.0	mode3_enter	3	02	00	E1	00	01	88.0	1	0	2	0																						
2	ppu_public	90	13903448	11	84	42.0	stat_sample	3	03	00	E1	00	01	42.0	1	0	2	0																						
2	ppu_public	90	13903798	11	520	260.0	mode0_enter	0	03	00	E1	00	01	260.0	1	0	2	0																						
2	ppu_public	90	13903792	11	257	128.5	stat_sample	0	00	00	E1	00	01	128.5	1	0	2	0																						
2	ppu_public	90	13904192	12	0	0.0	stat_sample	2	00	00	E1	00	01	0.0	1	0	2	0																						
2	ppu_public	90	13904192	12	2	1.0	mode2_irq_prepare	0	00	00	E1	00	01	1.0	1	0	2	0																						
2	ppu_public	90	13904200	12	0	0.0	stat_sample	2	02	00	E1	00	01	0.0	1	0	2	0																						
2	ppu_public	90	13904198	12	8	4.0	mode2_enter	2	02	00	E1	00	01	4.0	1	0	2	0																						
2	ppu_public	90	13904200	12	0	0.0	stat_sample	3	02	00	E1	00	01	0.0	1	0	2	0																						
2	ppu_public	90	13904366	12	176	88.0	mode3_enter	3	02	00	E1	00	01	88.0	1	0	2	0																						
2	ppu_public	90	13904360	12	84	42.0	stat_sample	3	03	00	E1	00	01	42.0	1	0	2	0																						
2	ppu_public	90	13904710	12	520	260.0	mode0_enter	0	03	00	E1	00	01	260.0	1	0	2	0																						
2	ppu_public	90	13904704	12	257	128.5	stat_sample	0	00	00	E1	00	01	128.5	1	0	2	0																						
2	ppu_public	90	13905112	13	0	0.0	stat_sample	2	00	00	E1	00	01	0.0	1	0	2	0																						
2	ppu_public	90	13905112	13	2	1.0	mode2_irq_prepare	0	00	00	E1	00	01	1.0	1	0	2	0																						
2	ppu_public	90	13905112	13	0	0.0	stat_sample	2	02	00	E1	00	01	0.0	1	0	2	0																						
2	ppu_public	90	13905118	13	8	4.0	mode2_enter	2	02	00	E1	00	01	4.0	1	0	2	0																						
2	ppu_public	90	13905112	13	0	0.0	stat_sample	3	02	00	E1	00	01	0.0	1	0	2	0																						
2	ppu_public	90	13905286	13	176	88.0	mode3_enter	3	02	00	E1	00	01	88.0	1	0	2	0																						
2	ppu_public	90	13905272	13	84	42.0	stat_sample	3	03	00	E1	00	01	42.0	1	0	2	0																						
2	ppu_public	90	13905630	13	520	260.0	mode0_enter	0	03	00	E1	00	01	260.0	1	0	2	0																						
2	ppu_public	90	13905616	13	257	128.5	stat_sample	0	00	00	E1	00	01	128.5	1	0	2	0																						
2	ppu_public	90	13906016	14	0	0.0	stat_sample	2	00	00	E1	00	01	0.0	1	0	2	0																						
2	ppu_public	90	13906016	14	2	1.0	mode2_irq_prepare	0	00	00	E1	00	01	1.0	1	0	2	0																						
2	ppu_public	90	13906024	14	0	0.0	stat_sample	2	02	00	E1	00	01	0.0	1	0	2	0																						
2	ppu_public	90	13906022	14	8	4.0	mode2_enter	2	02	00	E1	00	01	4.0	1	0	2	0																						
2	ppu_public	90	13906024	14	0	0.0	stat_sample	3	02	00	E1	00	01	0.0	1	0	2	0																						
2	ppu_public	90	13906190	14	176	88.0	mode3_enter	3	02	00	E1	00	01	88.0	1	0	2	0																						
2	ppu_public	90	13906184	14	84	42.0	stat_sample	3	03	00	E1	00	01	42.0	1	0	2	0																						
2	ppu_public	90	13906534	14	520	260.0	mode0_enter	0	03	00	E1	00	01	260.0	1	0	2	0																						
2	ppu_public	90	13906528	14	257	128.5	stat_sample	0	00	00	E1	00	01	128.5	1	0	2	0																						
2	ppu_public	90	13906928	15	0	0.0	stat_sample	2	00	00	E1	00	01	0.0	1	0	2	0																						
2	ppu_public	90	13906928	15	2	1.0	mode2_irq_prepare	0	00	00	E1	00	01	1.0	1	0	2	0																						
2	ppu_public	90	13906936	15	0	0.0	stat_sample	2	02	00	E1	00	01	0.0	1	0	2	0																						
2	ppu_public	90	13906934	15	8	4.0	mode2_enter	2	02	00	E1	00	01	4.0	1	0	2	0																						
2	ppu_public	90	13906936	15	0	0.0	stat_sample	3	02	00	E1	00	01	0.0	1	0	2	0																						
2	ppu_public	90	13907102	15	176	88.0	mode3_enter	3	02	00	E1	00	01	88.0	1	0	2	0																						
2	ppu_public	90	13907096	15	84	42.0	stat_sample	3	03	00	E1	00	01	42.0	1	0	2	0																						
2	ppu_public	90	13907446	15	520	260.0	mode0_enter	0	03	00	E1	00	01	260.0	1	0	2	0																						
2	ppu_public	90	13907440	15	257	128.5	stat_sample	0	00	00	E1	00	01	128.5	1	0	2	0																						
2	ppu_public	90	13907840	16	0	0.0	stat_sample	2	00	00	E1	00	01	0.0	1	0	2	0																						
2	ppu_public	90	13907840	16	2	1.0	mode2_irq_prepare	0	00	00	E1	00	01	1.0	1	0	2	0																						
2	ppu_public	90	13907848	16	0	0.0	stat_sample	2	02	00	E1	00	01	0.0	1	0	2	0																						
2	ppu_public	90	13907846	16	8	4.0	mode2_enter	2	02	00	E1	00	01	4.0	1	0	2	0																						
2	ppu_public	90	13907848	16	0	0.0	stat_sample	3	02	00	E1	00	01	0.0	1	0	2	0																						
2	ppu_public	90	13908014	16	176	88.0	mode3_enter	3	02	00	E1	00	01	88.0	1	0	2	0																						
2	ppu_public	90	13908008	16	84	42.0	stat_sample	3	03	00	E1	00	01	42.0	1	0	2	0																						
2	ppu_public	90	13908358	16	520	260.0	mode0_enter	0	03	00	E1	00	01	260.0	1	0	2	0																						
2	ppu_public	90	13908352	16	257	128.5	stat_sample	0	00	00	E1	00	01	128.5	1	0	2	0																						
2	ppu_public	90	13908752	17	0	0.0	stat_sample	2	00	00	E1	00	01	0.0	1	0	2	0																						
2	ppu_public	90	13908752	17	2	1.0	mode2_irq_prepare	0	00	00	E1	00	01	1.0	1	0	2	0																						
2	ppu_public	90	13908760	17	0	0.0	stat_sample	2	02	00	E1	00	01	0.0	1	0	2	0																						
2	ppu_public	90	13908758	17	8	4.0	mode2_enter	2	02	00	E1	00	01	4.0	1	0	2	0																						
2	ppu_public	90	13908760	17	0	0.0	stat_sample	3	02	00	E1	00	01	0.0	1	0	2	0																						
2	ppu_public	90	13908926	17	176	88.0	mode3_enter	3	02	00	E1	00	01	88.0	1	0	2	0																						
2	ppu_public	90	13908920	17	84	42.0	stat_sample	3	03	00	E1	00	01	42.0	1	0	2	0																						
2	ppu_public	90	13909270	17	520	260.0	mode0_enter	0	03	00	E1	00	01	260.0	1	0	2	0																						
2	ppu_public	90	13909272	17	257	128.5	stat_sample	0	00	00	E1	00	01	128.5	1	0	2	0																						
2	ppu_public	90	13909664	18	0	0.0	stat_sample	2	00	00	E1	00	01	0.0	1	0	2	0																						
2	ppu_public	90	13909664	18	2	1.0	mode2_irq_prepare	0	00	00	E1	00	01	1.0	1	0	2	0																						
2	ppu_public	90	13909672	18	0	0.0	stat_sample	2	02	00	E1	00	01	0.0	1	0	2	0																						
2	ppu_public	90	13909670	18	8	4.0	mode2_enter	2	02	00	E1	00	01	4.0	1	0	2	0																						
2	ppu_public	90	13909672	18	0	0.0	stat_sample	3	02	00	E1	00	01	0.0	1	0	2	0																						
2	ppu_public	90	13909838	18	176	88.0	mode3_enter	3	02	00	E1	00	01	88.0	1	0	2	0																						
2	ppu_public	90	13909832	18	84	42.0	stat_sample	3	03	00	E1	00	01	42.0	1	0	2	0																						
2	ppu_public	90	13910182	18	520	260.0	mode0_enter	0	03	00	E1	00	01	260.0	1	0	2	0																						
2	ppu_public	90	13910176	18	257	128.5	stat_sample	0	00	00	E1	00	01	128.5	1	0	2	0																						
2	ppu_public	90	13910576	19	0	0.0	stat_sample	2	00	00	E1	00	01	0.0	1	0	2	0																						
2	ppu_public	90	13910576	19	2	1.0	mode2_irq_prepare	0	00	00	E1	00	01	1.0	1	0	2	0																						
2	ppu_public	90	13910584	19	0	0.0	stat_sample	2	02	00	E1	00	01	0.0	1	0	2	0																						
2	ppu_public	90	13910582	19	8	4.0	mode2_enter	2	02	00	E1	00	01	4.0	1	0	2	0																						
2	ppu_public	90	13910584	19	0	0.0	stat_sample	3	02	00	E1	00	01	0.0	1	0	2	0																						
2	ppu_public	90	13910750	19	176	88.0	mode3_enter	3	02	00	E1	00	01	88.0	1	0	2	0																						
2	ppu_public	90	13910744	19	84	42.0	stat_sample	3	03	00	E1	00	01	42.0	1	0	2	0																						
2	ppu_public	90	13911094	19	520	260.0	mode0_enter	0	03	00	E1	00	01	260.0	1	0	2	0																						
2	ppu_public	90	13911088	19	257	128.5	stat_sample	0	00	00	E1	00	01	128.5	1	0	2	0																						
2	ppu_public	90	13911488	20	0	0.0	stat_sample	2	00	00	E1	00	01	0.0	1	0	2	0																						
2	ppu_public	90	13911488	20	2	1.0	mode2_irq_prepare	0	00	00	E1	00	01	1.0	1	0	2	0																						
2	ppu_public	90	13911496	20	0	0.0	stat_sample	2	02	00	E1	00	01	0.0	1	0	2	0																						
2	ppu_public	90	13911494	20	8	4.0	mode2_enter	2	02	00	E1	00	01	4.0	1	0	2	0																						
2	ppu_public	90	13911496	20	0	0.0	stat_sample	3	02	00	E1	00	01	0.0	1	0	2	0																						
2	ppu_public	90	13911662	20	176	88.0	mode3_enter	3	02	00	E1	00	01	88.0	1	0	2	0																						
2	ppu_public	90	13911664	20	84	42.0	stat_sample	3	03	00	E1	00	01	42.0	1	0	2	0																						
2	ppu_public	90	13912006	20	520	260.0	mode0_enter	0	03	00	E1	00	01	260.0	1	0	2	0																						
2	ppu_public	90	13912000	20	257	128.5	stat_sample	0	00	00	E1	00	01	128.5	1	0	2	0																						
2	ppu_public	90	13912400	21	0	0.0	stat_sample	2	00	00	E1	00	01	0.0	1	0	2	0																						
2	ppu_public	90	13912400	21	2	1.0	mode2_irq_prepare	0	00	00	E1	00	01	1.0	1	0	2	0																						
2	ppu_public	90	13912408	21	0	0.0	stat_sample	2	02	00	E1	00	01	0.0	1	0	2	0																						
2	ppu_public	90	13912406	21	8	4.0	mode2_enter	2	02	00	E1	00	01	4.0	1	0	2	0																						
2	ppu_public	90	13912408	21	0	0.0	stat_sample	3	02	00	E1	00	01	0.0	1	0	2	0																						
2	ppu_public	90	13912574	21	176	88.0	mode3_enter	3	02	00	E1	00	01	88.0	1	0	2	0																						
2	ppu_public	90	13912568	21	84	42.0	stat_sample	3	03	00	E1	00	01	42.0	1	0	2	0																						
2	ppu_public	90	13912918	21	520	260.0	mode0_enter	0	03	00	E1	00	01	260.0	1	0	2	0																						
2	ppu_public	90	13912912	21	257	128.5	stat_sample	0	00	00	E1	00	01	128.5	1	0	2	0																						
2	ppu_public	90	13913312	22	0	0.0	stat_sample	2	00	00	E1	00	01	0.0	1	0	2	0																						
2	ppu_public	90	13913312	22	2	1.0	mode2_irq_prepare	0	00	00	E1	00	01	1.0	1	0	2	0																						
2	ppu_public	90	13913328	22	0	0.0	stat_sample	2	02	00	E1	00	01	0.0	1	0	2	0																						
2	ppu_public	90	13913318	22	8	4.0	mode2_enter	2	02	00	E1	00	01	4.0	1	0	2	0																						
2	ppu_public	90	13913328	22	0	0.0	stat_sample	3	02	00	E1	00	01	0.0	1	0	2	0																						
2	ppu_public	90	13913486	22	176	88.0	mode3_enter	3	02	00	E1	00	01	88.0	1	0	2	0																						
2	ppu_public	90	13913480	22	84	42.0	stat_sample	3	03	00	E1	00	01	42.0	1	0	2	0																						
2	ppu_public	90	13913830	22	520	260.0	mode0_enter	0	03	00	E1	00	01	260.0	1	0	2	0																						
2	ppu_public	90	13913824	22	257	128.5	stat_sample	0	00	00	E1	00	01	128.5	1	0	2	0																						
2	ppu_public	90	13914224	23	0	0.0	stat_sample	2	00	00	E1	00	01	0.0	1	0	2	0																						
2	ppu_public	90	13914224	23	2	1.0	mode2_irq_prepare	0	00	00	E1	00	01	1.0	1	0	2	0																						
2	ppu_public	90	13914232	23	0	0.0	stat_sample	2	02	00	E1	00	01	0.0	1	0	2	0																						
2	ppu_public	90	13914230	23	8	4.0	mode2_enter	2	02	00	E1	00	01	4.0	1	0	2	0																						
2	ppu_public	90	13914232	23	0	0.0	stat_sample	3	02	00	E1	00	01	0.0	1	0	2	0																						
2	ppu_public	90	13914398	23	176	88.0	mode3_enter	3	02	00	E1	00	01	88.0	1	0	2	0																						
2	ppu_public	90	13914392	23	84	42.0	stat_sample	3	03	00	E1	00	01	42.0	1	0	2	0																						
2	ppu_public	90	13914742	23	520	260.0	mode0_enter	0	03	00	E1	00	01	260.0	1	0	2	0																						
2	ppu_public	90	13914736	23	257	128.5	stat_sample	0	00	00	E1	00	01	128.5	1	0	2	0																						
2	ppu_public	90	13915136	24	0	0.0	stat_sample	2	00	00	E1	00	01	0.0	1	0	2	0																						
2	ppu_public	90	13915136	24	2	1.0	mode2_irq_prepare	0	00	00	E1	00	01	1.0	1	0	2	0																						
2	ppu_public	90	13915144	24	0	0.0	stat_sample	2	02	00	E1	00	01	0.0	1	0	2	0																						
2	ppu_public	90	13915142	24	8	4.0	mode2_enter	2	02	00	E1	00	01	4.0	1	0	2	0																						
2	ppu_public	90	13915144	24	0	0.0	stat_sample	3	02	00	E1	00	01	0.0	1	0	2	0																						
2	ppu_public	90	13915310	24	176	88.0	mode3_enter	3	02	00	E1	00	01	88.0	1	0	2	0																						
2	ppu_public	90	13915304	24	84	42.0	stat_sample	3	03	00	E1	00	01	42.0	1	0	2	0																						
2	ppu_public	90	13915654	24	520	260.0	mode0_enter	0	03	00	E1	00	01	260.0	1	0	2	0																						
2	ppu_public	90	13915648	24	257	128.5	stat_sample	0	00	00	E1	00	01	128.5	1	0	2	0																						
2	ppu_public	90	13916048	25	0	0.0	stat_sample	2	00	00	E1	00	01	0.0	1	0	2	0																						
2	ppu_public	90	13916048	25	2	1.0	mode2_irq_prepare	0	00	00	E1	00	01	1.0	1	0	2	0																						
2	ppu_public	90	13916056	25	0	0.0	stat_sample	2	02	00	E1	00	01	0.0	1	0	2	0																						
2	ppu_public	90	13916054	25	8	4.0	mode2_enter	2	02	00	E1	00	01	4.0	1	0	2	0																						
2	ppu_public	90	13916056	25	0	0.0	stat_sample	3	02	00	E1	00	01	0.0	1	0	2	0																						
2	ppu_public	90	13916222	25	176	88.0	mode3_enter	3	02	00	E1	00	01	88.0	1	0	2	0																						
2	ppu_public	90	13916216	25	84	42.0	stat_sample	3	03	00	E1	00	01	42.0	1	0	2	0																						
2	ppu_public	90	13916566	25	520	260.0	mode0_enter	0	03	00	E1	00	01	260.0	1	0	2	0																						
2	ppu_public	90	13916560	25	257	128.5	stat_sample	0	00	00	E1	00	01	128.5	1	0	2	0																						
2	ppu_public	90	13916968	26	0	0.0	stat_sample	2	00	00	E1	00	01	0.0	1	0	2	0																						
2	ppu_public	90	13916968	26	2	1.0	mode2_irq_prepare	0	00	00	E1	00	01	1.0	1	0	2	0																						
2	ppu_public	90	13916968	26	0	0.0	stat_sample	2	02	00	E1	00	01	0.0	1	0	2	0																						
2	ppu_public	90	13916974	26	8	4.0	mode2_enter	2	02	00	E1	00	01	4.0	1	0	2	0																						
2	ppu_public	90	13916968	26	0	0.0	stat_sample	3	02	00	E1	00	01	0.0	1	0	2	0																						
2	ppu_public	90	13917142	26	176	88.0	mode3_enter	3	02	00	E1	00	01	88.0	1	0	2	0																						
2	ppu_public	90	13917128	26	84	42.0	stat_sample	3	03	00	E1	00	01	42.0	1	0	2	0																						
2	ppu_public	90	13917486	26	520	260.0	mode0_enter	0	03	00	E1	00	01	260.0	1	0	2	0																						
2	ppu_public	90	13917472	26	257	128.5	stat_sample	0	00	00	E1	00	01	128.5	1	0	2	0																						
2	ppu_public	90	13917872	27	0	0.0	stat_sample	2	00	00	E1	00	01	0.0	1	0	2	0																						
2	ppu_public	90	13917872	27	2	1.0	mode2_irq_prepare	0	00	00	E1	00	01	1.0	1	0	2	0																						
2	ppu_public	90	13917880	27	0	0.0	stat_sample	2	02	00	E1	00	01	0.0	1	0	2	0																						
2	ppu_public	90	13917878	27	8	4.0	mode2_enter	2	02	00	E1	00	01	4.0	1	0	2	0																						
2	ppu_public	90	13917880	27	0	0.0	stat_sample	3	02	00	E1	00	01	0.0	1	0	2	0																						
2	ppu_public	90	13918046	27	176	88.0	mode3_enter	3	02	00	E1	00	01	88.0	1	0	2	0																						
2	ppu_public	90	13918040	27	84	42.0	stat_sample	3	03	00	E1	00	01	42.0	1	0	2	0																						
2	ppu_public	90	13918390	27	520	260.0	mode0_enter	0	03	00	E1	00	01	260.0	1	0	2	0																						
2	ppu_public	90	13918384	27	257	128.5	stat_sample	0	00	00	E1	00	01	128.5	1	0	2	0																						
2	ppu_public	90	13918784	28	0	0.0	stat_sample	2	00	00	E1	00	01	0.0	1	0	2	0																						
2	ppu_public	90	13918784	28	2	1.0	mode2_irq_prepare	0	00	00	E1	00	01	1.0	1	0	2	0																						
2	ppu_public	90	13918792	28	0	0.0	stat_sample	2	02	00	E1	00	01	0.0	1	0	2	0																						
2	ppu_public	90	13918790	28	8	4.0	mode2_enter	2	02	00	E1	00	01	4.0	1	0	2	0																						
2	ppu_public	90	13918792	28	0	0.0	stat_sample	3	02	00	E1	00	01	0.0	1	0	2	0																						
2	ppu_public	90	13918958	28	176	88.0	mode3_enter	3	02	00	E1	00	01	88.0	1	0	2	0																						
2	ppu_public	90	13918952	28	84	42.0	stat_sample	3	03	00	E1	00	01	42.0	1	0	2	0																						
2	ppu_public	90	13919302	28	520	260.0	mode0_enter	0	03	00	E1	00	01	260.0	1	0	2	0																						
2	ppu_public	90	13919296	28	257	128.5	stat_sample	0	00	00	E1	00	01	128.5	1	0	2	0																						
2	ppu_public	90	13919696	29	0	0.0	stat_sample	2	00	00	E1	00	01	0.0	1	0	2	0																						
2	ppu_public	90	13919696	29	2	1.0	mode2_irq_prepare	0	00	00	E1	00	01	1.0	1	0	2	0																						
2	ppu_public	90	13919704	29	0	0.0	stat_sample	2	02	00	E1	00	01	0.0	1	0	2	0																						
2	ppu_public	90	13919702	29	8	4.0	mode2_enter	2	02	00	E1	00	01	4.0	1	0	2	0																						
2	ppu_public	90	13919704	29	0	0.0	stat_sample	3	02	00	E1	00	01	0.0	1	0	2	0																						
2	ppu_public	90	13919870	29	176	88.0	mode3_enter	3	02	00	E1	00	01	88.0	1	0	2	0																						
2	ppu_public	90	13919864	29	84	42.0	stat_sample	3	03	00	E1	00	01	42.0	1	0	2	0																						
2	ppu_public	90	13920214	29	520	260.0	mode0_enter	0	03	00	E1	00	01	260.0	1	0	2	0																						
2	ppu_public	90	13920208	29	257	128.5	stat_sample	0	00	00	E1	00	01	128.5	1	0	2	0																						
2	ppu_public	90	13920608	30	0	0.0	stat_sample	2	00	00	E1	00	01	0.0	1	0	2	0																						
2	ppu_public	90	13920608	30	2	1.0	mode2_irq_prepare	0	00	00	E1	00	01	1.0	1	0	2	0																						
2	ppu_public	90	13920616	30	0	0.0	stat_sample	2	02	00	E1	00	01	0.0	1	0	2	0																						
2	ppu_public	90	13920614	30	8	4.0	mode2_enter	2	02	00	E1	00	01	4.0	1	0	2	0																						
2	ppu_public	90	13920616	30	0	0.0	stat_sample	3	02	00	E1	00	01	0.0	1	0	2	0																						
2	ppu_public	90	13920782	30	176	88.0	mode3_enter	3	02	00	E1	00	01	88.0	1	0	2	0																						
2	ppu_public	90	13920776	30	84	42.0	stat_sample	3	03	00	E1	00	01	42.0	1	0	2	0																						
2	ppu_public	90	13921126	30	520	260.0	mode0_enter	0	03	00	E1	00	01	260.0	1	0	2	0																						
2	ppu_public	90	13921128	30	257	128.5	stat_sample	0	00	00	E1	00	01	128.5	1	0	2	0																						
2	ppu_public	90	13921520	31	0	0.0	stat_sample	2	00	00	E1	00	01	0.0	1	0	2	0																						
2	ppu_public	90	13921520	31	2	1.0	mode2_irq_prepare	0	00	00	E1	00	01	1.0	1	0	2	0																						
2	ppu_public	90	13921528	31	0	0.0	stat_sample	2	02	00	E1	00	01	0.0	1	0	2	0																						
2	ppu_public	90	13921526	31	8	4.0	mode2_enter	2	02	00	E1	00	01	4.0	1	0	2	0																						
2	ppu_public	90	13921528	31	0	0.0	stat_sample	3	02	00	E1	00	01	0.0	1	0	2	0																						
2	ppu_public	90	13921694	31	176	88.0	mode3_enter	3	02	00	E1	00	01	88.0	1	0	2	0																						
2	ppu_public	90	13921688	31	84	42.0	stat_sample	3	03	00	E1	00	01	42.0	1	0	2	0																						
2	ppu_public	90	13922038	31	520	260.0	mode0_enter	0	03	00	E1	00	01	260.0	1	0	2	0																						
2	ppu_public	90	13922032	31	257	128.5	stat_sample	0	00	00	E1	00	01	128.5	1	0	2	0																						
2	ppu_public	90	13922432	32	0	0.0	stat_sample	2	00	00	E1	00	01	0.0	1	0	2	0																						
2	ppu_public	90	13922432	32	2	1.0	mode2_irq_prepare	0	00	00	E1	00	01	1.0	1	0	2	0																						
2	ppu_public	90	13922440	32	0	0.0	stat_sample	2	02	00	E1	00	01	0.0	1	0	2	0																						
2	ppu_public	90	13922438	32	8	4.0	mode2_enter	2	02	00	E1	00	01	4.0	1	0	2	0																						
2	ppu_public	90	13922440	32	0	0.0	stat_sample	3	02	00	E1	00	01	0.0	1	0	2	0																						
2	ppu_public	90	13922606	32	176	88.0	mode3_enter	3	02	00	E1	00	01	88.0	1	0	2	0																						
2	ppu_public	90	13922600	32	84	42.0	stat_sample	3	03	00	E1	00	01	42.0	1	0	2	0																						
2	ppu_public	90	13922950	32	520	260.0	mode0_enter	0	03	00	E1	00	01	260.0	1	0	2	0																						
2	ppu_public	90	13922944	32	257	128.5	stat_sample	0	00	00	E1	00	01	128.5	1	0	2	0																						
2	ppu_public	90	13923344	33	0	0.0	stat_sample	2	00	00	E1	00	01	0.0	1	0	2	0																						
2	ppu_public	90	13923344	33	2	1.0	mode2_irq_prepare	0	00	00	E1	00	01	1.0	1	0	2	0																						
2	ppu_public	90	13923352	33	0	0.0	stat_sample	2	02	00	E1	00	01	0.0	1	0	2	0																						
2	ppu_public	90	13923350	33	8	4.0	mode2_enter	2	02	00	E1	00	01	4.0	1	0	2	0																						
2	ppu_public	90	13923352	33	0	0.0	stat_sample	3	02	00	E1	00	01	0.0	1	0	2	0																						
2	ppu_public	90	13923518	33	176	88.0	mode3_enter	3	02	00	E1	00	01	88.0	1	0	2	0																						
2	ppu_public	90	13923520	33	84	42.0	stat_sample	3	03	00	E1	00	01	42.0	1	0	2	0																						
2	ppu_public	90	13923862	33	520	260.0	mode0_enter	0	03	00	E1	00	01	260.0	1	0	2	0																						
2	ppu_public	90	13923856	33	257	128.5	stat_sample	0	00	00	E1	00	01	128.5	1	0	2	0																						
2	ppu_public	90	13924256	34	0	0.0	stat_sample	2	00	00	E1	00	01	0.0	1	0	2	0																						
2	ppu_public	90	13924256	34	2	1.0	mode2_irq_prepare	0	00	00	E1	00	01	1.0	1	0	2	0																						
2	ppu_public	90	13924264	34	0	0.0	stat_sample	2	02	00	E1	00	01	0.0	1	0	2	0																						
2	ppu_public	90	13924262	34	8	4.0	mode2_enter	2	02	00	E1	00	01	4.0	1	0	2	0																						
2	ppu_public	90	13924264	34	0	0.0	stat_sample	3	02	00	E1	00	01	0.0	1	0	2	0																						
2	ppu_public	90	13924430	34	176	88.0	mode3_enter	3	02	00	E1	00	01	88.0	1	0	2	0																						
2	ppu_public	90	13924424	34	84	42.0	stat_sample	3	03	00	E1	00	01	42.0	1	0	2	0																						
2	ppu_public	90	13924774	34	520	260.0	mode0_enter	0	03	00	E1	00	01	260.0	1	0	2	0																						
2	ppu_public	90	13924768	34	257	128.5	stat_sample	0	00	00	E1	00	01	128.5	1	0	2	0																						
2	ppu_public	90	13925168	35	0	0.0	stat_sample	2	00	00	E1	00	01	0.0	1	0	2	0																						
2	ppu_public	90	13925168	35	2	1.0	mode2_irq_prepare	0	00	00	E1	00	01	1.0	1	0	2	0																						
2	ppu_public	90	13925184	35	0	0.0	stat_sample	2	02	00	E1	00	01	0.0	1	0	2	0																						
2	ppu_public	90	13925174	35	8	4.0	mode2_enter	2	02	00	E1	00	01	4.0	1	0	2	0																						
2	ppu_public	90	13925184	35	0	0.0	stat_sample	3	02	00	E1	00	01	0.0	1	0	2	0																						
2	ppu_public	90	13925342	35	176	88.0	mode3_enter	3	02	00	E1	00	01	88.0	1	0	2	0																						
2	ppu_public	90	13925336	35	84	42.0	stat_sample	3	03	00	E1	00	01	42.0	1	0	2	0																						
2	ppu_public	90	13925686	35	520	260.0	mode0_enter	0	03	00	E1	00	01	260.0	1	0	2	0																						
2	ppu_public	90	13925680	35	257	128.5	stat_sample	0	00	00	E1	00	01	128.5	1	0	2	0																						
2	ppu_public	90	13926080	36	0	0.0	stat_sample	2	00	00	E1	00	01	0.0	1	0	2	0																						
2	ppu_public	90	13926080	36	2	1.0	mode2_irq_prepare	0	00	00	E1	00	01	1.0	1	0	2	0																						
2	ppu_public	90	13926088	36	0	0.0	stat_sample	2	02	00	E1	00	01	0.0	1	0	2	0																						
2	ppu_public	90	13926086	36	8	4.0	mode2_enter	2	02	00	E1	00	01	4.0	1	0	2	0																						
2	ppu_public	90	13926088	36	0	0.0	stat_sample	3	02	00	E1	00	01	0.0	1	0	2	0																						
2	ppu_public	90	13926254	36	176	88.0	mode3_enter	3	02	00	E1	00	01	88.0	1	0	2	0																						
2	ppu_public	90	13926248	36	84	42.0	stat_sample	3	03	00	E1	00	01	42.0	1	0	2	0																						
2	ppu_public	90	13926598	36	520	260.0	mode0_enter	0	03	00	E1	00	01	260.0	1	0	2	0																						
2	ppu_public	90	13926592	36	257	128.5	stat_sample	0	00	00	E1	00	01	128.5	1	0	2	0																						
2	ppu_public	90	13926992	37	0	0.0	stat_sample	2	00	00	E1	00	01	0.0	1	0	2	0																						
2	ppu_public	90	13926992	37	2	1.0	mode2_irq_prepare	0	00	00	E1	00	01	1.0	1	0	2	0																						
2	ppu_public	90	13927000	37	0	0.0	stat_sample	2	02	00	E1	00	01	0.0	1	0	2	0																						
2	ppu_public	90	13926998	37	8	4.0	mode2_enter	2	02	00	E1	00	01	4.0	1	0	2	0																						
2	ppu_public	90	13927000	37	0	0.0	stat_sample	3	02	00	E1	00	01	0.0	1	0	2	0																						
2	ppu_public	90	13927166	37	176	88.0	mode3_enter	3	02	00	E1	00	01	88.0	1	0	2	0																						
2	ppu_public	90	13927160	37	84	42.0	stat_sample	3	03	00	E1	00	01	42.0	1	0	2	0																						
2	ppu_public	90	13927510	37	520	260.0	mode0_enter	0	03	00	E1	00	01	260.0	1	0	2	0																						
2	ppu_public	90	13927504	37	257	128.5	stat_sample	0	00	00	E1	00	01	128.5	1	0	2	0																						
2	ppu_public	90	13927904	38	0	0.0	stat_sample	2	00	00	E1	00	01	0.0	1	0	2	0																						
2	ppu_public	90	13927904	38	2	1.0	mode2_irq_prepare	0	00	00	E1	00	01	1.0	1	0	2	0																						
2	ppu_public	90	13927912	38	0	0.0	stat_sample	2	02	00	E1	00	01	0.0	1	0	2	0																						
2	ppu_public	90	13927910	38	8	4.0	mode2_enter	2	02	00	E1	00	01	4.0	1	0	2	0																						
2	ppu_public	90	13927912	38	0	0.0	stat_sample	3	02	00	E1	00	01	0.0	1	0	2	0																						
2	ppu_public	90	13928078	38	176	88.0	mode3_enter	3	02	00	E1	00	01	88.0	1	0	2	0																						
2	ppu_public	90	13928072	38	84	42.0	stat_sample	3	03	00	E1	00	01	42.0	1	0	2	0																						
2	ppu_public	90	13928422	38	520	260.0	mode0_enter	0	03	00	E1	00	01	260.0	1	0	2	0																						
2	ppu_public	90	13928416	38	257	128.5	stat_sample	0	00	00	E1	00	01	128.5	1	0	2	0																						
2	ppu_public	90	13928824	39	0	0.0	stat_sample	2	00	00	E1	00	01	0.0	1	0	2	0																						
2	ppu_public	90	13928824	39	2	1.0	mode2_irq_prepare	0	00	00	E1	00	01	1.0	1	0	2	0																						
2	ppu_public	90	13928824	39	0	0.0	stat_sample	2	02	00	E1	00	01	0.0	1	0	2	0																						
2	ppu_public	90	13928830	39	8	4.0	mode2_enter	2	02	00	E1	00	01	4.0	1	0	2	0																						
2	ppu_public	90	13928824	39	0	0.0	stat_sample	3	02	00	E1	00	01	0.0	1	0	2	0																						
2	ppu_public	90	13928998	39	176	88.0	mode3_enter	3	02	00	E1	00	01	88.0	1	0	2	0																						
2	ppu_public	90	13928984	39	84	42.0	stat_sample	3	03	00	E1	00	01	42.0	1	0	2	0																						
2	ppu_public	90	13929342	39	520	260.0	mode0_enter	0	03	00	E1	00	01	260.0	1	0	2	0																						
2	ppu_public	90	13929328	39	257	128.5	stat_sample	0	00	00	E1	00	01	128.5	1	0	2	0																						
2	ppu_public	90	13929728	40	0	0.0	stat_sample	2	00	00	E1	00	01	0.0	1	0	2	0																						
2	ppu_public	90	13929728	40	2	1.0	mode2_irq_prepare	0	00	00	E1	00	01	1.0	1	0	2	0																						
2	ppu_public	90	13929736	40	0	0.0	stat_sample	2	02	00	E1	00	01	0.0	1	0	2	0																						
2	ppu_public	90	13929734	40	8	4.0	mode2_enter	2	02	00	E1	00	01	4.0	1	0	2	0																						
2	ppu_public	90	13929736	40	0	0.0	stat_sample	3	02	00	E1	00	01	0.0	1	0	2	0																						
2	ppu_public	90	13929902	40	176	88.0	mode3_enter	3	02	00	E1	00	01	88.0	1	0	2	0																						
2	ppu_public	90	13929896	40	84	42.0	stat_sample	3	03	00	E1	00	01	42.0	1	0	2	0																						
2	ppu_public	90	13930246	40	520	260.0	mode0_enter	0	03	00	E1	00	01	260.0	1	0	2	0																						
2	ppu_public	90	13930240	40	257	128.5	stat_sample	0	00	00	E1	00	01	128.5	1	0	2	0																						
2	ppu_public	90	13930640	41	0	0.0	stat_sample	2	00	00	E1	00	01	0.0	1	0	2	0																						
2	ppu_public	90	13930640	41	2	1.0	mode2_irq_prepare	0	00	00	E1	00	01	1.0	1	0	2	0																						
2	ppu_public	90	13930648	41	0	0.0	stat_sample	2	02	00	E1	00	01	0.0	1	0	2	0																						
2	ppu_public	90	13930646	41	8	4.0	mode2_enter	2	02	00	E1	00	01	4.0	1	0	2	0																						
2	ppu_public	90	13930648	41	0	0.0	stat_sample	3	02	00	E1	00	01	0.0	1	0	2	0																						
2	ppu_public	90	13930814	41	176	88.0	mode3_enter	3	02	00	E1	00	01	88.0	1	0	2	0																						
2	ppu_public	90	13930808	41	84	42.0	stat_sample	3	03	00	E1	00	01	42.0	1	0	2	0																						
2	ppu_public	90	13931158	41	520	260.0	mode0_enter	0	03	00	E1	00	01	260.0	1	0	2	0																						
2	ppu_public	90	13931152	41	257	128.5	stat_sample	0	00	00	E1	00	01	128.5	1	0	2	0																						
2	ppu_public	90	13931552	42	0	0.0	stat_sample	2	00	00	E1	00	01	0.0	1	0	2	0																						
2	ppu_public	90	13931552	42	2	1.0	mode2_irq_prepare	0	00	00	E1	00	01	1.0	1	0	2	0																						
2	ppu_public	90	13931560	42	0	0.0	stat_sample	2	02	00	E1	00	01	0.0	1	0	2	0																						
2	ppu_public	90	13931558	42	8	4.0	mode2_enter	2	02	00	E1	00	01	4.0	1	0	2	0																						
2	ppu_public	90	13931560	42	0	0.0	stat_sample	3	02	00	E1	00	01	0.0	1	0	2	0																						
2	ppu_public	90	13931726	42	176	88.0	mode3_enter	3	02	00	E1	00	01	88.0	1	0	2	0																						
2	ppu_public	90	13931720	42	84	42.0	stat_sample	3	03	00	E1	00	01	42.0	1	0	2	0																						
2	ppu_public	90	13932070	42	520	260.0	mode0_enter	0	03	00	E1	00	01	260.0	1	0	2	0																						
2	ppu_public	90	13932064	42	257	128.5	stat_sample	0	00	00	E1	00	01	128.5	1	0	2	0																						
2	ppu_public	90	13932464	43	0	0.0	stat_sample	2	00	00	E1	00	01	0.0	1	0	2	0																						
2	ppu_public	90	13932464	43	2	1.0	mode2_irq_prepare	0	00	00	E1	00	01	1.0	1	0	2	0																						
2	ppu_public	90	13932472	43	0	0.0	stat_sample	2	02	00	E1	00	01	0.0	1	0	2	0																						
2	ppu_public	90	13932470	43	8	4.0	mode2_enter	2	02	00	E1	00	01	4.0	1	0	2	0																						
2	ppu_public	90	13932472	43	0	0.0	stat_sample	3	02	00	E1	00	01	0.0	1	0	2	0																						
2	ppu_public	90	13932638	43	176	88.0	mode3_enter	3	02	00	E1	00	01	88.0	1	0	2	0																						
2	ppu_public	90	13932632	43	84	42.0	stat_sample	3	03	00	E1	00	01	42.0	1	0	2	0																						
2	ppu_public	90	13932982	43	520	260.0	mode0_enter	0	03	00	E1	00	01	260.0	1	0	2	0																						
2	ppu_public	90	13932984	43	257	128.5	stat_sample	0	00	00	E1	00	01	128.5	1	0	2	0																						
2	ppu_public	90	13933376	44	0	0.0	stat_sample	2	00	00	E1	00	01	0.0	1	0	2	0																						
2	ppu_public	90	13933376	44	2	1.0	mode2_irq_prepare	0	00	00	E1	00	01	1.0	1	0	2	0																						
2	ppu_public	90	13933384	44	0	0.0	stat_sample	2	02	00	E1	00	01	0.0	1	0	2	0																						
2	ppu_public	90	13933382	44	8	4.0	mode2_enter	2	02	00	E1	00	01	4.0	1	0	2	0																						
2	ppu_public	90	13933384	44	0	0.0	stat_sample	3	02	00	E1	00	01	0.0	1	0	2	0																						
2	ppu_public	90	13933550	44	176	88.0	mode3_enter	3	02	00	E1	00	01	88.0	1	0	2	0																						
2	ppu_public	90	13933544	44	84	42.0	stat_sample	3	03	00	E1	00	01	42.0	1	0	2	0																						
2	ppu_public	90	13933894	44	520	260.0	mode0_enter	0	03	00	E1	00	01	260.0	1	0	2	0																						
2	ppu_public	90	13933888	44	257	128.5	stat_sample	0	00	00	E1	00	01	128.5	1	0	2	0																						
2	ppu_public	90	13934288	45	0	0.0	stat_sample	2	00	00	E1	00	01	0.0	1	0	2	0																						
2	ppu_public	90	13934288	45	2	1.0	mode2_irq_prepare	0	00	00	E1	00	01	1.0	1	0	2	0																						
2	ppu_public	90	13934296	45	0	0.0	stat_sample	2	02	00	E1	00	01	0.0	1	0	2	0																						
2	ppu_public	90	13934294	45	8	4.0	mode2_enter	2	02	00	E1	00	01	4.0	1	0	2	0																						
2	ppu_public	90	13934296	45	0	0.0	stat_sample	3	02	00	E1	00	01	0.0	1	0	2	0																						
2	ppu_public	90	13934462	45	176	88.0	mode3_enter	3	02	00	E1	00	01	88.0	1	0	2	0																						
2	ppu_public	90	13934456	45	84	42.0	stat_sample	3	03	00	E1	00	01	42.0	1	0	2	0																						
2	ppu_public	90	13934806	45	520	260.0	mode0_enter	0	03	00	E1	00	01	260.0	1	0	2	0																						
2	ppu_public	90	13934800	45	257	128.5	stat_sample	0	00	00	E1	00	01	128.5	1	0	2	0																						
2	ppu_public	90	13935200	46	0	0.0	stat_sample	2	00	00	E1	00	01	0.0	1	0	2	0																						
2	ppu_public	90	13935200	46	2	1.0	mode2_irq_prepare	0	00	00	E1	00	01	1.0	1	0	2	0																						
2	ppu_public	90	13935208	46	0	0.0	stat_sample	2	02	00	E1	00	01	0.0	1	0	2	0																						
2	ppu_public	90	13935206	46	8	4.0	mode2_enter	2	02	00	E1	00	01	4.0	1	0	2	0																						
2	ppu_public	90	13935208	46	0	0.0	stat_sample	3	02	00	E1	00	01	0.0	1	0	2	0																						
2	ppu_public	90	13935374	46	176	88.0	mode3_enter	3	02	00	E1	00	01	88.0	1	0	2	0																						
2	ppu_public	90	13935376	46	84	42.0	stat_sample	3	03	00	E1	00	01	42.0	1	0	2	0																						
2	ppu_public	90	13935718	46	520	260.0	mode0_enter	0	03	00	E1	00	01	260.0	1	0	2	0																						
2	ppu_public	90	13935712	46	257	128.5	stat_sample	0	00	00	E1	00	01	128.5	1	0	2	0																						
2	ppu_public	90	13936112	47	0	0.0	stat_sample	2	00	00	E1	00	01	0.0	1	0	2	0																						
2	ppu_public	90	13936112	47	2	1.0	mode2_irq_prepare	0	00	00	E1	00	01	1.0	1	0	2	0																						
2	ppu_public	90	13936120	47	0	0.0	stat_sample	2	02	00	E1	00	01	0.0	1	0	2	0																						
2	ppu_public	90	13936118	47	8	4.0	mode2_enter	2	02	00	E1	00	01	4.0	1	0	2	0																						
2	ppu_public	90	13936120	47	0	0.0	stat_sample	3	02	00	E1	00	01	0.0	1	0	2	0																						
2	ppu_public	90	13936286	47	176	88.0	mode3_enter	3	02	00	E1	00	01	88.0	1	0	2	0																						
2	ppu_public	90	13936280	47	84	42.0	stat_sample	3	03	00	E1	00	01	42.0	1	0	2	0																						
2	ppu_public	90	13936630	47	520	260.0	mode0_enter	0	03	00	E1	00	01	260.0	1	0	2	0																						
2	ppu_public	90	13936624	47	257	128.5	stat_sample	0	00	00	E1	00	01	128.5	1	0	2	0																						
2	ppu_public	90	13937024	48	0	0.0	stat_sample	2	00	00	E1	00	01	0.0	1	0	2	0																						
2	ppu_public	90	13937024	48	2	1.0	mode2_irq_prepare	0	00	00	E1	00	01	1.0	1	0	2	0																						
2	ppu_public	90	13937040	48	0	0.0	stat_sample	2	02	00	E1	00	01	0.0	1	0	2	0																						
2	ppu_public	90	13937030	48	8	4.0	mode2_enter	2	02	00	E1	00	01	4.0	1	0	2	0																						
2	ppu_public	90	13937040	48	0	0.0	stat_sample	3	02	00	E1	00	01	0.0	1	0	2	0																						
2	ppu_public	90	13937198	48	176	88.0	mode3_enter	3	02	00	E1	00	01	88.0	1	0	2	0																						
2	ppu_public	90	13937192	48	84	42.0	stat_sample	3	03	00	E1	00	01	42.0	1	0	2	0																						
2	ppu_public	90	13937542	48	520	260.0	mode0_enter	0	03	00	E1	00	01	260.0	1	0	2	0																						
2	ppu_public	90	13937536	48	257	128.5	stat_sample	0	00	00	E1	00	01	128.5	1	0	2	0																						
2	ppu_public	90	13937936	49	0	0.0	stat_sample	2	00	00	E1	00	01	0.0	1	0	2	0																						
2	ppu_public	90	13937936	49	2	1.0	mode2_irq_prepare	0	00	00	E1	00	01	1.0	1	0	2	0																						
2	ppu_public	90	13937944	49	0	0.0	stat_sample	2	02	00	E1	00	01	0.0	1	0	2	0																						
2	ppu_public	90	13937942	49	8	4.0	mode2_enter	2	02	00	E1	00	01	4.0	1	0	2	0																						
2	ppu_public	90	13937944	49	0	0.0	stat_sample	3	02	00	E1	00	01	0.0	1	0	2	0																						
2	ppu_public	90	13938110	49	176	88.0	mode3_enter	3	02	00	E1	00	01	88.0	1	0	2	0																						
2	ppu_public	90	13938104	49	84	42.0	stat_sample	3	03	00	E1	00	01	42.0	1	0	2	0																						
2	ppu_public	90	13938454	49	520	260.0	mode0_enter	0	03	00	E1	00	01	260.0	1	0	2	0																						
2	ppu_public	90	13938448	49	257	128.5	stat_sample	0	00	00	E1	00	01	128.5	1	0	2	0																						
2	ppu_public	90	13938848	50	0	0.0	stat_sample	2	00	00	E1	00	01	0.0	1	0	2	0																						
2	ppu_public	90	13938848	50	2	1.0	mode2_irq_prepare	0	00	00	E1	00	01	1.0	1	0	2	0																						
2	ppu_public	90	13938856	50	0	0.0	stat_sample	2	02	00	E1	00	01	0.0	1	0	2	0																						
2	ppu_public	90	13938854	50	8	4.0	mode2_enter	2	02	00	E1	00	01	4.0	1	0	2	0																						
2	ppu_public	90	13938856	50	0	0.0	stat_sample	3	02	00	E1	00	01	0.0	1	0	2	0																						
2	ppu_public	90	13939022	50	176	88.0	mode3_enter	3	02	00	E1	00	01	88.0	1	0	2	0																						
2	ppu_public	90	13939016	50	84	42.0	stat_sample	3	03	00	E1	00	01	42.0	1	0	2	0																						
2	ppu_public	90	13939366	50	520	260.0	mode0_enter	0	03	00	E1	00	01	260.0	1	0	2	0																						
2	ppu_public	90	13939360	50	257	128.5	stat_sample	0	00	00	E1	00	01	128.5	1	0	2	0																						
2	ppu_public	90	13939760	51	0	0.0	stat_sample	2	00	00	E1	00	01	0.0	1	0	2	0																						
2	ppu_public	90	13939760	51	2	1.0	mode2_irq_prepare	0	00	00	E1	00	01	1.0	1	0	2	0																						
2	ppu_public	90	13939768	51	0	0.0	stat_sample	2	02	00	E1	00	01	0.0	1	0	2	0																						
2	ppu_public	90	13939766	51	8	4.0	mode2_enter	2	02	00	E1	00	01	4.0	1	0	2	0																						
2	ppu_public	90	13939768	51	0	0.0	stat_sample	3	02	00	E1	00	01	0.0	1	0	2	0																						
2	ppu_public	90	13939934	51	176	88.0	mode3_enter	3	02	00	E1	00	01	88.0	1	0	2	0																						
2	ppu_public	90	13939928	51	84	42.0	stat_sample	3	03	00	E1	00	01	42.0	1	0	2	0																						
2	ppu_public	90	13940278	51	520	260.0	mode0_enter	0	03	00	E1	00	01	260.0	1	0	2	0																						
2	ppu_public	90	13940272	51	257	128.5	stat_sample	0	00	00	E1	00	01	128.5	1	0	2	0																						
2	ppu_public	90	13940680	52	0	0.0	stat_sample	2	00	00	E1	00	01	0.0	1	0	2	0																						
2	ppu_public	90	13940680	52	2	1.0	mode2_irq_prepare	0	00	00	E1	00	01	1.0	1	0	2	0																						
2	ppu_public	90	13940680	52	0	0.0	stat_sample	2	02	00	E1	00	01	0.0	1	0	2	0																						
2	ppu_public	90	13940686	52	8	4.0	mode2_enter	2	02	00	E1	00	01	4.0	1	0	2	0																						
2	ppu_public	90	13940680	52	0	0.0	stat_sample	3	02	00	E1	00	01	0.0	1	0	2	0																						
2	ppu_public	90	13940854	52	176	88.0	mode3_enter	3	02	00	E1	00	01	88.0	1	0	2	0																						
2	ppu_public	90	13940840	52	84	42.0	stat_sample	3	03	00	E1	00	01	42.0	1	0	2	0																						
2	ppu_public	90	13941198	52	520	260.0	mode0_enter	0	03	00	E1	00	01	260.0	1	0	2	0																						
2	ppu_public	90	13941184	52	257	128.5	stat_sample	0	00	00	E1	00	01	128.5	1	0	2	0																						
2	ppu_public	90	13941584	53	0	0.0	stat_sample	2	00	00	E1	00	01	0.0	1	0	2	0																						
2	ppu_public	90	13941584	53	2	1.0	mode2_irq_prepare	0	00	00	E1	00	01	1.0	1	0	2	0																						
2	ppu_public	90	13941592	53	0	0.0	stat_sample	2	02	00	E1	00	01	0.0	1	0	2	0																						
2	ppu_public	90	13941590	53	8	4.0	mode2_enter	2	02	00	E1	00	01	4.0	1	0	2	0																						
2	ppu_public	90	13941592	53	0	0.0	stat_sample	3	02	00	E1	00	01	0.0	1	0	2	0																						
2	ppu_public	90	13941758	53	176	88.0	mode3_enter	3	02	00	E1	00	01	88.0	1	0	2	0																						
2	ppu_public	90	13941752	53	84	42.0	stat_sample	3	03	00	E1	00	01	42.0	1	0	2	0																						
2	ppu_public	90	13942102	53	520	260.0	mode0_enter	0	03	00	E1	00	01	260.0	1	0	2	0																						
2	ppu_public	90	13942096	53	257	128.5	stat_sample	0	00	00	E1	00	01	128.5	1	0	2	0																						
2	ppu_public	90	13942496	54	0	0.0	stat_sample	2	00	00	E1	00	01	0.0	1	0	2	0																						
2	ppu_public	90	13942496	54	2	1.0	mode2_irq_prepare	0	00	00	E1	00	01	1.0	1	0	2	0																						
2	ppu_public	90	13942504	54	0	0.0	stat_sample	2	02	00	E1	00	01	0.0	1	0	2	0																						
2	ppu_public	90	13942502	54	8	4.0	mode2_enter	2	02	00	E1	00	01	4.0	1	0	2	0																						
2	ppu_public	90	13942504	54	0	0.0	stat_sample	3	02	00	E1	00	01	0.0	1	0	2	0																						
2	ppu_public	90	13942670	54	176	88.0	mode3_enter	3	02	00	E1	00	01	88.0	1	0	2	0																						
2	ppu_public	90	13942664	54	84	42.0	stat_sample	3	03	00	E1	00	01	42.0	1	0	2	0																						
2	ppu_public	90	13943014	54	520	260.0	mode0_enter	0	03	00	E1	00	01	260.0	1	0	2	0																						
2	ppu_public	90	13943008	54	257	128.5	stat_sample	0	00	00	E1	00	01	128.5	1	0	2	0																						
2	ppu_public	90	13943408	55	0	0.0	stat_sample	2	00	00	E1	00	01	0.0	1	0	2	0																						
2	ppu_public	90	13943408	55	2	1.0	mode2_irq_prepare	0	00	00	E1	00	01	1.0	1	0	2	0																						
2	ppu_public	90	13943416	55	0	0.0	stat_sample	2	02	00	E1	00	01	0.0	1	0	2	0																						
2	ppu_public	90	13943414	55	8	4.0	mode2_enter	2	02	00	E1	00	01	4.0	1	0	2	0																						
2	ppu_public	90	13943416	55	0	0.0	stat_sample	3	02	00	E1	00	01	0.0	1	0	2	0																						
2	ppu_public	90	13943582	55	176	88.0	mode3_enter	3	02	00	E1	00	01	88.0	1	0	2	0																						
2	ppu_public	90	13943576	55	84	42.0	stat_sample	3	03	00	E1	00	01	42.0	1	0	2	0																						
2	ppu_public	90	13943926	55	520	260.0	mode0_enter	0	03	00	E1	00	01	260.0	1	0	2	0																						
2	ppu_public	90	13943920	55	257	128.5	stat_sample	0	00	00	E1	00	01	128.5	1	0	2	0																						
2	ppu_public	90	13944320	56	0	0.0	stat_sample	2	00	00	E1	00	01	0.0	1	0	2	0																						
2	ppu_public	90	13944320	56	2	1.0	mode2_irq_prepare	0	00	00	E1	00	01	1.0	1	0	2	0																						
2	ppu_public	90	13944328	56	0	0.0	stat_sample	2	02	00	E1	00	01	0.0	1	0	2	0																						
2	ppu_public	90	13944326	56	8	4.0	mode2_enter	2	02	00	E1	00	01	4.0	1	0	2	0																						
2	ppu_public	90	13944328	56	0	0.0	stat_sample	3	02	00	E1	00	01	0.0	1	0	2	0																						
2	ppu_public	90	13944494	56	176	88.0	mode3_enter	3	02	00	E1	00	01	88.0	1	0	2	0																						
2	ppu_public	90	13944488	56	84	42.0	stat_sample	3	03	00	E1	00	01	42.0	1	0	2	0																						
2	ppu_public	90	13944838	56	520	260.0	mode0_enter	0	03	00	E1	00	01	260.0	1	0	2	0																						
2	ppu_public	90	13944840	56	257	128.5	stat_sample	0	00	00	E1	00	01	128.5	1	0	2	0																						
2	ppu_public	90	13945232	57	0	0.0	stat_sample	2	00	00	E1	00	01	0.0	1	0	2	0																						
2	ppu_public	90	13945232	57	2	1.0	mode2_irq_prepare	0	00	00	E1	00	01	1.0	1	0	2	0																						
2	ppu_public	90	13945240	57	0	0.0	stat_sample	2	02	00	E1	00	01	0.0	1	0	2	0																						
2	ppu_public	90	13945238	57	8	4.0	mode2_enter	2	02	00	E1	00	01	4.0	1	0	2	0																						
2	ppu_public	90	13945240	57	0	0.0	stat_sample	3	02	00	E1	00	01	0.0	1	0	2	0																						
2	ppu_public	90	13945406	57	176	88.0	mode3_enter	3	02	00	E1	00	01	88.0	1	0	2	0																						
2	ppu_public	90	13945400	57	84	42.0	stat_sample	3	03	00	E1	00	01	42.0	1	0	2	0																						
2	ppu_public	90	13945750	57	520	260.0	mode0_enter	0	03	00	E1	00	01	260.0	1	0	2	0																						
2	ppu_public	90	13945744	57	257	128.5	stat_sample	0	00	00	E1	00	01	128.5	1	0	2	0																						
2	ppu_public	90	13946144	58	0	0.0	stat_sample	2	00	00	E1	00	01	0.0	1	0	2	0																						
2	ppu_public	90	13946144	58	2	1.0	mode2_irq_prepare	0	00	00	E1	00	01	1.0	1	0	2	0																						
2	ppu_public	90	13946152	58	0	0.0	stat_sample	2	02	00	E1	00	01	0.0	1	0	2	0																						
2	ppu_public	90	13946150	58	8	4.0	mode2_enter	2	02	00	E1	00	01	4.0	1	0	2	0																						
2	ppu_public	90	13946152	58	0	0.0	stat_sample	3	02	00	E1	00	01	0.0	1	0	2	0																						
2	ppu_public	90	13946318	58	176	88.0	mode3_enter	3	02	00	E1	00	01	88.0	1	0	2	0																						
2	ppu_public	90	13946312	58	84	42.0	stat_sample	3	03	00	E1	00	01	42.0	1	0	2	0																						
2	ppu_public	90	13946662	58	520	260.0	mode0_enter	0	03	00	E1	00	01	260.0	1	0	2	0																						
2	ppu_public	90	13946656	58	257	128.5	stat_sample	0	00	00	E1	00	01	128.5	1	0	2	0																						
2	ppu_public	90	13947056	59	0	0.0	stat_sample	2	00	00	E1	00	01	0.0	1	0	2	0																						
2	ppu_public	90	13947056	59	2	1.0	mode2_irq_prepare	0	00	00	E1	00	01	1.0	1	0	2	0																						
2	ppu_public	90	13947064	59	0	0.0	stat_sample	2	02	00	E1	00	01	0.0	1	0	2	0																						
2	ppu_public	90	13947062	59	8	4.0	mode2_enter	2	02	00	E1	00	01	4.0	1	0	2	0																						
2	ppu_public	90	13947064	59	0	0.0	stat_sample	3	02	00	E1	00	01	0.0	1	0	2	0																						
2	ppu_public	90	13947230	59	176	88.0	mode3_enter	3	02	00	E1	00	01	88.0	1	0	2	0																						
2	ppu_public	90	13947232	59	84	42.0	stat_sample	3	03	00	E1	00	01	42.0	1	0	2	0																						
2	ppu_public	90	13947574	59	520	260.0	mode0_enter	0	03	00	E1	00	01	260.0	1	0	2	0																						
2	ppu_public	90	13947568	59	257	128.5	stat_sample	0	00	00	E1	00	01	128.5	1	0	2	0																						
2	ppu_public	90	13947968	60	0	0.0	stat_sample	2	00	00	E1	00	01	0.0	1	0	2	0																						
2	ppu_public	90	13947968	60	2	1.0	mode2_irq_prepare	0	00	00	E1	00	01	1.0	1	0	2	0																						
2	ppu_public	90	13947976	60	0	0.0	stat_sample	2	02	00	E1	00	01	0.0	1	0	2	0																						
2	ppu_public	90	13947974	60	8	4.0	mode2_enter	2	02	00	E1	00	01	4.0	1	0	2	0																						
2	ppu_public	90	13947976	60	0	0.0	stat_sample	3	02	00	E1	00	01	0.0	1	0	2	0																						
2	ppu_public	90	13948142	60	176	88.0	mode3_enter	3	02	00	E1	00	01	88.0	1	0	2	0																						
2	ppu_public	90	13948136	60	84	42.0	stat_sample	3	03	00	E1	00	01	42.0	1	0	2	0																						
2	ppu_public	90	13948486	60	520	260.0	mode0_enter	0	03	00	E1	00	01	260.0	1	0	2	0																						
2	ppu_public	90	13948480	60	257	128.5	stat_sample	0	00	00	E1	00	01	128.5	1	0	2	0																						
2	ppu_public	90	13948880	61	0	0.0	stat_sample	2	00	00	E1	00	01	0.0	1	0	2	0																						
2	ppu_public	90	13948880	61	2	1.0	mode2_irq_prepare	0	00	00	E1	00	01	1.0	1	0	2	0																						
2	ppu_public	90	13948896	61	0	0.0	stat_sample	2	02	00	E1	00	01	0.0	1	0	2	0																						
2	ppu_public	90	13948886	61	8	4.0	mode2_enter	2	02	00	E1	00	01	4.0	1	0	2	0																						
2	ppu_public	90	13948896	61	0	0.0	stat_sample	3	02	00	E1	00	01	0.0	1	0	2	0																						
2	ppu_public	90	13949054	61	176	88.0	mode3_enter	3	02	00	E1	00	01	88.0	1	0	2	0																						
2	ppu_public	90	13949048	61	84	42.0	stat_sample	3	03	00	E1	00	01	42.0	1	0	2	0																						
2	ppu_public	90	13949398	61	520	260.0	mode0_enter	0	03	00	E1	00	01	260.0	1	0	2	0																						
2	ppu_public	90	13949392	61	257	128.5	stat_sample	0	00	00	E1	00	01	128.5	1	0	2	0																						
2	ppu_public	90	13949792	62	0	0.0	stat_sample	2	00	00	E1	00	01	0.0	1	0	2	0																						
2	ppu_public	90	13949792	62	2	1.0	mode2_irq_prepare	0	00	00	E1	00	01	1.0	1	0	2	0																						
2	ppu_public	90	13949800	62	0	0.0	stat_sample	2	02	00	E1	00	01	0.0	1	0	2	0																						
2	ppu_public	90	13949798	62	8	4.0	mode2_enter	2	02	00	E1	00	01	4.0	1	0	2	0																						
2	ppu_public	90	13949800	62	0	0.0	stat_sample	3	02	00	E1	00	01	0.0	1	0	2	0																						
2	ppu_public	90	13949966	62	176	88.0	mode3_enter	3	02	00	E1	00	01	88.0	1	0	2	0																						
2	ppu_public	90	13949960	62	84	42.0	stat_sample	3	03	00	E1	00	01	42.0	1	0	2	0																						
2	ppu_public	90	13950310	62	520	260.0	mode0_enter	0	03	00	E1	00	01	260.0	1	0	2	0																						
2	ppu_public	90	13950304	62	257	128.5	stat_sample	0	00	00	E1	00	01	128.5	1	0	2	0																						
2	ppu_public	90	13950704	63	0	0.0	stat_sample	2	00	00	E1	00	01	0.0	1	0	2	0																						
2	ppu_public	90	13950704	63	2	1.0	mode2_irq_prepare	0	00	00	E1	00	01	1.0	1	0	2	0																						
2	ppu_public	90	13950712	63	0	0.0	stat_sample	2	02	00	E1	00	01	0.0	1	0	2	0																						
2	ppu_public	90	13950710	63	8	4.0	mode2_enter	2	02	00	E1	00	01	4.0	1	0	2	0																						
2	ppu_public	90	13950712	63	0	0.0	stat_sample	3	02	00	E1	00	01	0.0	1	0	2	0																						
2	ppu_public	90	13950878	63	176	88.0	mode3_enter	3	02	00	E1	00	01	88.0	1	0	2	0																						
2	ppu_public	90	13950872	63	84	42.0	stat_sample	3	03	00	E1	00	01	42.0	1	0	2	0																						
2	ppu_public	90	13951222	63	520	260.0	mode0_enter	0	03	00	E1	00	01	260.0	1	0	2	0																						
2	ppu_public	90	13951216	63	257	128.5	stat_sample	0	00	00	E1	00	01	128.5	1	0	2	0																						
2	ppu_public	90	13951616	64	0	0.0	stat_sample	2	00	00	E1	00	01	0.0	1	0	2	0																						
2	ppu_public	90	13951616	64	2	1.0	mode2_irq_prepare	0	00	00	E1	00	01	1.0	1	0	2	0																						
2	ppu_public	90	13951624	64	0	0.0	stat_sample	2	02	00	E1	00	01	0.0	1	0	2	0																						
2	ppu_public	90	13951622	64	8	4.0	mode2_enter	2	02	00	E1	00	01	4.0	1	0	2	0																						
2	ppu_public	90	13951624	64	0	0.0	stat_sample	3	02	00	E1	00	01	0.0	1	0	2	0																						
2	ppu_public	90	13951790	64	176	88.0	mode3_enter	3	02	00	E1	00	01	88.0	1	0	2	0																						
2	ppu_public	90	13951784	64	84	42.0	stat_sample	3	03	00	E1	00	01	42.0	1	0	2	0																						
2	ppu_public	90	13952134	64	520	260.0	mode0_enter	0	03	00	E1	00	01	260.0	1	0	2	0																						
2	ppu_public	90	13952128	64	257	128.5	stat_sample	0	00	00	E1	00	01	128.5	1	0	2	0																						
2	ppu_public	90	13952536	65	0	0.0	stat_sample	2	00	00	E1	00	01	0.0	1	0	2	0																						
2	ppu_public	90	13952536	65	2	1.0	mode2_irq_prepare	0	00	00	E1	00	01	1.0	1	0	2	0																						
2	ppu_public	90	13952536	65	0	0.0	stat_sample	2	02	00	E1	00	01	0.0	1	0	2	0																						
2	ppu_public	90	13952542	65	8	4.0	mode2_enter	2	02	00	E1	00	01	4.0	1	0	2	0																						
2	ppu_public	90	13952536	65	0	0.0	stat_sample	3	02	00	E1	00	01	0.0	1	0	2	0																						
2	ppu_public	90	13952710	65	176	88.0	mode3_enter	3	02	00	E1	00	01	88.0	1	0	2	0																						
2	ppu_public	90	13952696	65	84	42.0	stat_sample	3	03	00	E1	00	01	42.0	1	0	2	0																						
2	ppu_public	90	13953054	65	520	260.0	mode0_enter	0	03	00	E1	00	01	260.0	1	0	2	0																						
2	ppu_public	90	13953040	65	257	128.5	stat_sample	0	00	00	E1	00	01	128.5	1	0	2	0																						
2	ppu_public	90	13953440	66	0	0.0	stat_sample	2	00	00	E1	00	01	0.0	1	0	2	0																						
2	ppu_public	90	13953440	66	2	1.0	mode2_irq_prepare	0	00	00	E1	00	01	1.0	1	0	2	0																						
2	ppu_public	90	13953448	66	0	0.0	stat_sample	2	02	00	E1	00	01	0.0	1	0	2	0																						
2	ppu_public	90	13953446	66	8	4.0	mode2_enter	2	02	00	E1	00	01	4.0	1	0	2	0																						
2	ppu_public	90	13953448	66	0	0.0	stat_sample	3	02	00	E1	00	01	0.0	1	0	2	0																						
2	ppu_public	90	13953614	66	176	88.0	mode3_enter	3	02	00	E1	00	01	88.0	1	0	2	0																						
2	ppu_public	90	13953608	66	84	42.0	stat_sample	3	03	00	E1	00	01	42.0	1	0	2	0																						
2	ppu_public	90	13953958	66	520	260.0	mode0_enter	0	03	00	E1	00	01	260.0	1	0	2	0																						
2	ppu_public	90	13953952	66	257	128.5	stat_sample	0	00	00	E1	00	01	128.5	1	0	2	0																						
2	ppu_public	90	13954352	67	0	0.0	stat_sample	2	00	00	E1	00	01	0.0	1	0	2	0																						
2	ppu_public	90	13954352	67	2	1.0	mode2_irq_prepare	0	00	00	E1	00	01	1.0	1	0	2	0																						
2	ppu_public	90	13954360	67	0	0.0	stat_sample	2	02	00	E1	00	01	0.0	1	0	2	0																						
2	ppu_public	90	13954358	67	8	4.0	mode2_enter	2	02	00	E1	00	01	4.0	1	0	2	0																						
2	ppu_public	90	13954360	67	0	0.0	stat_sample	3	02	00	E1	00	01	0.0	1	0	2	0																						
2	ppu_public	90	13954526	67	176	88.0	mode3_enter	3	02	00	E1	00	01	88.0	1	0	2	0																						
2	ppu_public	90	13954520	67	84	42.0	stat_sample	3	03	00	E1	00	01	42.0	1	0	2	0																						
2	ppu_public	90	13954870	67	520	260.0	mode0_enter	0	03	00	E1	00	01	260.0	1	0	2	0																						
2	ppu_public	90	13954864	67	257	128.5	stat_sample	0	00	00	E1	00	01	128.5	1	0	2	0																						
2	ppu_public	90	13955264	68	0	0.0	stat_sample	2	00	00	E1	00	01	0.0	1	0	2	0																						
2	ppu_public	90	13955264	68	2	1.0	mode2_irq_prepare	0	00	00	E1	00	01	1.0	1	0	2	0																						
2	ppu_public	90	13955272	68	0	0.0	stat_sample	2	02	00	E1	00	01	0.0	1	0	2	0																						
2	ppu_public	90	13955270	68	8	4.0	mode2_enter	2	02	00	E1	00	01	4.0	1	0	2	0																						
2	ppu_public	90	13955272	68	0	0.0	stat_sample	3	02	00	E1	00	01	0.0	1	0	2	0																						
2	ppu_public	90	13955438	68	176	88.0	mode3_enter	3	02	00	E1	00	01	88.0	1	0	2	0																						
2	ppu_public	90	13955432	68	84	42.0	stat_sample	3	03	00	E1	00	01	42.0	1	0	2	0																						
2	ppu_public	90	13955782	68	520	260.0	mode0_enter	0	03	00	E1	00	01	260.0	1	0	2	0																						
2	ppu_public	90	13955776	68	257	128.5	stat_sample	0	00	00	E1	00	01	128.5	1	0	2	0																						
2	ppu_public	90	13956176	69	0	0.0	stat_sample	2	00	00	E1	00	01	0.0	1	0	2	0																						
2	ppu_public	90	13956176	69	2	1.0	mode2_irq_prepare	0	00	00	E1	00	01	1.0	1	0	2	0																						
2	ppu_public	90	13956184	69	0	0.0	stat_sample	2	02	00	E1	00	01	0.0	1	0	2	0																						
2	ppu_public	90	13956182	69	8	4.0	mode2_enter	2	02	00	E1	00	01	4.0	1	0	2	0																						
2	ppu_public	90	13956184	69	0	0.0	stat_sample	3	02	00	E1	00	01	0.0	1	0	2	0																						
2	ppu_public	90	13956350	69	176	88.0	mode3_enter	3	02	00	E1	00	01	88.0	1	0	2	0																						
2	ppu_public	90	13956344	69	84	42.0	stat_sample	3	03	00	E1	00	01	42.0	1	0	2	0																						
2	ppu_public	90	13956694	69	520	260.0	mode0_enter	0	03	00	E1	00	01	260.0	1	0	2	0																						
2	ppu_public	90	13956696	69	257	128.5	stat_sample	0	00	00	E1	00	01	128.5	1	0	2	0																						
2	ppu_public	90	13957088	70	0	0.0	stat_sample	2	00	00	E1	00	01	0.0	1	0	2	0																						
2	ppu_public	90	13957088	70	2	1.0	mode2_irq_prepare	0	00	00	E1	00	01	1.0	1	0	2	0																						
2	ppu_public	90	13957096	70	0	0.0	stat_sample	2	02	00	E1	00	01	0.0	1	0	2	0																						
2	ppu_public	90	13957094	70	8	4.0	mode2_enter	2	02	00	E1	00	01	4.0	1	0	2	0																						
2	ppu_public	90	13957096	70	0	0.0	stat_sample	3	02	00	E1	00	01	0.0	1	0	2	0																						
2	ppu_public	90	13957262	70	176	88.0	mode3_enter	3	02	00	E1	00	01	88.0	1	0	2	0																						
2	ppu_public	90	13957256	70	84	42.0	stat_sample	3	03	00	E1	00	01	42.0	1	0	2	0																						
2	ppu_public	90	13957606	70	520	260.0	mode0_enter	0	03	00	E1	00	01	260.0	1	0	2	0																						
2	ppu_public	90	13957600	70	257	128.5	stat_sample	0	00	00	E1	00	01	128.5	1	0	2	0																						
2	ppu_public	90	13958000	71	0	0.0	stat_sample	2	00	00	E1	00	01	0.0	1	0	2	0																						
2	ppu_public	90	13958000	71	2	1.0	mode2_irq_prepare	0	00	00	E1	00	01	1.0	1	0	2	0																						
2	ppu_public	90	13958008	71	0	0.0	stat_sample	2	02	00	E1	00	01	0.0	1	0	2	0																						
2	ppu_public	90	13958006	71	8	4.0	mode2_enter	2	02	00	E1	00	01	4.0	1	0	2	0																						
2	ppu_public	90	13958008	71	0	0.0	stat_sample	3	02	00	E1	00	01	0.0	1	0	2	0																						
2	ppu_public	90	13958174	71	176	88.0	mode3_enter	3	02	00	E1	00	01	88.0	1	0	2	0																						
2	ppu_public	90	13958168	71	84	42.0	stat_sample	3	03	00	E1	00	01	42.0	1	0	2	0																						
2	ppu_public	90	13958518	71	520	260.0	mode0_enter	0	03	00	E1	00	01	260.0	1	0	2	0																						
2	ppu_public	90	13958512	71	257	128.5	stat_sample	0	00	00	E1	00	01	128.5	1	0	2	0																						
2	ppu_public	90	13958912	72	0	0.0	stat_sample	2	00	00	E1	00	01	0.0	1	0	2	0																						
2	ppu_public	90	13958912	72	2	1.0	mode2_irq_prepare	0	00	00	E1	00	01	1.0	1	0	2	0																						
2	ppu_public	90	13958920	72	0	0.0	stat_sample	2	02	00	E1	00	01	0.0	1	0	2	0																						
2	ppu_public	90	13958918	72	8	4.0	mode2_enter	2	02	00	E1	00	01	4.0	1	0	2	0																						
2	ppu_public	90	13958920	72	0	0.0	stat_sample	3	02	00	E1	00	01	0.0	1	0	2	0																						
2	ppu_public	90	13959086	72	176	88.0	mode3_enter	3	02	00	E1	00	01	88.0	1	0	2	0																						
2	ppu_public	90	13959088	72	84	42.0	stat_sample	3	03	00	E1	00	01	42.0	1	0	2	0																						
2	ppu_public	90	13959430	72	520	260.0	mode0_enter	0	03	00	E1	00	01	260.0	1	0	2	0																						
2	ppu_public	90	13959424	72	257	128.5	stat_sample	0	00	00	E1	00	01	128.5	1	0	2	0																						
2	ppu_public	90	13959824	73	0	0.0	stat_sample	2	00	00	E1	00	01	0.0	1	0	2	0																						
2	ppu_public	90	13959824	73	2	1.0	mode2_irq_prepare	0	00	00	E1	00	01	1.0	1	0	2	0																						
2	ppu_public	90	13959832	73	0	0.0	stat_sample	2	02	00	E1	00	01	0.0	1	0	2	0																						
2	ppu_public	90	13959830	73	8	4.0	mode2_enter	2	02	00	E1	00	01	4.0	1	0	2	0																						
2	ppu_public	90	13959832	73	0	0.0	stat_sample	3	02	00	E1	00	01	0.0	1	0	2	0																						
2	ppu_public	90	13959998	73	176	88.0	mode3_enter	3	02	00	E1	00	01	88.0	1	0	2	0																						
2	ppu_public	90	13959992	73	84	42.0	stat_sample	3	03	00	E1	00	01	42.0	1	0	2	0																						
2	ppu_public	90	13960342	73	520	260.0	mode0_enter	0	03	00	E1	00	01	260.0	1	0	2	0																						
2	ppu_public	90	13960336	73	257	128.5	stat_sample	0	00	00	E1	00	01	128.5	1	0	2	0																						
2	ppu_public	90	13960736	74	0	0.0	stat_sample	2	00	00	E1	00	01	0.0	1	0	2	0																						
2	ppu_public	90	13960736	74	2	1.0	mode2_irq_prepare	0	00	00	E1	00	01	1.0	1	0	2	0																						
2	ppu_public	90	13960752	74	0	0.0	stat_sample	2	02	00	E1	00	01	0.0	1	0	2	0																						
2	ppu_public	90	13960742	74	8	4.0	mode2_enter	2	02	00	E1	00	01	4.0	1	0	2	0																						
2	ppu_public	90	13960752	74	0	0.0	stat_sample	3	02	00	E1	00	01	0.0	1	0	2	0																						
2	ppu_public	90	13960910	74	176	88.0	mode3_enter	3	02	00	E1	00	01	88.0	1	0	2	0																						
2	ppu_public	90	13960904	74	84	42.0	stat_sample	3	03	00	E1	00	01	42.0	1	0	2	0																						
2	ppu_public	90	13961254	74	520	260.0	mode0_enter	0	03	00	E1	00	01	260.0	1	0	2	0																						
2	ppu_public	90	13961248	74	257	128.5	stat_sample	0	00	00	E1	00	01	128.5	1	0	2	0																						
2	ppu_public	90	13961648	75	0	0.0	stat_sample	2	00	00	E1	00	01	0.0	1	0	2	0																						
2	ppu_public	90	13961648	75	2	1.0	mode2_irq_prepare	0	00	00	E1	00	01	1.0	1	0	2	0																						
2	ppu_public	90	13961656	75	0	0.0	stat_sample	2	02	00	E1	00	01	0.0	1	0	2	0																						
2	ppu_public	90	13961654	75	8	4.0	mode2_enter	2	02	00	E1	00	01	4.0	1	0	2	0																						
2	ppu_public	90	13961656	75	0	0.0	stat_sample	3	02	00	E1	00	01	0.0	1	0	2	0																						
2	ppu_public	90	13961822	75	176	88.0	mode3_enter	3	02	00	E1	00	01	88.0	1	0	2	0																						
2	ppu_public	90	13961816	75	84	42.0	stat_sample	3	03	00	E1	00	01	42.0	1	0	2	0																						
2	ppu_public	90	13962166	75	520	260.0	mode0_enter	0	03	00	E1	00	01	260.0	1	0	2	0																						
2	ppu_public	90	13962160	75	257	128.5	stat_sample	0	00	00	E1	00	01	128.5	1	0	2	0																						
2	ppu_public	90	13962560	76	0	0.0	stat_sample	2	00	00	E1	00	01	0.0	1	0	2	0																						
2	ppu_public	90	13962560	76	2	1.0	mode2_irq_prepare	0	00	00	E1	00	01	1.0	1	0	2	0																						
2	ppu_public	90	13962568	76	0	0.0	stat_sample	2	02	00	E1	00	01	0.0	1	0	2	0																						
2	ppu_public	90	13962566	76	8	4.0	mode2_enter	2	02	00	E1	00	01	4.0	1	0	2	0																						
2	ppu_public	90	13962568	76	0	0.0	stat_sample	3	02	00	E1	00	01	0.0	1	0	2	0																						
2	ppu_public	90	13962734	76	176	88.0	mode3_enter	3	02	00	E1	00	01	88.0	1	0	2	0																						
2	ppu_public	90	13962728	76	84	42.0	stat_sample	3	03	00	E1	00	01	42.0	1	0	2	0																						
2	ppu_public	90	13963078	76	520	260.0	mode0_enter	0	03	00	E1	00	01	260.0	1	0	2	0																						
2	ppu_public	90	13963072	76	257	128.5	stat_sample	0	00	00	E1	00	01	128.5	1	0	2	0																						
2	ppu_public	90	13963472	77	0	0.0	stat_sample	2	00	00	E1	00	01	0.0	1	0	2	0																						
2	ppu_public	90	13963472	77	2	1.0	mode2_irq_prepare	0	00	00	E1	00	01	1.0	1	0	2	0																						
2	ppu_public	90	13963480	77	0	0.0	stat_sample	2	02	00	E1	00	01	0.0	1	0	2	0																						
2	ppu_public	90	13963478	77	8	4.0	mode2_enter	2	02	00	E1	00	01	4.0	1	0	2	0																						
2	ppu_public	90	13963480	77	0	0.0	stat_sample	3	02	00	E1	00	01	0.0	1	0	2	0																						
2	ppu_public	90	13963646	77	176	88.0	mode3_enter	3	02	00	E1	00	01	88.0	1	0	2	0																						
2	ppu_public	90	13963640	77	84	42.0	stat_sample	3	03	00	E1	00	01	42.0	1	0	2	0																						
2	ppu_public	90	13963990	77	520	260.0	mode0_enter	0	03	00	E1	00	01	260.0	1	0	2	0																						
2	ppu_public	90	13963984	77	257	128.5	stat_sample	0	00	00	E1	00	01	128.5	1	0	2	0																						
2	ppu_public	90	13964392	78	0	0.0	stat_sample	2	00	00	E1	00	01	0.0	1	0	2	0																						
2	ppu_public	90	13964392	78	2	1.0	mode2_irq_prepare	0	00	00	E1	00	01	1.0	1	0	2	0																						
2	ppu_public	90	13964392	78	0	0.0	stat_sample	2	02	00	E1	00	01	0.0	1	0	2	0																						
2	ppu_public	90	13964398	78	8	4.0	mode2_enter	2	02	00	E1	00	01	4.0	1	0	2	0																						
2	ppu_public	90	13964392	78	0	0.0	stat_sample	3	02	00	E1	00	01	0.0	1	0	2	0																						
2	ppu_public	90	13964566	78	176	88.0	mode3_enter	3	02	00	E1	00	01	88.0	1	0	2	0																						
2	ppu_public	90	13964552	78	84	42.0	stat_sample	3	03	00	E1	00	01	42.0	1	0	2	0																						
2	ppu_public	90	13964910	78	520	260.0	mode0_enter	0	03	00	E1	00	01	260.0	1	0	2	0																						
2	ppu_public	90	13964896	78	257	128.5	stat_sample	0	00	00	E1	00	01	128.5	1	0	2	0																						
2	ppu_public	90	13965296	79	0	0.0	stat_sample	2	00	00	E1	00	01	0.0	1	0	2	0																						
2	ppu_public	90	13965296	79	2	1.0	mode2_irq_prepare	0	00	00	E1	00	01	1.0	1	0	2	0																						
2	ppu_public	90	13965304	79	0	0.0	stat_sample	2	02	00	E1	00	01	0.0	1	0	2	0																						
2	ppu_public	90	13965302	79	8	4.0	mode2_enter	2	02	00	E1	00	01	4.0	1	0	2	0																						
2	ppu_public	90	13965304	79	0	0.0	stat_sample	3	02	00	E1	00	01	0.0	1	0	2	0																						
2	ppu_public	90	13965470	79	176	88.0	mode3_enter	3	02	00	E1	00	01	88.0	1	0	2	0																						
2	ppu_public	90	13965464	79	84	42.0	stat_sample	3	03	00	E1	00	01	42.0	1	0	2	0																						
2	ppu_public	90	13965814	79	520	260.0	mode0_enter	0	03	00	E1	00	01	260.0	1	0	2	0																						
2	ppu_public	90	13965808	79	257	128.5	stat_sample	0	00	00	E1	00	01	128.5	1	0	2	0																						
2	ppu_public	90	13966208	80	0	0.0	stat_sample	2	00	00	E1	00	01	0.0	1	0	2	0																						
2	ppu_public	90	13966208	80	2	1.0	mode2_irq_prepare	0	00	00	E1	00	01	1.0	1	0	2	0																						
2	ppu_public	90	13966216	80	0	0.0	stat_sample	2	02	00	E1	00	01	0.0	1	0	2	0																						
2	ppu_public	90	13966214	80	8	4.0	mode2_enter	2	02	00	E1	00	01	4.0	1	0	2	0																						
2	ppu_public	90	13966216	80	0	0.0	stat_sample	3	02	00	E1	00	01	0.0	1	0	2	0																						
2	ppu_public	90	13966382	80	176	88.0	mode3_enter	3	02	00	E1	00	01	88.0	1	0	2	0																						
2	ppu_public	90	13966376	80	84	42.0	stat_sample	3	03	00	E1	00	01	42.0	1	0	2	0																						
2	ppu_public	90	13966726	80	520	260.0	mode0_enter	0	03	00	E1	00	01	260.0	1	0	2	0																						
2	ppu_public	90	13966720	80	257	128.5	stat_sample	0	00	00	E1	00	01	128.5	1	0	2	0																						
2	ppu_public	90	13967120	81	0	0.0	stat_sample	2	00	00	E1	00	01	0.0	1	0	2	0																						
2	ppu_public	90	13967120	81	2	1.0	mode2_irq_prepare	0	00	00	E1	00	01	1.0	1	0	2	0																						
2	ppu_public	90	13967128	81	0	0.0	stat_sample	2	02	00	E1	00	01	0.0	1	0	2	0																						
2	ppu_public	90	13967126	81	8	4.0	mode2_enter	2	02	00	E1	00	01	4.0	1	0	2	0																						
2	ppu_public	90	13967128	81	0	0.0	stat_sample	3	02	00	E1	00	01	0.0	1	0	2	0																						
2	ppu_public	90	13967294	81	176	88.0	mode3_enter	3	02	00	E1	00	01	88.0	1	0	2	0																						
2	ppu_public	90	13967288	81	84	42.0	stat_sample	3	03	00	E1	00	01	42.0	1	0	2	0																						
2	ppu_public	90	13967638	81	520	260.0	mode0_enter	0	03	00	E1	00	01	260.0	1	0	2	0																						
2	ppu_public	90	13967632	81	257	128.5	stat_sample	0	00	00	E1	00	01	128.5	1	0	2	0																						
2	ppu_public	90	13968032	82	0	0.0	stat_sample	2	00	00	E1	00	01	0.0	1	0	2	0																						
2	ppu_public	90	13968032	82	2	1.0	mode2_irq_prepare	0	00	00	E1	00	01	1.0	1	0	2	0																						
2	ppu_public	90	13968040	82	0	0.0	stat_sample	2	02	00	E1	00	01	0.0	1	0	2	0																						
2	ppu_public	90	13968038	82	8	4.0	mode2_enter	2	02	00	E1	00	01	4.0	1	0	2	0																						
2	ppu_public	90	13968040	82	0	0.0	stat_sample	3	02	00	E1	00	01	0.0	1	0	2	0																						
2	ppu_public	90	13968206	82	176	88.0	mode3_enter	3	02	00	E1	00	01	88.0	1	0	2	0																						
2	ppu_public	90	13968200	82	84	42.0	stat_sample	3	03	00	E1	00	01	42.0	1	0	2	0																						
2	ppu_public	90	13968550	82	520	260.0	mode0_enter	0	03	00	E1	00	01	260.0	1	0	2	0																						
2	ppu_public	90	13968552	82	257	128.5	stat_sample	0	00	00	E1	00	01	128.5	1	0	2	0																						
2	ppu_public	90	13968944	83	0	0.0	stat_sample	2	00	00	E1	00	01	0.0	1	0	2	0																						
2	ppu_public	90	13968944	83	2	1.0	mode2_irq_prepare	0	00	00	E1	00	01	1.0	1	0	2	0																						
2	ppu_public	90	13968952	83	0	0.0	stat_sample	2	02	00	E1	00	01	0.0	1	0	2	0																						
2	ppu_public	90	13968950	83	8	4.0	mode2_enter	2	02	00	E1	00	01	4.0	1	0	2	0																						
2	ppu_public	90	13968952	83	0	0.0	stat_sample	3	02	00	E1	00	01	0.0	1	0	2	0																						
2	ppu_public	90	13969118	83	176	88.0	mode3_enter	3	02	00	E1	00	01	88.0	1	0	2	0																						
2	ppu_public	90	13969112	83	84	42.0	stat_sample	3	03	00	E1	00	01	42.0	1	0	2	0																						
2	ppu_public	90	13969462	83	520	260.0	mode0_enter	0	03	00	E1	00	01	260.0	1	0	2	0																						
2	ppu_public	90	13969456	83	257	128.5	stat_sample	0	00	00	E1	00	01	128.5	1	0	2	0																						
2	ppu_public	90	13969856	84	0	0.0	stat_sample	2	00	00	E1	00	01	0.0	1	0	2	0																						
2	ppu_public	90	13969856	84	2	1.0	mode2_irq_prepare	0	00	00	E1	00	01	1.0	1	0	2	0																						
2	ppu_public	90	13969864	84	0	0.0	stat_sample	2	02	00	E1	00	01	0.0	1	0	2	0																						
2	ppu_public	90	13969862	84	8	4.0	mode2_enter	2	02	00	E1	00	01	4.0	1	0	2	0																						
2	ppu_public	90	13969864	84	0	0.0	stat_sample	3	02	00	E1	00	01	0.0	1	0	2	0																						
2	ppu_public	90	13970030	84	176	88.0	mode3_enter	3	02	00	E1	00	01	88.0	1	0	2	0																						
2	ppu_public	90	13970024	84	84	42.0	stat_sample	3	03	00	E1	00	01	42.0	1	0	2	0																						
2	ppu_public	90	13970374	84	520	260.0	mode0_enter	0	03	00	E1	00	01	260.0	1	0	2	0																						
2	ppu_public	90	13970368	84	257	128.5	stat_sample	0	00	00	E1	00	01	128.5	1	0	2	0																						
2	ppu_public	90	13970768	85	0	0.0	stat_sample	2	00	00	E1	00	01	0.0	1	0	2	0																						
2	ppu_public	90	13970768	85	2	1.0	mode2_irq_prepare	0	00	00	E1	00	01	1.0	1	0	2	0																						
2	ppu_public	90	13970776	85	0	0.0	stat_sample	2	02	00	E1	00	01	0.0	1	0	2	0																						
2	ppu_public	90	13970774	85	8	4.0	mode2_enter	2	02	00	E1	00	01	4.0	1	0	2	0																						
2	ppu_public	90	13970776	85	0	0.0	stat_sample	3	02	00	E1	00	01	0.0	1	0	2	0																						
2	ppu_public	90	13970942	85	176	88.0	mode3_enter	3	02	00	E1	00	01	88.0	1	0	2	0																						
2	ppu_public	90	13970944	85	84	42.0	stat_sample	3	03	00	E1	00	01	42.0	1	0	2	0																						
2	ppu_public	90	13971286	85	520	260.0	mode0_enter	0	03	00	E1	00	01	260.0	1	0	2	0																						
2	ppu_public	90	13971280	85	257	128.5	stat_sample	0	00	00	E1	00	01	128.5	1	0	2	0																						
2	ppu_public	90	13971680	86	0	0.0	stat_sample	2	00	00	E1	00	01	0.0	1	0	2	0																						
2	ppu_public	90	13971680	86	2	1.0	mode2_irq_prepare	0	00	00	E1	00	01	1.0	1	0	2	0																						
2	ppu_public	90	13971688	86	0	0.0	stat_sample	2	02	00	E1	00	01	0.0	1	0	2	0																						
2	ppu_public	90	13971686	86	8	4.0	mode2_enter	2	02	00	E1	00	01	4.0	1	0	2	0																						
2	ppu_public	90	13971688	86	0	0.0	stat_sample	3	02	00	E1	00	01	0.0	1	0	2	0																						
2	ppu_public	90	13971854	86	176	88.0	mode3_enter	3	02	00	E1	00	01	88.0	1	0	2	0																						
2	ppu_public	90	13971848	86	84	42.0	stat_sample	3	03	00	E1	00	01	42.0	1	0	2	0																						
2	ppu_public	90	13972198	86	520	260.0	mode0_enter	0	03	00	E1	00	01	260.0	1	0	2	0																						
2	ppu_public	90	13972192	86	257	128.5	stat_sample	0	00	00	E1	00	01	128.5	1	0	2	0																						
2	ppu_public	90	13972592	87	0	0.0	stat_sample	2	00	00	E1	00	01	0.0	1	0	2	0																						
2	ppu_public	90	13972592	87	2	1.0	mode2_irq_prepare	0	00	00	E1	00	01	1.0	1	0	2	0																						
2	ppu_public	90	13972608	87	0	0.0	stat_sample	2	02	00	E1	00	01	0.0	1	0	2	0																						
2	ppu_public	90	13972598	87	8	4.0	mode2_enter	2	02	00	E1	00	01	4.0	1	0	2	0																						
2	ppu_public	90	13972608	87	0	0.0	stat_sample	3	02	00	E1	00	01	0.0	1	0	2	0																						
2	ppu_public	90	13972766	87	176	88.0	mode3_enter	3	02	00	E1	00	01	88.0	1	0	2	0																						
2	ppu_public	90	13972760	87	84	42.0	stat_sample	3	03	00	E1	00	01	42.0	1	0	2	0																						
2	ppu_public	90	13973110	87	520	260.0	mode0_enter	0	03	00	E1	00	01	260.0	1	0	2	0																						
2	ppu_public	90	13973104	87	257	128.5	stat_sample	0	00	00	E1	00	01	128.5	1	0	2	0																						
2	ppu_public	90	13973504	88	0	0.0	stat_sample	2	00	00	E1	00	01	0.0	1	0	2	0																						
2	ppu_public	90	13973504	88	2	1.0	mode2_irq_prepare	0	00	00	E1	00	01	1.0	1	0	2	0																						
2	ppu_public	90	13973512	88	0	0.0	stat_sample	2	02	00	E1	00	01	0.0	1	0	2	0																						
2	ppu_public	90	13973510	88	8	4.0	mode2_enter	2	02	00	E1	00	01	4.0	1	0	2	0																						
2	ppu_public	90	13973512	88	0	0.0	stat_sample	3	02	00	E1	00	01	0.0	1	0	2	0																						
2	ppu_public	90	13973678	88	176	88.0	mode3_enter	3	02	00	E1	00	01	88.0	1	0	2	0																						
2	ppu_public	90	13973672	88	84	42.0	stat_sample	3	03	00	E1	00	01	42.0	1	0	2	0																						
2	ppu_public	90	13974022	88	520	260.0	mode0_enter	0	03	00	E1	00	01	260.0	1	0	2	0																						
2	ppu_public	90	13974016	88	257	128.5	stat_sample	0	00	00	E1	00	01	128.5	1	0	2	0																						
2	ppu_public	90	13974416	89	0	0.0	stat_sample	2	00	00	E1	00	01	0.0	1	0	2	0																						
2	ppu_public	90	13974416	89	2	1.0	mode2_irq_prepare	0	00	00	E1	00	01	1.0	1	0	2	0																						
2	ppu_public	90	13974424	89	0	0.0	stat_sample	2	02	00	E1	00	01	0.0	1	0	2	0																						
2	ppu_public	90	13974422	89	8	4.0	mode2_enter	2	02	00	E1	00	01	4.0	1	0	2	0																						
2	ppu_public	90	13974424	89	0	0.0	stat_sample	3	02	00	E1	00	01	0.0	1	0	2	0																						
2	ppu_public	90	13974590	89	176	88.0	mode3_enter	3	02	00	E1	00	01	88.0	1	0	2	0																						
2	ppu_public	90	13974584	89	84	42.0	stat_sample	3	03	00	E1	00	01	42.0	1	0	2	0																						
2	ppu_public	90	13974934	89	520	260.0	mode0_enter	0	03	00	E1	00	01	260.0	1	0	2	0																						
2	ppu_public	90	13974928	89	257	128.5	stat_sample	0	00	00	E1	00	01	128.5	1	0	2	0																						
2	ppu_public	90	13975328	90	0	0.0	stat_sample	2	00	00	E1	00	01	0.0	1	0	2	0																						
2	ppu_public	90	13975328	90	2	1.0	mode2_irq_prepare	0	00	00	E1	00	01	1.0	1	0	2	0																						
2	ppu_public	90	13975336	90	0	0.0	stat_sample	2	02	00	E1	00	01	0.0	1	0	2	0																						
2	ppu_public	90	13975334	90	8	4.0	mode2_enter	2	02	00	E1	00	01	4.0	1	0	2	0																						
2	ppu_public	90	13975336	90	0	0.0	stat_sample	3	02	00	E1	00	01	0.0	1	0	2	0																						
2	ppu_public	90	13975502	90	176	88.0	mode3_enter	3	02	00	E1	00	01	88.0	1	0	2	0																						
2	ppu_public	90	13975496	90	84	42.0	stat_sample	3	03	00	E1	00	01	42.0	1	0	2	0																						
2	ppu_public	90	13975846	90	520	260.0	mode0_enter	0	03	00	E1	00	01	260.0	1	0	2	0																						
2	ppu_public	90	13975840	90	257	128.5	stat_sample	0	00	00	E1	00	01	128.5	1	0	2	0																						
2	ppu_public	90	13976248	91	0	0.0	stat_sample	2	00	00	E1	00	01	0.0	1	0	2	0																						
2	ppu_public	90	13976248	91	2	1.0	mode2_irq_prepare	0	00	00	E1	00	01	1.0	1	0	2	0																						
2	ppu_public	90	13976248	91	0	0.0	stat_sample	2	02	00	E1	00	01	0.0	1	0	2	0																						
2	ppu_public	90	13976254	91	8	4.0	mode2_enter	2	02	00	E1	00	01	4.0	1	0	2	0																						
2	ppu_public	90	13976248	91	0	0.0	stat_sample	3	02	00	E1	00	01	0.0	1	0	2	0																						
2	ppu_public	90	13976422	91	176	88.0	mode3_enter	3	02	00	E1	00	01	88.0	1	0	2	0																						
2	ppu_public	90	13976408	91	84	42.0	stat_sample	3	03	00	E1	00	01	42.0	1	0	2	0																						
2	ppu_public	90	13976766	91	520	260.0	mode0_enter	0	03	00	E1	00	01	260.0	1	0	2	0																						
2	ppu_public	90	13976752	91	257	128.5	stat_sample	0	00	00	E1	00	01	128.5	1	0	2	0																						
2	ppu_public	90	13977152	92	0	0.0	stat_sample	2	00	00	E1	00	01	0.0	1	0	2	0																						
2	ppu_public	90	13977152	92	2	1.0	mode2_irq_prepare	0	00	00	E1	00	01	1.0	1	0	2	0																						
2	ppu_public	90	13977160	92	0	0.0	stat_sample	2	02	00	E1	00	01	0.0	1	0	2	0																						
2	ppu_public	90	13977158	92	8	4.0	mode2_enter	2	02	00	E1	00	01	4.0	1	0	2	0																						
2	ppu_public	90	13977160	92	0	0.0	stat_sample	3	02	00	E1	00	01	0.0	1	0	2	0																						
2	ppu_public	90	13977326	92	176	88.0	mode3_enter	3	02	00	E1	00	01	88.0	1	0	2	0																						
2	ppu_public	90	13977320	92	84	42.0	stat_sample	3	03	00	E1	00	01	42.0	1	0	2	0																						
2	ppu_public	90	13977670	92	520	260.0	mode0_enter	0	03	00	E1	00	01	260.0	1	0	2	0																						
2	ppu_public	90	13977664	92	257	128.5	stat_sample	0	00	00	E1	00	01	128.5	1	0	2	0																						
2	ppu_public	90	13978064	93	0	0.0	stat_sample	2	00	00	E1	00	01	0.0	1	0	2	0																						
2	ppu_public	90	13978064	93	2	1.0	mode2_irq_prepare	0	00	00	E1	00	01	1.0	1	0	2	0																						
2	ppu_public	90	13978072	93	0	0.0	stat_sample	2	02	00	E1	00	01	0.0	1	0	2	0																						
2	ppu_public	90	13978070	93	8	4.0	mode2_enter	2	02	00	E1	00	01	4.0	1	0	2	0																						
2	ppu_public	90	13978072	93	0	0.0	stat_sample	3	02	00	E1	00	01	0.0	1	0	2	0																						
2	ppu_public	90	13978238	93	176	88.0	mode3_enter	3	02	00	E1	00	01	88.0	1	0	2	0																						
2	ppu_public	90	13978232	93	84	42.0	stat_sample	3	03	00	E1	00	01	42.0	1	0	2	0																						
2	ppu_public	90	13978582	93	520	260.0	mode0_enter	0	03	00	E1	00	01	260.0	1	0	2	0																						
2	ppu_public	90	13978576	93	257	128.5	stat_sample	0	00	00	E1	00	01	128.5	1	0	2	0																						
2	ppu_public	90	13978976	94	0	0.0	stat_sample	2	00	00	E1	00	01	0.0	1	0	2	0																						
2	ppu_public	90	13978976	94	2	1.0	mode2_irq_prepare	0	00	00	E1	00	01	1.0	1	0	2	0																						
2	ppu_public	90	13978984	94	0	0.0	stat_sample	2	02	00	E1	00	01	0.0	1	0	2	0																						
2	ppu_public	90	13978982	94	8	4.0	mode2_enter	2	02	00	E1	00	01	4.0	1	0	2	0																						
2	ppu_public	90	13978984	94	0	0.0	stat_sample	3	02	00	E1	00	01	0.0	1	0	2	0																						
2	ppu_public	90	13979150	94	176	88.0	mode3_enter	3	02	00	E1	00	01	88.0	1	0	2	0																						
2	ppu_public	90	13979144	94	84	42.0	stat_sample	3	03	00	E1	00	01	42.0	1	0	2	0																						
2	ppu_public	90	13979494	94	520	260.0	mode0_enter	0	03	00	E1	00	01	260.0	1	0	2	0																						
2	ppu_public	90	13979488	94	257	128.5	stat_sample	0	00	00	E1	00	01	128.5	1	0	2	0																						
2	ppu_public	90	13979888	95	0	0.0	stat_sample	2	00	00	E1	00	01	0.0	1	0	2	0																						
2	ppu_public	90	13979888	95	2	1.0	mode2_irq_prepare	0	00	00	E1	00	01	1.0	1	0	2	0																						
2	ppu_public	90	13979896	95	0	0.0	stat_sample	2	02	00	E1	00	01	0.0	1	0	2	0																						
2	ppu_public	90	13979894	95	8	4.0	mode2_enter	2	02	00	E1	00	01	4.0	1	0	2	0																						
2	ppu_public	90	13979896	95	0	0.0	stat_sample	3	02	00	E1	00	01	0.0	1	0	2	0																						
2	ppu_public	90	13980062	95	176	88.0	mode3_enter	3	02	00	E1	00	01	88.0	1	0	2	0																						
2	ppu_public	90	13980056	95	84	42.0	stat_sample	3	03	00	E1	00	01	42.0	1	0	2	0																						
2	ppu_public	90	13980406	95	520	260.0	mode0_enter	0	03	00	E1	00	01	260.0	1	0	2	0																						
2	ppu_public	90	13980408	95	257	128.5	stat_sample	0	00	00	E1	00	01	128.5	1	0	2	0																						
2	ppu_public	90	13980800	96	0	0.0	stat_sample	2	00	00	E1	00	01	0.0	1	0	2	0																						
2	ppu_public	90	13980800	96	2	1.0	mode2_irq_prepare	0	00	00	E1	00	01	1.0	1	0	2	0																						
2	ppu_public	90	13980808	96	0	0.0	stat_sample	2	02	00	E1	00	01	0.0	1	0	2	0																						
2	ppu_public	90	13980806	96	8	4.0	mode2_enter	2	02	00	E1	00	01	4.0	1	0	2	0																						
2	ppu_public	90	13980808	96	0	0.0	stat_sample	3	02	00	E1	00	01	0.0	1	0	2	0																						
2	ppu_public	90	13980974	96	176	88.0	mode3_enter	3	02	00	E1	00	01	88.0	1	0	2	0																						
2	ppu_public	90	13980968	96	84	42.0	stat_sample	3	03	00	E1	00	01	42.0	1	0	2	0																						
2	ppu_public	90	13981318	96	520	260.0	mode0_enter	0	03	00	E1	00	01	260.0	1	0	2	0																						
2	ppu_public	90	13981312	96	257	128.5	stat_sample	0	00	00	E1	00	01	128.5	1	0	2	0																						
2	ppu_public	90	13981712	97	0	0.0	stat_sample	2	00	00	E1	00	01	0.0	1	0	2	0																						
2	ppu_public	90	13981712	97	2	1.0	mode2_irq_prepare	0	00	00	E1	00	01	1.0	1	0	2	0																						
2	ppu_public	90	13981720	97	0	0.0	stat_sample	2	02	00	E1	00	01	0.0	1	0	2	0																						
2	ppu_public	90	13981718	97	8	4.0	mode2_enter	2	02	00	E1	00	01	4.0	1	0	2	0																						
2	ppu_public	90	13981720	97	0	0.0	stat_sample	3	02	00	E1	00	01	0.0	1	0	2	0																						
2	ppu_public	90	13981886	97	176	88.0	mode3_enter	3	02	00	E1	00	01	88.0	1	0	2	0																						
2	ppu_public	90	13981880	97	84	42.0	stat_sample	3	03	00	E1	00	01	42.0	1	0	2	0																						
2	ppu_public	90	13982230	97	520	260.0	mode0_enter	0	03	00	E1	00	01	260.0	1	0	2	0																						
2	ppu_public	90	13982224	97	257	128.5	stat_sample	0	00	00	E1	00	01	128.5	1	0	2	0																						
2	ppu_public	90	13982624	98	0	0.0	stat_sample	2	00	00	E1	00	01	0.0	1	0	2	0																						
2	ppu_public	90	13982624	98	2	1.0	mode2_irq_prepare	0	00	00	E1	00	01	1.0	1	0	2	0																						
2	ppu_public	90	13982632	98	0	0.0	stat_sample	2	02	00	E1	00	01	0.0	1	0	2	0																						
2	ppu_public	90	13982630	98	8	4.0	mode2_enter	2	02	00	E1	00	01	4.0	1	0	2	0																						
2	ppu_public	90	13982632	98	0	0.0	stat_sample	3	02	00	E1	00	01	0.0	1	0	2	0																						
2	ppu_public	90	13982798	98	176	88.0	mode3_enter	3	02	00	E1	00	01	88.0	1	0	2	0																						
2	ppu_public	90	13982800	98	84	42.0	stat_sample	3	03	00	E1	00	01	42.0	1	0	2	0																						
2	ppu_public	90	13983142	98	520	260.0	mode0_enter	0	03	00	E1	00	01	260.0	1	0	2	0																						
2	ppu_public	90	13983136	98	257	128.5	stat_sample	0	00	00	E1	00	01	128.5	1	0	2	0																						
2	ppu_public	90	13983536	99	0	0.0	stat_sample	2	00	00	E1	00	01	0.0	1	0	2	0																						
2	ppu_public	90	13983536	99	2	1.0	mode2_irq_prepare	0	00	00	E1	00	01	1.0	1	0	2	0																						
2	ppu_public	90	13983544	99	0	0.0	stat_sample	2	02	00	E1	00	01	0.0	1	0	2	0																						
2	ppu_public	90	13983542	99	8	4.0	mode2_enter	2	02	00	E1	00	01	4.0	1	0	2	0																						
2	ppu_public	90	13983544	99	0	0.0	stat_sample	3	02	00	E1	00	01	0.0	1	0	2	0																						
2	ppu_public	90	13983710	99	176	88.0	mode3_enter	3	02	00	E1	00	01	88.0	1	0	2	0																						
2	ppu_public	90	13983704	99	84	42.0	stat_sample	3	03	00	E1	00	01	42.0	1	0	2	0																						
2	ppu_public	90	13984054	99	520	260.0	mode0_enter	0	03	00	E1	00	01	260.0	1	0	2	0																						
2	ppu_public	90	13984048	99	257	128.5	stat_sample	0	00	00	E1	00	01	128.5	1	0	2	0																						
2	ppu_public	90	13984448	100	0	0.0	stat_sample	2	00	00	E1	00	01	0.0	1	0	2	0																						
2	ppu_public	90	13984448	100	2	1.0	mode2_irq_prepare	0	00	00	E1	00	01	1.0	1	0	2	0																						
2	ppu_public	90	13984464	100	0	0.0	stat_sample	2	02	00	E1	00	01	0.0	1	0	2	0																						
2	ppu_public	90	13984454	100	8	4.0	mode2_enter	2	02	00	E1	00	01	4.0	1	0	2	0																						
2	ppu_public	90	13984464	100	0	0.0	stat_sample	3	02	00	E1	00	01	0.0	1	0	2	0																						
2	ppu_public	90	13984622	100	176	88.0	mode3_enter	3	02	00	E1	00	01	88.0	1	0	2	0																						
2	ppu_public	90	13984616	100	84	42.0	stat_sample	3	03	00	E1	00	01	42.0	1	0	2	0																						
2	ppu_public	90	13984966	100	520	260.0	mode0_enter	0	03	00	E1	00	01	260.0	1	0	2	0																						
2	ppu_public	90	13984960	100	257	128.5	stat_sample	0	00	00	E1	00	01	128.5	1	0	2	0																						
2	ppu_public	90	13985360	101	0	0.0	stat_sample	2	00	00	E1	00	01	0.0	1	0	2	0																						
2	ppu_public	90	13985360	101	2	1.0	mode2_irq_prepare	0	00	00	E1	00	01	1.0	1	0	2	0																						
2	ppu_public	90	13985368	101	0	0.0	stat_sample	2	02	00	E1	00	01	0.0	1	0	2	0																						
2	ppu_public	90	13985366	101	8	4.0	mode2_enter	2	02	00	E1	00	01	4.0	1	0	2	0																						
2	ppu_public	90	13985368	101	0	0.0	stat_sample	3	02	00	E1	00	01	0.0	1	0	2	0																						
2	ppu_public	90	13985534	101	176	88.0	mode3_enter	3	02	00	E1	00	01	88.0	1	0	2	0																						
2	ppu_public	90	13985528	101	84	42.0	stat_sample	3	03	00	E1	00	01	42.0	1	0	2	0																						
2	ppu_public	90	13985878	101	520	260.0	mode0_enter	0	03	00	E1	00	01	260.0	1	0	2	0																						
2	ppu_public	90	13985872	101	257	128.5	stat_sample	0	00	00	E1	00	01	128.5	1	0	2	0																						
2	ppu_public	90	13986272	102	0	0.0	stat_sample	2	00	00	E1	00	01	0.0	1	0	2	0																						
2	ppu_public	90	13986272	102	2	1.0	mode2_irq_prepare	0	00	00	E1	00	01	1.0	1	0	2	0																						
2	ppu_public	90	13986280	102	0	0.0	stat_sample	2	02	00	E1	00	01	0.0	1	0	2	0																						
2	ppu_public	90	13986278	102	8	4.0	mode2_enter	2	02	00	E1	00	01	4.0	1	0	2	0																						
2	ppu_public	90	13986280	102	0	0.0	stat_sample	3	02	00	E1	00	01	0.0	1	0	2	0																						
2	ppu_public	90	13986446	102	176	88.0	mode3_enter	3	02	00	E1	00	01	88.0	1	0	2	0																						
2	ppu_public	90	13986440	102	84	42.0	stat_sample	3	03	00	E1	00	01	42.0	1	0	2	0																						
2	ppu_public	90	13986790	102	520	260.0	mode0_enter	0	03	00	E1	00	01	260.0	1	0	2	0																						
2	ppu_public	90	13986784	102	257	128.5	stat_sample	0	00	00	E1	00	01	128.5	1	0	2	0																						
2	ppu_public	90	13987184	103	0	0.0	stat_sample	2	00	00	E1	00	01	0.0	1	0	2	0																						
2	ppu_public	90	13987184	103	2	1.0	mode2_irq_prepare	0	00	00	E1	00	01	1.0	1	0	2	0																						
2	ppu_public	90	13987192	103	0	0.0	stat_sample	2	02	00	E1	00	01	0.0	1	0	2	0																						
2	ppu_public	90	13987190	103	8	4.0	mode2_enter	2	02	00	E1	00	01	4.0	1	0	2	0																						
2	ppu_public	90	13987192	103	0	0.0	stat_sample	3	02	00	E1	00	01	0.0	1	0	2	0																						
2	ppu_public	90	13987358	103	176	88.0	mode3_enter	3	02	00	E1	00	01	88.0	1	0	2	0																						
2	ppu_public	90	13987352	103	84	42.0	stat_sample	3	03	00	E1	00	01	42.0	1	0	2	0																						
2	ppu_public	90	13987702	103	520	260.0	mode0_enter	0	03	00	E1	00	01	260.0	1	0	2	0																						
2	ppu_public	90	13987696	103	257	128.5	stat_sample	0	00	00	E1	00	01	128.5	1	0	2	0																						
2	ppu_public	90	13988104	104	0	0.0	stat_sample	2	00	00	E1	00	01	0.0	1	0	2	0																						
2	ppu_public	90	13988104	104	2	1.0	mode2_irq_prepare	0	00	00	E1	00	01	1.0	1	0	2	0																						
2	ppu_public	90	13988104	104	0	0.0	stat_sample	2	02	00	E1	00	01	0.0	1	0	2	0																						
2	ppu_public	90	13988110	104	8	4.0	mode2_enter	2	02	00	E1	00	01	4.0	1	0	2	0																						
2	ppu_public	90	13988104	104	0	0.0	stat_sample	3	02	00	E1	00	01	0.0	1	0	2	0																						
2	ppu_public	90	13988278	104	176	88.0	mode3_enter	3	02	00	E1	00	01	88.0	1	0	2	0																						
2	ppu_public	90	13988264	104	84	42.0	stat_sample	3	03	00	E1	00	01	42.0	1	0	2	0																						
2	ppu_public	90	13988622	104	520	260.0	mode0_enter	0	03	00	E1	00	01	260.0	1	0	2	0																						
2	ppu_public	90	13988608	104	257	128.5	stat_sample	0	00	00	E1	00	01	128.5	1	0	2	0																						
2	ppu_public	90	13989008	105	0	0.0	stat_sample	2	00	00	E1	00	01	0.0	1	0	2	0																						
2	ppu_public	90	13989008	105	2	1.0	mode2_irq_prepare	0	00	00	E1	00	01	1.0	1	0	2	0																						
2	ppu_public	90	13989016	105	0	0.0	stat_sample	2	02	00	E1	00	01	0.0	1	0	2	0																						
2	ppu_public	90	13989014	105	8	4.0	mode2_enter	2	02	00	E1	00	01	4.0	1	0	2	0																						
2	ppu_public	90	13989016	105	0	0.0	stat_sample	3	02	00	E1	00	01	0.0	1	0	2	0																						
2	ppu_public	90	13989182	105	176	88.0	mode3_enter	3	02	00	E1	00	01	88.0	1	0	2	0																						
2	ppu_public	90	13989176	105	84	42.0	stat_sample	3	03	00	E1	00	01	42.0	1	0	2	0																						
2	ppu_public	90	13989526	105	520	260.0	mode0_enter	0	03	00	E1	00	01	260.0	1	0	2	0																						
2	ppu_public	90	13989520	105	257	128.5	stat_sample	0	00	00	E1	00	01	128.5	1	0	2	0																						
2	ppu_public	90	13989920	106	0	0.0	stat_sample	2	00	00	E1	00	01	0.0	1	0	2	0																						
2	ppu_public	90	13989920	106	2	1.0	mode2_irq_prepare	0	00	00	E1	00	01	1.0	1	0	2	0																						
2	ppu_public	90	13989928	106	0	0.0	stat_sample	2	02	00	E1	00	01	0.0	1	0	2	0																						
2	ppu_public	90	13989926	106	8	4.0	mode2_enter	2	02	00	E1	00	01	4.0	1	0	2	0																						
2	ppu_public	90	13989928	106	0	0.0	stat_sample	3	02	00	E1	00	01	0.0	1	0	2	0																						
2	ppu_public	90	13990094	106	176	88.0	mode3_enter	3	02	00	E1	00	01	88.0	1	0	2	0																						
2	ppu_public	90	13990088	106	84	42.0	stat_sample	3	03	00	E1	00	01	42.0	1	0	2	0																						
2	ppu_public	90	13990438	106	520	260.0	mode0_enter	0	03	00	E1	00	01	260.0	1	0	2	0																						
2	ppu_public	90	13990432	106	257	128.5	stat_sample	0	00	00	E1	00	01	128.5	1	0	2	0																						
2	ppu_public	90	13990832	107	0	0.0	stat_sample	2	00	00	E1	00	01	0.0	1	0	2	0																						
2	ppu_public	90	13990832	107	2	1.0	mode2_irq_prepare	0	00	00	E1	00	01	1.0	1	0	2	0																						
2	ppu_public	90	13990840	107	0	0.0	stat_sample	2	02	00	E1	00	01	0.0	1	0	2	0																						
2	ppu_public	90	13990838	107	8	4.0	mode2_enter	2	02	00	E1	00	01	4.0	1	0	2	0																						
2	ppu_public	90	13990840	107	0	0.0	stat_sample	3	02	00	E1	00	01	0.0	1	0	2	0																						
2	ppu_public	90	13991006	107	176	88.0	mode3_enter	3	02	00	E1	00	01	88.0	1	0	2	0																						
2	ppu_public	90	13991000	107	84	42.0	stat_sample	3	03	00	E1	00	01	42.0	1	0	2	0																						
2	ppu_public	90	13991350	107	520	260.0	mode0_enter	0	03	00	E1	00	01	260.0	1	0	2	0																						
2	ppu_public	90	13991344	107	257	128.5	stat_sample	0	00	00	E1	00	01	128.5	1	0	2	0																						
2	ppu_public	90	13991744	108	0	0.0	stat_sample	2	00	00	E1	00	01	0.0	1	0	2	0																						
2	ppu_public	90	13991744	108	2	1.0	mode2_irq_prepare	0	00	00	E1	00	01	1.0	1	0	2	0																						
2	ppu_public	90	13991752	108	0	0.0	stat_sample	2	02	00	E1	00	01	0.0	1	0	2	0																						
2	ppu_public	90	13991750	108	8	4.0	mode2_enter	2	02	00	E1	00	01	4.0	1	0	2	0																						
2	ppu_public	90	13991752	108	0	0.0	stat_sample	3	02	00	E1	00	01	0.0	1	0	2	0																						
2	ppu_public	90	13991918	108	176	88.0	mode3_enter	3	02	00	E1	00	01	88.0	1	0	2	0																						
2	ppu_public	90	13991912	108	84	42.0	stat_sample	3	03	00	E1	00	01	42.0	1	0	2	0																						
2	ppu_public	90	13992262	108	520	260.0	mode0_enter	0	03	00	E1	00	01	260.0	1	0	2	0																						
2	ppu_public	90	13992264	108	257	128.5	stat_sample	0	00	00	E1	00	01	128.5	1	0	2	0																						
2	ppu_public	90	13992656	109	0	0.0	stat_sample	2	00	00	E1	00	01	0.0	1	0	2	0																						
2	ppu_public	90	13992656	109	2	1.0	mode2_irq_prepare	0	00	00	E1	00	01	1.0	1	0	2	0																						
2	ppu_public	90	13992664	109	0	0.0	stat_sample	2	02	00	E1	00	01	0.0	1	0	2	0																						
2	ppu_public	90	13992662	109	8	4.0	mode2_enter	2	02	00	E1	00	01	4.0	1	0	2	0																						
2	ppu_public	90	13992664	109	0	0.0	stat_sample	3	02	00	E1	00	01	0.0	1	0	2	0																						
2	ppu_public	90	13992830	109	176	88.0	mode3_enter	3	02	00	E1	00	01	88.0	1	0	2	0																						
2	ppu_public	90	13992824	109	84	42.0	stat_sample	3	03	00	E1	00	01	42.0	1	0	2	0																						
2	ppu_public	90	13993174	109	520	260.0	mode0_enter	0	03	00	E1	00	01	260.0	1	0	2	0																						
2	ppu_public	90	13993168	109	257	128.5	stat_sample	0	00	00	E1	00	01	128.5	1	0	2	0																						
2	ppu_public	90	13993568	110	0	0.0	stat_sample	2	00	00	E1	00	01	0.0	1	0	2	0																						
2	ppu_public	90	13993568	110	2	1.0	mode2_irq_prepare	0	00	00	E1	00	01	1.0	1	0	2	0																						
2	ppu_public	90	13993576	110	0	0.0	stat_sample	2	02	00	E1	00	01	0.0	1	0	2	0																						
2	ppu_public	90	13993574	110	8	4.0	mode2_enter	2	02	00	E1	00	01	4.0	1	0	2	0																						
2	ppu_public	90	13993576	110	0	0.0	stat_sample	3	02	00	E1	00	01	0.0	1	0	2	0																						
2	ppu_public	90	13993742	110	176	88.0	mode3_enter	3	02	00	E1	00	01	88.0	1	0	2	0																						
2	ppu_public	90	13993736	110	84	42.0	stat_sample	3	03	00	E1	00	01	42.0	1	0	2	0																						
2	ppu_public	90	13994086	110	520	260.0	mode0_enter	0	03	00	E1	00	01	260.0	1	0	2	0																						
2	ppu_public	90	13994080	110	257	128.5	stat_sample	0	00	00	E1	00	01	128.5	1	0	2	0																						
2	ppu_public	90	13994480	111	0	0.0	stat_sample	2	00	00	E1	00	01	0.0	1	0	2	0																						
2	ppu_public	90	13994480	111	2	1.0	mode2_irq_prepare	0	00	00	E1	00	01	1.0	1	0	2	0																						
2	ppu_public	90	13994488	111	0	0.0	stat_sample	2	02	00	E1	00	01	0.0	1	0	2	0																						
2	ppu_public	90	13994486	111	8	4.0	mode2_enter	2	02	00	E1	00	01	4.0	1	0	2	0																						
2	ppu_public	90	13994488	111	0	0.0	stat_sample	3	02	00	E1	00	01	0.0	1	0	2	0																						
2	ppu_public	90	13994654	111	176	88.0	mode3_enter	3	02	00	E1	00	01	88.0	1	0	2	0																						
2	ppu_public	90	13994656	111	84	42.0	stat_sample	3	03	00	E1	00	01	42.0	1	0	2	0																						
2	ppu_public	90	13994998	111	520	260.0	mode0_enter	0	03	00	E1	00	01	260.0	1	0	2	0																						
2	ppu_public	90	13994992	111	257	128.5	stat_sample	0	00	00	E1	00	01	128.5	1	0	2	0																						
2	ppu_public	90	13995392	112	0	0.0	stat_sample	2	00	00	E1	00	01	0.0	1	0	2	0																						
2	ppu_public	90	13995392	112	2	1.0	mode2_irq_prepare	0	00	00	E1	00	01	1.0	1	0	2	0																						
2	ppu_public	90	13995400	112	0	0.0	stat_sample	2	02	00	E1	00	01	0.0	1	0	2	0																						
2	ppu_public	90	13995398	112	8	4.0	mode2_enter	2	02	00	E1	00	01	4.0	1	0	2	0																						
2	ppu_public	90	13995400	112	0	0.0	stat_sample	3	02	00	E1	00	01	0.0	1	0	2	0																						
2	ppu_public	90	13995566	112	176	88.0	mode3_enter	3	02	00	E1	00	01	88.0	1	0	2	0																						
2	ppu_public	90	13995560	112	84	42.0	stat_sample	3	03	00	E1	00	01	42.0	1	0	2	0																						
2	ppu_public	90	13995910	112	520	260.0	mode0_enter	0	03	00	E1	00	01	260.0	1	0	2	0																						
2	ppu_public	90	13995904	112	257	128.5	stat_sample	0	00	00	E1	00	01	128.5	1	0	2	0																						
2	ppu_public	90	13996304	113	0	0.0	stat_sample	2	00	00	E1	00	01	0.0	1	0	2	0																						
2	ppu_public	90	13996304	113	2	1.0	mode2_irq_prepare	0	00	00	E1	00	01	1.0	1	0	2	0																						
2	ppu_public	90	13996320	113	0	0.0	stat_sample	2	02	00	E1	00	01	0.0	1	0	2	0																						
2	ppu_public	90	13996310	113	8	4.0	mode2_enter	2	02	00	E1	00	01	4.0	1	0	2	0																						
2	ppu_public	90	13996320	113	0	0.0	stat_sample	3	02	00	E1	00	01	0.0	1	0	2	0																						
2	ppu_public	90	13996478	113	176	88.0	mode3_enter	3	02	00	E1	00	01	88.0	1	0	2	0																						
2	ppu_public	90	13996472	113	84	42.0	stat_sample	3	03	00	E1	00	01	42.0	1	0	2	0																						
2	ppu_public	90	13996822	113	520	260.0	mode0_enter	0	03	00	E1	00	01	260.0	1	0	2	0																						
2	ppu_public	90	13996816	113	257	128.5	stat_sample	0	00	00	E1	00	01	128.5	1	0	2	0																						
2	ppu_public	90	13997216	114	0	0.0	stat_sample	2	00	00	E1	00	01	0.0	1	0	2	0																						
2	ppu_public	90	13997216	114	2	1.0	mode2_irq_prepare	0	00	00	E1	00	01	1.0	1	0	2	0																						
2	ppu_public	90	13997224	114	0	0.0	stat_sample	2	02	00	E1	00	01	0.0	1	0	2	0																						
2	ppu_public	90	13997222	114	8	4.0	mode2_enter	2	02	00	E1	00	01	4.0	1	0	2	0																						
2	ppu_public	90	13997224	114	0	0.0	stat_sample	3	02	00	E1	00	01	0.0	1	0	2	0																						
2	ppu_public	90	13997390	114	176	88.0	mode3_enter	3	02	00	E1	00	01	88.0	1	0	2	0																						
2	ppu_public	90	13997384	114	84	42.0	stat_sample	3	03	00	E1	00	01	42.0	1	0	2	0																						
2	ppu_public	90	13997734	114	520	260.0	mode0_enter	0	03	00	E1	00	01	260.0	1	0	2	0																						
2	ppu_public	90	13997728	114	257	128.5	stat_sample	0	00	00	E1	00	01	128.5	1	0	2	0																						
2	ppu_public	90	13998128	115	0	0.0	stat_sample	2	00	00	E1	00	01	0.0	1	0	2	0																						
2	ppu_public	90	13998128	115	2	1.0	mode2_irq_prepare	0	00	00	E1	00	01	1.0	1	0	2	0																						
2	ppu_public	90	13998136	115	0	0.0	stat_sample	2	02	00	E1	00	01	0.0	1	0	2	0																						
2	ppu_public	90	13998134	115	8	4.0	mode2_enter	2	02	00	E1	00	01	4.0	1	0	2	0																						
2	ppu_public	90	13998136	115	0	0.0	stat_sample	3	02	00	E1	00	01	0.0	1	0	2	0																						
2	ppu_public	90	13998302	115	176	88.0	mode3_enter	3	02	00	E1	00	01	88.0	1	0	2	0																						
2	ppu_public	90	13998296	115	84	42.0	stat_sample	3	03	00	E1	00	01	42.0	1	0	2	0																						
2	ppu_public	90	13998646	115	520	260.0	mode0_enter	0	03	00	E1	00	01	260.0	1	0	2	0																						
2	ppu_public	90	13998640	115	257	128.5	stat_sample	0	00	00	E1	00	01	128.5	1	0	2	0																						
2	ppu_public	90	13999040	116	0	0.0	stat_sample	2	00	00	E1	00	01	0.0	1	0	2	0																						
2	ppu_public	90	13999040	116	2	1.0	mode2_irq_prepare	0	00	00	E1	00	01	1.0	1	0	2	0																						
2	ppu_public	90	13999048	116	0	0.0	stat_sample	2	02	00	E1	00	01	0.0	1	0	2	0																						
2	ppu_public	90	13999046	116	8	4.0	mode2_enter	2	02	00	E1	00	01	4.0	1	0	2	0																						
2	ppu_public	90	13999048	116	0	0.0	stat_sample	3	02	00	E1	00	01	0.0	1	0	2	0																						
2	ppu_public	90	13999214	116	176	88.0	mode3_enter	3	02	00	E1	00	01	88.0	1	0	2	0																						
2	ppu_public	90	13999208	116	84	42.0	stat_sample	3	03	00	E1	00	01	42.0	1	0	2	0																						
2	ppu_public	90	13999558	116	520	260.0	mode0_enter	0	03	00	E1	00	01	260.0	1	0	2	0																						
2	ppu_public	90	13999552	116	257	128.5	stat_sample	0	00	00	E1	00	01	128.5	1	0	2	0																						
2	ppu_public	90	13999960	117	0	0.0	stat_sample	2	00	00	E1	00	01	0.0	1	0	2	0																						
2	ppu_public	90	13999960	117	2	1.0	mode2_irq_prepare	0	00	00	E1	00	01	1.0	1	0	2	0																						
2	ppu_public	90	13999960	117	0	0.0	stat_sample	2	02	00	E1	00	01	0.0	1	0	2	0																						
2	ppu_public	90	13999966	117	8	4.0	mode2_enter	2	02	00	E1	00	01	4.0	1	0	2	0																						
2	ppu_public	90	13999960	117	0	0.0	stat_sample	3	02	00	E1	00	01	0.0	1	0	2	0																						
2	ppu_public	90	14000134	117	176	88.0	mode3_enter	3	02	00	E1	00	01	88.0	1	0	2	0																						
2	ppu_public	90	14000120	117	84	42.0	stat_sample	3	03	00	E1	00	01	42.0	1	0	2	0																						
2	ppu_public	90	14000478	117	520	260.0	mode0_enter	0	03	00	E1	00	01	260.0	1	0	2	0																						
2	ppu_public	90	14000464	117	257	128.5	stat_sample	0	00	00	E1	00	01	128.5	1	0	2	0																						
2	ppu_public	90	14000864	118	0	0.0	stat_sample	2	00	00	E1	00	01	0.0	1	0	2	0																						
2	ppu_public	90	14000864	118	2	1.0	mode2_irq_prepare	0	00	00	E1	00	01	1.0	1	0	2	0																						
2	ppu_public	90	14000872	118	0	0.0	stat_sample	2	02	00	E1	00	01	0.0	1	0	2	0																						
2	ppu_public	90	14000870	118	8	4.0	mode2_enter	2	02	00	E1	00	01	4.0	1	0	2	0																						
2	ppu_public	90	14000872	118	0	0.0	stat_sample	3	02	00	E1	00	01	0.0	1	0	2	0																						
2	ppu_public	90	14001038	118	176	88.0	mode3_enter	3	02	00	E1	00	01	88.0	1	0	2	0																						
2	ppu_public	90	14001032	118	84	42.0	stat_sample	3	03	00	E1	00	01	42.0	1	0	2	0																						
2	ppu_public	90	14001382	118	520	260.0	mode0_enter	0	03	00	E1	00	01	260.0	1	0	2	0																						
2	ppu_public	90	14001376	118	257	128.5	stat_sample	0	00	00	E1	00	01	128.5	1	0	2	0																						
2	ppu_public	90	14001776	119	0	0.0	stat_sample	2	00	00	E1	00	01	0.0	1	0	2	0																						
2	ppu_public	90	14001776	119	2	1.0	mode2_irq_prepare	0	00	00	E1	00	01	1.0	1	0	2	0																						
2	ppu_public	90	14001784	119	0	0.0	stat_sample	2	02	00	E1	00	01	0.0	1	0	2	0																						
2	ppu_public	90	14001782	119	8	4.0	mode2_enter	2	02	00	E1	00	01	4.0	1	0	2	0																						
2	ppu_public	90	14001784	119	0	0.0	stat_sample	3	02	00	E1	00	01	0.0	1	0	2	0																						
2	ppu_public	90	14001950	119	176	88.0	mode3_enter	3	02	00	E1	00	01	88.0	1	0	2	0																						
2	ppu_public	90	14001944	119	84	42.0	stat_sample	3	03	00	E1	00	01	42.0	1	0	2	0																						
2	ppu_public	90	14002294	119	520	260.0	mode0_enter	0	03	00	E1	00	01	260.0	1	0	2	0																						
2	ppu_public	90	14002288	119	257	128.5	stat_sample	0	00	00	E1	00	01	128.5	1	0	2	0																						
2	ppu_public	90	14002688	120	0	0.0	stat_sample	2	00	00	E1	00	01	0.0	1	0	2	0																						
2	ppu_public	90	14002688	120	2	1.0	mode2_irq_prepare	0	00	00	E1	00	01	1.0	1	0	2	0																						
2	ppu_public	90	14002696	120	0	0.0	stat_sample	2	02	00	E1	00	01	0.0	1	0	2	0																						
2	ppu_public	90	14002694	120	8	4.0	mode2_enter	2	02	00	E1	00	01	4.0	1	0	2	0																						
2	ppu_public	90	14002696	120	0	0.0	stat_sample	3	02	00	E1	00	01	0.0	1	0	2	0																						
2	ppu_public	90	14002862	120	176	88.0	mode3_enter	3	02	00	E1	00	01	88.0	1	0	2	0																						
2	ppu_public	90	14002856	120	84	42.0	stat_sample	3	03	00	E1	00	01	42.0	1	0	2	0																						
2	ppu_public	90	14003206	120	520	260.0	mode0_enter	0	03	00	E1	00	01	260.0	1	0	2	0																						
2	ppu_public	90	14003200	120	257	128.5	stat_sample	0	00	00	E1	00	01	128.5	1	0	2	0																						
2	ppu_public	90	14003600	121	0	0.0	stat_sample	2	00	00	E1	00	01	0.0	1	0	2	0																						
2	ppu_public	90	14003600	121	2	1.0	mode2_irq_prepare	0	00	00	E1	00	01	1.0	1	0	2	0																						
2	ppu_public	90	14003608	121	0	0.0	stat_sample	2	02	00	E1	00	01	0.0	1	0	2	0																						
2	ppu_public	90	14003606	121	8	4.0	mode2_enter	2	02	00	E1	00	01	4.0	1	0	2	0																						
2	ppu_public	90	14003608	121	0	0.0	stat_sample	3	02	00	E1	00	01	0.0	1	0	2	0																						
2	ppu_public	90	14003774	121	176	88.0	mode3_enter	3	02	00	E1	00	01	88.0	1	0	2	0																						
2	ppu_public	90	14003768	121	84	42.0	stat_sample	3	03	00	E1	00	01	42.0	1	0	2	0																						
2	ppu_public	90	14004118	121	520	260.0	mode0_enter	0	03	00	E1	00	01	260.0	1	0	2	0																						
2	ppu_public	90	14004120	121	257	128.5	stat_sample	0	00	00	E1	00	01	128.5	1	0	2	0																						
2	ppu_public	90	14004512	122	0	0.0	stat_sample	2	00	00	E1	00	01	0.0	1	0	2	0																						
2	ppu_public	90	14004512	122	2	1.0	mode2_irq_prepare	0	00	00	E1	00	01	1.0	1	0	2	0																						
2	ppu_public	90	14004520	122	0	0.0	stat_sample	2	02	00	E1	00	01	0.0	1	0	2	0																						
2	ppu_public	90	14004518	122	8	4.0	mode2_enter	2	02	00	E1	00	01	4.0	1	0	2	0																						
2	ppu_public	90	14004520	122	0	0.0	stat_sample	3	02	00	E1	00	01	0.0	1	0	2	0																						
2	ppu_public	90	14004686	122	176	88.0	mode3_enter	3	02	00	E1	00	01	88.0	1	0	2	0																						
2	ppu_public	90	14004680	122	84	42.0	stat_sample	3	03	00	E1	00	01	42.0	1	0	2	0																						
2	ppu_public	90	14005030	122	520	260.0	mode0_enter	0	03	00	E1	00	01	260.0	1	0	2	0																						
2	ppu_public	90	14005024	122	257	128.5	stat_sample	0	00	00	E1	00	01	128.5	1	0	2	0																						
2	ppu_public	90	14005424	123	0	0.0	stat_sample	2	00	00	E1	00	01	0.0	1	0	2	0																						
2	ppu_public	90	14005424	123	2	1.0	mode2_irq_prepare	0	00	00	E1	00	01	1.0	1	0	2	0																						
2	ppu_public	90	14005432	123	0	0.0	stat_sample	2	02	00	E1	00	01	0.0	1	0	2	0																						
2	ppu_public	90	14005430	123	8	4.0	mode2_enter	2	02	00	E1	00	01	4.0	1	0	2	0																						
2	ppu_public	90	14005432	123	0	0.0	stat_sample	3	02	00	E1	00	01	0.0	1	0	2	0																						
2	ppu_public	90	14005598	123	176	88.0	mode3_enter	3	02	00	E1	00	01	88.0	1	0	2	0																						
2	ppu_public	90	14005592	123	84	42.0	stat_sample	3	03	00	E1	00	01	42.0	1	0	2	0																						
2	ppu_public	90	14005942	123	520	260.0	mode0_enter	0	03	00	E1	00	01	260.0	1	0	2	0																						
2	ppu_public	90	14005936	123	257	128.5	stat_sample	0	00	00	E1	00	01	128.5	1	0	2	0																						
2	ppu_public	90	14006336	124	0	0.0	stat_sample	2	00	00	E1	00	01	0.0	1	0	2	0																						
2	ppu_public	90	14006336	124	2	1.0	mode2_irq_prepare	0	00	00	E1	00	01	1.0	1	0	2	0																						
2	ppu_public	90	14006344	124	0	0.0	stat_sample	2	02	00	E1	00	01	0.0	1	0	2	0																						
2	ppu_public	90	14006342	124	8	4.0	mode2_enter	2	02	00	E1	00	01	4.0	1	0	2	0																						
2	ppu_public	90	14006344	124	0	0.0	stat_sample	3	02	00	E1	00	01	0.0	1	0	2	0																						
2	ppu_public	90	14006510	124	176	88.0	mode3_enter	3	02	00	E1	00	01	88.0	1	0	2	0																						
2	ppu_public	90	14006512	124	84	42.0	stat_sample	3	03	00	E1	00	01	42.0	1	0	2	0																						
2	ppu_public	90	14006854	124	520	260.0	mode0_enter	0	03	00	E1	00	01	260.0	1	0	2	0																						
2	ppu_public	90	14006848	124	257	128.5	stat_sample	0	00	00	E1	00	01	128.5	1	0	2	0																						
2	ppu_public	90	14007248	125	0	0.0	stat_sample	2	00	00	E1	00	01	0.0	1	0	2	0																						
2	ppu_public	90	14007248	125	2	1.0	mode2_irq_prepare	0	00	00	E1	00	01	1.0	1	0	2	0																						
2	ppu_public	90	14007256	125	0	0.0	stat_sample	2	02	00	E1	00	01	0.0	1	0	2	0																						
2	ppu_public	90	14007254	125	8	4.0	mode2_enter	2	02	00	E1	00	01	4.0	1	0	2	0																						
2	ppu_public	90	14007256	125	0	0.0	stat_sample	3	02	00	E1	00	01	0.0	1	0	2	0																						
2	ppu_public	90	14007422	125	176	88.0	mode3_enter	3	02	00	E1	00	01	88.0	1	0	2	0																						
2	ppu_public	90	14007416	125	84	42.0	stat_sample	3	03	00	E1	00	01	42.0	1	0	2	0																						
2	ppu_public	90	14007766	125	520	260.0	mode0_enter	0	03	00	E1	00	01	260.0	1	0	2	0																						
2	ppu_public	90	14007760	125	257	128.5	stat_sample	0	00	00	E1	00	01	128.5	1	0	2	0																						
2	ppu_public	90	14008160	126	0	0.0	stat_sample	2	00	00	E1	00	01	0.0	1	0	2	0																						
2	ppu_public	90	14008160	126	2	1.0	mode2_irq_prepare	0	00	00	E1	00	01	1.0	1	0	2	0																						
2	ppu_public	90	14008176	126	0	0.0	stat_sample	2	02	00	E1	00	01	0.0	1	0	2	0																						
2	ppu_public	90	14008166	126	8	4.0	mode2_enter	2	02	00	E1	00	01	4.0	1	0	2	0																						
2	ppu_public	90	14008176	126	0	0.0	stat_sample	3	02	00	E1	00	01	0.0	1	0	2	0																						
2	ppu_public	90	14008334	126	176	88.0	mode3_enter	3	02	00	E1	00	01	88.0	1	0	2	0																						
2	ppu_public	90	14008328	126	84	42.0	stat_sample	3	03	00	E1	00	01	42.0	1	0	2	0																						
2	ppu_public	90	14008678	126	520	260.0	mode0_enter	0	03	00	E1	00	01	260.0	1	0	2	0																						
2	ppu_public	90	14008672	126	257	128.5	stat_sample	0	00	00	E1	00	01	128.5	1	0	2	0																						
2	ppu_public	90	14009072	127	0	0.0	stat_sample	2	00	00	E1	00	01	0.0	1	0	2	0																						
2	ppu_public	90	14009072	127	2	1.0	mode2_irq_prepare	0	00	00	E1	00	01	1.0	1	0	2	0																						
2	ppu_public	90	14009080	127	0	0.0	stat_sample	2	02	00	E1	00	01	0.0	1	0	2	0																						
2	ppu_public	90	14009078	127	8	4.0	mode2_enter	2	02	00	E1	00	01	4.0	1	0	2	0																						
2	ppu_public	90	14009080	127	0	0.0	stat_sample	3	02	00	E1	00	01	0.0	1	0	2	0																						
2	ppu_public	90	14009246	127	176	88.0	mode3_enter	3	02	00	E1	00	01	88.0	1	0	2	0																						
2	ppu_public	90	14009240	127	84	42.0	stat_sample	3	03	00	E1	00	01	42.0	1	0	2	0																						
2	ppu_public	90	14009590	127	520	260.0	mode0_enter	0	03	00	E1	00	01	260.0	1	0	2	0																						
2	ppu_public	90	14009584	127	257	128.5	stat_sample	0	00	00	E1	00	01	128.5	1	0	2	0																						
2	ppu_public	90	14009984	128	0	0.0	stat_sample	2	00	00	E1	00	01	0.0	1	0	2	0																						
2	ppu_public	90	14009984	128	2	1.0	mode2_irq_prepare	0	00	00	E1	00	01	1.0	1	0	2	0																						
2	ppu_public	90	14009992	128	0	0.0	stat_sample	2	02	00	E1	00	01	0.0	1	0	2	0																						
2	ppu_public	90	14009990	128	8	4.0	mode2_enter	2	02	00	E1	00	01	4.0	1	0	2	0																						
2	ppu_public	90	14009992	128	0	0.0	stat_sample	3	02	00	E1	00	01	0.0	1	0	2	0																						
2	ppu_public	90	14010158	128	176	88.0	mode3_enter	3	02	00	E1	00	01	88.0	1	0	2	0																						
2	ppu_public	90	14010152	128	84	42.0	stat_sample	3	03	00	E1	00	01	42.0	1	0	2	0																						
2	ppu_public	90	14010502	128	520	260.0	mode0_enter	0	03	00	E1	00	01	260.0	1	0	2	0																						
2	ppu_public	90	14010496	128	257	128.5	stat_sample	0	00	00	E1	00	01	128.5	1	0	2	0																						
2	ppu_public	90	14010896	129	0	0.0	stat_sample	2	00	00	E1	00	01	0.0	1	0	2	0																						
2	ppu_public	90	14010896	129	2	1.0	mode2_irq_prepare	0	00	00	E1	00	01	1.0	1	0	2	0																						
2	ppu_public	90	14010904	129	0	0.0	stat_sample	2	02	00	E1	00	01	0.0	1	0	2	0																						
2	ppu_public	90	14010902	129	8	4.0	mode2_enter	2	02	00	E1	00	01	4.0	1	0	2	0																						
2	ppu_public	90	14010904	129	0	0.0	stat_sample	3	02	00	E1	00	01	0.0	1	0	2	0																						
2	ppu_public	90	14011070	129	176	88.0	mode3_enter	3	02	00	E1	00	01	88.0	1	0	2	0																						
2	ppu_public	90	14011064	129	84	42.0	stat_sample	3	03	00	E1	00	01	42.0	1	0	2	0																						
2	ppu_public	90	14011414	129	520	260.0	mode0_enter	0	03	00	E1	00	01	260.0	1	0	2	0																						
2	ppu_public	90	14011408	129	257	128.5	stat_sample	0	00	00	E1	00	01	128.5	1	0	2	0																						
2	ppu_public	90	14011816	130	0	0.0	stat_sample	2	00	00	E1	00	01	0.0	1	0	2	0																						
2	ppu_public	90	14011816	130	2	1.0	mode2_irq_prepare	0	00	00	E1	00	01	1.0	1	0	2	0																						
2	ppu_public	90	14011816	130	0	0.0	stat_sample	2	02	00	E1	00	01	0.0	1	0	2	0																						
2	ppu_public	90	14011822	130	8	4.0	mode2_enter	2	02	00	E1	00	01	4.0	1	0	2	0																						
2	ppu_public	90	14011816	130	0	0.0	stat_sample	3	02	00	E1	00	01	0.0	1	0	2	0																						
2	ppu_public	90	14011990	130	176	88.0	mode3_enter	3	02	00	E1	00	01	88.0	1	0	2	0																						
2	ppu_public	90	14011976	130	84	42.0	stat_sample	3	03	00	E1	00	01	42.0	1	0	2	0																						
2	ppu_public	90	14012334	130	520	260.0	mode0_enter	0	03	00	E1	00	01	260.0	1	0	2	0																						
2	ppu_public	90	14012320	130	257	128.5	stat_sample	0	00	00	E1	00	01	128.5	1	0	2	0																						
2	ppu_public	90	14012720	131	0	0.0	stat_sample	2	00	00	E1	00	01	0.0	1	0	2	0																						
2	ppu_public	90	14012720	131	2	1.0	mode2_irq_prepare	0	00	00	E1	00	01	1.0	1	0	2	0																						
2	ppu_public	90	14012728	131	0	0.0	stat_sample	2	02	00	E1	00	01	0.0	1	0	2	0																						
2	ppu_public	90	14012726	131	8	4.0	mode2_enter	2	02	00	E1	00	01	4.0	1	0	2	0																						
2	ppu_public	90	14012728	131	0	0.0	stat_sample	3	02	00	E1	00	01	0.0	1	0	2	0																						
2	ppu_public	90	14012894	131	176	88.0	mode3_enter	3	02	00	E1	00	01	88.0	1	0	2	0																						
2	ppu_public	90	14012888	131	84	42.0	stat_sample	3	03	00	E1	00	01	42.0	1	0	2	0																						
2	ppu_public	90	14013238	131	520	260.0	mode0_enter	0	03	00	E1	00	01	260.0	1	0	2	0																						
2	ppu_public	90	14013232	131	257	128.5	stat_sample	0	00	00	E1	00	01	128.5	1	0	2	0																						
2	ppu_public	90	14013632	132	0	0.0	stat_sample	2	00	00	E1	00	01	0.0	1	0	2	0																						
2	ppu_public	90	14013632	132	2	1.0	mode2_irq_prepare	0	00	00	E1	00	01	1.0	1	0	2	0																						
2	ppu_public	90	14013640	132	0	0.0	stat_sample	2	02	00	E1	00	01	0.0	1	0	2	0																						
2	ppu_public	90	14013638	132	8	4.0	mode2_enter	2	02	00	E1	00	01	4.0	1	0	2	0																						
2	ppu_public	90	14013640	132	0	0.0	stat_sample	3	02	00	E1	00	01	0.0	1	0	2	0																						
2	ppu_public	90	14013806	132	176	88.0	mode3_enter	3	02	00	E1	00	01	88.0	1	0	2	0																						
2	ppu_public	90	14013800	132	84	42.0	stat_sample	3	03	00	E1	00	01	42.0	1	0	2	0																						
2	ppu_public	90	14014150	132	520	260.0	mode0_enter	0	03	00	E1	00	01	260.0	1	0	2	0																						
2	ppu_public	90	14014144	132	257	128.5	stat_sample	0	00	00	E1	00	01	128.5	1	0	2	0																						
2	ppu_public	90	14014544	133	0	0.0	stat_sample	2	00	00	E1	00	01	0.0	1	0	2	0																						
2	ppu_public	90	14014544	133	2	1.0	mode2_irq_prepare	0	00	00	E1	00	01	1.0	1	0	2	0																						
2	ppu_public	90	14014552	133	0	0.0	stat_sample	2	02	00	E1	00	01	0.0	1	0	2	0																						
2	ppu_public	90	14014550	133	8	4.0	mode2_enter	2	02	00	E1	00	01	4.0	1	0	2	0																						
2	ppu_public	90	14014552	133	0	0.0	stat_sample	3	02	00	E1	00	01	0.0	1	0	2	0																						
2	ppu_public	90	14014718	133	176	88.0	mode3_enter	3	02	00	E1	00	01	88.0	1	0	2	0																						
2	ppu_public	90	14014712	133	84	42.0	stat_sample	3	03	00	E1	00	01	42.0	1	0	2	0																						
2	ppu_public	90	14015062	133	520	260.0	mode0_enter	0	03	00	E1	00	01	260.0	1	0	2	0																						
2	ppu_public	90	14015056	133	257	128.5	stat_sample	0	00	00	E1	00	01	128.5	1	0	2	0																						
2	ppu_public	90	14015456	134	0	0.0	stat_sample	2	00	00	E1	00	01	0.0	1	0	2	0																						
2	ppu_public	90	14015456	134	2	1.0	mode2_irq_prepare	0	00	00	E1	00	01	1.0	1	0	2	0																						
2	ppu_public	90	14015464	134	0	0.0	stat_sample	2	02	00	E1	00	01	0.0	1	0	2	0																						
2	ppu_public	90	14015462	134	8	4.0	mode2_enter	2	02	00	E1	00	01	4.0	1	0	2	0																						
2	ppu_public	90	14015464	134	0	0.0	stat_sample	3	02	00	E1	00	01	0.0	1	0	2	0																						
2	ppu_public	90	14015630	134	176	88.0	mode3_enter	3	02	00	E1	00	01	88.0	1	0	2	0																						
2	ppu_public	90	14015624	134	84	42.0	stat_sample	3	03	00	E1	00	01	42.0	1	0	2	0																						
2	ppu_public	90	14015974	134	520	260.0	mode0_enter	0	03	00	E1	00	01	260.0	1	0	2	0																						
2	ppu_public	90	14015976	134	257	128.5	stat_sample	0	00	00	E1	00	01	128.5	1	0	2	0																						
2	ppu_public	90	14016368	135	0	0.0	stat_sample	2	00	00	E1	00	01	0.0	1	0	2	0																						
2	ppu_public	90	14016368	135	2	1.0	mode2_irq_prepare	0	00	00	E1	00	01	1.0	1	0	2	0																						
2	ppu_public	90	14016376	135	0	0.0	stat_sample	2	02	00	E1	00	01	0.0	1	0	2	0																						
2	ppu_public	90	14016374	135	8	4.0	mode2_enter	2	02	00	E1	00	01	4.0	1	0	2	0																						
2	ppu_public	90	14016376	135	0	0.0	stat_sample	3	02	00	E1	00	01	0.0	1	0	2	0																						
2	ppu_public	90	14016542	135	176	88.0	mode3_enter	3	02	00	E1	00	01	88.0	1	0	2	0																						
2	ppu_public	90	14016536	135	84	42.0	stat_sample	3	03	00	E1	00	01	42.0	1	0	2	0																						
2	ppu_public	90	14016886	135	520	260.0	mode0_enter	0	03	00	E1	00	01	260.0	1	0	2	0																						
2	ppu_public	90	14016880	135	257	128.5	stat_sample	0	00	00	E1	00	01	128.5	1	0	2	0																						
2	ppu_public	90	14017280	136	0	0.0	stat_sample	2	00	00	E1	00	01	0.0	1	0	2	0																						
2	ppu_public	90	14017280	136	2	1.0	mode2_irq_prepare	0	00	00	E1	00	01	1.0	1	0	2	0																						
2	ppu_public	90	14017288	136	0	0.0	stat_sample	2	02	00	E1	00	01	0.0	1	0	2	0																						
2	ppu_public	90	14017286	136	8	4.0	mode2_enter	2	02	00	E1	00	01	4.0	1	0	2	0																						
2	ppu_public	90	14017288	136	0	0.0	stat_sample	3	02	00	E1	00	01	0.0	1	0	2	0																						
2	ppu_public	90	14017454	136	176	88.0	mode3_enter	3	02	00	E1	00	01	88.0	1	0	2	0																						
2	ppu_public	90	14017448	136	84	42.0	stat_sample	3	03	00	E1	00	01	42.0	1	0	2	0																						
2	ppu_public	90	14017798	136	520	260.0	mode0_enter	0	03	00	E1	00	01	260.0	1	0	2	0																						
2	ppu_public	90	14017792	136	257	128.5	stat_sample	0	00	00	E1	00	01	128.5	1	0	2	0																						
2	ppu_public	90	14018192	137	0	0.0	stat_sample	2	00	00	E1	00	01	0.0	1	0	2	0																						
2	ppu_public	90	14018192	137	2	1.0	mode2_irq_prepare	0	00	00	E1	00	01	1.0	1	0	2	0																						
2	ppu_public	90	14018200	137	0	0.0	stat_sample	2	02	00	E1	00	01	0.0	1	0	2	0																						
2	ppu_public	90	14018198	137	8	4.0	mode2_enter	2	02	00	E1	00	01	4.0	1	0	2	0																						
2	ppu_public	90	14018200	137	0	0.0	stat_sample	3	02	00	E1	00	01	0.0	1	0	2	0																						
2	ppu_public	90	14018366	137	176	88.0	mode3_enter	3	02	00	E1	00	01	88.0	1	0	2	0																						
2	ppu_public	90	14018368	137	84	42.0	stat_sample	3	03	00	E1	00	01	42.0	1	0	2	0																						
2	ppu_public	90	14018710	137	520	260.0	mode0_enter	0	03	00	E1	00	01	260.0	1	0	2	0																						
2	ppu_public	90	14018704	137	257	128.5	stat_sample	0	00	00	E1	00	01	128.5	1	0	2	0																						
2	ppu_public	90	14019104	138	0	0.0	stat_sample	2	00	00	E1	00	01	0.0	1	0	2	0																						
2	ppu_public	90	14019104	138	2	1.0	mode2_irq_prepare	0	00	00	E1	00	01	1.0	1	0	2	0																						
2	ppu_public	90	14019112	138	0	0.0	stat_sample	2	02	00	E1	00	01	0.0	1	0	2	0																						
2	ppu_public	90	14019110	138	8	4.0	mode2_enter	2	02	00	E1	00	01	4.0	1	0	2	0																						
2	ppu_public	90	14019112	138	0	0.0	stat_sample	3	02	00	E1	00	01	0.0	1	0	2	0																						
2	ppu_public	90	14019278	138	176	88.0	mode3_enter	3	02	00	E1	00	01	88.0	1	0	2	0																						
2	ppu_public	90	14019272	138	84	42.0	stat_sample	3	03	00	E1	00	01	42.0	1	0	2	0																						
2	ppu_public	90	14019622	138	520	260.0	mode0_enter	0	03	00	E1	00	01	260.0	1	0	2	0																						
2	ppu_public	90	14019616	138	257	128.5	stat_sample	0	00	00	E1	00	01	128.5	1	0	2	0																						
2	ppu_public	90	14020016	139	0	0.0	stat_sample	2	00	00	E1	00	01	0.0	1	0	2	0																						
2	ppu_public	90	14020016	139	2	1.0	mode2_irq_prepare	0	00	00	E1	00	01	1.0	1	0	2	0																						
2	ppu_public	90	14020032	139	0	0.0	stat_sample	2	02	00	E1	00	01	0.0	1	0	2	0																						
2	ppu_public	90	14020022	139	8	4.0	mode2_enter	2	02	00	E1	00	01	4.0	1	0	2	0																						
2	ppu_public	90	14020032	139	0	0.0	stat_sample	3	02	00	E1	00	01	0.0	1	0	2	0																						
2	ppu_public	90	14020190	139	176	88.0	mode3_enter	3	02	00	E1	00	01	88.0	1	0	2	0																						
2	ppu_public	90	14020184	139	84	42.0	stat_sample	3	03	00	E1	00	01	42.0	1	0	2	0																						
2	ppu_public	90	14020534	139	520	260.0	mode0_enter	0	03	00	E1	00	01	260.0	1	0	2	0																						
2	ppu_public	90	14020528	139	257	128.5	stat_sample	0	00	00	E1	00	01	128.5	1	0	2	0																						
2	ppu_public	90	14020928	140	0	0.0	stat_sample	2	00	00	E1	00	01	0.0	1	0	2	0																						
2	ppu_public	90	14020928	140	2	1.0	mode2_irq_prepare	0	00	00	E1	00	01	1.0	1	0	2	0																						
2	ppu_public	90	14020936	140	0	0.0	stat_sample	2	02	00	E1	00	01	0.0	1	0	2	0																						
2	ppu_public	90	14020934	140	8	4.0	mode2_enter	2	02	00	E1	00	01	4.0	1	0	2	0																						
2	ppu_public	90	14020936	140	0	0.0	stat_sample	3	02	00	E1	00	01	0.0	1	0	2	0																						
2	ppu_public	90	14021102	140	176	88.0	mode3_enter	3	02	00	E1	00	01	88.0	1	0	2	0																						
2	ppu_public	90	14021096	140	84	42.0	stat_sample	3	03	00	E1	00	01	42.0	1	0	2	0																						
2	ppu_public	90	14021446	140	520	260.0	mode0_enter	0	03	00	E1	00	01	260.0	1	0	2	0																						
2	ppu_public	90	14021440	140	257	128.5	stat_sample	0	00	00	E1	00	01	128.5	1	0	2	0																						
2	ppu_public	90	14021840	141	0	0.0	stat_sample	2	00	00	E1	00	01	0.0	1	0	2	0																						
2	ppu_public	90	14021840	141	2	1.0	mode2_irq_prepare	0	00	00	E1	00	01	1.0	1	0	2	0																						
2	ppu_public	90	14021848	141	0	0.0	stat_sample	2	02	00	E1	00	01	0.0	1	0	2	0																						
2	ppu_public	90	14021846	141	8	4.0	mode2_enter	2	02	00	E1	00	01	4.0	1	0	2	0																						
2	ppu_public	90	14021848	141	0	0.0	stat_sample	3	02	00	E1	00	01	0.0	1	0	2	0																						
2	ppu_public	90	14022014	141	176	88.0	mode3_enter	3	02	00	E1	00	01	88.0	1	0	2	0																						
2	ppu_public	90	14022008	141	84	42.0	stat_sample	3	03	00	E1	00	01	42.0	1	0	2	0																						
2	ppu_public	90	14022358	141	520	260.0	mode0_enter	0	03	00	E1	00	01	260.0	1	0	2	0																						
2	ppu_public	90	14022352	141	257	128.5	stat_sample	0	00	00	E1	00	01	128.5	1	0	2	0																						
2	ppu_public	90	14022752	142	0	0.0	stat_sample	2	00	00	E1	00	01	0.0	1	0	2	0																						
2	ppu_public	90	14022752	142	2	1.0	mode2_irq_prepare	0	00	00	E1	00	01	1.0	1	0	2	0																						
2	ppu_public	90	14022760	142	0	0.0	stat_sample	2	02	00	E1	00	01	0.0	1	0	2	0																						
2	ppu_public	90	14022758	142	8	4.0	mode2_enter	2	02	00	E1	00	01	4.0	1	0	2	0																						
2	ppu_public	90	14022760	142	0	0.0	stat_sample	3	02	00	E1	00	01	0.0	1	0	2	0																						
2	ppu_public	90	14022926	142	176	88.0	mode3_enter	3	02	00	E1	00	01	88.0	1	0	2	0																						
2	ppu_public	90	14022920	142	84	42.0	stat_sample	3	03	00	E1	00	01	42.0	1	0	2	0																						
2	ppu_public	90	14023270	142	520	260.0	mode0_enter	0	03	00	E1	00	01	260.0	1	0	2	0																						
2	ppu_public	90	14023264	142	257	128.5	stat_sample	0	00	00	E1	00	01	128.5	1	0	2	0																						
2	ppu_public	90	14023672	143	0	0.0	stat_sample	2	00	00	E1	00	01	0.0	1	0	2	0																						
2	ppu_public	90	14023672	143	2	1.0	mode2_irq_prepare	0	00	00	E1	00	01	1.0	1	0	2	0																						
2	ppu_public	90	14023672	143	0	0.0	stat_sample	2	02	00	E1	00	01	0.0	1	0	2	0																						
2	ppu_public	90	14023678	143	8	4.0	mode2_enter	2	02	00	E1	00	01	4.0	1	0	2	0																						
2	ppu_public	90	14023672	143	0	0.0	stat_sample	3	02	00	E1	00	01	0.0	1	0	2	0																						
2	ppu_public	90	14023846	143	176	88.0	mode3_enter	3	02	00	E1	00	01	88.0	1	0	2	0																						
2	ppu_public	90	14023832	143	84	42.0	stat_sample	3	03	00	E1	00	01	42.0	1	0	2	0																						
2	ppu_public	90	14024190	143	520	260.0	mode0_enter	0	03	00	E1	00	01	260.0	1	0	2	0																						
2	ppu_public	90	14024176	143	257	128.5	stat_sample	0	00	00	E1	00	01	128.5	1	0	2	0																						
2	ppu_public	90	14024576	144	0	0.0	stat_sample	0	00	00	E1	00	01	0.0	1	0	2	0																						
2	ppu_public	90	14024584	144	0	0.0	stat_sample	0	00	00	E1	00	01	0.0	1	0	2	0																						
2	ppu_public	90	14024584	144	0	0.0	stat_sample	1	01	00	E1	00	01	0.0	1	0	2	0																						
2	ppu_public	90	14023676	144	6	3.0	frame_vblank	1	01	00	E1	00	01	3.0	1	1	2	0																						
2	ppu_public	90	14023676	144	6	3.0	vblank_irq_edge	1	01	00	E1	00	01	3.0	1	1	2	0																						
2	cpu	90	14024654	0	984	492.0	write	1	00		E1	00	01	492.0	0		2	0				FF40	01					00	00	01	00	00		DMG_LCDC	14024654	492.0				
2	cpu	90	14024774	0	1104	552.0	write	1	00		E1	00	01	552.0	1		2	0				FF40	81					00	00	81	00	00		DMG_LCDC	14024774	552.0				
2	ppu_public	90	14024784	0	76	38.0	stat_sample	3	00	00	E1	00	01	38.0	1	0	2	0																						
2	cpu	90	14024824	0	116	58.0	write	3	00		E1	00	01	577.0	1		2	0				FF90	00					00	00	81	00	00		READ_OLD	14024824	577.0				
2	ppu_public	90	14024936	0	78	39.0	stat_sample	3	00	00	E1	00	01	39.0	1	0	2	0																						
2	cpu	91	14024960	0	107	53.5	write	3	03		E1	00	01	645.0	1		2	0				FF91	FF					00	00	81	00	00		READ_OLD	14024960	645.0				
2	ppu_public	91	14025280	0	259	129.5	stat_sample	0	00	00	E1	00	01	129.5	1	0	2	0																						
2	cpu	91	14025304	0	283	141.5	write	0	00		E1	00	01	817.0	1		2	0				FF92	00					00	00	81	00	00		READ_OLD	14025304	817.0				
2	ppu_public	91	14025680	1	0	0.0	stat_sample	2	00	00	E1	00	01	0.0	1	0	2	0																						
2	ppu_public	91	14025680	1	2	1.0	mode2_irq_prepare	0	00	00	E1	00	01	1.0	1	0	2	0																						
2	ppu_public	91	14025688	1	0	0.0	stat_sample	2	06	00	E1	00	01	0.0	1	0	2	0																						
2	ppu_public	91	14025686	1	8	4.0	mode2_enter	2	06	00	E1	00	01	4.0	1	0	2	0																						
2	ppu_public	91	14025688	1	0	0.0	stat_sample	3	06	00	E1	00	01	0.0	1	0	2	0																						
2	ppu_public	91	14025854	1	176	88.0	mode3_enter	3	06	00	E1	00	01	88.0	1	0	2	0																						
2	cpu	91	14025704	1	26	13.0	write	3	06		E1	00	01	13.0	1		2	0				FF93	FF					00	00	81	00	00		READ_OLD	14025704	13.0				
2	ppu_public	91	14025848	1	84	42.0	stat_sample	3	07	00	E1	00	01	42.0	1	0	2	0																						
2	ppu_public	91	14026198	1	520	260.0	mode0_enter	0	07	00	E1	00	01	260.0	1	0	2	0																						
2	cpu	91	14025864	1	97	48.5	write	3	07		E1	00	01	93.0	1		2	0				FF94	FF					00	00	81	00	00		READ_OLD	14025864	93.0				
2	ppu_public	91	14026192	1	257	128.5	stat_sample	0	04	00	E1	00	01	128.5	1	0	2	0																						
2	cpu	91	14026216	1	281	140.5	write	0	04		E1	00	01	269.0	1		2	0				FF95	00					00	00	81	00	00		READ_OLD	14026216	269.0				
2	ppu_public	91	14026592	2	0	0.0	stat_sample	2	00	00	E1	00	01	0.0	1	0	2	0																						
2	ppu_public	91	14026592	2	2	1.0	mode2_irq_prepare	0	00	00	E1	00	01	1.0	1	0	2	0																						
2	ppu_public	91	14026600	2	0	0.0	stat_sample	2	02	00	E1	00	01	0.0	1	0	2	0																						
2	ppu_public	91	14026598	2	8	4.0	mode2_enter	2	02	00	E1	00	01	4.0	1	0	2	0																						
2	ppu_public	91	14026600	2	0	0.0	stat_sample	3	02	00	E1	00	01	0.0	1	0	2	0																						
2	ppu_public	91	14026766	2	176	88.0	mode3_enter	3	02	00	E1	00	01	88.0	1	0	2	0																						
2	cpu	91	14026616	2	26	13.0	write	3	02		E1	00	01	13.0	1		2	0				FF96	FF					00	00	81	00	00		READ_OLD	14026616	13.0				
2	ppu_public	91	14026760	2	84	42.0	stat_sample	3	03	00	E1	00	01	42.0	1	0	2	0																						
2	ppu_public	91	14027110	2	520	260.0	mode0_enter	0	03	00	E1	00	01	260.0	1	0	2	0																						
2	cpu	91	14026776	2	97	48.5	write	3	03		E1	00	01	93.0	1		2	0				FF97	FF					00	00	81	00	00		READ_OLD	14026776	93.0				
2	cpu	91	14026896	2	217	108.5	write	3	03		E1	00	01	153.0	1		2	0				DFFD	FE					00	00	81	00	00		READ_OLD	14026896	153.0				
2	cpu	91	14026904	2	225	112.5	write	3	03		E1	00	01	157.0	1		2	0				DFFC	00					00	00	81	00	00		READ_OLD	14026904	157.0				
2	cpu	91	14026960	2	281	140.5	write	3	03		E1	00	01	185.0	1		2	0				DFFB	4C					00	00	81	00	00		READ_OLD	14026960	185.0				
2	cpu	91	14026968	2	289	144.5	write	3	03		E1	00	01	189.0	1		2	0				DFFA	F7					00	00	81	00	00		READ_OLD	14026968	189.0				
2	ppu_public	91	14027104	2	257	128.5	stat_sample	0	00	00	E1	00	01	128.5	1	0	2	0																						
2	ppu_public	91	14027504	3	0	0.0	stat_sample	2	00	00	E1	00	01	0.0	1	0	2	0																						
2	ppu_public	91	14027504	3	2	1.0	mode2_irq_prepare	0	00	00	E1	00	01	1.0	1	0	2	0																						
2	ppu_public	91	14027512	3	0	0.0	stat_sample	2	02	00	E1	00	01	0.0	1	0	2	0																						
2	ppu_public	91	14027510	3	8	4.0	mode2_enter	2	02	00	E1	00	01	4.0	1	0	2	0																						
2	ppu_public	91	14027512	3	0	0.0	stat_sample	3	02	00	E1	00	01	0.0	1	0	2	0																						
2	ppu_public	91	14027678	3	176	88.0	mode3_enter	3	02	00	E1	00	01	88.0	1	0	2	0																						
2	ppu_public	91	14027680	3	84	42.0	stat_sample	3	03	00	E1	00	01	42.0	1	0	2	0																						
2	ppu_public	91	14028022	3	520	260.0	mode0_enter	0	03	00	E1	00	01	260.0	1	0	2	0																						
2	ppu_public	91	14028016	3	257	128.5	stat_sample	0	00	00	E1	00	01	128.5	1	0	2	0																						
2	ppu_public	91	14028416	4	0	0.0	stat_sample	2	00	00	E1	00	01	0.0	1	0	2	0																						
2	ppu_public	91	14028416	4	2	1.0	mode2_irq_prepare	0	00	00	E1	00	01	1.0	1	0	2	0																						
2	ppu_public	91	14028424	4	0	0.0	stat_sample	2	02	00	E1	00	01	0.0	1	0	2	0																						
2	ppu_public	91	14028422	4	8	4.0	mode2_enter	2	02	00	E1	00	01	4.0	1	0	2	0																						
2	ppu_public	91	14028424	4	0	0.0	stat_sample	3	02	00	E1	00	01	0.0	1	0	2	0																						
2	ppu_public	91	14028590	4	176	88.0	mode3_enter	3	02	00	E1	00	01	88.0	1	0	2	0																						
2	ppu_public	91	14028584	4	84	42.0	stat_sample	3	03	00	E1	00	01	42.0	1	0	2	0																						
2	ppu_public	91	14028934	4	520	260.0	mode0_enter	0	03	00	E1	00	01	260.0	1	0	2	0																						
2	ppu_public	91	14028928	4	257	128.5	stat_sample	0	00	00	E1	00	01	128.5	1	0	2	0																						
2	ppu_public	91	14029328	5	0	0.0	stat_sample	2	00	00	E1	00	01	0.0	1	0	2	0																						
2	ppu_public	91	14029328	5	2	1.0	mode2_irq_prepare	0	00	00	E1	00	01	1.0	1	0	2	0																						
2	ppu_public	91	14029344	5	0	0.0	stat_sample	2	02	00	E1	00	01	0.0	1	0	2	0																						
2	ppu_public	91	14029334	5	8	4.0	mode2_enter	2	02	00	E1	00	01	4.0	1	0	2	0																						
2	ppu_public	91	14029344	5	0	0.0	stat_sample	3	02	00	E1	00	01	0.0	1	0	2	0																						
2	ppu_public	91	14029502	5	176	88.0	mode3_enter	3	02	00	E1	00	01	88.0	1	0	2	0																						
2	ppu_public	91	14029496	5	84	42.0	stat_sample	3	03	00	E1	00	01	42.0	1	0	2	0																						
2	ppu_public	91	14029846	5	520	260.0	mode0_enter	0	03	00	E1	00	01	260.0	1	0	2	0																						
2	ppu_public	91	14029840	5	257	128.5	stat_sample	0	00	00	E1	00	01	128.5	1	0	2	0																						
2	ppu_public	91	14030240	6	0	0.0	stat_sample	2	00	00	E1	00	01	0.0	1	0	2	0																						
2	ppu_public	91	14030240	6	2	1.0	mode2_irq_prepare	0	00	00	E1	00	01	1.0	1	0	2	0																						
2	ppu_public	91	14030248	6	0	0.0	stat_sample	2	02	00	E1	00	01	0.0	1	0	2	0																						
2	ppu_public	91	14030246	6	8	4.0	mode2_enter	2	02	00	E1	00	01	4.0	1	0	2	0																						
2	ppu_public	91	14030248	6	0	0.0	stat_sample	3	02	00	E1	00	01	0.0	1	0	2	0																						
2	ppu_public	91	14030414	6	176	88.0	mode3_enter	3	02	00	E1	00	01	88.0	1	0	2	0																						
2	ppu_public	91	14030408	6	84	42.0	stat_sample	3	03	00	E1	00	01	42.0	1	0	2	0																						
2	ppu_public	91	14030758	6	520	260.0	mode0_enter	0	03	00	E1	00	01	260.0	1	0	2	0																						
2	ppu_public	91	14030752	6	257	128.5	stat_sample	0	00	00	E1	00	01	128.5	1	0	2	0																						
2	ppu_public	91	14031152	7	0	0.0	stat_sample	2	00	00	E1	00	01	0.0	1	0	2	0																						
2	ppu_public	91	14031152	7	2	1.0	mode2_irq_prepare	0	00	00	E1	00	01	1.0	1	0	2	0																						
2	ppu_public	91	14031160	7	0	0.0	stat_sample	2	02	00	E1	00	01	0.0	1	0	2	0																						
2	ppu_public	91	14031158	7	8	4.0	mode2_enter	2	02	00	E1	00	01	4.0	1	0	2	0																						
2	ppu_public	91	14031160	7	0	0.0	stat_sample	3	02	00	E1	00	01	0.0	1	0	2	0																						
2	ppu_public	91	14031326	7	176	88.0	mode3_enter	3	02	00	E1	00	01	88.0	1	0	2	0																						
2	ppu_public	91	14031320	7	84	42.0	stat_sample	3	03	00	E1	00	01	42.0	1	0	2	0																						
2	ppu_public	91	14031670	7	520	260.0	mode0_enter	0	03	00	E1	00	01	260.0	1	0	2	0																						
2	ppu_public	91	14031664	7	257	128.5	stat_sample	0	00	00	E1	00	01	128.5	1	0	2	0																						
2	ppu_public	91	14032064	8	0	0.0	stat_sample	2	00	00	E1	00	01	0.0	1	0	2	0																						
2	ppu_public	91	14032064	8	2	1.0	mode2_irq_prepare	0	00	00	E1	00	01	1.0	1	0	2	0																						
2	ppu_public	91	14032072	8	0	0.0	stat_sample	2	02	00	E1	00	01	0.0	1	0	2	0																						
2	ppu_public	91	14032070	8	8	4.0	mode2_enter	2	02	00	E1	00	01	4.0	1	0	2	0																						
2	ppu_public	91	14032072	8	0	0.0	stat_sample	3	02	00	E1	00	01	0.0	1	0	2	0																						
2	ppu_public	91	14032238	8	176	88.0	mode3_enter	3	02	00	E1	00	01	88.0	1	0	2	0																						
2	ppu_public	91	14032232	8	84	42.0	stat_sample	3	03	00	E1	00	01	42.0	1	0	2	0																						
2	ppu_public	91	14032582	8	520	260.0	mode0_enter	0	03	00	E1	00	01	260.0	1	0	2	0																						
2	ppu_public	91	14032576	8	257	128.5	stat_sample	0	00	00	E1	00	01	128.5	1	0	2	0																						
2	ppu_public	91	14032984	9	0	0.0	stat_sample	2	00	00	E1	00	01	0.0	1	0	2	0																						
2	ppu_public	91	14032984	9	2	1.0	mode2_irq_prepare	0	00	00	E1	00	01	1.0	1	0	2	0																						
2	ppu_public	91	14032984	9	0	0.0	stat_sample	2	02	00	E1	00	01	0.0	1	0	2	0																						
2	ppu_public	91	14032990	9	8	4.0	mode2_enter	2	02	00	E1	00	01	4.0	1	0	2	0																						
2	ppu_public	91	14032984	9	0	0.0	stat_sample	3	02	00	E1	00	01	0.0	1	0	2	0																						
2	ppu_public	91	14033158	9	176	88.0	mode3_enter	3	02	00	E1	00	01	88.0	1	0	2	0																						
2	ppu_public	91	14033144	9	84	42.0	stat_sample	3	03	00	E1	00	01	42.0	1	0	2	0																						
2	ppu_public	91	14033502	9	520	260.0	mode0_enter	0	03	00	E1	00	01	260.0	1	0	2	0																						
2	ppu_public	91	14033488	9	257	128.5	stat_sample	0	00	00	E1	00	01	128.5	1	0	2	0																						
2	ppu_public	91	14033888	10	0	0.0	stat_sample	2	00	00	E1	00	01	0.0	1	0	2	0																						
2	ppu_public	91	14033888	10	2	1.0	mode2_irq_prepare	0	00	00	E1	00	01	1.0	1	0	2	0																						
2	ppu_public	91	14033896	10	0	0.0	stat_sample	2	02	00	E1	00	01	0.0	1	0	2	0																						
2	ppu_public	91	14033894	10	8	4.0	mode2_enter	2	02	00	E1	00	01	4.0	1	0	2	0																						
2	ppu_public	91	14033896	10	0	0.0	stat_sample	3	02	00	E1	00	01	0.0	1	0	2	0																						
2	ppu_public	91	14034062	10	176	88.0	mode3_enter	3	02	00	E1	00	01	88.0	1	0	2	0																						
2	ppu_public	91	14034056	10	84	42.0	stat_sample	3	03	00	E1	00	01	42.0	1	0	2	0																						
2	ppu_public	91	14034406	10	520	260.0	mode0_enter	0	03	00	E1	00	01	260.0	1	0	2	0																						
2	ppu_public	91	14034400	10	257	128.5	stat_sample	0	00	00	E1	00	01	128.5	1	0	2	0																						
2	ppu_public	91	14034800	11	0	0.0	stat_sample	2	00	00	E1	00	01	0.0	1	0	2	0																						
2	ppu_public	91	14034800	11	2	1.0	mode2_irq_prepare	0	00	00	E1	00	01	1.0	1	0	2	0																						
2	ppu_public	91	14034808	11	0	0.0	stat_sample	2	02	00	E1	00	01	0.0	1	0	2	0																						
2	ppu_public	91	14034806	11	8	4.0	mode2_enter	2	02	00	E1	00	01	4.0	1	0	2	0																						
2	ppu_public	91	14034808	11	0	0.0	stat_sample	3	02	00	E1	00	01	0.0	1	0	2	0																						
2	ppu_public	91	14034974	11	176	88.0	mode3_enter	3	02	00	E1	00	01	88.0	1	0	2	0																						
2	ppu_public	91	14034968	11	84	42.0	stat_sample	3	03	00	E1	00	01	42.0	1	0	2	0																						
2	ppu_public	91	14035318	11	520	260.0	mode0_enter	0	03	00	E1	00	01	260.0	1	0	2	0																						
2	ppu_public	91	14035312	11	257	128.5	stat_sample	0	00	00	E1	00	01	128.5	1	0	2	0																						
2	ppu_public	91	14035712	12	0	0.0	stat_sample	2	00	00	E1	00	01	0.0	1	0	2	0																						
2	ppu_public	91	14035712	12	2	1.0	mode2_irq_prepare	0	00	00	E1	00	01	1.0	1	0	2	0																						
2	ppu_public	91	14035720	12	0	0.0	stat_sample	2	02	00	E1	00	01	0.0	1	0	2	0																						
2	ppu_public	91	14035718	12	8	4.0	mode2_enter	2	02	00	E1	00	01	4.0	1	0	2	0																						
2	ppu_public	91	14035720	12	0	0.0	stat_sample	3	02	00	E1	00	01	0.0	1	0	2	0																						
2	ppu_public	91	14035886	12	176	88.0	mode3_enter	3	02	00	E1	00	01	88.0	1	0	2	0																						
2	ppu_public	91	14035880	12	84	42.0	stat_sample	3	03	00	E1	00	01	42.0	1	0	2	0																						
2	ppu_public	91	14036230	12	520	260.0	mode0_enter	0	03	00	E1	00	01	260.0	1	0	2	0																						
2	ppu_public	91	14036224	12	257	128.5	stat_sample	0	00	00	E1	00	01	128.5	1	0	2	0																						
2	ppu_public	91	14036624	13	0	0.0	stat_sample	2	00	00	E1	00	01	0.0	1	0	2	0																						
2	ppu_public	91	14036624	13	2	1.0	mode2_irq_prepare	0	00	00	E1	00	01	1.0	1	0	2	0																						
2	ppu_public	91	14036632	13	0	0.0	stat_sample	2	02	00	E1	00	01	0.0	1	0	2	0																						
2	ppu_public	91	14036630	13	8	4.0	mode2_enter	2	02	00	E1	00	01	4.0	1	0	2	0																						
2	ppu_public	91	14036632	13	0	0.0	stat_sample	3	02	00	E1	00	01	0.0	1	0	2	0																						
2	ppu_public	91	14036798	13	176	88.0	mode3_enter	3	02	00	E1	00	01	88.0	1	0	2	0																						
2	ppu_public	91	14036792	13	84	42.0	stat_sample	3	03	00	E1	00	01	42.0	1	0	2	0																						
2	ppu_public	91	14037142	13	520	260.0	mode0_enter	0	03	00	E1	00	01	260.0	1	0	2	0																						
2	ppu_public	91	14037144	13	257	128.5	stat_sample	0	00	00	E1	00	01	128.5	1	0	2	0																						
2	ppu_public	91	14037536	14	0	0.0	stat_sample	2	00	00	E1	00	01	0.0	1	0	2	0																						
2	ppu_public	91	14037536	14	2	1.0	mode2_irq_prepare	0	00	00	E1	00	01	1.0	1	0	2	0																						
2	ppu_public	91	14037544	14	0	0.0	stat_sample	2	02	00	E1	00	01	0.0	1	0	2	0																						
2	ppu_public	91	14037542	14	8	4.0	mode2_enter	2	02	00	E1	00	01	4.0	1	0	2	0																						
2	ppu_public	91	14037544	14	0	0.0	stat_sample	3	02	00	E1	00	01	0.0	1	0	2	0																						
2	ppu_public	91	14037710	14	176	88.0	mode3_enter	3	02	00	E1	00	01	88.0	1	0	2	0																						
2	ppu_public	91	14037704	14	84	42.0	stat_sample	3	03	00	E1	00	01	42.0	1	0	2	0																						
2	ppu_public	91	14038054	14	520	260.0	mode0_enter	0	03	00	E1	00	01	260.0	1	0	2	0																						
2	ppu_public	91	14038048	14	257	128.5	stat_sample	0	00	00	E1	00	01	128.5	1	0	2	0																						
2	ppu_public	91	14038448	15	0	0.0	stat_sample	2	00	00	E1	00	01	0.0	1	0	2	0																						
2	ppu_public	91	14038448	15	2	1.0	mode2_irq_prepare	0	00	00	E1	00	01	1.0	1	0	2	0																						
2	ppu_public	91	14038456	15	0	0.0	stat_sample	2	02	00	E1	00	01	0.0	1	0	2	0																						
2	ppu_public	91	14038454	15	8	4.0	mode2_enter	2	02	00	E1	00	01	4.0	1	0	2	0																						
2	ppu_public	91	14038456	15	0	0.0	stat_sample	3	02	00	E1	00	01	0.0	1	0	2	0																						
2	ppu_public	91	14038622	15	176	88.0	mode3_enter	3	02	00	E1	00	01	88.0	1	0	2	0																						
2	ppu_public	91	14038616	15	84	42.0	stat_sample	3	03	00	E1	00	01	42.0	1	0	2	0																						
2	ppu_public	91	14038966	15	520	260.0	mode0_enter	0	03	00	E1	00	01	260.0	1	0	2	0																						
2	ppu_public	91	14038960	15	257	128.5	stat_sample	0	00	00	E1	00	01	128.5	1	0	2	0																						
2	ppu_public	91	14039360	16	0	0.0	stat_sample	2	00	00	E1	00	01	0.0	1	0	2	0																						
2	ppu_public	91	14039360	16	2	1.0	mode2_irq_prepare	0	00	00	E1	00	01	1.0	1	0	2	0																						
2	ppu_public	91	14039368	16	0	0.0	stat_sample	2	02	00	E1	00	01	0.0	1	0	2	0																						
2	ppu_public	91	14039366	16	8	4.0	mode2_enter	2	02	00	E1	00	01	4.0	1	0	2	0																						
2	ppu_public	91	14039368	16	0	0.0	stat_sample	3	02	00	E1	00	01	0.0	1	0	2	0																						
2	ppu_public	91	14039534	16	176	88.0	mode3_enter	3	02	00	E1	00	01	88.0	1	0	2	0																						
2	ppu_public	91	14039536	16	84	42.0	stat_sample	3	03	00	E1	00	01	42.0	1	0	2	0																						
2	ppu_public	91	14039878	16	520	260.0	mode0_enter	0	03	00	E1	00	01	260.0	1	0	2	0																						
2	ppu_public	91	14039872	16	257	128.5	stat_sample	0	00	00	E1	00	01	128.5	1	0	2	0																						
2	ppu_public	91	14040272	17	0	0.0	stat_sample	2	00	00	E1	00	01	0.0	1	0	2	0																						
2	ppu_public	91	14040272	17	2	1.0	mode2_irq_prepare	0	00	00	E1	00	01	1.0	1	0	2	0																						
2	ppu_public	91	14040280	17	0	0.0	stat_sample	2	02	00	E1	00	01	0.0	1	0	2	0																						
2	ppu_public	91	14040278	17	8	4.0	mode2_enter	2	02	00	E1	00	01	4.0	1	0	2	0																						
2	ppu_public	91	14040280	17	0	0.0	stat_sample	3	02	00	E1	00	01	0.0	1	0	2	0																						
2	ppu_public	91	14040446	17	176	88.0	mode3_enter	3	02	00	E1	00	01	88.0	1	0	2	0																						
2	ppu_public	91	14040440	17	84	42.0	stat_sample	3	03	00	E1	00	01	42.0	1	0	2	0																						
2	ppu_public	91	14040790	17	520	260.0	mode0_enter	0	03	00	E1	00	01	260.0	1	0	2	0																						
2	ppu_public	91	14040784	17	257	128.5	stat_sample	0	00	00	E1	00	01	128.5	1	0	2	0																						
2	ppu_public	91	14041184	18	0	0.0	stat_sample	2	00	00	E1	00	01	0.0	1	0	2	0																						
2	ppu_public	91	14041184	18	2	1.0	mode2_irq_prepare	0	00	00	E1	00	01	1.0	1	0	2	0																						
2	ppu_public	91	14041200	18	0	0.0	stat_sample	2	02	00	E1	00	01	0.0	1	0	2	0																						
2	ppu_public	91	14041190	18	8	4.0	mode2_enter	2	02	00	E1	00	01	4.0	1	0	2	0																						
2	ppu_public	91	14041200	18	0	0.0	stat_sample	3	02	00	E1	00	01	0.0	1	0	2	0																						
2	ppu_public	91	14041358	18	176	88.0	mode3_enter	3	02	00	E1	00	01	88.0	1	0	2	0																						
2	ppu_public	91	14041352	18	84	42.0	stat_sample	3	03	00	E1	00	01	42.0	1	0	2	0																						
2	ppu_public	91	14041702	18	520	260.0	mode0_enter	0	03	00	E1	00	01	260.0	1	0	2	0																						
2	ppu_public	91	14041696	18	257	128.5	stat_sample	0	00	00	E1	00	01	128.5	1	0	2	0																						
2	ppu_public	91	14042096	19	0	0.0	stat_sample	2	00	00	E1	00	01	0.0	1	0	2	0																						
2	ppu_public	91	14042096	19	2	1.0	mode2_irq_prepare	0	00	00	E1	00	01	1.0	1	0	2	0																						
2	ppu_public	91	14042104	19	0	0.0	stat_sample	2	02	00	E1	00	01	0.0	1	0	2	0																						
2	ppu_public	91	14042102	19	8	4.0	mode2_enter	2	02	00	E1	00	01	4.0	1	0	2	0																						
2	ppu_public	91	14042104	19	0	0.0	stat_sample	3	02	00	E1	00	01	0.0	1	0	2	0																						
2	ppu_public	91	14042270	19	176	88.0	mode3_enter	3	02	00	E1	00	01	88.0	1	0	2	0																						
2	ppu_public	91	14042264	19	84	42.0	stat_sample	3	03	00	E1	00	01	42.0	1	0	2	0																						
2	ppu_public	91	14042614	19	520	260.0	mode0_enter	0	03	00	E1	00	01	260.0	1	0	2	0																						
2	ppu_public	91	14042608	19	257	128.5	stat_sample	0	00	00	E1	00	01	128.5	1	0	2	0																						
2	ppu_public	91	14043008	20	0	0.0	stat_sample	2	00	00	E1	00	01	0.0	1	0	2	0																						
2	ppu_public	91	14043008	20	2	1.0	mode2_irq_prepare	0	00	00	E1	00	01	1.0	1	0	2	0																						
2	ppu_public	91	14043016	20	0	0.0	stat_sample	2	02	00	E1	00	01	0.0	1	0	2	0																						
2	ppu_public	91	14043014	20	8	4.0	mode2_enter	2	02	00	E1	00	01	4.0	1	0	2	0																						
2	ppu_public	91	14043016	20	0	0.0	stat_sample	3	02	00	E1	00	01	0.0	1	0	2	0																						
2	ppu_public	91	14043182	20	176	88.0	mode3_enter	3	02	00	E1	00	01	88.0	1	0	2	0																						
2	ppu_public	91	14043176	20	84	42.0	stat_sample	3	03	00	E1	00	01	42.0	1	0	2	0																						
2	ppu_public	91	14043526	20	520	260.0	mode0_enter	0	03	00	E1	00	01	260.0	1	0	2	0																						
2	ppu_public	91	14043520	20	257	128.5	stat_sample	0	00	00	E1	00	01	128.5	1	0	2	0																						
2	ppu_public	91	14043920	21	0	0.0	stat_sample	2	00	00	E1	00	01	0.0	1	0	2	0																						
2	ppu_public	91	14043920	21	2	1.0	mode2_irq_prepare	0	00	00	E1	00	01	1.0	1	0	2	0																						
2	ppu_public	91	14043928	21	0	0.0	stat_sample	2	02	00	E1	00	01	0.0	1	0	2	0																						
2	ppu_public	91	14043926	21	8	4.0	mode2_enter	2	02	00	E1	00	01	4.0	1	0	2	0																						
2	ppu_public	91	14043928	21	0	0.0	stat_sample	3	02	00	E1	00	01	0.0	1	0	2	0																						
2	ppu_public	91	14044094	21	176	88.0	mode3_enter	3	02	00	E1	00	01	88.0	1	0	2	0																						
2	ppu_public	91	14044088	21	84	42.0	stat_sample	3	03	00	E1	00	01	42.0	1	0	2	0																						
2	ppu_public	91	14044438	21	520	260.0	mode0_enter	0	03	00	E1	00	01	260.0	1	0	2	0																						
2	ppu_public	91	14044432	21	257	128.5	stat_sample	0	00	00	E1	00	01	128.5	1	0	2	0																						
2	ppu_public	91	14044840	22	0	0.0	stat_sample	2	00	00	E1	00	01	0.0	1	0	2	0																						
2	ppu_public	91	14044840	22	2	1.0	mode2_irq_prepare	0	00	00	E1	00	01	1.0	1	0	2	0																						
2	ppu_public	91	14044840	22	0	0.0	stat_sample	2	02	00	E1	00	01	0.0	1	0	2	0																						
2	ppu_public	91	14044846	22	8	4.0	mode2_enter	2	02	00	E1	00	01	4.0	1	0	2	0																						
2	ppu_public	91	14044840	22	0	0.0	stat_sample	3	02	00	E1	00	01	0.0	1	0	2	0																						
2	ppu_public	91	14045014	22	176	88.0	mode3_enter	3	02	00	E1	00	01	88.0	1	0	2	0																						
2	ppu_public	91	14045000	22	84	42.0	stat_sample	3	03	00	E1	00	01	42.0	1	0	2	0																						
2	ppu_public	91	14045358	22	520	260.0	mode0_enter	0	03	00	E1	00	01	260.0	1	0	2	0																						
2	ppu_public	91	14045344	22	257	128.5	stat_sample	0	00	00	E1	00	01	128.5	1	0	2	0																						
2	ppu_public	91	14045744	23	0	0.0	stat_sample	2	00	00	E1	00	01	0.0	1	0	2	0																						
2	ppu_public	91	14045744	23	2	1.0	mode2_irq_prepare	0	00	00	E1	00	01	1.0	1	0	2	0																						
2	ppu_public	91	14045752	23	0	0.0	stat_sample	2	02	00	E1	00	01	0.0	1	0	2	0																						
2	ppu_public	91	14045750	23	8	4.0	mode2_enter	2	02	00	E1	00	01	4.0	1	0	2	0																						
2	ppu_public	91	14045752	23	0	0.0	stat_sample	3	02	00	E1	00	01	0.0	1	0	2	0																						
2	ppu_public	91	14045918	23	176	88.0	mode3_enter	3	02	00	E1	00	01	88.0	1	0	2	0																						
2	ppu_public	91	14045912	23	84	42.0	stat_sample	3	03	00	E1	00	01	42.0	1	0	2	0																						
2	ppu_public	91	14046262	23	520	260.0	mode0_enter	0	03	00	E1	00	01	260.0	1	0	2	0																						
2	ppu_public	91	14046256	23	257	128.5	stat_sample	0	00	00	E1	00	01	128.5	1	0	2	0																						
2	ppu_public	91	14046656	24	0	0.0	stat_sample	2	00	00	E1	00	01	0.0	1	0	2	0																						
2	ppu_public	91	14046656	24	2	1.0	mode2_irq_prepare	0	00	00	E1	00	01	1.0	1	0	2	0																						
2	ppu_public	91	14046664	24	0	0.0	stat_sample	2	02	00	E1	00	01	0.0	1	0	2	0																						
2	ppu_public	91	14046662	24	8	4.0	mode2_enter	2	02	00	E1	00	01	4.0	1	0	2	0																						
2	ppu_public	91	14046664	24	0	0.0	stat_sample	3	02	00	E1	00	01	0.0	1	0	2	0																						
2	ppu_public	91	14046830	24	176	88.0	mode3_enter	3	02	00	E1	00	01	88.0	1	0	2	0																						
2	ppu_public	91	14046824	24	84	42.0	stat_sample	3	03	00	E1	00	01	42.0	1	0	2	0																						
2	ppu_public	91	14047174	24	520	260.0	mode0_enter	0	03	00	E1	00	01	260.0	1	0	2	0																						
2	ppu_public	91	14047168	24	257	128.5	stat_sample	0	00	00	E1	00	01	128.5	1	0	2	0																						
2	ppu_public	91	14047568	25	0	0.0	stat_sample	2	00	00	E1	00	01	0.0	1	0	2	0																						
2	ppu_public	91	14047568	25	2	1.0	mode2_irq_prepare	0	00	00	E1	00	01	1.0	1	0	2	0																						
2	ppu_public	91	14047576	25	0	0.0	stat_sample	2	02	00	E1	00	01	0.0	1	0	2	0																						
2	ppu_public	91	14047574	25	8	4.0	mode2_enter	2	02	00	E1	00	01	4.0	1	0	2	0																						
2	ppu_public	91	14047576	25	0	0.0	stat_sample	3	02	00	E1	00	01	0.0	1	0	2	0																						
2	ppu_public	91	14047742	25	176	88.0	mode3_enter	3	02	00	E1	00	01	88.0	1	0	2	0																						
2	ppu_public	91	14047736	25	84	42.0	stat_sample	3	03	00	E1	00	01	42.0	1	0	2	0																						
2	ppu_public	91	14048086	25	520	260.0	mode0_enter	0	03	00	E1	00	01	260.0	1	0	2	0																						
2	ppu_public	91	14048080	25	257	128.5	stat_sample	0	00	00	E1	00	01	128.5	1	0	2	0																						
2	ppu_public	91	14048480	26	0	0.0	stat_sample	2	00	00	E1	00	01	0.0	1	0	2	0																						
2	ppu_public	91	14048480	26	2	1.0	mode2_irq_prepare	0	00	00	E1	00	01	1.0	1	0	2	0																						
2	ppu_public	91	14048488	26	0	0.0	stat_sample	2	02	00	E1	00	01	0.0	1	0	2	0																						
2	ppu_public	91	14048486	26	8	4.0	mode2_enter	2	02	00	E1	00	01	4.0	1	0	2	0																						
2	ppu_public	91	14048488	26	0	0.0	stat_sample	3	02	00	E1	00	01	0.0	1	0	2	0																						
2	ppu_public	91	14048654	26	176	88.0	mode3_enter	3	02	00	E1	00	01	88.0	1	0	2	0																						
2	ppu_public	91	14048648	26	84	42.0	stat_sample	3	03	00	E1	00	01	42.0	1	0	2	0																						
2	ppu_public	91	14048998	26	520	260.0	mode0_enter	0	03	00	E1	00	01	260.0	1	0	2	0																						
2	ppu_public	91	14049000	26	257	128.5	stat_sample	0	00	00	E1	00	01	128.5	1	0	2	0																						
2	ppu_public	91	14049392	27	0	0.0	stat_sample	2	00	00	E1	00	01	0.0	1	0	2	0																						
2	ppu_public	91	14049392	27	2	1.0	mode2_irq_prepare	0	00	00	E1	00	01	1.0	1	0	2	0																						
2	ppu_public	91	14049400	27	0	0.0	stat_sample	2	02	00	E1	00	01	0.0	1	0	2	0																						
2	ppu_public	91	14049398	27	8	4.0	mode2_enter	2	02	00	E1	00	01	4.0	1	0	2	0																						
2	ppu_public	91	14049400	27	0	0.0	stat_sample	3	02	00	E1	00	01	0.0	1	0	2	0																						
2	ppu_public	91	14049566	27	176	88.0	mode3_enter	3	02	00	E1	00	01	88.0	1	0	2	0																						
2	ppu_public	91	14049560	27	84	42.0	stat_sample	3	03	00	E1	00	01	42.0	1	0	2	0																						
2	ppu_public	91	14049910	27	520	260.0	mode0_enter	0	03	00	E1	00	01	260.0	1	0	2	0																						
2	ppu_public	91	14049904	27	257	128.5	stat_sample	0	00	00	E1	00	01	128.5	1	0	2	0																						
2	ppu_public	91	14050304	28	0	0.0	stat_sample	2	00	00	E1	00	01	0.0	1	0	2	0																						
2	ppu_public	91	14050304	28	2	1.0	mode2_irq_prepare	0	00	00	E1	00	01	1.0	1	0	2	0																						
2	ppu_public	91	14050312	28	0	0.0	stat_sample	2	02	00	E1	00	01	0.0	1	0	2	0																						
2	ppu_public	91	14050310	28	8	4.0	mode2_enter	2	02	00	E1	00	01	4.0	1	0	2	0																						
2	ppu_public	91	14050312	28	0	0.0	stat_sample	3	02	00	E1	00	01	0.0	1	0	2	0																						
2	ppu_public	91	14050478	28	176	88.0	mode3_enter	3	02	00	E1	00	01	88.0	1	0	2	0																						
2	ppu_public	91	14050472	28	84	42.0	stat_sample	3	03	00	E1	00	01	42.0	1	0	2	0																						
2	ppu_public	91	14050822	28	520	260.0	mode0_enter	0	03	00	E1	00	01	260.0	1	0	2	0																						
2	ppu_public	91	14050816	28	257	128.5	stat_sample	0	00	00	E1	00	01	128.5	1	0	2	0																						
2	ppu_public	91	14051216	29	0	0.0	stat_sample	2	00	00	E1	00	01	0.0	1	0	2	0																						
2	ppu_public	91	14051216	29	2	1.0	mode2_irq_prepare	0	00	00	E1	00	01	1.0	1	0	2	0																						
2	ppu_public	91	14051224	29	0	0.0	stat_sample	2	02	00	E1	00	01	0.0	1	0	2	0																						
2	ppu_public	91	14051222	29	8	4.0	mode2_enter	2	02	00	E1	00	01	4.0	1	0	2	0																						
2	ppu_public	91	14051224	29	0	0.0	stat_sample	3	02	00	E1	00	01	0.0	1	0	2	0																						
2	ppu_public	91	14051390	29	176	88.0	mode3_enter	3	02	00	E1	00	01	88.0	1	0	2	0																						
2	ppu_public	91	14051392	29	84	42.0	stat_sample	3	03	00	E1	00	01	42.0	1	0	2	0																						
2	ppu_public	91	14051734	29	520	260.0	mode0_enter	0	03	00	E1	00	01	260.0	1	0	2	0																						
2	ppu_public	91	14051728	29	257	128.5	stat_sample	0	00	00	E1	00	01	128.5	1	0	2	0																						
2	ppu_public	91	14052128	30	0	0.0	stat_sample	2	00	00	E1	00	01	0.0	1	0	2	0																						
2	ppu_public	91	14052128	30	2	1.0	mode2_irq_prepare	0	00	00	E1	00	01	1.0	1	0	2	0																						
2	ppu_public	91	14052136	30	0	0.0	stat_sample	2	02	00	E1	00	01	0.0	1	0	2	0																						
2	ppu_public	91	14052134	30	8	4.0	mode2_enter	2	02	00	E1	00	01	4.0	1	0	2	0																						
2	ppu_public	91	14052136	30	0	0.0	stat_sample	3	02	00	E1	00	01	0.0	1	0	2	0																						
2	ppu_public	91	14052302	30	176	88.0	mode3_enter	3	02	00	E1	00	01	88.0	1	0	2	0																						
2	ppu_public	91	14052296	30	84	42.0	stat_sample	3	03	00	E1	00	01	42.0	1	0	2	0																						
2	ppu_public	91	14052646	30	520	260.0	mode0_enter	0	03	00	E1	00	01	260.0	1	0	2	0																						
2	ppu_public	91	14052640	30	257	128.5	stat_sample	0	00	00	E1	00	01	128.5	1	0	2	0																						
2	ppu_public	91	14053040	31	0	0.0	stat_sample	2	00	00	E1	00	01	0.0	1	0	2	0																						
2	ppu_public	91	14053040	31	2	1.0	mode2_irq_prepare	0	00	00	E1	00	01	1.0	1	0	2	0																						
2	ppu_public	91	14053056	31	0	0.0	stat_sample	2	02	00	E1	00	01	0.0	1	0	2	0																						
2	ppu_public	91	14053046	31	8	4.0	mode2_enter	2	02	00	E1	00	01	4.0	1	0	2	0																						
2	ppu_public	91	14053056	31	0	0.0	stat_sample	3	02	00	E1	00	01	0.0	1	0	2	0																						
2	ppu_public	91	14053214	31	176	88.0	mode3_enter	3	02	00	E1	00	01	88.0	1	0	2	0																						
2	ppu_public	91	14053208	31	84	42.0	stat_sample	3	03	00	E1	00	01	42.0	1	0	2	0																						
2	ppu_public	91	14053558	31	520	260.0	mode0_enter	0	03	00	E1	00	01	260.0	1	0	2	0																						
2	ppu_public	91	14053552	31	257	128.5	stat_sample	0	00	00	E1	00	01	128.5	1	0	2	0																						
2	ppu_public	91	14053952	32	0	0.0	stat_sample	2	00	00	E1	00	01	0.0	1	0	2	0																						
2	ppu_public	91	14053952	32	2	1.0	mode2_irq_prepare	0	00	00	E1	00	01	1.0	1	0	2	0																						
2	ppu_public	91	14053960	32	0	0.0	stat_sample	2	02	00	E1	00	01	0.0	1	0	2	0																						
2	ppu_public	91	14053958	32	8	4.0	mode2_enter	2	02	00	E1	00	01	4.0	1	0	2	0																						
2	ppu_public	91	14053960	32	0	0.0	stat_sample	3	02	00	E1	00	01	0.0	1	0	2	0																						
2	ppu_public	91	14054126	32	176	88.0	mode3_enter	3	02	00	E1	00	01	88.0	1	0	2	0																						
2	ppu_public	91	14054120	32	84	42.0	stat_sample	3	03	00	E1	00	01	42.0	1	0	2	0																						
2	ppu_public	91	14054470	32	520	260.0	mode0_enter	0	03	00	E1	00	01	260.0	1	0	2	0																						
2	ppu_public	91	14054464	32	257	128.5	stat_sample	0	00	00	E1	00	01	128.5	1	0	2	0																						
2	ppu_public	91	14054864	33	0	0.0	stat_sample	2	00	00	E1	00	01	0.0	1	0	2	0																						
2	ppu_public	91	14054864	33	2	1.0	mode2_irq_prepare	0	00	00	E1	00	01	1.0	1	0	2	0																						
2	ppu_public	91	14054872	33	0	0.0	stat_sample	2	02	00	E1	00	01	0.0	1	0	2	0																						
2	ppu_public	91	14054870	33	8	4.0	mode2_enter	2	02	00	E1	00	01	4.0	1	0	2	0																						
2	ppu_public	91	14054872	33	0	0.0	stat_sample	3	02	00	E1	00	01	0.0	1	0	2	0																						
2	ppu_public	91	14055038	33	176	88.0	mode3_enter	3	02	00	E1	00	01	88.0	1	0	2	0																						
2	ppu_public	91	14055032	33	84	42.0	stat_sample	3	03	00	E1	00	01	42.0	1	0	2	0																						
2	ppu_public	91	14055382	33	520	260.0	mode0_enter	0	03	00	E1	00	01	260.0	1	0	2	0																						
2	ppu_public	91	14055376	33	257	128.5	stat_sample	0	00	00	E1	00	01	128.5	1	0	2	0																						
2	ppu_public	91	14055776	34	0	0.0	stat_sample	2	00	00	E1	00	01	0.0	1	0	2	0																						
2	ppu_public	91	14055776	34	2	1.0	mode2_irq_prepare	0	00	00	E1	00	01	1.0	1	0	2	0																						
2	ppu_public	91	14055784	34	0	0.0	stat_sample	2	02	00	E1	00	01	0.0	1	0	2	0																						
2	ppu_public	91	14055782	34	8	4.0	mode2_enter	2	02	00	E1	00	01	4.0	1	0	2	0																						
2	ppu_public	91	14055784	34	0	0.0	stat_sample	3	02	00	E1	00	01	0.0	1	0	2	0																						
2	ppu_public	91	14055950	34	176	88.0	mode3_enter	3	02	00	E1	00	01	88.0	1	0	2	0																						
2	ppu_public	91	14055944	34	84	42.0	stat_sample	3	03	00	E1	00	01	42.0	1	0	2	0																						
2	ppu_public	91	14056294	34	520	260.0	mode0_enter	0	03	00	E1	00	01	260.0	1	0	2	0																						
2	ppu_public	91	14056288	34	257	128.5	stat_sample	0	00	00	E1	00	01	128.5	1	0	2	0																						
2	ppu_public	91	14056696	35	0	0.0	stat_sample	2	00	00	E1	00	01	0.0	1	0	2	0																						
2	ppu_public	91	14056696	35	2	1.0	mode2_irq_prepare	0	00	00	E1	00	01	1.0	1	0	2	0																						
2	ppu_public	91	14056696	35	0	0.0	stat_sample	2	02	00	E1	00	01	0.0	1	0	2	0																						
2	ppu_public	91	14056702	35	8	4.0	mode2_enter	2	02	00	E1	00	01	4.0	1	0	2	0																						
2	ppu_public	91	14056696	35	0	0.0	stat_sample	3	02	00	E1	00	01	0.0	1	0	2	0																						
2	ppu_public	91	14056870	35	176	88.0	mode3_enter	3	02	00	E1	00	01	88.0	1	0	2	0																						
2	ppu_public	91	14056856	35	84	42.0	stat_sample	3	03	00	E1	00	01	42.0	1	0	2	0																						
2	ppu_public	91	14057214	35	520	260.0	mode0_enter	0	03	00	E1	00	01	260.0	1	0	2	0																						
2	ppu_public	91	14057200	35	257	128.5	stat_sample	0	00	00	E1	00	01	128.5	1	0	2	0																						
2	ppu_public	91	14057600	36	0	0.0	stat_sample	2	00	00	E1	00	01	0.0	1	0	2	0																						
2	ppu_public	91	14057600	36	2	1.0	mode2_irq_prepare	0	00	00	E1	00	01	1.0	1	0	2	0																						
2	ppu_public	91	14057608	36	0	0.0	stat_sample	2	02	00	E1	00	01	0.0	1	0	2	0																						
2	ppu_public	91	14057606	36	8	4.0	mode2_enter	2	02	00	E1	00	01	4.0	1	0	2	0																						
2	ppu_public	91	14057608	36	0	0.0	stat_sample	3	02	00	E1	00	01	0.0	1	0	2	0																						
2	ppu_public	91	14057774	36	176	88.0	mode3_enter	3	02	00	E1	00	01	88.0	1	0	2	0																						
2	ppu_public	91	14057768	36	84	42.0	stat_sample	3	03	00	E1	00	01	42.0	1	0	2	0																						
2	ppu_public	91	14058118	36	520	260.0	mode0_enter	0	03	00	E1	00	01	260.0	1	0	2	0																						
2	ppu_public	91	14058112	36	257	128.5	stat_sample	0	00	00	E1	00	01	128.5	1	0	2	0																						
2	ppu_public	91	14058512	37	0	0.0	stat_sample	2	00	00	E1	00	01	0.0	1	0	2	0																						
2	ppu_public	91	14058512	37	2	1.0	mode2_irq_prepare	0	00	00	E1	00	01	1.0	1	0	2	0																						
2	ppu_public	91	14058520	37	0	0.0	stat_sample	2	02	00	E1	00	01	0.0	1	0	2	0																						
2	ppu_public	91	14058518	37	8	4.0	mode2_enter	2	02	00	E1	00	01	4.0	1	0	2	0																						
2	ppu_public	91	14058520	37	0	0.0	stat_sample	3	02	00	E1	00	01	0.0	1	0	2	0																						
2	ppu_public	91	14058686	37	176	88.0	mode3_enter	3	02	00	E1	00	01	88.0	1	0	2	0																						
2	ppu_public	91	14058680	37	84	42.0	stat_sample	3	03	00	E1	00	01	42.0	1	0	2	0																						
2	ppu_public	91	14059030	37	520	260.0	mode0_enter	0	03	00	E1	00	01	260.0	1	0	2	0																						
2	ppu_public	91	14059024	37	257	128.5	stat_sample	0	00	00	E1	00	01	128.5	1	0	2	0																						
2	ppu_public	91	14059424	38	0	0.0	stat_sample	2	00	00	E1	00	01	0.0	1	0	2	0																						
2	ppu_public	91	14059424	38	2	1.0	mode2_irq_prepare	0	00	00	E1	00	01	1.0	1	0	2	0																						
2	ppu_public	91	14059432	38	0	0.0	stat_sample	2	02	00	E1	00	01	0.0	1	0	2	0																						
2	ppu_public	91	14059430	38	8	4.0	mode2_enter	2	02	00	E1	00	01	4.0	1	0	2	0																						
2	ppu_public	91	14059432	38	0	0.0	stat_sample	3	02	00	E1	00	01	0.0	1	0	2	0																						
2	ppu_public	91	14059598	38	176	88.0	mode3_enter	3	02	00	E1	00	01	88.0	1	0	2	0																						
2	ppu_public	91	14059592	38	84	42.0	stat_sample	3	03	00	E1	00	01	42.0	1	0	2	0																						
2	ppu_public	91	14059942	38	520	260.0	mode0_enter	0	03	00	E1	00	01	260.0	1	0	2	0																						
2	ppu_public	91	14059936	38	257	128.5	stat_sample	0	00	00	E1	00	01	128.5	1	0	2	0																						
2	ppu_public	91	14060336	39	0	0.0	stat_sample	2	00	00	E1	00	01	0.0	1	0	2	0																						
2	ppu_public	91	14060336	39	2	1.0	mode2_irq_prepare	0	00	00	E1	00	01	1.0	1	0	2	0																						
2	ppu_public	91	14060344	39	0	0.0	stat_sample	2	02	00	E1	00	01	0.0	1	0	2	0																						
2	ppu_public	91	14060342	39	8	4.0	mode2_enter	2	02	00	E1	00	01	4.0	1	0	2	0																						
2	ppu_public	91	14060344	39	0	0.0	stat_sample	3	02	00	E1	00	01	0.0	1	0	2	0																						
2	ppu_public	91	14060510	39	176	88.0	mode3_enter	3	02	00	E1	00	01	88.0	1	0	2	0																						
2	ppu_public	91	14060504	39	84	42.0	stat_sample	3	03	00	E1	00	01	42.0	1	0	2	0																						
2	ppu_public	91	14060854	39	520	260.0	mode0_enter	0	03	00	E1	00	01	260.0	1	0	2	0																						
2	ppu_public	91	14060856	39	257	128.5	stat_sample	0	00	00	E1	00	01	128.5	1	0	2	0																						
2	ppu_public	91	14061248	40	0	0.0	stat_sample	2	00	00	E1	00	01	0.0	1	0	2	0																						
2	ppu_public	91	14061248	40	2	1.0	mode2_irq_prepare	0	00	00	E1	00	01	1.0	1	0	2	0																						
2	ppu_public	91	14061256	40	0	0.0	stat_sample	2	02	00	E1	00	01	0.0	1	0	2	0																						
2	ppu_public	91	14061254	40	8	4.0	mode2_enter	2	02	00	E1	00	01	4.0	1	0	2	0																						
2	ppu_public	91	14061256	40	0	0.0	stat_sample	3	02	00	E1	00	01	0.0	1	0	2	0																						
2	ppu_public	91	14061422	40	176	88.0	mode3_enter	3	02	00	E1	00	01	88.0	1	0	2	0																						
2	ppu_public	91	14061416	40	84	42.0	stat_sample	3	03	00	E1	00	01	42.0	1	0	2	0																						
2	ppu_public	91	14061766	40	520	260.0	mode0_enter	0	03	00	E1	00	01	260.0	1	0	2	0																						
2	ppu_public	91	14061760	40	257	128.5	stat_sample	0	00	00	E1	00	01	128.5	1	0	2	0																						
2	ppu_public	91	14062160	41	0	0.0	stat_sample	2	00	00	E1	00	01	0.0	1	0	2	0																						
2	ppu_public	91	14062160	41	2	1.0	mode2_irq_prepare	0	00	00	E1	00	01	1.0	1	0	2	0																						
2	ppu_public	91	14062168	41	0	0.0	stat_sample	2	02	00	E1	00	01	0.0	1	0	2	0																						
2	ppu_public	91	14062166	41	8	4.0	mode2_enter	2	02	00	E1	00	01	4.0	1	0	2	0																						
2	ppu_public	91	14062168	41	0	0.0	stat_sample	3	02	00	E1	00	01	0.0	1	0	2	0																						
2	ppu_public	91	14062334	41	176	88.0	mode3_enter	3	02	00	E1	00	01	88.0	1	0	2	0																						
2	ppu_public	91	14062328	41	84	42.0	stat_sample	3	03	00	E1	00	01	42.0	1	0	2	0																						
2	ppu_public	91	14062678	41	520	260.0	mode0_enter	0	03	00	E1	00	01	260.0	1	0	2	0																						
2	ppu_public	91	14062672	41	257	128.5	stat_sample	0	00	00	E1	00	01	128.5	1	0	2	0																						
2	ppu_public	91	14063072	42	0	0.0	stat_sample	2	00	00	E1	00	01	0.0	1	0	2	0																						
2	ppu_public	91	14063072	42	2	1.0	mode2_irq_prepare	0	00	00	E1	00	01	1.0	1	0	2	0																						
2	ppu_public	91	14063080	42	0	0.0	stat_sample	2	02	00	E1	00	01	0.0	1	0	2	0																						
2	ppu_public	91	14063078	42	8	4.0	mode2_enter	2	02	00	E1	00	01	4.0	1	0	2	0																						
2	ppu_public	91	14063080	42	0	0.0	stat_sample	3	02	00	E1	00	01	0.0	1	0	2	0																						
2	ppu_public	91	14063246	42	176	88.0	mode3_enter	3	02	00	E1	00	01	88.0	1	0	2	0																						
2	ppu_public	91	14063248	42	84	42.0	stat_sample	3	03	00	E1	00	01	42.0	1	0	2	0																						
2	ppu_public	91	14063590	42	520	260.0	mode0_enter	0	03	00	E1	00	01	260.0	1	0	2	0																						
2	ppu_public	91	14063584	42	257	128.5	stat_sample	0	00	00	E1	00	01	128.5	1	0	2	0																						
2	ppu_public	91	14063984	43	0	0.0	stat_sample	2	00	00	E1	00	01	0.0	1	0	2	0																						
2	ppu_public	91	14063984	43	2	1.0	mode2_irq_prepare	0	00	00	E1	00	01	1.0	1	0	2	0																						
2	ppu_public	91	14063992	43	0	0.0	stat_sample	2	02	00	E1	00	01	0.0	1	0	2	0																						
2	ppu_public	91	14063990	43	8	4.0	mode2_enter	2	02	00	E1	00	01	4.0	1	0	2	0																						
2	ppu_public	91	14063992	43	0	0.0	stat_sample	3	02	00	E1	00	01	0.0	1	0	2	0																						
2	ppu_public	91	14064158	43	176	88.0	mode3_enter	3	02	00	E1	00	01	88.0	1	0	2	0																						
2	ppu_public	91	14064152	43	84	42.0	stat_sample	3	03	00	E1	00	01	42.0	1	0	2	0																						
2	ppu_public	91	14064502	43	520	260.0	mode0_enter	0	03	00	E1	00	01	260.0	1	0	2	0																						
2	ppu_public	91	14064496	43	257	128.5	stat_sample	0	00	00	E1	00	01	128.5	1	0	2	0																						
2	ppu_public	91	14064896	44	0	0.0	stat_sample	2	00	00	E1	00	01	0.0	1	0	2	0																						
2	ppu_public	91	14064896	44	2	1.0	mode2_irq_prepare	0	00	00	E1	00	01	1.0	1	0	2	0																						
2	ppu_public	91	14064912	44	0	0.0	stat_sample	2	02	00	E1	00	01	0.0	1	0	2	0																						
2	ppu_public	91	14064902	44	8	4.0	mode2_enter	2	02	00	E1	00	01	4.0	1	0	2	0																						
2	ppu_public	91	14064912	44	0	0.0	stat_sample	3	02	00	E1	00	01	0.0	1	0	2	0																						
2	ppu_public	91	14065070	44	176	88.0	mode3_enter	3	02	00	E1	00	01	88.0	1	0	2	0																						
2	ppu_public	91	14065064	44	84	42.0	stat_sample	3	03	00	E1	00	01	42.0	1	0	2	0																						
2	ppu_public	91	14065414	44	520	260.0	mode0_enter	0	03	00	E1	00	01	260.0	1	0	2	0																						
2	ppu_public	91	14065408	44	257	128.5	stat_sample	0	00	00	E1	00	01	128.5	1	0	2	0																						
2	ppu_public	91	14065808	45	0	0.0	stat_sample	2	00	00	E1	00	01	0.0	1	0	2	0																						
2	ppu_public	91	14065808	45	2	1.0	mode2_irq_prepare	0	00	00	E1	00	01	1.0	1	0	2	0																						
2	ppu_public	91	14065816	45	0	0.0	stat_sample	2	02	00	E1	00	01	0.0	1	0	2	0																						
2	ppu_public	91	14065814	45	8	4.0	mode2_enter	2	02	00	E1	00	01	4.0	1	0	2	0																						
2	ppu_public	91	14065816	45	0	0.0	stat_sample	3	02	00	E1	00	01	0.0	1	0	2	0																						
2	ppu_public	91	14065982	45	176	88.0	mode3_enter	3	02	00	E1	00	01	88.0	1	0	2	0																						
2	ppu_public	91	14065976	45	84	42.0	stat_sample	3	03	00	E1	00	01	42.0	1	0	2	0																						
2	ppu_public	91	14066326	45	520	260.0	mode0_enter	0	03	00	E1	00	01	260.0	1	0	2	0																						
2	ppu_public	91	14066320	45	257	128.5	stat_sample	0	00	00	E1	00	01	128.5	1	0	2	0																						
2	ppu_public	91	14066720	46	0	0.0	stat_sample	2	00	00	E1	00	01	0.0	1	0	2	0																						
2	ppu_public	91	14066720	46	2	1.0	mode2_irq_prepare	0	00	00	E1	00	01	1.0	1	0	2	0																						
2	ppu_public	91	14066728	46	0	0.0	stat_sample	2	02	00	E1	00	01	0.0	1	0	2	0																						
2	ppu_public	91	14066726	46	8	4.0	mode2_enter	2	02	00	E1	00	01	4.0	1	0	2	0																						
2	ppu_public	91	14066728	46	0	0.0	stat_sample	3	02	00	E1	00	01	0.0	1	0	2	0																						
2	ppu_public	91	14066894	46	176	88.0	mode3_enter	3	02	00	E1	00	01	88.0	1	0	2	0																						
2	ppu_public	91	14066888	46	84	42.0	stat_sample	3	03	00	E1	00	01	42.0	1	0	2	0																						
2	ppu_public	91	14067238	46	520	260.0	mode0_enter	0	03	00	E1	00	01	260.0	1	0	2	0																						
2	ppu_public	91	14067232	46	257	128.5	stat_sample	0	00	00	E1	00	01	128.5	1	0	2	0																						
2	ppu_public	91	14067632	47	0	0.0	stat_sample	2	00	00	E1	00	01	0.0	1	0	2	0																						
2	ppu_public	91	14067632	47	2	1.0	mode2_irq_prepare	0	00	00	E1	00	01	1.0	1	0	2	0																						
2	ppu_public	91	14067640	47	0	0.0	stat_sample	2	02	00	E1	00	01	0.0	1	0	2	0																						
2	ppu_public	91	14067638	47	8	4.0	mode2_enter	2	02	00	E1	00	01	4.0	1	0	2	0																						
2	ppu_public	91	14067640	47	0	0.0	stat_sample	3	02	00	E1	00	01	0.0	1	0	2	0																						
2	ppu_public	91	14067806	47	176	88.0	mode3_enter	3	02	00	E1	00	01	88.0	1	0	2	0																						
2	ppu_public	91	14067800	47	84	42.0	stat_sample	3	03	00	E1	00	01	42.0	1	0	2	0																						
2	ppu_public	91	14068150	47	520	260.0	mode0_enter	0	03	00	E1	00	01	260.0	1	0	2	0																						
2	ppu_public	91	14068144	47	257	128.5	stat_sample	0	00	00	E1	00	01	128.5	1	0	2	0																						
2	ppu_public	91	14068552	48	0	0.0	stat_sample	2	00	00	E1	00	01	0.0	1	0	2	0																						
2	ppu_public	91	14068552	48	2	1.0	mode2_irq_prepare	0	00	00	E1	00	01	1.0	1	0	2	0																						
2	ppu_public	91	14068552	48	0	0.0	stat_sample	2	02	00	E1	00	01	0.0	1	0	2	0																						
2	ppu_public	91	14068558	48	8	4.0	mode2_enter	2	02	00	E1	00	01	4.0	1	0	2	0																						
2	ppu_public	91	14068552	48	0	0.0	stat_sample	3	02	00	E1	00	01	0.0	1	0	2	0																						
2	ppu_public	91	14068726	48	176	88.0	mode3_enter	3	02	00	E1	00	01	88.0	1	0	2	0																						
2	ppu_public	91	14068712	48	84	42.0	stat_sample	3	03	00	E1	00	01	42.0	1	0	2	0																						
2	ppu_public	91	14069070	48	520	260.0	mode0_enter	0	03	00	E1	00	01	260.0	1	0	2	0																						
2	ppu_public	91	14069056	48	257	128.5	stat_sample	0	00	00	E1	00	01	128.5	1	0	2	0																						
2	ppu_public	91	14069456	49	0	0.0	stat_sample	2	00	00	E1	00	01	0.0	1	0	2	0																						
2	ppu_public	91	14069456	49	2	1.0	mode2_irq_prepare	0	00	00	E1	00	01	1.0	1	0	2	0																						
2	ppu_public	91	14069464	49	0	0.0	stat_sample	2	02	00	E1	00	01	0.0	1	0	2	0																						
2	ppu_public	91	14069462	49	8	4.0	mode2_enter	2	02	00	E1	00	01	4.0	1	0	2	0																						
2	ppu_public	91	14069464	49	0	0.0	stat_sample	3	02	00	E1	00	01	0.0	1	0	2	0																						
2	ppu_public	91	14069630	49	176	88.0	mode3_enter	3	02	00	E1	00	01	88.0	1	0	2	0																						
2	ppu_public	91	14069624	49	84	42.0	stat_sample	3	03	00	E1	00	01	42.0	1	0	2	0																						
2	ppu_public	91	14069974	49	520	260.0	mode0_enter	0	03	00	E1	00	01	260.0	1	0	2	0																						
2	ppu_public	91	14069968	49	257	128.5	stat_sample	0	00	00	E1	00	01	128.5	1	0	2	0																						
2	ppu_public	91	14070368	50	0	0.0	stat_sample	2	00	00	E1	00	01	0.0	1	0	2	0																						
2	ppu_public	91	14070368	50	2	1.0	mode2_irq_prepare	0	00	00	E1	00	01	1.0	1	0	2	0																						
2	ppu_public	91	14070376	50	0	0.0	stat_sample	2	02	00	E1	00	01	0.0	1	0	2	0																						
2	ppu_public	91	14070374	50	8	4.0	mode2_enter	2	02	00	E1	00	01	4.0	1	0	2	0																						
2	ppu_public	91	14070376	50	0	0.0	stat_sample	3	02	00	E1	00	01	0.0	1	0	2	0																						
2	ppu_public	91	14070542	50	176	88.0	mode3_enter	3	02	00	E1	00	01	88.0	1	0	2	0																						
2	ppu_public	91	14070536	50	84	42.0	stat_sample	3	03	00	E1	00	01	42.0	1	0	2	0																						
2	ppu_public	91	14070886	50	520	260.0	mode0_enter	0	03	00	E1	00	01	260.0	1	0	2	0																						
2	ppu_public	91	14070880	50	257	128.5	stat_sample	0	00	00	E1	00	01	128.5	1	0	2	0																						
2	ppu_public	91	14071280	51	0	0.0	stat_sample	2	00	00	E1	00	01	0.0	1	0	2	0																						
2	ppu_public	91	14071280	51	2	1.0	mode2_irq_prepare	0	00	00	E1	00	01	1.0	1	0	2	0																						
2	ppu_public	91	14071288	51	0	0.0	stat_sample	2	02	00	E1	00	01	0.0	1	0	2	0																						
2	ppu_public	91	14071286	51	8	4.0	mode2_enter	2	02	00	E1	00	01	4.0	1	0	2	0																						
2	ppu_public	91	14071288	51	0	0.0	stat_sample	3	02	00	E1	00	01	0.0	1	0	2	0																						
2	ppu_public	91	14071454	51	176	88.0	mode3_enter	3	02	00	E1	00	01	88.0	1	0	2	0																						
2	ppu_public	91	14071448	51	84	42.0	stat_sample	3	03	00	E1	00	01	42.0	1	0	2	0																						
2	ppu_public	91	14071798	51	520	260.0	mode0_enter	0	03	00	E1	00	01	260.0	1	0	2	0																						
2	ppu_public	91	14071792	51	257	128.5	stat_sample	0	00	00	E1	00	01	128.5	1	0	2	0																						
2	ppu_public	91	14072192	52	0	0.0	stat_sample	2	00	00	E1	00	01	0.0	1	0	2	0																						
2	ppu_public	91	14072192	52	2	1.0	mode2_irq_prepare	0	00	00	E1	00	01	1.0	1	0	2	0																						
2	ppu_public	91	14072200	52	0	0.0	stat_sample	2	02	00	E1	00	01	0.0	1	0	2	0																						
2	ppu_public	91	14072198	52	8	4.0	mode2_enter	2	02	00	E1	00	01	4.0	1	0	2	0																						
2	ppu_public	91	14072200	52	0	0.0	stat_sample	3	02	00	E1	00	01	0.0	1	0	2	0																						
2	ppu_public	91	14072366	52	176	88.0	mode3_enter	3	02	00	E1	00	01	88.0	1	0	2	0																						
2	ppu_public	91	14072360	52	84	42.0	stat_sample	3	03	00	E1	00	01	42.0	1	0	2	0																						
2	ppu_public	91	14072710	52	520	260.0	mode0_enter	0	03	00	E1	00	01	260.0	1	0	2	0																						
2	ppu_public	91	14072712	52	257	128.5	stat_sample	0	00	00	E1	00	01	128.5	1	0	2	0																						
2	ppu_public	91	14073104	53	0	0.0	stat_sample	2	00	00	E1	00	01	0.0	1	0	2	0																						
2	ppu_public	91	14073104	53	2	1.0	mode2_irq_prepare	0	00	00	E1	00	01	1.0	1	0	2	0																						
2	ppu_public	91	14073112	53	0	0.0	stat_sample	2	02	00	E1	00	01	0.0	1	0	2	0																						
2	ppu_public	91	14073110	53	8	4.0	mode2_enter	2	02	00	E1	00	01	4.0	1	0	2	0																						
2	ppu_public	91	14073112	53	0	0.0	stat_sample	3	02	00	E1	00	01	0.0	1	0	2	0																						
2	ppu_public	91	14073278	53	176	88.0	mode3_enter	3	02	00	E1	00	01	88.0	1	0	2	0																						
2	ppu_public	91	14073272	53	84	42.0	stat_sample	3	03	00	E1	00	01	42.0	1	0	2	0																						
2	ppu_public	91	14073622	53	520	260.0	mode0_enter	0	03	00	E1	00	01	260.0	1	0	2	0																						
2	ppu_public	91	14073616	53	257	128.5	stat_sample	0	00	00	E1	00	01	128.5	1	0	2	0																						
2	ppu_public	91	14074016	54	0	0.0	stat_sample	2	00	00	E1	00	01	0.0	1	0	2	0																						
2	ppu_public	91	14074016	54	2	1.0	mode2_irq_prepare	0	00	00	E1	00	01	1.0	1	0	2	0																						
2	ppu_public	91	14074024	54	0	0.0	stat_sample	2	02	00	E1	00	01	0.0	1	0	2	0																						
2	ppu_public	91	14074022	54	8	4.0	mode2_enter	2	02	00	E1	00	01	4.0	1	0	2	0																						
2	ppu_public	91	14074024	54	0	0.0	stat_sample	3	02	00	E1	00	01	0.0	1	0	2	0																						
2	ppu_public	91	14074190	54	176	88.0	mode3_enter	3	02	00	E1	00	01	88.0	1	0	2	0																						
2	ppu_public	91	14074184	54	84	42.0	stat_sample	3	03	00	E1	00	01	42.0	1	0	2	0																						
2	ppu_public	91	14074534	54	520	260.0	mode0_enter	0	03	00	E1	00	01	260.0	1	0	2	0																						
2	ppu_public	91	14074528	54	257	128.5	stat_sample	0	00	00	E1	00	01	128.5	1	0	2	0																						
2	ppu_public	91	14074928	55	0	0.0	stat_sample	2	00	00	E1	00	01	0.0	1	0	2	0																						
2	ppu_public	91	14074928	55	2	1.0	mode2_irq_prepare	0	00	00	E1	00	01	1.0	1	0	2	0																						
2	ppu_public	91	14074936	55	0	0.0	stat_sample	2	02	00	E1	00	01	0.0	1	0	2	0																						
2	ppu_public	91	14074934	55	8	4.0	mode2_enter	2	02	00	E1	00	01	4.0	1	0	2	0																						
2	ppu_public	91	14074936	55	0	0.0	stat_sample	3	02	00	E1	00	01	0.0	1	0	2	0																						
2	ppu_public	91	14075102	55	176	88.0	mode3_enter	3	02	00	E1	00	01	88.0	1	0	2	0																						
2	ppu_public	91	14075104	55	84	42.0	stat_sample	3	03	00	E1	00	01	42.0	1	0	2	0																						
2	ppu_public	91	14075446	55	520	260.0	mode0_enter	0	03	00	E1	00	01	260.0	1	0	2	0																						
2	ppu_public	91	14075440	55	257	128.5	stat_sample	0	00	00	E1	00	01	128.5	1	0	2	0																						
2	ppu_public	91	14075840	56	0	0.0	stat_sample	2	00	00	E1	00	01	0.0	1	0	2	0																						
2	ppu_public	91	14075840	56	2	1.0	mode2_irq_prepare	0	00	00	E1	00	01	1.0	1	0	2	0																						
2	ppu_public	91	14075848	56	0	0.0	stat_sample	2	02	00	E1	00	01	0.0	1	0	2	0																						
2	ppu_public	91	14075846	56	8	4.0	mode2_enter	2	02	00	E1	00	01	4.0	1	0	2	0																						
2	ppu_public	91	14075848	56	0	0.0	stat_sample	3	02	00	E1	00	01	0.0	1	0	2	0																						
2	ppu_public	91	14076014	56	176	88.0	mode3_enter	3	02	00	E1	00	01	88.0	1	0	2	0																						
2	ppu_public	91	14076008	56	84	42.0	stat_sample	3	03	00	E1	00	01	42.0	1	0	2	0																						
2	ppu_public	91	14076358	56	520	260.0	mode0_enter	0	03	00	E1	00	01	260.0	1	0	2	0																						
2	ppu_public	91	14076352	56	257	128.5	stat_sample	0	00	00	E1	00	01	128.5	1	0	2	0																						
2	ppu_public	91	14076752	57	0	0.0	stat_sample	2	00	00	E1	00	01	0.0	1	0	2	0																						
2	ppu_public	91	14076752	57	2	1.0	mode2_irq_prepare	0	00	00	E1	00	01	1.0	1	0	2	0																						
2	ppu_public	91	14076768	57	0	0.0	stat_sample	2	02	00	E1	00	01	0.0	1	0	2	0																						
2	ppu_public	91	14076758	57	8	4.0	mode2_enter	2	02	00	E1	00	01	4.0	1	0	2	0																						
2	ppu_public	91	14076768	57	0	0.0	stat_sample	3	02	00	E1	00	01	0.0	1	0	2	0																						
2	ppu_public	91	14076926	57	176	88.0	mode3_enter	3	02	00	E1	00	01	88.0	1	0	2	0																						
2	ppu_public	91	14076920	57	84	42.0	stat_sample	3	03	00	E1	00	01	42.0	1	0	2	0																						
2	ppu_public	91	14077270	57	520	260.0	mode0_enter	0	03	00	E1	00	01	260.0	1	0	2	0																						
2	ppu_public	91	14077264	57	257	128.5	stat_sample	0	00	00	E1	00	01	128.5	1	0	2	0																						
2	ppu_public	91	14077664	58	0	0.0	stat_sample	2	00	00	E1	00	01	0.0	1	0	2	0																						
2	ppu_public	91	14077664	58	2	1.0	mode2_irq_prepare	0	00	00	E1	00	01	1.0	1	0	2	0																						
2	ppu_public	91	14077672	58	0	0.0	stat_sample	2	02	00	E1	00	01	0.0	1	0	2	0																						
2	ppu_public	91	14077670	58	8	4.0	mode2_enter	2	02	00	E1	00	01	4.0	1	0	2	0																						
2	ppu_public	91	14077672	58	0	0.0	stat_sample	3	02	00	E1	00	01	0.0	1	0	2	0																						
2	ppu_public	91	14077838	58	176	88.0	mode3_enter	3	02	00	E1	00	01	88.0	1	0	2	0																						
2	ppu_public	91	14077832	58	84	42.0	stat_sample	3	03	00	E1	00	01	42.0	1	0	2	0																						
2	ppu_public	91	14078182	58	520	260.0	mode0_enter	0	03	00	E1	00	01	260.0	1	0	2	0																						
2	ppu_public	91	14078176	58	257	128.5	stat_sample	0	00	00	E1	00	01	128.5	1	0	2	0																						
2	ppu_public	91	14078576	59	0	0.0	stat_sample	2	00	00	E1	00	01	0.0	1	0	2	0																						
2	ppu_public	91	14078576	59	2	1.0	mode2_irq_prepare	0	00	00	E1	00	01	1.0	1	0	2	0																						
2	ppu_public	91	14078584	59	0	0.0	stat_sample	2	02	00	E1	00	01	0.0	1	0	2	0																						
2	ppu_public	91	14078582	59	8	4.0	mode2_enter	2	02	00	E1	00	01	4.0	1	0	2	0																						
2	ppu_public	91	14078584	59	0	0.0	stat_sample	3	02	00	E1	00	01	0.0	1	0	2	0																						
2	ppu_public	91	14078750	59	176	88.0	mode3_enter	3	02	00	E1	00	01	88.0	1	0	2	0																						
2	ppu_public	91	14078744	59	84	42.0	stat_sample	3	03	00	E1	00	01	42.0	1	0	2	0																						
2	ppu_public	91	14079094	59	520	260.0	mode0_enter	0	03	00	E1	00	01	260.0	1	0	2	0																						
2	ppu_public	91	14079088	59	257	128.5	stat_sample	0	00	00	E1	00	01	128.5	1	0	2	0																						
2	ppu_public	91	14079488	60	0	0.0	stat_sample	2	00	00	E1	00	01	0.0	1	0	2	0																						
2	ppu_public	91	14079488	60	2	1.0	mode2_irq_prepare	0	00	00	E1	00	01	1.0	1	0	2	0																						
2	ppu_public	91	14079496	60	0	0.0	stat_sample	2	02	00	E1	00	01	0.0	1	0	2	0																						
2	ppu_public	91	14079494	60	8	4.0	mode2_enter	2	02	00	E1	00	01	4.0	1	0	2	0																						
2	ppu_public	91	14079496	60	0	0.0	stat_sample	3	02	00	E1	00	01	0.0	1	0	2	0																						
2	ppu_public	91	14079662	60	176	88.0	mode3_enter	3	02	00	E1	00	01	88.0	1	0	2	0																						
2	ppu_public	91	14079656	60	84	42.0	stat_sample	3	03	00	E1	00	01	42.0	1	0	2	0																						
2	ppu_public	91	14080006	60	520	260.0	mode0_enter	0	03	00	E1	00	01	260.0	1	0	2	0																						
2	ppu_public	91	14080000	60	257	128.5	stat_sample	0	00	00	E1	00	01	128.5	1	0	2	0																						
2	ppu_public	91	14080408	61	0	0.0	stat_sample	2	00	00	E1	00	01	0.0	1	0	2	0																						
2	ppu_public	91	14080408	61	2	1.0	mode2_irq_prepare	0	00	00	E1	00	01	1.0	1	0	2	0																						
2	ppu_public	91	14080408	61	0	0.0	stat_sample	2	02	00	E1	00	01	0.0	1	0	2	0																						
2	ppu_public	91	14080414	61	8	4.0	mode2_enter	2	02	00	E1	00	01	4.0	1	0	2	0																						
2	ppu_public	91	14080408	61	0	0.0	stat_sample	3	02	00	E1	00	01	0.0	1	0	2	0																						
2	ppu_public	91	14080582	61	176	88.0	mode3_enter	3	02	00	E1	00	01	88.0	1	0	2	0																						
2	ppu_public	91	14080568	61	84	42.0	stat_sample	3	03	00	E1	00	01	42.0	1	0	2	0																						
2	ppu_public	91	14080926	61	520	260.0	mode0_enter	0	03	00	E1	00	01	260.0	1	0	2	0																						
2	ppu_public	91	14080912	61	257	128.5	stat_sample	0	00	00	E1	00	01	128.5	1	0	2	0																						
2	ppu_public	91	14081312	62	0	0.0	stat_sample	2	00	00	E1	00	01	0.0	1	0	2	0																						
2	ppu_public	91	14081312	62	2	1.0	mode2_irq_prepare	0	00	00	E1	00	01	1.0	1	0	2	0																						
2	ppu_public	91	14081320	62	0	0.0	stat_sample	2	02	00	E1	00	01	0.0	1	0	2	0																						
2	ppu_public	91	14081318	62	8	4.0	mode2_enter	2	02	00	E1	00	01	4.0	1	0	2	0																						
2	ppu_public	91	14081320	62	0	0.0	stat_sample	3	02	00	E1	00	01	0.0	1	0	2	0																						
2	ppu_public	91	14081486	62	176	88.0	mode3_enter	3	02	00	E1	00	01	88.0	1	0	2	0																						
2	ppu_public	91	14081480	62	84	42.0	stat_sample	3	03	00	E1	00	01	42.0	1	0	2	0																						
2	ppu_public	91	14081830	62	520	260.0	mode0_enter	0	03	00	E1	00	01	260.0	1	0	2	0																						
2	ppu_public	91	14081824	62	257	128.5	stat_sample	0	00	00	E1	00	01	128.5	1	0	2	0																						
2	ppu_public	91	14082224	63	0	0.0	stat_sample	2	00	00	E1	00	01	0.0	1	0	2	0																						
2	ppu_public	91	14082224	63	2	1.0	mode2_irq_prepare	0	00	00	E1	00	01	1.0	1	0	2	0																						
2	ppu_public	91	14082232	63	0	0.0	stat_sample	2	02	00	E1	00	01	0.0	1	0	2	0																						
2	ppu_public	91	14082230	63	8	4.0	mode2_enter	2	02	00	E1	00	01	4.0	1	0	2	0																						
2	ppu_public	91	14082232	63	0	0.0	stat_sample	3	02	00	E1	00	01	0.0	1	0	2	0																						
2	ppu_public	91	14082398	63	176	88.0	mode3_enter	3	02	00	E1	00	01	88.0	1	0	2	0																						
2	ppu_public	91	14082392	63	84	42.0	stat_sample	3	03	00	E1	00	01	42.0	1	0	2	0																						
2	ppu_public	91	14082742	63	520	260.0	mode0_enter	0	03	00	E1	00	01	260.0	1	0	2	0																						
2	ppu_public	91	14082736	63	257	128.5	stat_sample	0	00	00	E1	00	01	128.5	1	0	2	0																						
2	ppu_public	91	14083136	64	0	0.0	stat_sample	2	00	00	E1	00	01	0.0	1	0	2	0																						
2	ppu_public	91	14083136	64	2	1.0	mode2_irq_prepare	0	00	00	E1	00	01	1.0	1	0	2	0																						
2	ppu_public	91	14083144	64	0	0.0	stat_sample	2	02	00	E1	00	01	0.0	1	0	2	0																						
2	ppu_public	91	14083142	64	8	4.0	mode2_enter	2	02	00	E1	00	01	4.0	1	0	2	0																						
2	ppu_public	91	14083144	64	0	0.0	stat_sample	3	02	00	E1	00	01	0.0	1	0	2	0																						
2	ppu_public	91	14083310	64	176	88.0	mode3_enter	3	02	00	E1	00	01	88.0	1	0	2	0																						
2	ppu_public	91	14083304	64	84	42.0	stat_sample	3	03	00	E1	00	01	42.0	1	0	2	0																						
2	ppu_public	91	14083654	64	520	260.0	mode0_enter	0	03	00	E1	00	01	260.0	1	0	2	0																						
2	ppu_public	91	14083648	64	257	128.5	stat_sample	0	00	00	E1	00	01	128.5	1	0	2	0																						
2	ppu_public	91	14084048	65	0	0.0	stat_sample	2	00	00	E1	00	01	0.0	1	0	2	0																						
2	ppu_public	91	14084048	65	2	1.0	mode2_irq_prepare	0	00	00	E1	00	01	1.0	1	0	2	0																						
2	ppu_public	91	14084056	65	0	0.0	stat_sample	2	02	00	E1	00	01	0.0	1	0	2	0																						
2	ppu_public	91	14084054	65	8	4.0	mode2_enter	2	02	00	E1	00	01	4.0	1	0	2	0																						
2	ppu_public	91	14084056	65	0	0.0	stat_sample	3	02	00	E1	00	01	0.0	1	0	2	0																						
2	ppu_public	91	14084222	65	176	88.0	mode3_enter	3	02	00	E1	00	01	88.0	1	0	2	0																						
2	ppu_public	91	14084216	65	84	42.0	stat_sample	3	03	00	E1	00	01	42.0	1	0	2	0																						
2	ppu_public	91	14084566	65	520	260.0	mode0_enter	0	03	00	E1	00	01	260.0	1	0	2	0																						
2	ppu_public	91	14084568	65	257	128.5	stat_sample	0	00	00	E1	00	01	128.5	1	0	2	0																						
2	ppu_public	91	14084960	66	0	0.0	stat_sample	2	00	00	E1	00	01	0.0	1	0	2	0																						
2	ppu_public	91	14084960	66	2	1.0	mode2_irq_prepare	0	00	00	E1	00	01	1.0	1	0	2	0																						
2	ppu_public	91	14084968	66	0	0.0	stat_sample	2	02	00	E1	00	01	0.0	1	0	2	0																						
2	ppu_public	91	14084966	66	8	4.0	mode2_enter	2	02	00	E1	00	01	4.0	1	0	2	0																						
2	ppu_public	91	14084968	66	0	0.0	stat_sample	3	02	00	E1	00	01	0.0	1	0	2	0																						
2	ppu_public	91	14085134	66	176	88.0	mode3_enter	3	02	00	E1	00	01	88.0	1	0	2	0																						
2	ppu_public	91	14085128	66	84	42.0	stat_sample	3	03	00	E1	00	01	42.0	1	0	2	0																						
2	ppu_public	91	14085478	66	520	260.0	mode0_enter	0	03	00	E1	00	01	260.0	1	0	2	0																						
2	ppu_public	91	14085472	66	257	128.5	stat_sample	0	00	00	E1	00	01	128.5	1	0	2	0																						
2	ppu_public	91	14085872	67	0	0.0	stat_sample	2	00	00	E1	00	01	0.0	1	0	2	0																						
2	ppu_public	91	14085872	67	2	1.0	mode2_irq_prepare	0	00	00	E1	00	01	1.0	1	0	2	0																						
2	ppu_public	91	14085880	67	0	0.0	stat_sample	2	02	00	E1	00	01	0.0	1	0	2	0																						
2	ppu_public	91	14085878	67	8	4.0	mode2_enter	2	02	00	E1	00	01	4.0	1	0	2	0																						
2	ppu_public	91	14085880	67	0	0.0	stat_sample	3	02	00	E1	00	01	0.0	1	0	2	0																						
2	ppu_public	91	14086046	67	176	88.0	mode3_enter	3	02	00	E1	00	01	88.0	1	0	2	0																						
2	ppu_public	91	14086040	67	84	42.0	stat_sample	3	03	00	E1	00	01	42.0	1	0	2	0																						
2	ppu_public	91	14086390	67	520	260.0	mode0_enter	0	03	00	E1	00	01	260.0	1	0	2	0																						
2	ppu_public	91	14086384	67	257	128.5	stat_sample	0	00	00	E1	00	01	128.5	1	0	2	0																						
2	ppu_public	91	14086784	68	0	0.0	stat_sample	2	00	00	E1	00	01	0.0	1	0	2	0																						
2	ppu_public	91	14086784	68	2	1.0	mode2_irq_prepare	0	00	00	E1	00	01	1.0	1	0	2	0																						
2	ppu_public	91	14086792	68	0	0.0	stat_sample	2	02	00	E1	00	01	0.0	1	0	2	0																						
2	ppu_public	91	14086790	68	8	4.0	mode2_enter	2	02	00	E1	00	01	4.0	1	0	2	0																						
2	ppu_public	91	14086792	68	0	0.0	stat_sample	3	02	00	E1	00	01	0.0	1	0	2	0																						
2	ppu_public	91	14086958	68	176	88.0	mode3_enter	3	02	00	E1	00	01	88.0	1	0	2	0																						
2	ppu_public	91	14086960	68	84	42.0	stat_sample	3	03	00	E1	00	01	42.0	1	0	2	0																						
2	ppu_public	91	14087302	68	520	260.0	mode0_enter	0	03	00	E1	00	01	260.0	1	0	2	0																						
2	ppu_public	91	14087296	68	257	128.5	stat_sample	0	00	00	E1	00	01	128.5	1	0	2	0																						
2	ppu_public	91	14087696	69	0	0.0	stat_sample	2	00	00	E1	00	01	0.0	1	0	2	0																						
2	ppu_public	91	14087696	69	2	1.0	mode2_irq_prepare	0	00	00	E1	00	01	1.0	1	0	2	0																						
2	ppu_public	91	14087704	69	0	0.0	stat_sample	2	02	00	E1	00	01	0.0	1	0	2	0																						
2	ppu_public	91	14087702	69	8	4.0	mode2_enter	2	02	00	E1	00	01	4.0	1	0	2	0																						
2	ppu_public	91	14087704	69	0	0.0	stat_sample	3	02	00	E1	00	01	0.0	1	0	2	0																						
2	ppu_public	91	14087870	69	176	88.0	mode3_enter	3	02	00	E1	00	01	88.0	1	0	2	0																						
2	ppu_public	91	14087864	69	84	42.0	stat_sample	3	03	00	E1	00	01	42.0	1	0	2	0																						
2	ppu_public	91	14088214	69	520	260.0	mode0_enter	0	03	00	E1	00	01	260.0	1	0	2	0																						
2	ppu_public	91	14088208	69	257	128.5	stat_sample	0	00	00	E1	00	01	128.5	1	0	2	0																						
2	ppu_public	91	14088608	70	0	0.0	stat_sample	2	00	00	E1	00	01	0.0	1	0	2	0																						
2	ppu_public	91	14088608	70	2	1.0	mode2_irq_prepare	0	00	00	E1	00	01	1.0	1	0	2	0																						
2	ppu_public	91	14088624	70	0	0.0	stat_sample	2	02	00	E1	00	01	0.0	1	0	2	0																						
2	ppu_public	91	14088614	70	8	4.0	mode2_enter	2	02	00	E1	00	01	4.0	1	0	2	0																						
2	ppu_public	91	14088624	70	0	0.0	stat_sample	3	02	00	E1	00	01	0.0	1	0	2	0																						
2	ppu_public	91	14088782	70	176	88.0	mode3_enter	3	02	00	E1	00	01	88.0	1	0	2	0																						
2	ppu_public	91	14088776	70	84	42.0	stat_sample	3	03	00	E1	00	01	42.0	1	0	2	0																						
2	ppu_public	91	14089126	70	520	260.0	mode0_enter	0	03	00	E1	00	01	260.0	1	0	2	0																						
2	ppu_public	91	14089120	70	257	128.5	stat_sample	0	00	00	E1	00	01	128.5	1	0	2	0																						
2	ppu_public	91	14089520	71	0	0.0	stat_sample	2	00	00	E1	00	01	0.0	1	0	2	0																						
2	ppu_public	91	14089520	71	2	1.0	mode2_irq_prepare	0	00	00	E1	00	01	1.0	1	0	2	0																						
2	ppu_public	91	14089528	71	0	0.0	stat_sample	2	02	00	E1	00	01	0.0	1	0	2	0																						
2	ppu_public	91	14089526	71	8	4.0	mode2_enter	2	02	00	E1	00	01	4.0	1	0	2	0																						
2	ppu_public	91	14089528	71	0	0.0	stat_sample	3	02	00	E1	00	01	0.0	1	0	2	0																						
2	ppu_public	91	14089694	71	176	88.0	mode3_enter	3	02	00	E1	00	01	88.0	1	0	2	0																						
2	ppu_public	91	14089688	71	84	42.0	stat_sample	3	03	00	E1	00	01	42.0	1	0	2	0																						
2	ppu_public	91	14090038	71	520	260.0	mode0_enter	0	03	00	E1	00	01	260.0	1	0	2	0																						
2	ppu_public	91	14090032	71	257	128.5	stat_sample	0	00	00	E1	00	01	128.5	1	0	2	0																						
2	ppu_public	91	14090432	72	0	0.0	stat_sample	2	00	00	E1	00	01	0.0	1	0	2	0																						
2	ppu_public	91	14090432	72	2	1.0	mode2_irq_prepare	0	00	00	E1	00	01	1.0	1	0	2	0																						
2	ppu_public	91	14090440	72	0	0.0	stat_sample	2	02	00	E1	00	01	0.0	1	0	2	0																						
2	ppu_public	91	14090438	72	8	4.0	mode2_enter	2	02	00	E1	00	01	4.0	1	0	2	0																						
2	ppu_public	91	14090440	72	0	0.0	stat_sample	3	02	00	E1	00	01	0.0	1	0	2	0																						
2	ppu_public	91	14090606	72	176	88.0	mode3_enter	3	02	00	E1	00	01	88.0	1	0	2	0																						
2	ppu_public	91	14090600	72	84	42.0	stat_sample	3	03	00	E1	00	01	42.0	1	0	2	0																						
2	ppu_public	91	14090950	72	520	260.0	mode0_enter	0	03	00	E1	00	01	260.0	1	0	2	0																						
2	ppu_public	91	14090944	72	257	128.5	stat_sample	0	00	00	E1	00	01	128.5	1	0	2	0																						
2	ppu_public	91	14091344	73	0	0.0	stat_sample	2	00	00	E1	00	01	0.0	1	0	2	0																						
2	ppu_public	91	14091344	73	2	1.0	mode2_irq_prepare	0	00	00	E1	00	01	1.0	1	0	2	0																						
2	ppu_public	91	14091352	73	0	0.0	stat_sample	2	02	00	E1	00	01	0.0	1	0	2	0																						
2	ppu_public	91	14091350	73	8	4.0	mode2_enter	2	02	00	E1	00	01	4.0	1	0	2	0																						
2	ppu_public	91	14091352	73	0	0.0	stat_sample	3	02	00	E1	00	01	0.0	1	0	2	0																						
2	ppu_public	91	14091518	73	176	88.0	mode3_enter	3	02	00	E1	00	01	88.0	1	0	2	0																						
2	ppu_public	91	14091512	73	84	42.0	stat_sample	3	03	00	E1	00	01	42.0	1	0	2	0																						
2	ppu_public	91	14091862	73	520	260.0	mode0_enter	0	03	00	E1	00	01	260.0	1	0	2	0																						
2	ppu_public	91	14091856	73	257	128.5	stat_sample	0	00	00	E1	00	01	128.5	1	0	2	0																						
2	ppu_public	91	14092264	74	0	0.0	stat_sample	2	00	00	E1	00	01	0.0	1	0	2	0																						
2	ppu_public	91	14092264	74	2	1.0	mode2_irq_prepare	0	00	00	E1	00	01	1.0	1	0	2	0																						
2	ppu_public	91	14092264	74	0	0.0	stat_sample	2	02	00	E1	00	01	0.0	1	0	2	0																						
2	ppu_public	91	14092270	74	8	4.0	mode2_enter	2	02	00	E1	00	01	4.0	1	0	2	0																						
2	ppu_public	91	14092264	74	0	0.0	stat_sample	3	02	00	E1	00	01	0.0	1	0	2	0																						
2	ppu_public	91	14092438	74	176	88.0	mode3_enter	3	02	00	E1	00	01	88.0	1	0	2	0																						
2	ppu_public	91	14092424	74	84	42.0	stat_sample	3	03	00	E1	00	01	42.0	1	0	2	0																						
2	ppu_public	91	14092782	74	520	260.0	mode0_enter	0	03	00	E1	00	01	260.0	1	0	2	0																						
2	ppu_public	91	14092768	74	257	128.5	stat_sample	0	00	00	E1	00	01	128.5	1	0	2	0																						
2	ppu_public	91	14093168	75	0	0.0	stat_sample	2	00	00	E1	00	01	0.0	1	0	2	0																						
2	ppu_public	91	14093168	75	2	1.0	mode2_irq_prepare	0	00	00	E1	00	01	1.0	1	0	2	0																						
2	ppu_public	91	14093176	75	0	0.0	stat_sample	2	02	00	E1	00	01	0.0	1	0	2	0																						
2	ppu_public	91	14093174	75	8	4.0	mode2_enter	2	02	00	E1	00	01	4.0	1	0	2	0																						
2	ppu_public	91	14093176	75	0	0.0	stat_sample	3	02	00	E1	00	01	0.0	1	0	2	0																						
2	ppu_public	91	14093342	75	176	88.0	mode3_enter	3	02	00	E1	00	01	88.0	1	0	2	0																						
2	ppu_public	91	14093336	75	84	42.0	stat_sample	3	03	00	E1	00	01	42.0	1	0	2	0																						
2	ppu_public	91	14093686	75	520	260.0	mode0_enter	0	03	00	E1	00	01	260.0	1	0	2	0																						
2	ppu_public	91	14093680	75	257	128.5	stat_sample	0	00	00	E1	00	01	128.5	1	0	2	0																						
2	ppu_public	91	14094080	76	0	0.0	stat_sample	2	00	00	E1	00	01	0.0	1	0	2	0																						
2	ppu_public	91	14094080	76	2	1.0	mode2_irq_prepare	0	00	00	E1	00	01	1.0	1	0	2	0																						
2	ppu_public	91	14094088	76	0	0.0	stat_sample	2	02	00	E1	00	01	0.0	1	0	2	0																						
2	ppu_public	91	14094086	76	8	4.0	mode2_enter	2	02	00	E1	00	01	4.0	1	0	2	0																						
2	ppu_public	91	14094088	76	0	0.0	stat_sample	3	02	00	E1	00	01	0.0	1	0	2	0																						
2	ppu_public	91	14094254	76	176	88.0	mode3_enter	3	02	00	E1	00	01	88.0	1	0	2	0																						
2	ppu_public	91	14094248	76	84	42.0	stat_sample	3	03	00	E1	00	01	42.0	1	0	2	0																						
2	ppu_public	91	14094598	76	520	260.0	mode0_enter	0	03	00	E1	00	01	260.0	1	0	2	0																						
2	ppu_public	91	14094592	76	257	128.5	stat_sample	0	00	00	E1	00	01	128.5	1	0	2	0																						
2	ppu_public	91	14094992	77	0	0.0	stat_sample	2	00	00	E1	00	01	0.0	1	0	2	0																						
2	ppu_public	91	14094992	77	2	1.0	mode2_irq_prepare	0	00	00	E1	00	01	1.0	1	0	2	0																						
2	ppu_public	91	14095000	77	0	0.0	stat_sample	2	02	00	E1	00	01	0.0	1	0	2	0																						
2	ppu_public	91	14094998	77	8	4.0	mode2_enter	2	02	00	E1	00	01	4.0	1	0	2	0																						
2	ppu_public	91	14095000	77	0	0.0	stat_sample	3	02	00	E1	00	01	0.0	1	0	2	0																						
2	ppu_public	91	14095166	77	176	88.0	mode3_enter	3	02	00	E1	00	01	88.0	1	0	2	0																						
2	ppu_public	91	14095160	77	84	42.0	stat_sample	3	03	00	E1	00	01	42.0	1	0	2	0																						
2	ppu_public	91	14095510	77	520	260.0	mode0_enter	0	03	00	E1	00	01	260.0	1	0	2	0																						
2	ppu_public	91	14095504	77	257	128.5	stat_sample	0	00	00	E1	00	01	128.5	1	0	2	0																						
2	ppu_public	91	14095904	78	0	0.0	stat_sample	2	00	00	E1	00	01	0.0	1	0	2	0																						
2	ppu_public	91	14095904	78	2	1.0	mode2_irq_prepare	0	00	00	E1	00	01	1.0	1	0	2	0																						
2	ppu_public	91	14095912	78	0	0.0	stat_sample	2	02	00	E1	00	01	0.0	1	0	2	0																						
2	ppu_public	91	14095910	78	8	4.0	mode2_enter	2	02	00	E1	00	01	4.0	1	0	2	0																						
2	ppu_public	91	14095912	78	0	0.0	stat_sample	3	02	00	E1	00	01	0.0	1	0	2	0																						
2	ppu_public	91	14096078	78	176	88.0	mode3_enter	3	02	00	E1	00	01	88.0	1	0	2	0																						
2	ppu_public	91	14096072	78	84	42.0	stat_sample	3	03	00	E1	00	01	42.0	1	0	2	0																						
2	ppu_public	91	14096422	78	520	260.0	mode0_enter	0	03	00	E1	00	01	260.0	1	0	2	0																						
2	ppu_public	91	14096424	78	257	128.5	stat_sample	0	00	00	E1	00	01	128.5	1	0	2	0																						
2	ppu_public	91	14096816	79	0	0.0	stat_sample	2	00	00	E1	00	01	0.0	1	0	2	0																						
2	ppu_public	91	14096816	79	2	1.0	mode2_irq_prepare	0	00	00	E1	00	01	1.0	1	0	2	0																						
2	ppu_public	91	14096824	79	0	0.0	stat_sample	2	02	00	E1	00	01	0.0	1	0	2	0																						
2	ppu_public	91	14096822	79	8	4.0	mode2_enter	2	02	00	E1	00	01	4.0	1	0	2	0																						
2	ppu_public	91	14096824	79	0	0.0	stat_sample	3	02	00	E1	00	01	0.0	1	0	2	0																						
2	ppu_public	91	14096990	79	176	88.0	mode3_enter	3	02	00	E1	00	01	88.0	1	0	2	0																						
2	ppu_public	91	14096984	79	84	42.0	stat_sample	3	03	00	E1	00	01	42.0	1	0	2	0																						
2	ppu_public	91	14097334	79	520	260.0	mode0_enter	0	03	00	E1	00	01	260.0	1	0	2	0																						
2	ppu_public	91	14097328	79	257	128.5	stat_sample	0	00	00	E1	00	01	128.5	1	0	2	0																						
2	ppu_public	91	14097728	80	0	0.0	stat_sample	2	00	00	E1	00	01	0.0	1	0	2	0																						
2	ppu_public	91	14097728	80	2	1.0	mode2_irq_prepare	0	00	00	E1	00	01	1.0	1	0	2	0																						
2	ppu_public	91	14097736	80	0	0.0	stat_sample	2	02	00	E1	00	01	0.0	1	0	2	0																						
2	ppu_public	91	14097734	80	8	4.0	mode2_enter	2	02	00	E1	00	01	4.0	1	0	2	0																						
2	ppu_public	91	14097736	80	0	0.0	stat_sample	3	02	00	E1	00	01	0.0	1	0	2	0																						
2	ppu_public	91	14097902	80	176	88.0	mode3_enter	3	02	00	E1	00	01	88.0	1	0	2	0																						
2	ppu_public	91	14097896	80	84	42.0	stat_sample	3	03	00	E1	00	01	42.0	1	0	2	0																						
2	ppu_public	91	14098246	80	520	260.0	mode0_enter	0	03	00	E1	00	01	260.0	1	0	2	0																						
2	ppu_public	91	14098240	80	257	128.5	stat_sample	0	00	00	E1	00	01	128.5	1	0	2	0																						
2	ppu_public	91	14098640	81	0	0.0	stat_sample	2	00	00	E1	00	01	0.0	1	0	2	0																						
2	ppu_public	91	14098640	81	2	1.0	mode2_irq_prepare	0	00	00	E1	00	01	1.0	1	0	2	0																						
2	ppu_public	91	14098648	81	0	0.0	stat_sample	2	02	00	E1	00	01	0.0	1	0	2	0																						
2	ppu_public	91	14098646	81	8	4.0	mode2_enter	2	02	00	E1	00	01	4.0	1	0	2	0																						
2	ppu_public	91	14098648	81	0	0.0	stat_sample	3	02	00	E1	00	01	0.0	1	0	2	0																						
2	ppu_public	91	14098814	81	176	88.0	mode3_enter	3	02	00	E1	00	01	88.0	1	0	2	0																						
2	ppu_public	91	14098816	81	84	42.0	stat_sample	3	03	00	E1	00	01	42.0	1	0	2	0																						
2	ppu_public	91	14099158	81	520	260.0	mode0_enter	0	03	00	E1	00	01	260.0	1	0	2	0																						
2	ppu_public	91	14099152	81	257	128.5	stat_sample	0	00	00	E1	00	01	128.5	1	0	2	0																						
2	ppu_public	91	14099552	82	0	0.0	stat_sample	2	00	00	E1	00	01	0.0	1	0	2	0																						
2	ppu_public	91	14099552	82	2	1.0	mode2_irq_prepare	0	00	00	E1	00	01	1.0	1	0	2	0																						
2	ppu_public	91	14099560	82	0	0.0	stat_sample	2	02	00	E1	00	01	0.0	1	0	2	0																						
2	ppu_public	91	14099558	82	8	4.0	mode2_enter	2	02	00	E1	00	01	4.0	1	0	2	0																						
2	ppu_public	91	14099560	82	0	0.0	stat_sample	3	02	00	E1	00	01	0.0	1	0	2	0																						
2	ppu_public	91	14099726	82	176	88.0	mode3_enter	3	02	00	E1	00	01	88.0	1	0	2	0																						
2	ppu_public	91	14099720	82	84	42.0	stat_sample	3	03	00	E1	00	01	42.0	1	0	2	0																						
2	ppu_public	91	14100070	82	520	260.0	mode0_enter	0	03	00	E1	00	01	260.0	1	0	2	0																						
2	ppu_public	91	14100064	82	257	128.5	stat_sample	0	00	00	E1	00	01	128.5	1	0	2	0																						
2	ppu_public	91	14100464	83	0	0.0	stat_sample	2	00	00	E1	00	01	0.0	1	0	2	0																						
2	ppu_public	91	14100464	83	2	1.0	mode2_irq_prepare	0	00	00	E1	00	01	1.0	1	0	2	0																						
2	ppu_public	91	14100480	83	0	0.0	stat_sample	2	02	00	E1	00	01	0.0	1	0	2	0																						
2	ppu_public	91	14100470	83	8	4.0	mode2_enter	2	02	00	E1	00	01	4.0	1	0	2	0																						
2	ppu_public	91	14100480	83	0	0.0	stat_sample	3	02	00	E1	00	01	0.0	1	0	2	0																						
2	ppu_public	91	14100638	83	176	88.0	mode3_enter	3	02	00	E1	00	01	88.0	1	0	2	0																						
2	ppu_public	91	14100632	83	84	42.0	stat_sample	3	03	00	E1	00	01	42.0	1	0	2	0																						
2	ppu_public	91	14100982	83	520	260.0	mode0_enter	0	03	00	E1	00	01	260.0	1	0	2	0																						
2	ppu_public	91	14100976	83	257	128.5	stat_sample	0	00	00	E1	00	01	128.5	1	0	2	0																						
2	ppu_public	91	14101376	84	0	0.0	stat_sample	2	00	00	E1	00	01	0.0	1	0	2	0																						
2	ppu_public	91	14101376	84	2	1.0	mode2_irq_prepare	0	00	00	E1	00	01	1.0	1	0	2	0																						
2	ppu_public	91	14101384	84	0	0.0	stat_sample	2	02	00	E1	00	01	0.0	1	0	2	0																						
2	ppu_public	91	14101382	84	8	4.0	mode2_enter	2	02	00	E1	00	01	4.0	1	0	2	0																						
2	ppu_public	91	14101384	84	0	0.0	stat_sample	3	02	00	E1	00	01	0.0	1	0	2	0																						
2	ppu_public	91	14101550	84	176	88.0	mode3_enter	3	02	00	E1	00	01	88.0	1	0	2	0																						
2	ppu_public	91	14101544	84	84	42.0	stat_sample	3	03	00	E1	00	01	42.0	1	0	2	0																						
2	ppu_public	91	14101894	84	520	260.0	mode0_enter	0	03	00	E1	00	01	260.0	1	0	2	0																						
2	ppu_public	91	14101888	84	257	128.5	stat_sample	0	00	00	E1	00	01	128.5	1	0	2	0																						
2	ppu_public	91	14102288	85	0	0.0	stat_sample	2	00	00	E1	00	01	0.0	1	0	2	0																						
2	ppu_public	91	14102288	85	2	1.0	mode2_irq_prepare	0	00	00	E1	00	01	1.0	1	0	2	0																						
2	ppu_public	91	14102296	85	0	0.0	stat_sample	2	02	00	E1	00	01	0.0	1	0	2	0																						
2	ppu_public	91	14102294	85	8	4.0	mode2_enter	2	02	00	E1	00	01	4.0	1	0	2	0																						
2	ppu_public	91	14102296	85	0	0.0	stat_sample	3	02	00	E1	00	01	0.0	1	0	2	0																						
2	ppu_public	91	14102462	85	176	88.0	mode3_enter	3	02	00	E1	00	01	88.0	1	0	2	0																						
2	ppu_public	91	14102456	85	84	42.0	stat_sample	3	03	00	E1	00	01	42.0	1	0	2	0																						
2	ppu_public	91	14102806	85	520	260.0	mode0_enter	0	03	00	E1	00	01	260.0	1	0	2	0																						
2	ppu_public	91	14102800	85	257	128.5	stat_sample	0	00	00	E1	00	01	128.5	1	0	2	0																						
2	ppu_public	91	14103200	86	0	0.0	stat_sample	2	00	00	E1	00	01	0.0	1	0	2	0																						
2	ppu_public	91	14103200	86	2	1.0	mode2_irq_prepare	0	00	00	E1	00	01	1.0	1	0	2	0																						
2	ppu_public	91	14103208	86	0	0.0	stat_sample	2	02	00	E1	00	01	0.0	1	0	2	0																						
2	ppu_public	91	14103206	86	8	4.0	mode2_enter	2	02	00	E1	00	01	4.0	1	0	2	0																						
2	ppu_public	91	14103208	86	0	0.0	stat_sample	3	02	00	E1	00	01	0.0	1	0	2	0																						
2	ppu_public	91	14103374	86	176	88.0	mode3_enter	3	02	00	E1	00	01	88.0	1	0	2	0																						
2	ppu_public	91	14103368	86	84	42.0	stat_sample	3	03	00	E1	00	01	42.0	1	0	2	0																						
2	ppu_public	91	14103718	86	520	260.0	mode0_enter	0	03	00	E1	00	01	260.0	1	0	2	0																						
2	ppu_public	91	14103712	86	257	128.5	stat_sample	0	00	00	E1	00	01	128.5	1	0	2	0																						
2	ppu_public	91	14104120	87	0	0.0	stat_sample	2	00	00	E1	00	01	0.0	1	0	2	0																						
2	ppu_public	91	14104120	87	2	1.0	mode2_irq_prepare	0	00	00	E1	00	01	1.0	1	0	2	0																						
2	ppu_public	91	14104120	87	0	0.0	stat_sample	2	02	00	E1	00	01	0.0	1	0	2	0																						
2	ppu_public	91	14104126	87	8	4.0	mode2_enter	2	02	00	E1	00	01	4.0	1	0	2	0																						
2	ppu_public	91	14104120	87	0	0.0	stat_sample	3	02	00	E1	00	01	0.0	1	0	2	0																						
2	ppu_public	91	14104294	87	176	88.0	mode3_enter	3	02	00	E1	00	01	88.0	1	0	2	0																						
2	ppu_public	91	14104280	87	84	42.0	stat_sample	3	03	00	E1	00	01	42.0	1	0	2	0																						
2	ppu_public	91	14104638	87	520	260.0	mode0_enter	0	03	00	E1	00	01	260.0	1	0	2	0																						
2	ppu_public	91	14104624	87	257	128.5	stat_sample	0	00	00	E1	00	01	128.5	1	0	2	0																						
2	ppu_public	91	14105024	88	0	0.0	stat_sample	2	00	00	E1	00	01	0.0	1	0	2	0																						
2	ppu_public	91	14105024	88	2	1.0	mode2_irq_prepare	0	00	00	E1	00	01	1.0	1	0	2	0																						
2	ppu_public	91	14105032	88	0	0.0	stat_sample	2	02	00	E1	00	01	0.0	1	0	2	0																						
2	ppu_public	91	14105030	88	8	4.0	mode2_enter	2	02	00	E1	00	01	4.0	1	0	2	0																						
2	ppu_public	91	14105032	88	0	0.0	stat_sample	3	02	00	E1	00	01	0.0	1	0	2	0																						
2	ppu_public	91	14105198	88	176	88.0	mode3_enter	3	02	00	E1	00	01	88.0	1	0	2	0																						
2	ppu_public	91	14105192	88	84	42.0	stat_sample	3	03	00	E1	00	01	42.0	1	0	2	0																						
2	ppu_public	91	14105542	88	520	260.0	mode0_enter	0	03	00	E1	00	01	260.0	1	0	2	0																						
2	ppu_public	91	14105536	88	257	128.5	stat_sample	0	00	00	E1	00	01	128.5	1	0	2	0																						
2	ppu_public	91	14105936	89	0	0.0	stat_sample	2	00	00	E1	00	01	0.0	1	0	2	0																						
2	ppu_public	91	14105936	89	2	1.0	mode2_irq_prepare	0	00	00	E1	00	01	1.0	1	0	2	0																						
2	ppu_public	91	14105944	89	0	0.0	stat_sample	2	02	00	E1	00	01	0.0	1	0	2	0																						
2	ppu_public	91	14105942	89	8	4.0	mode2_enter	2	02	00	E1	00	01	4.0	1	0	2	0																						
2	ppu_public	91	14105944	89	0	0.0	stat_sample	3	02	00	E1	00	01	0.0	1	0	2	0																						
2	ppu_public	91	14106110	89	176	88.0	mode3_enter	3	02	00	E1	00	01	88.0	1	0	2	0																						
2	ppu_public	91	14106104	89	84	42.0	stat_sample	3	03	00	E1	00	01	42.0	1	0	2	0																						
2	ppu_public	91	14106454	89	520	260.0	mode0_enter	0	03	00	E1	00	01	260.0	1	0	2	0																						
2	ppu_public	91	14106448	89	257	128.5	stat_sample	0	00	00	E1	00	01	128.5	1	0	2	0																						
2	ppu_public	91	14106848	90	0	0.0	stat_sample	2	00	00	E1	00	01	0.0	1	0	2	0																						
2	ppu_public	91	14106848	90	2	1.0	mode2_irq_prepare	0	00	00	E1	00	01	1.0	1	0	2	0																						
2	ppu_public	91	14106856	90	0	0.0	stat_sample	2	02	00	E1	00	01	0.0	1	0	2	0																						
2	ppu_public	91	14106854	90	8	4.0	mode2_enter	2	02	00	E1	00	01	4.0	1	0	2	0																						
2	ppu_public	91	14106856	90	0	0.0	stat_sample	3	02	00	E1	00	01	0.0	1	0	2	0																						
2	ppu_public	91	14107022	90	176	88.0	mode3_enter	3	02	00	E1	00	01	88.0	1	0	2	0																						
2	ppu_public	91	14107016	90	84	42.0	stat_sample	3	03	00	E1	00	01	42.0	1	0	2	0																						
2	ppu_public	91	14107366	90	520	260.0	mode0_enter	0	03	00	E1	00	01	260.0	1	0	2	0																						
2	ppu_public	91	14107360	90	257	128.5	stat_sample	0	00	00	E1	00	01	128.5	1	0	2	0																						
2	ppu_public	91	14107760	91	0	0.0	stat_sample	2	00	00	E1	00	01	0.0	1	0	2	0																						
2	ppu_public	91	14107760	91	2	1.0	mode2_irq_prepare	0	00	00	E1	00	01	1.0	1	0	2	0																						
2	ppu_public	91	14107768	91	0	0.0	stat_sample	2	02	00	E1	00	01	0.0	1	0	2	0																						
2	ppu_public	91	14107766	91	8	4.0	mode2_enter	2	02	00	E1	00	01	4.0	1	0	2	0																						
2	ppu_public	91	14107768	91	0	0.0	stat_sample	3	02	00	E1	00	01	0.0	1	0	2	0																						
2	ppu_public	91	14107934	91	176	88.0	mode3_enter	3	02	00	E1	00	01	88.0	1	0	2	0																						
2	ppu_public	91	14107928	91	84	42.0	stat_sample	3	03	00	E1	00	01	42.0	1	0	2	0																						
2	ppu_public	91	14108278	91	520	260.0	mode0_enter	0	03	00	E1	00	01	260.0	1	0	2	0																						
2	ppu_public	91	14108280	91	257	128.5	stat_sample	0	00	00	E1	00	01	128.5	1	0	2	0																						
2	ppu_public	91	14108672	92	0	0.0	stat_sample	2	00	00	E1	00	01	0.0	1	0	2	0																						
2	ppu_public	91	14108672	92	2	1.0	mode2_irq_prepare	0	00	00	E1	00	01	1.0	1	0	2	0																						
2	ppu_public	91	14108680	92	0	0.0	stat_sample	2	02	00	E1	00	01	0.0	1	0	2	0																						
2	ppu_public	91	14108678	92	8	4.0	mode2_enter	2	02	00	E1	00	01	4.0	1	0	2	0																						
2	ppu_public	91	14108680	92	0	0.0	stat_sample	3	02	00	E1	00	01	0.0	1	0	2	0																						
2	ppu_public	91	14108846	92	176	88.0	mode3_enter	3	02	00	E1	00	01	88.0	1	0	2	0																						
2	ppu_public	91	14108840	92	84	42.0	stat_sample	3	03	00	E1	00	01	42.0	1	0	2	0																						
2	ppu_public	91	14109190	92	520	260.0	mode0_enter	0	03	00	E1	00	01	260.0	1	0	2	0																						
2	ppu_public	91	14109184	92	257	128.5	stat_sample	0	00	00	E1	00	01	128.5	1	0	2	0																						
2	ppu_public	91	14109584	93	0	0.0	stat_sample	2	00	00	E1	00	01	0.0	1	0	2	0																						
2	ppu_public	91	14109584	93	2	1.0	mode2_irq_prepare	0	00	00	E1	00	01	1.0	1	0	2	0																						
2	ppu_public	91	14109592	93	0	0.0	stat_sample	2	02	00	E1	00	01	0.0	1	0	2	0																						
2	ppu_public	91	14109590	93	8	4.0	mode2_enter	2	02	00	E1	00	01	4.0	1	0	2	0																						
2	ppu_public	91	14109592	93	0	0.0	stat_sample	3	02	00	E1	00	01	0.0	1	0	2	0																						
2	ppu_public	91	14109758	93	176	88.0	mode3_enter	3	02	00	E1	00	01	88.0	1	0	2	0																						
2	ppu_public	91	14109752	93	84	42.0	stat_sample	3	03	00	E1	00	01	42.0	1	0	2	0																						
2	ppu_public	91	14110102	93	520	260.0	mode0_enter	0	03	00	E1	00	01	260.0	1	0	2	0																						
2	ppu_public	91	14110096	93	257	128.5	stat_sample	0	00	00	E1	00	01	128.5	1	0	2	0																						
2	ppu_public	91	14110496	94	0	0.0	stat_sample	2	00	00	E1	00	01	0.0	1	0	2	0																						
2	ppu_public	91	14110496	94	2	1.0	mode2_irq_prepare	0	00	00	E1	00	01	1.0	1	0	2	0																						
2	ppu_public	91	14110504	94	0	0.0	stat_sample	2	02	00	E1	00	01	0.0	1	0	2	0																						
2	ppu_public	91	14110502	94	8	4.0	mode2_enter	2	02	00	E1	00	01	4.0	1	0	2	0																						
2	ppu_public	91	14110504	94	0	0.0	stat_sample	3	02	00	E1	00	01	0.0	1	0	2	0																						
2	ppu_public	91	14110670	94	176	88.0	mode3_enter	3	02	00	E1	00	01	88.0	1	0	2	0																						
2	ppu_public	91	14110672	94	84	42.0	stat_sample	3	03	00	E1	00	01	42.0	1	0	2	0																						
2	ppu_public	91	14111014	94	520	260.0	mode0_enter	0	03	00	E1	00	01	260.0	1	0	2	0																						
2	ppu_public	91	14111008	94	257	128.5	stat_sample	0	00	00	E1	00	01	128.5	1	0	2	0																						
2	ppu_public	91	14111408	95	0	0.0	stat_sample	2	00	00	E1	00	01	0.0	1	0	2	0																						
2	ppu_public	91	14111408	95	2	1.0	mode2_irq_prepare	0	00	00	E1	00	01	1.0	1	0	2	0																						
2	ppu_public	91	14111416	95	0	0.0	stat_sample	2	02	00	E1	00	01	0.0	1	0	2	0																						
2	ppu_public	91	14111414	95	8	4.0	mode2_enter	2	02	00	E1	00	01	4.0	1	0	2	0																						
2	ppu_public	91	14111416	95	0	0.0	stat_sample	3	02	00	E1	00	01	0.0	1	0	2	0																						
2	ppu_public	91	14111582	95	176	88.0	mode3_enter	3	02	00	E1	00	01	88.0	1	0	2	0																						
2	ppu_public	91	14111576	95	84	42.0	stat_sample	3	03	00	E1	00	01	42.0	1	0	2	0																						
2	ppu_public	91	14111926	95	520	260.0	mode0_enter	0	03	00	E1	00	01	260.0	1	0	2	0																						
2	ppu_public	91	14111920	95	257	128.5	stat_sample	0	00	00	E1	00	01	128.5	1	0	2	0																						
2	ppu_public	91	14112320	96	0	0.0	stat_sample	2	00	00	E1	00	01	0.0	1	0	2	0																						
2	ppu_public	91	14112320	96	2	1.0	mode2_irq_prepare	0	00	00	E1	00	01	1.0	1	0	2	0																						
2	ppu_public	91	14112336	96	0	0.0	stat_sample	2	02	00	E1	00	01	0.0	1	0	2	0																						
2	ppu_public	91	14112326	96	8	4.0	mode2_enter	2	02	00	E1	00	01	4.0	1	0	2	0																						
2	ppu_public	91	14112336	96	0	0.0	stat_sample	3	02	00	E1	00	01	0.0	1	0	2	0																						
2	ppu_public	91	14112494	96	176	88.0	mode3_enter	3	02	00	E1	00	01	88.0	1	0	2	0																						
2	ppu_public	91	14112488	96	84	42.0	stat_sample	3	03	00	E1	00	01	42.0	1	0	2	0																						
2	ppu_public	91	14112838	96	520	260.0	mode0_enter	0	03	00	E1	00	01	260.0	1	0	2	0																						
2	ppu_public	91	14112832	96	257	128.5	stat_sample	0	00	00	E1	00	01	128.5	1	0	2	0																						
2	ppu_public	91	14113232	97	0	0.0	stat_sample	2	00	00	E1	00	01	0.0	1	0	2	0																						
2	ppu_public	91	14113232	97	2	1.0	mode2_irq_prepare	0	00	00	E1	00	01	1.0	1	0	2	0																						
2	ppu_public	91	14113240	97	0	0.0	stat_sample	2	02	00	E1	00	01	0.0	1	0	2	0																						
2	ppu_public	91	14113238	97	8	4.0	mode2_enter	2	02	00	E1	00	01	4.0	1	0	2	0																						
2	ppu_public	91	14113240	97	0	0.0	stat_sample	3	02	00	E1	00	01	0.0	1	0	2	0																						
2	ppu_public	91	14113406	97	176	88.0	mode3_enter	3	02	00	E1	00	01	88.0	1	0	2	0																						
2	ppu_public	91	14113400	97	84	42.0	stat_sample	3	03	00	E1	00	01	42.0	1	0	2	0																						
2	ppu_public	91	14113750	97	520	260.0	mode0_enter	0	03	00	E1	00	01	260.0	1	0	2	0																						
2	ppu_public	91	14113744	97	257	128.5	stat_sample	0	00	00	E1	00	01	128.5	1	0	2	0																						
2	ppu_public	91	14114144	98	0	0.0	stat_sample	2	00	00	E1	00	01	0.0	1	0	2	0																						
2	ppu_public	91	14114144	98	2	1.0	mode2_irq_prepare	0	00	00	E1	00	01	1.0	1	0	2	0																						
2	ppu_public	91	14114152	98	0	0.0	stat_sample	2	02	00	E1	00	01	0.0	1	0	2	0																						
2	ppu_public	91	14114150	98	8	4.0	mode2_enter	2	02	00	E1	00	01	4.0	1	0	2	0																						
2	ppu_public	91	14114152	98	0	0.0	stat_sample	3	02	00	E1	00	01	0.0	1	0	2	0																						
2	ppu_public	91	14114318	98	176	88.0	mode3_enter	3	02	00	E1	00	01	88.0	1	0	2	0																						
2	ppu_public	91	14114312	98	84	42.0	stat_sample	3	03	00	E1	00	01	42.0	1	0	2	0																						
2	ppu_public	91	14114662	98	520	260.0	mode0_enter	0	03	00	E1	00	01	260.0	1	0	2	0																						
2	ppu_public	91	14114656	98	257	128.5	stat_sample	0	00	00	E1	00	01	128.5	1	0	2	0																						
2	ppu_public	91	14115056	99	0	0.0	stat_sample	2	00	00	E1	00	01	0.0	1	0	2	0																						
2	ppu_public	91	14115056	99	2	1.0	mode2_irq_prepare	0	00	00	E1	00	01	1.0	1	0	2	0																						
2	ppu_public	91	14115064	99	0	0.0	stat_sample	2	02	00	E1	00	01	0.0	1	0	2	0																						
2	ppu_public	91	14115062	99	8	4.0	mode2_enter	2	02	00	E1	00	01	4.0	1	0	2	0																						
2	ppu_public	91	14115064	99	0	0.0	stat_sample	3	02	00	E1	00	01	0.0	1	0	2	0																						
2	ppu_public	91	14115230	99	176	88.0	mode3_enter	3	02	00	E1	00	01	88.0	1	0	2	0																						
2	ppu_public	91	14115224	99	84	42.0	stat_sample	3	03	00	E1	00	01	42.0	1	0	2	0																						
2	ppu_public	91	14115574	99	520	260.0	mode0_enter	0	03	00	E1	00	01	260.0	1	0	2	0																						
2	ppu_public	91	14115568	99	257	128.5	stat_sample	0	00	00	E1	00	01	128.5	1	0	2	0																						
2	ppu_public	91	14115976	100	0	0.0	stat_sample	2	00	00	E1	00	01	0.0	1	0	2	0																						
2	ppu_public	91	14115976	100	2	1.0	mode2_irq_prepare	0	00	00	E1	00	01	1.0	1	0	2	0																						
2	ppu_public	91	14115976	100	0	0.0	stat_sample	2	02	00	E1	00	01	0.0	1	0	2	0																						
2	ppu_public	91	14115982	100	8	4.0	mode2_enter	2	02	00	E1	00	01	4.0	1	0	2	0																						
2	ppu_public	91	14115976	100	0	0.0	stat_sample	3	02	00	E1	00	01	0.0	1	0	2	0																						
2	ppu_public	91	14116150	100	176	88.0	mode3_enter	3	02	00	E1	00	01	88.0	1	0	2	0																						
2	ppu_public	91	14116136	100	84	42.0	stat_sample	3	03	00	E1	00	01	42.0	1	0	2	0																						
2	ppu_public	91	14116494	100	520	260.0	mode0_enter	0	03	00	E1	00	01	260.0	1	0	2	0																						
2	ppu_public	91	14116480	100	257	128.5	stat_sample	0	00	00	E1	00	01	128.5	1	0	2	0																						
2	ppu_public	91	14116880	101	0	0.0	stat_sample	2	00	00	E1	00	01	0.0	1	0	2	0																						
2	ppu_public	91	14116880	101	2	1.0	mode2_irq_prepare	0	00	00	E1	00	01	1.0	1	0	2	0																						
2	ppu_public	91	14116888	101	0	0.0	stat_sample	2	02	00	E1	00	01	0.0	1	0	2	0																						
2	ppu_public	91	14116886	101	8	4.0	mode2_enter	2	02	00	E1	00	01	4.0	1	0	2	0																						
2	ppu_public	91	14116888	101	0	0.0	stat_sample	3	02	00	E1	00	01	0.0	1	0	2	0																						
2	ppu_public	91	14117054	101	176	88.0	mode3_enter	3	02	00	E1	00	01	88.0	1	0	2	0																						
2	ppu_public	91	14117048	101	84	42.0	stat_sample	3	03	00	E1	00	01	42.0	1	0	2	0																						
2	ppu_public	91	14117398	101	520	260.0	mode0_enter	0	03	00	E1	00	01	260.0	1	0	2	0																						
2	ppu_public	91	14117392	101	257	128.5	stat_sample	0	00	00	E1	00	01	128.5	1	0	2	0																						
2	ppu_public	91	14117792	102	0	0.0	stat_sample	2	00	00	E1	00	01	0.0	1	0	2	0																						
2	ppu_public	91	14117792	102	2	1.0	mode2_irq_prepare	0	00	00	E1	00	01	1.0	1	0	2	0																						
2	ppu_public	91	14117800	102	0	0.0	stat_sample	2	02	00	E1	00	01	0.0	1	0	2	0																						
2	ppu_public	91	14117798	102	8	4.0	mode2_enter	2	02	00	E1	00	01	4.0	1	0	2	0																						
2	ppu_public	91	14117800	102	0	0.0	stat_sample	3	02	00	E1	00	01	0.0	1	0	2	0																						
2	ppu_public	91	14117966	102	176	88.0	mode3_enter	3	02	00	E1	00	01	88.0	1	0	2	0																						
2	ppu_public	91	14117960	102	84	42.0	stat_sample	3	03	00	E1	00	01	42.0	1	0	2	0																						
2	ppu_public	91	14118310	102	520	260.0	mode0_enter	0	03	00	E1	00	01	260.0	1	0	2	0																						
2	ppu_public	91	14118304	102	257	128.5	stat_sample	0	00	00	E1	00	01	128.5	1	0	2	0																						
2	ppu_public	91	14118704	103	0	0.0	stat_sample	2	00	00	E1	00	01	0.0	1	0	2	0																						
2	ppu_public	91	14118704	103	2	1.0	mode2_irq_prepare	0	00	00	E1	00	01	1.0	1	0	2	0																						
2	ppu_public	91	14118712	103	0	0.0	stat_sample	2	02	00	E1	00	01	0.0	1	0	2	0																						
2	ppu_public	91	14118710	103	8	4.0	mode2_enter	2	02	00	E1	00	01	4.0	1	0	2	0																						
2	ppu_public	91	14118712	103	0	0.0	stat_sample	3	02	00	E1	00	01	0.0	1	0	2	0																						
2	ppu_public	91	14118878	103	176	88.0	mode3_enter	3	02	00	E1	00	01	88.0	1	0	2	0																						
2	ppu_public	91	14118872	103	84	42.0	stat_sample	3	03	00	E1	00	01	42.0	1	0	2	0																						
2	ppu_public	91	14119222	103	520	260.0	mode0_enter	0	03	00	E1	00	01	260.0	1	0	2	0																						
2	ppu_public	91	14119216	103	257	128.5	stat_sample	0	00	00	E1	00	01	128.5	1	0	2	0																						
2	ppu_public	91	14119616	104	0	0.0	stat_sample	2	00	00	E1	00	01	0.0	1	0	2	0																						
2	ppu_public	91	14119616	104	2	1.0	mode2_irq_prepare	0	00	00	E1	00	01	1.0	1	0	2	0																						
2	ppu_public	91	14119624	104	0	0.0	stat_sample	2	02	00	E1	00	01	0.0	1	0	2	0																						
2	ppu_public	91	14119622	104	8	4.0	mode2_enter	2	02	00	E1	00	01	4.0	1	0	2	0																						
2	ppu_public	91	14119624	104	0	0.0	stat_sample	3	02	00	E1	00	01	0.0	1	0	2	0																						
2	ppu_public	91	14119790	104	176	88.0	mode3_enter	3	02	00	E1	00	01	88.0	1	0	2	0																						
2	ppu_public	91	14119784	104	84	42.0	stat_sample	3	03	00	E1	00	01	42.0	1	0	2	0																						
2	ppu_public	91	14120134	104	520	260.0	mode0_enter	0	03	00	E1	00	01	260.0	1	0	2	0																						
2	ppu_public	91	14120136	104	257	128.5	stat_sample	0	00	00	E1	00	01	128.5	1	0	2	0																						
2	ppu_public	91	14120528	105	0	0.0	stat_sample	2	00	00	E1	00	01	0.0	1	0	2	0																						
2	ppu_public	91	14120528	105	2	1.0	mode2_irq_prepare	0	00	00	E1	00	01	1.0	1	0	2	0																						
2	ppu_public	91	14120536	105	0	0.0	stat_sample	2	02	00	E1	00	01	0.0	1	0	2	0																						
2	ppu_public	91	14120534	105	8	4.0	mode2_enter	2	02	00	E1	00	01	4.0	1	0	2	0																						
2	ppu_public	91	14120536	105	0	0.0	stat_sample	3	02	00	E1	00	01	0.0	1	0	2	0																						
2	ppu_public	91	14120702	105	176	88.0	mode3_enter	3	02	00	E1	00	01	88.0	1	0	2	0																						
2	ppu_public	91	14120696	105	84	42.0	stat_sample	3	03	00	E1	00	01	42.0	1	0	2	0																						
2	ppu_public	91	14121046	105	520	260.0	mode0_enter	0	03	00	E1	00	01	260.0	1	0	2	0																						
2	ppu_public	91	14121040	105	257	128.5	stat_sample	0	00	00	E1	00	01	128.5	1	0	2	0																						
2	ppu_public	91	14121440	106	0	0.0	stat_sample	2	00	00	E1	00	01	0.0	1	0	2	0																						
2	ppu_public	91	14121440	106	2	1.0	mode2_irq_prepare	0	00	00	E1	00	01	1.0	1	0	2	0																						
2	ppu_public	91	14121448	106	0	0.0	stat_sample	2	02	00	E1	00	01	0.0	1	0	2	0																						
2	ppu_public	91	14121446	106	8	4.0	mode2_enter	2	02	00	E1	00	01	4.0	1	0	2	0																						
2	ppu_public	91	14121448	106	0	0.0	stat_sample	3	02	00	E1	00	01	0.0	1	0	2	0																						
2	ppu_public	91	14121614	106	176	88.0	mode3_enter	3	02	00	E1	00	01	88.0	1	0	2	0																						
2	ppu_public	91	14121608	106	84	42.0	stat_sample	3	03	00	E1	00	01	42.0	1	0	2	0																						
2	ppu_public	91	14121958	106	520	260.0	mode0_enter	0	03	00	E1	00	01	260.0	1	0	2	0																						
2	ppu_public	91	14121952	106	257	128.5	stat_sample	0	00	00	E1	00	01	128.5	1	0	2	0																						
2	ppu_public	91	14122352	107	0	0.0	stat_sample	2	00	00	E1	00	01	0.0	1	0	2	0																						
2	ppu_public	91	14122352	107	2	1.0	mode2_irq_prepare	0	00	00	E1	00	01	1.0	1	0	2	0																						
2	ppu_public	91	14122360	107	0	0.0	stat_sample	2	02	00	E1	00	01	0.0	1	0	2	0																						
2	ppu_public	91	14122358	107	8	4.0	mode2_enter	2	02	00	E1	00	01	4.0	1	0	2	0																						
2	ppu_public	91	14122360	107	0	0.0	stat_sample	3	02	00	E1	00	01	0.0	1	0	2	0																						
2	ppu_public	91	14122526	107	176	88.0	mode3_enter	3	02	00	E1	00	01	88.0	1	0	2	0																						
2	ppu_public	91	14122528	107	84	42.0	stat_sample	3	03	00	E1	00	01	42.0	1	0	2	0																						
2	ppu_public	91	14122870	107	520	260.0	mode0_enter	0	03	00	E1	00	01	260.0	1	0	2	0																						
2	ppu_public	91	14122864	107	257	128.5	stat_sample	0	00	00	E1	00	01	128.5	1	0	2	0																						
2	ppu_public	91	14123264	108	0	0.0	stat_sample	2	00	00	E1	00	01	0.0	1	0	2	0																						
2	ppu_public	91	14123264	108	2	1.0	mode2_irq_prepare	0	00	00	E1	00	01	1.0	1	0	2	0																						
2	ppu_public	91	14123272	108	0	0.0	stat_sample	2	02	00	E1	00	01	0.0	1	0	2	0																						
2	ppu_public	91	14123270	108	8	4.0	mode2_enter	2	02	00	E1	00	01	4.0	1	0	2	0																						
2	ppu_public	91	14123272	108	0	0.0	stat_sample	3	02	00	E1	00	01	0.0	1	0	2	0																						
2	ppu_public	91	14123438	108	176	88.0	mode3_enter	3	02	00	E1	00	01	88.0	1	0	2	0																						
2	ppu_public	91	14123432	108	84	42.0	stat_sample	3	03	00	E1	00	01	42.0	1	0	2	0																						
2	ppu_public	91	14123782	108	520	260.0	mode0_enter	0	03	00	E1	00	01	260.0	1	0	2	0																						
2	ppu_public	91	14123776	108	257	128.5	stat_sample	0	00	00	E1	00	01	128.5	1	0	2	0																						
2	ppu_public	91	14124176	109	0	0.0	stat_sample	2	00	00	E1	00	01	0.0	1	0	2	0																						
2	ppu_public	91	14124176	109	2	1.0	mode2_irq_prepare	0	00	00	E1	00	01	1.0	1	0	2	0																						
2	ppu_public	91	14124192	109	0	0.0	stat_sample	2	02	00	E1	00	01	0.0	1	0	2	0																						
2	ppu_public	91	14124182	109	8	4.0	mode2_enter	2	02	00	E1	00	01	4.0	1	0	2	0																						
2	ppu_public	91	14124192	109	0	0.0	stat_sample	3	02	00	E1	00	01	0.0	1	0	2	0																						
2	ppu_public	91	14124350	109	176	88.0	mode3_enter	3	02	00	E1	00	01	88.0	1	0	2	0																						
2	ppu_public	91	14124344	109	84	42.0	stat_sample	3	03	00	E1	00	01	42.0	1	0	2	0																						
2	ppu_public	91	14124694	109	520	260.0	mode0_enter	0	03	00	E1	00	01	260.0	1	0	2	0																						
2	ppu_public	91	14124688	109	257	128.5	stat_sample	0	00	00	E1	00	01	128.5	1	0	2	0																						
2	ppu_public	91	14125088	110	0	0.0	stat_sample	2	00	00	E1	00	01	0.0	1	0	2	0																						
2	ppu_public	91	14125088	110	2	1.0	mode2_irq_prepare	0	00	00	E1	00	01	1.0	1	0	2	0																						
2	ppu_public	91	14125096	110	0	0.0	stat_sample	2	02	00	E1	00	01	0.0	1	0	2	0																						
2	ppu_public	91	14125094	110	8	4.0	mode2_enter	2	02	00	E1	00	01	4.0	1	0	2	0																						
2	ppu_public	91	14125096	110	0	0.0	stat_sample	3	02	00	E1	00	01	0.0	1	0	2	0																						
2	ppu_public	91	14125262	110	176	88.0	mode3_enter	3	02	00	E1	00	01	88.0	1	0	2	0																						
2	ppu_public	91	14125256	110	84	42.0	stat_sample	3	03	00	E1	00	01	42.0	1	0	2	0																						
2	ppu_public	91	14125606	110	520	260.0	mode0_enter	0	03	00	E1	00	01	260.0	1	0	2	0																						
2	ppu_public	91	14125600	110	257	128.5	stat_sample	0	00	00	E1	00	01	128.5	1	0	2	0																						
2	ppu_public	91	14126000	111	0	0.0	stat_sample	2	00	00	E1	00	01	0.0	1	0	2	0																						
2	ppu_public	91	14126000	111	2	1.0	mode2_irq_prepare	0	00	00	E1	00	01	1.0	1	0	2	0																						
2	ppu_public	91	14126008	111	0	0.0	stat_sample	2	02	00	E1	00	01	0.0	1	0	2	0																						
2	ppu_public	91	14126006	111	8	4.0	mode2_enter	2	02	00	E1	00	01	4.0	1	0	2	0																						
2	ppu_public	91	14126008	111	0	0.0	stat_sample	3	02	00	E1	00	01	0.0	1	0	2	0																						
2	ppu_public	91	14126174	111	176	88.0	mode3_enter	3	02	00	E1	00	01	88.0	1	0	2	0																						
2	ppu_public	91	14126168	111	84	42.0	stat_sample	3	03	00	E1	00	01	42.0	1	0	2	0																						
2	ppu_public	91	14126518	111	520	260.0	mode0_enter	0	03	00	E1	00	01	260.0	1	0	2	0																						
2	ppu_public	91	14126512	111	257	128.5	stat_sample	0	00	00	E1	00	01	128.5	1	0	2	0																						
2	ppu_public	91	14126912	112	0	0.0	stat_sample	2	00	00	E1	00	01	0.0	1	0	2	0																						
2	ppu_public	91	14126912	112	2	1.0	mode2_irq_prepare	0	00	00	E1	00	01	1.0	1	0	2	0																						
2	ppu_public	91	14126920	112	0	0.0	stat_sample	2	02	00	E1	00	01	0.0	1	0	2	0																						
2	ppu_public	91	14126918	112	8	4.0	mode2_enter	2	02	00	E1	00	01	4.0	1	0	2	0																						
2	ppu_public	91	14126920	112	0	0.0	stat_sample	3	02	00	E1	00	01	0.0	1	0	2	0																						
2	ppu_public	91	14127086	112	176	88.0	mode3_enter	3	02	00	E1	00	01	88.0	1	0	2	0																						
2	ppu_public	91	14127080	112	84	42.0	stat_sample	3	03	00	E1	00	01	42.0	1	0	2	0																						
2	ppu_public	91	14127430	112	520	260.0	mode0_enter	0	03	00	E1	00	01	260.0	1	0	2	0																						
2	ppu_public	91	14127424	112	257	128.5	stat_sample	0	00	00	E1	00	01	128.5	1	0	2	0																						
2	ppu_public	91	14127832	113	0	0.0	stat_sample	2	00	00	E1	00	01	0.0	1	0	2	0																						
2	ppu_public	91	14127832	113	2	1.0	mode2_irq_prepare	0	00	00	E1	00	01	1.0	1	0	2	0																						
2	ppu_public	91	14127832	113	0	0.0	stat_sample	2	02	00	E1	00	01	0.0	1	0	2	0																						
2	ppu_public	91	14127838	113	8	4.0	mode2_enter	2	02	00	E1	00	01	4.0	1	0	2	0																						
2	ppu_public	91	14127832	113	0	0.0	stat_sample	3	02	00	E1	00	01	0.0	1	0	2	0																						
2	ppu_public	91	14128006	113	176	88.0	mode3_enter	3	02	00	E1	00	01	88.0	1	0	2	0																						
2	ppu_public	91	14127992	113	84	42.0	stat_sample	3	03	00	E1	00	01	42.0	1	0	2	0																						
2	ppu_public	91	14128350	113	520	260.0	mode0_enter	0	03	00	E1	00	01	260.0	1	0	2	0																						
2	ppu_public	91	14128336	113	257	128.5	stat_sample	0	00	00	E1	00	01	128.5	1	0	2	0																						
2	ppu_public	91	14128736	114	0	0.0	stat_sample	2	00	00	E1	00	01	0.0	1	0	2	0																						
2	ppu_public	91	14128736	114	2	1.0	mode2_irq_prepare	0	00	00	E1	00	01	1.0	1	0	2	0																						
2	ppu_public	91	14128744	114	0	0.0	stat_sample	2	02	00	E1	00	01	0.0	1	0	2	0																						
2	ppu_public	91	14128742	114	8	4.0	mode2_enter	2	02	00	E1	00	01	4.0	1	0	2	0																						
2	ppu_public	91	14128744	114	0	0.0	stat_sample	3	02	00	E1	00	01	0.0	1	0	2	0																						
2	ppu_public	91	14128910	114	176	88.0	mode3_enter	3	02	00	E1	00	01	88.0	1	0	2	0																						
2	ppu_public	91	14128904	114	84	42.0	stat_sample	3	03	00	E1	00	01	42.0	1	0	2	0																						
2	ppu_public	91	14129254	114	520	260.0	mode0_enter	0	03	00	E1	00	01	260.0	1	0	2	0																						
2	ppu_public	91	14129248	114	257	128.5	stat_sample	0	00	00	E1	00	01	128.5	1	0	2	0																						
2	ppu_public	91	14129648	115	0	0.0	stat_sample	2	00	00	E1	00	01	0.0	1	0	2	0																						
2	ppu_public	91	14129648	115	2	1.0	mode2_irq_prepare	0	00	00	E1	00	01	1.0	1	0	2	0																						
2	ppu_public	91	14129656	115	0	0.0	stat_sample	2	02	00	E1	00	01	0.0	1	0	2	0																						
2	ppu_public	91	14129654	115	8	4.0	mode2_enter	2	02	00	E1	00	01	4.0	1	0	2	0																						
2	ppu_public	91	14129656	115	0	0.0	stat_sample	3	02	00	E1	00	01	0.0	1	0	2	0																						
2	ppu_public	91	14129822	115	176	88.0	mode3_enter	3	02	00	E1	00	01	88.0	1	0	2	0																						
2	ppu_public	91	14129816	115	84	42.0	stat_sample	3	03	00	E1	00	01	42.0	1	0	2	0																						
2	ppu_public	91	14130166	115	520	260.0	mode0_enter	0	03	00	E1	00	01	260.0	1	0	2	0																						
2	ppu_public	91	14130160	115	257	128.5	stat_sample	0	00	00	E1	00	01	128.5	1	0	2	0																						
2	ppu_public	91	14130560	116	0	0.0	stat_sample	2	00	00	E1	00	01	0.0	1	0	2	0																						
2	ppu_public	91	14130560	116	2	1.0	mode2_irq_prepare	0	00	00	E1	00	01	1.0	1	0	2	0																						
2	ppu_public	91	14130568	116	0	0.0	stat_sample	2	02	00	E1	00	01	0.0	1	0	2	0																						
2	ppu_public	91	14130566	116	8	4.0	mode2_enter	2	02	00	E1	00	01	4.0	1	0	2	0																						
2	ppu_public	91	14130568	116	0	0.0	stat_sample	3	02	00	E1	00	01	0.0	1	0	2	0																						
2	ppu_public	91	14130734	116	176	88.0	mode3_enter	3	02	00	E1	00	01	88.0	1	0	2	0																						
2	ppu_public	91	14130728	116	84	42.0	stat_sample	3	03	00	E1	00	01	42.0	1	0	2	0																						
2	ppu_public	91	14131078	116	520	260.0	mode0_enter	0	03	00	E1	00	01	260.0	1	0	2	0																						
2	ppu_public	91	14131072	116	257	128.5	stat_sample	0	00	00	E1	00	01	128.5	1	0	2	0																						
2	ppu_public	91	14131472	117	0	0.0	stat_sample	2	00	00	E1	00	01	0.0	1	0	2	0																						
2	ppu_public	91	14131472	117	2	1.0	mode2_irq_prepare	0	00	00	E1	00	01	1.0	1	0	2	0																						
2	ppu_public	91	14131480	117	0	0.0	stat_sample	2	02	00	E1	00	01	0.0	1	0	2	0																						
2	ppu_public	91	14131478	117	8	4.0	mode2_enter	2	02	00	E1	00	01	4.0	1	0	2	0																						
2	ppu_public	91	14131480	117	0	0.0	stat_sample	3	02	00	E1	00	01	0.0	1	0	2	0																						
2	ppu_public	91	14131646	117	176	88.0	mode3_enter	3	02	00	E1	00	01	88.0	1	0	2	0																						
2	ppu_public	91	14131640	117	84	42.0	stat_sample	3	03	00	E1	00	01	42.0	1	0	2	0																						
2	ppu_public	91	14131990	117	520	260.0	mode0_enter	0	03	00	E1	00	01	260.0	1	0	2	0																						
2	ppu_public	91	14131992	117	257	128.5	stat_sample	0	00	00	E1	00	01	128.5	1	0	2	0																						
2	ppu_public	91	14132384	118	0	0.0	stat_sample	2	00	00	E1	00	01	0.0	1	0	2	0																						
2	ppu_public	91	14132384	118	2	1.0	mode2_irq_prepare	0	00	00	E1	00	01	1.0	1	0	2	0																						
2	ppu_public	91	14132392	118	0	0.0	stat_sample	2	02	00	E1	00	01	0.0	1	0	2	0																						
2	ppu_public	91	14132390	118	8	4.0	mode2_enter	2	02	00	E1	00	01	4.0	1	0	2	0																						
2	ppu_public	91	14132392	118	0	0.0	stat_sample	3	02	00	E1	00	01	0.0	1	0	2	0																						
2	ppu_public	91	14132558	118	176	88.0	mode3_enter	3	02	00	E1	00	01	88.0	1	0	2	0																						
2	ppu_public	91	14132552	118	84	42.0	stat_sample	3	03	00	E1	00	01	42.0	1	0	2	0																						
2	ppu_public	91	14132902	118	520	260.0	mode0_enter	0	03	00	E1	00	01	260.0	1	0	2	0																						
2	ppu_public	91	14132896	118	257	128.5	stat_sample	0	00	00	E1	00	01	128.5	1	0	2	0																						
2	ppu_public	91	14133296	119	0	0.0	stat_sample	2	00	00	E1	00	01	0.0	1	0	2	0																						
2	ppu_public	91	14133296	119	2	1.0	mode2_irq_prepare	0	00	00	E1	00	01	1.0	1	0	2	0																						
2	ppu_public	91	14133304	119	0	0.0	stat_sample	2	02	00	E1	00	01	0.0	1	0	2	0																						
2	ppu_public	91	14133302	119	8	4.0	mode2_enter	2	02	00	E1	00	01	4.0	1	0	2	0																						
2	ppu_public	91	14133304	119	0	0.0	stat_sample	3	02	00	E1	00	01	0.0	1	0	2	0																						
2	ppu_public	91	14133470	119	176	88.0	mode3_enter	3	02	00	E1	00	01	88.0	1	0	2	0																						
2	ppu_public	91	14133464	119	84	42.0	stat_sample	3	03	00	E1	00	01	42.0	1	0	2	0																						
2	ppu_public	91	14133814	119	520	260.0	mode0_enter	0	03	00	E1	00	01	260.0	1	0	2	0																						
2	ppu_public	91	14133808	119	257	128.5	stat_sample	0	00	00	E1	00	01	128.5	1	0	2	0																						
2	ppu_public	91	14134208	120	0	0.0	stat_sample	2	00	00	E1	00	01	0.0	1	0	2	0																						
2	ppu_public	91	14134208	120	2	1.0	mode2_irq_prepare	0	00	00	E1	00	01	1.0	1	0	2	0																						
2	ppu_public	91	14134216	120	0	0.0	stat_sample	2	02	00	E1	00	01	0.0	1	0	2	0																						
2	ppu_public	91	14134214	120	8	4.0	mode2_enter	2	02	00	E1	00	01	4.0	1	0	2	0																						
2	ppu_public	91	14134216	120	0	0.0	stat_sample	3	02	00	E1	00	01	0.0	1	0	2	0																						
2	ppu_public	91	14134382	120	176	88.0	mode3_enter	3	02	00	E1	00	01	88.0	1	0	2	0																						
2	ppu_public	91	14134384	120	84	42.0	stat_sample	3	03	00	E1	00	01	42.0	1	0	2	0																						
2	ppu_public	91	14134726	120	520	260.0	mode0_enter	0	03	00	E1	00	01	260.0	1	0	2	0																						
2	ppu_public	91	14134720	120	257	128.5	stat_sample	0	00	00	E1	00	01	128.5	1	0	2	0																						
2	ppu_public	91	14135120	121	0	0.0	stat_sample	2	00	00	E1	00	01	0.0	1	0	2	0																						
2	ppu_public	91	14135120	121	2	1.0	mode2_irq_prepare	0	00	00	E1	00	01	1.0	1	0	2	0																						
2	ppu_public	91	14135128	121	0	0.0	stat_sample	2	02	00	E1	00	01	0.0	1	0	2	0																						
2	ppu_public	91	14135126	121	8	4.0	mode2_enter	2	02	00	E1	00	01	4.0	1	0	2	0																						
2	ppu_public	91	14135128	121	0	0.0	stat_sample	3	02	00	E1	00	01	0.0	1	0	2	0																						
2	ppu_public	91	14135294	121	176	88.0	mode3_enter	3	02	00	E1	00	01	88.0	1	0	2	0																						
2	ppu_public	91	14135288	121	84	42.0	stat_sample	3	03	00	E1	00	01	42.0	1	0	2	0																						
2	ppu_public	91	14135638	121	520	260.0	mode0_enter	0	03	00	E1	00	01	260.0	1	0	2	0																						
2	ppu_public	91	14135632	121	257	128.5	stat_sample	0	00	00	E1	00	01	128.5	1	0	2	0																						
2	ppu_public	91	14136032	122	0	0.0	stat_sample	2	00	00	E1	00	01	0.0	1	0	2	0																						
2	ppu_public	91	14136032	122	2	1.0	mode2_irq_prepare	0	00	00	E1	00	01	1.0	1	0	2	0																						
2	ppu_public	91	14136048	122	0	0.0	stat_sample	2	02	00	E1	00	01	0.0	1	0	2	0																						
2	ppu_public	91	14136038	122	8	4.0	mode2_enter	2	02	00	E1	00	01	4.0	1	0	2	0																						
2	ppu_public	91	14136048	122	0	0.0	stat_sample	3	02	00	E1	00	01	0.0	1	0	2	0																						
2	ppu_public	91	14136206	122	176	88.0	mode3_enter	3	02	00	E1	00	01	88.0	1	0	2	0																						
2	ppu_public	91	14136200	122	84	42.0	stat_sample	3	03	00	E1	00	01	42.0	1	0	2	0																						
2	ppu_public	91	14136550	122	520	260.0	mode0_enter	0	03	00	E1	00	01	260.0	1	0	2	0																						
2	ppu_public	91	14136544	122	257	128.5	stat_sample	0	00	00	E1	00	01	128.5	1	0	2	0																						
2	ppu_public	91	14136944	123	0	0.0	stat_sample	2	00	00	E1	00	01	0.0	1	0	2	0																						
2	ppu_public	91	14136944	123	2	1.0	mode2_irq_prepare	0	00	00	E1	00	01	1.0	1	0	2	0																						
2	ppu_public	91	14136952	123	0	0.0	stat_sample	2	02	00	E1	00	01	0.0	1	0	2	0																						
2	ppu_public	91	14136950	123	8	4.0	mode2_enter	2	02	00	E1	00	01	4.0	1	0	2	0																						
2	ppu_public	91	14136952	123	0	0.0	stat_sample	3	02	00	E1	00	01	0.0	1	0	2	0																						
2	ppu_public	91	14137118	123	176	88.0	mode3_enter	3	02	00	E1	00	01	88.0	1	0	2	0																						
2	ppu_public	91	14137112	123	84	42.0	stat_sample	3	03	00	E1	00	01	42.0	1	0	2	0																						
2	ppu_public	91	14137462	123	520	260.0	mode0_enter	0	03	00	E1	00	01	260.0	1	0	2	0																						
2	ppu_public	91	14137456	123	257	128.5	stat_sample	0	00	00	E1	00	01	128.5	1	0	2	0																						
2	ppu_public	91	14137856	124	0	0.0	stat_sample	2	00	00	E1	00	01	0.0	1	0	2	0																						
2	ppu_public	91	14137856	124	2	1.0	mode2_irq_prepare	0	00	00	E1	00	01	1.0	1	0	2	0																						
2	ppu_public	91	14137864	124	0	0.0	stat_sample	2	02	00	E1	00	01	0.0	1	0	2	0																						
2	ppu_public	91	14137862	124	8	4.0	mode2_enter	2	02	00	E1	00	01	4.0	1	0	2	0																						
2	ppu_public	91	14137864	124	0	0.0	stat_sample	3	02	00	E1	00	01	0.0	1	0	2	0																						
2	ppu_public	91	14138030	124	176	88.0	mode3_enter	3	02	00	E1	00	01	88.0	1	0	2	0																						
2	ppu_public	91	14138024	124	84	42.0	stat_sample	3	03	00	E1	00	01	42.0	1	0	2	0																						
2	ppu_public	91	14138374	124	520	260.0	mode0_enter	0	03	00	E1	00	01	260.0	1	0	2	0																						
2	ppu_public	91	14138368	124	257	128.5	stat_sample	0	00	00	E1	00	01	128.5	1	0	2	0																						
2	ppu_public	91	14138768	125	0	0.0	stat_sample	2	00	00	E1	00	01	0.0	1	0	2	0																						
2	ppu_public	91	14138768	125	2	1.0	mode2_irq_prepare	0	00	00	E1	00	01	1.0	1	0	2	0																						
2	ppu_public	91	14138776	125	0	0.0	stat_sample	2	02	00	E1	00	01	0.0	1	0	2	0																						
2	ppu_public	91	14138774	125	8	4.0	mode2_enter	2	02	00	E1	00	01	4.0	1	0	2	0																						
2	ppu_public	91	14138776	125	0	0.0	stat_sample	3	02	00	E1	00	01	0.0	1	0	2	0																						
2	ppu_public	91	14138942	125	176	88.0	mode3_enter	3	02	00	E1	00	01	88.0	1	0	2	0																						
2	ppu_public	91	14138936	125	84	42.0	stat_sample	3	03	00	E1	00	01	42.0	1	0	2	0																						
2	ppu_public	91	14139286	125	520	260.0	mode0_enter	0	03	00	E1	00	01	260.0	1	0	2	0																						
2	ppu_public	91	14139280	125	257	128.5	stat_sample	0	00	00	E1	00	01	128.5	1	0	2	0																						
2	ppu_public	91	14139688	126	0	0.0	stat_sample	2	00	00	E1	00	01	0.0	1	0	2	0																						
2	ppu_public	91	14139688	126	2	1.0	mode2_irq_prepare	0	00	00	E1	00	01	1.0	1	0	2	0																						
2	ppu_public	91	14139688	126	0	0.0	stat_sample	2	02	00	E1	00	01	0.0	1	0	2	0																						
2	ppu_public	91	14139694	126	8	4.0	mode2_enter	2	02	00	E1	00	01	4.0	1	0	2	0																						
2	ppu_public	91	14139688	126	0	0.0	stat_sample	3	02	00	E1	00	01	0.0	1	0	2	0																						
2	ppu_public	91	14139862	126	176	88.0	mode3_enter	3	02	00	E1	00	01	88.0	1	0	2	0																						
2	ppu_public	91	14139848	126	84	42.0	stat_sample	3	03	00	E1	00	01	42.0	1	0	2	0																						
2	ppu_public	91	14140206	126	520	260.0	mode0_enter	0	03	00	E1	00	01	260.0	1	0	2	0																						
2	ppu_public	91	14140192	126	257	128.5	stat_sample	0	00	00	E1	00	01	128.5	1	0	2	0																						
2	ppu_public	91	14140592	127	0	0.0	stat_sample	2	00	00	E1	00	01	0.0	1	0	2	0																						
2	ppu_public	91	14140592	127	2	1.0	mode2_irq_prepare	0	00	00	E1	00	01	1.0	1	0	2	0																						
2	ppu_public	91	14140600	127	0	0.0	stat_sample	2	02	00	E1	00	01	0.0	1	0	2	0																						
2	ppu_public	91	14140598	127	8	4.0	mode2_enter	2	02	00	E1	00	01	4.0	1	0	2	0																						
2	ppu_public	91	14140600	127	0	0.0	stat_sample	3	02	00	E1	00	01	0.0	1	0	2	0																						
2	ppu_public	91	14140766	127	176	88.0	mode3_enter	3	02	00	E1	00	01	88.0	1	0	2	0																						
2	ppu_public	91	14140760	127	84	42.0	stat_sample	3	03	00	E1	00	01	42.0	1	0	2	0																						
2	ppu_public	91	14141110	127	520	260.0	mode0_enter	0	03	00	E1	00	01	260.0	1	0	2	0																						
2	ppu_public	91	14141104	127	257	128.5	stat_sample	0	00	00	E1	00	01	128.5	1	0	2	0																						
2	ppu_public	91	14141504	128	0	0.0	stat_sample	2	00	00	E1	00	01	0.0	1	0	2	0																						
2	ppu_public	91	14141504	128	2	1.0	mode2_irq_prepare	0	00	00	E1	00	01	1.0	1	0	2	0																						
2	ppu_public	91	14141512	128	0	0.0	stat_sample	2	02	00	E1	00	01	0.0	1	0	2	0																						
2	ppu_public	91	14141510	128	8	4.0	mode2_enter	2	02	00	E1	00	01	4.0	1	0	2	0																						
2	ppu_public	91	14141512	128	0	0.0	stat_sample	3	02	00	E1	00	01	0.0	1	0	2	0																						
2	ppu_public	91	14141678	128	176	88.0	mode3_enter	3	02	00	E1	00	01	88.0	1	0	2	0																						
2	ppu_public	91	14141672	128	84	42.0	stat_sample	3	03	00	E1	00	01	42.0	1	0	2	0																						
2	ppu_public	91	14142022	128	520	260.0	mode0_enter	0	03	00	E1	00	01	260.0	1	0	2	0																						
2	ppu_public	91	14142016	128	257	128.5	stat_sample	0	00	00	E1	00	01	128.5	1	0	2	0																						
2	ppu_public	91	14142416	129	0	0.0	stat_sample	2	00	00	E1	00	01	0.0	1	0	2	0																						
2	ppu_public	91	14142416	129	2	1.0	mode2_irq_prepare	0	00	00	E1	00	01	1.0	1	0	2	0																						
2	ppu_public	91	14142424	129	0	0.0	stat_sample	2	02	00	E1	00	01	0.0	1	0	2	0																						
2	ppu_public	91	14142422	129	8	4.0	mode2_enter	2	02	00	E1	00	01	4.0	1	0	2	0																						
2	ppu_public	91	14142424	129	0	0.0	stat_sample	3	02	00	E1	00	01	0.0	1	0	2	0																						
2	ppu_public	91	14142590	129	176	88.0	mode3_enter	3	02	00	E1	00	01	88.0	1	0	2	0																						
2	ppu_public	91	14142584	129	84	42.0	stat_sample	3	03	00	E1	00	01	42.0	1	0	2	0																						
2	ppu_public	91	14142934	129	520	260.0	mode0_enter	0	03	00	E1	00	01	260.0	1	0	2	0																						
2	ppu_public	91	14142928	129	257	128.5	stat_sample	0	00	00	E1	00	01	128.5	1	0	2	0																						
2	ppu_public	91	14143328	130	0	0.0	stat_sample	2	00	00	E1	00	01	0.0	1	0	2	0																						
2	ppu_public	91	14143328	130	2	1.0	mode2_irq_prepare	0	00	00	E1	00	01	1.0	1	0	2	0																						
2	ppu_public	91	14143336	130	0	0.0	stat_sample	2	02	00	E1	00	01	0.0	1	0	2	0																						
2	ppu_public	91	14143334	130	8	4.0	mode2_enter	2	02	00	E1	00	01	4.0	1	0	2	0																						
2	ppu_public	91	14143336	130	0	0.0	stat_sample	3	02	00	E1	00	01	0.0	1	0	2	0																						
2	ppu_public	91	14143502	130	176	88.0	mode3_enter	3	02	00	E1	00	01	88.0	1	0	2	0																						
2	ppu_public	91	14143496	130	84	42.0	stat_sample	3	03	00	E1	00	01	42.0	1	0	2	0																						
2	ppu_public	91	14143846	130	520	260.0	mode0_enter	0	03	00	E1	00	01	260.0	1	0	2	0																						
2	ppu_public	91	14143848	130	257	128.5	stat_sample	0	00	00	E1	00	01	128.5	1	0	2	0																						
2	ppu_public	91	14144240	131	0	0.0	stat_sample	2	00	00	E1	00	01	0.0	1	0	2	0																						
2	ppu_public	91	14144240	131	2	1.0	mode2_irq_prepare	0	00	00	E1	00	01	1.0	1	0	2	0																						
2	ppu_public	91	14144248	131	0	0.0	stat_sample	2	02	00	E1	00	01	0.0	1	0	2	0																						
2	ppu_public	91	14144246	131	8	4.0	mode2_enter	2	02	00	E1	00	01	4.0	1	0	2	0																						
2	ppu_public	91	14144248	131	0	0.0	stat_sample	3	02	00	E1	00	01	0.0	1	0	2	0																						
2	ppu_public	91	14144414	131	176	88.0	mode3_enter	3	02	00	E1	00	01	88.0	1	0	2	0																						
2	ppu_public	91	14144408	131	84	42.0	stat_sample	3	03	00	E1	00	01	42.0	1	0	2	0																						
2	ppu_public	91	14144758	131	520	260.0	mode0_enter	0	03	00	E1	00	01	260.0	1	0	2	0																						
2	ppu_public	91	14144752	131	257	128.5	stat_sample	0	00	00	E1	00	01	128.5	1	0	2	0																						
2	ppu_public	91	14145152	132	0	0.0	stat_sample	2	00	00	E1	00	01	0.0	1	0	2	0																						
2	ppu_public	91	14145152	132	2	1.0	mode2_irq_prepare	0	00	00	E1	00	01	1.0	1	0	2	0																						
2	ppu_public	91	14145160	132	0	0.0	stat_sample	2	02	00	E1	00	01	0.0	1	0	2	0																						
2	ppu_public	91	14145158	132	8	4.0	mode2_enter	2	02	00	E1	00	01	4.0	1	0	2	0																						
2	ppu_public	91	14145160	132	0	0.0	stat_sample	3	02	00	E1	00	01	0.0	1	0	2	0																						
2	ppu_public	91	14145326	132	176	88.0	mode3_enter	3	02	00	E1	00	01	88.0	1	0	2	0																						
2	ppu_public	91	14145320	132	84	42.0	stat_sample	3	03	00	E1	00	01	42.0	1	0	2	0																						
2	ppu_public	91	14145670	132	520	260.0	mode0_enter	0	03	00	E1	00	01	260.0	1	0	2	0																						
2	ppu_public	91	14145664	132	257	128.5	stat_sample	0	00	00	E1	00	01	128.5	1	0	2	0																						
2	ppu_public	91	14146064	133	0	0.0	stat_sample	2	00	00	E1	00	01	0.0	1	0	2	0																						
2	ppu_public	91	14146064	133	2	1.0	mode2_irq_prepare	0	00	00	E1	00	01	1.0	1	0	2	0																						
2	ppu_public	91	14146072	133	0	0.0	stat_sample	2	02	00	E1	00	01	0.0	1	0	2	0																						
2	ppu_public	91	14146070	133	8	4.0	mode2_enter	2	02	00	E1	00	01	4.0	1	0	2	0																						
2	ppu_public	91	14146072	133	0	0.0	stat_sample	3	02	00	E1	00	01	0.0	1	0	2	0																						
2	ppu_public	91	14146238	133	176	88.0	mode3_enter	3	02	00	E1	00	01	88.0	1	0	2	0																						
2	ppu_public	91	14146240	133	84	42.0	stat_sample	3	03	00	E1	00	01	42.0	1	0	2	0																						
2	ppu_public	91	14146582	133	520	260.0	mode0_enter	0	03	00	E1	00	01	260.0	1	0	2	0																						
2	ppu_public	91	14146576	133	257	128.5	stat_sample	0	00	00	E1	00	01	128.5	1	0	2	0																						
2	ppu_public	91	14146976	134	0	0.0	stat_sample	2	00	00	E1	00	01	0.0	1	0	2	0																						
2	ppu_public	91	14146976	134	2	1.0	mode2_irq_prepare	0	00	00	E1	00	01	1.0	1	0	2	0																						
2	ppu_public	91	14146984	134	0	0.0	stat_sample	2	02	00	E1	00	01	0.0	1	0	2	0																						
2	ppu_public	91	14146982	134	8	4.0	mode2_enter	2	02	00	E1	00	01	4.0	1	0	2	0																						
2	ppu_public	91	14146984	134	0	0.0	stat_sample	3	02	00	E1	00	01	0.0	1	0	2	0																						
2	ppu_public	91	14147150	134	176	88.0	mode3_enter	3	02	00	E1	00	01	88.0	1	0	2	0																						
2	ppu_public	91	14147144	134	84	42.0	stat_sample	3	03	00	E1	00	01	42.0	1	0	2	0																						
2	ppu_public	91	14147494	134	520	260.0	mode0_enter	0	03	00	E1	00	01	260.0	1	0	2	0																						
2	ppu_public	91	14147488	134	257	128.5	stat_sample	0	00	00	E1	00	01	128.5	1	0	2	0																						
2	ppu_public	91	14147888	135	0	0.0	stat_sample	2	00	00	E1	00	01	0.0	1	0	2	0																						
2	ppu_public	91	14147888	135	2	1.0	mode2_irq_prepare	0	00	00	E1	00	01	1.0	1	0	2	0																						
2	ppu_public	91	14147904	135	0	0.0	stat_sample	2	02	00	E1	00	01	0.0	1	0	2	0																						
2	ppu_public	91	14147894	135	8	4.0	mode2_enter	2	02	00	E1	00	01	4.0	1	0	2	0																						
2	ppu_public	91	14147904	135	0	0.0	stat_sample	3	02	00	E1	00	01	0.0	1	0	2	0																						
2	ppu_public	91	14148062	135	176	88.0	mode3_enter	3	02	00	E1	00	01	88.0	1	0	2	0																						
2	ppu_public	91	14148056	135	84	42.0	stat_sample	3	03	00	E1	00	01	42.0	1	0	2	0																						
2	ppu_public	91	14148406	135	520	260.0	mode0_enter	0	03	00	E1	00	01	260.0	1	0	2	0																						
2	ppu_public	91	14148400	135	257	128.5	stat_sample	0	00	00	E1	00	01	128.5	1	0	2	0																						
2	ppu_public	91	14148800	136	0	0.0	stat_sample	2	00	00	E1	00	01	0.0	1	0	2	0																						
2	ppu_public	91	14148800	136	2	1.0	mode2_irq_prepare	0	00	00	E1	00	01	1.0	1	0	2	0																						
2	ppu_public	91	14148808	136	0	0.0	stat_sample	2	02	00	E1	00	01	0.0	1	0	2	0																						
2	ppu_public	91	14148806	136	8	4.0	mode2_enter	2	02	00	E1	00	01	4.0	1	0	2	0																						
2	ppu_public	91	14148808	136	0	0.0	stat_sample	3	02	00	E1	00	01	0.0	1	0	2	0																						
2	ppu_public	91	14148974	136	176	88.0	mode3_enter	3	02	00	E1	00	01	88.0	1	0	2	0																						
2	ppu_public	91	14148968	136	84	42.0	stat_sample	3	03	00	E1	00	01	42.0	1	0	2	0																						
2	ppu_public	91	14149318	136	520	260.0	mode0_enter	0	03	00	E1	00	01	260.0	1	0	2	0																						
2	ppu_public	91	14149312	136	257	128.5	stat_sample	0	00	00	E1	00	01	128.5	1	0	2	0																						
2	ppu_public	91	14149712	137	0	0.0	stat_sample	2	00	00	E1	00	01	0.0	1	0	2	0																						
2	ppu_public	91	14149712	137	2	1.0	mode2_irq_prepare	0	00	00	E1	00	01	1.0	1	0	2	0																						
2	ppu_public	91	14149720	137	0	0.0	stat_sample	2	02	00	E1	00	01	0.0	1	0	2	0																						
2	ppu_public	91	14149718	137	8	4.0	mode2_enter	2	02	00	E1	00	01	4.0	1	0	2	0																						
2	ppu_public	91	14149720	137	0	0.0	stat_sample	3	02	00	E1	00	01	0.0	1	0	2	0																						
2	ppu_public	91	14149886	137	176	88.0	mode3_enter	3	02	00	E1	00	01	88.0	1	0	2	0																						
2	ppu_public	91	14149880	137	84	42.0	stat_sample	3	03	00	E1	00	01	42.0	1	0	2	0																						
2	ppu_public	91	14150230	137	520	260.0	mode0_enter	0	03	00	E1	00	01	260.0	1	0	2	0																						
2	ppu_public	91	14150224	137	257	128.5	stat_sample	0	00	00	E1	00	01	128.5	1	0	2	0																						
2	ppu_public	91	14150624	138	0	0.0	stat_sample	2	00	00	E1	00	01	0.0	1	0	2	0																						
2	ppu_public	91	14150624	138	2	1.0	mode2_irq_prepare	0	00	00	E1	00	01	1.0	1	0	2	0																						
2	ppu_public	91	14150632	138	0	0.0	stat_sample	2	02	00	E1	00	01	0.0	1	0	2	0																						
2	ppu_public	91	14150630	138	8	4.0	mode2_enter	2	02	00	E1	00	01	4.0	1	0	2	0																						
2	ppu_public	91	14150632	138	0	0.0	stat_sample	3	02	00	E1	00	01	0.0	1	0	2	0																						
2	ppu_public	91	14150798	138	176	88.0	mode3_enter	3	02	00	E1	00	01	88.0	1	0	2	0																						
2	ppu_public	91	14150792	138	84	42.0	stat_sample	3	03	00	E1	00	01	42.0	1	0	2	0																						
2	ppu_public	91	14151142	138	520	260.0	mode0_enter	0	03	00	E1	00	01	260.0	1	0	2	0																						
2	ppu_public	91	14151136	138	257	128.5	stat_sample	0	00	00	E1	00	01	128.5	1	0	2	0																						
2	ppu_public	91	14151544	139	0	0.0	stat_sample	2	00	00	E1	00	01	0.0	1	0	2	0																						
2	ppu_public	91	14151544	139	2	1.0	mode2_irq_prepare	0	00	00	E1	00	01	1.0	1	0	2	0																						
2	ppu_public	91	14151544	139	0	0.0	stat_sample	2	02	00	E1	00	01	0.0	1	0	2	0																						
2	ppu_public	91	14151550	139	8	4.0	mode2_enter	2	02	00	E1	00	01	4.0	1	0	2	0																						
2	ppu_public	91	14151544	139	0	0.0	stat_sample	3	02	00	E1	00	01	0.0	1	0	2	0																						
2	ppu_public	91	14151718	139	176	88.0	mode3_enter	3	02	00	E1	00	01	88.0	1	0	2	0																						
2	ppu_public	91	14151704	139	84	42.0	stat_sample	3	03	00	E1	00	01	42.0	1	0	2	0																						
2	ppu_public	91	14152062	139	520	260.0	mode0_enter	0	03	00	E1	00	01	260.0	1	0	2	0																						
2	ppu_public	91	14152048	139	257	128.5	stat_sample	0	00	00	E1	00	01	128.5	1	0	2	0																						
2	ppu_public	91	14152448	140	0	0.0	stat_sample	2	00	00	E1	00	01	0.0	1	0	2	0																						
2	ppu_public	91	14152448	140	2	1.0	mode2_irq_prepare	0	00	00	E1	00	01	1.0	1	0	2	0																						
2	ppu_public	91	14152456	140	0	0.0	stat_sample	2	02	00	E1	00	01	0.0	1	0	2	0																						
2	ppu_public	91	14152454	140	8	4.0	mode2_enter	2	02	00	E1	00	01	4.0	1	0	2	0																						
2	ppu_public	91	14152456	140	0	0.0	stat_sample	3	02	00	E1	00	01	0.0	1	0	2	0																						
2	ppu_public	91	14152622	140	176	88.0	mode3_enter	3	02	00	E1	00	01	88.0	1	0	2	0																						
2	ppu_public	91	14152616	140	84	42.0	stat_sample	3	03	00	E1	00	01	42.0	1	0	2	0																						
2	ppu_public	91	14152966	140	520	260.0	mode0_enter	0	03	00	E1	00	01	260.0	1	0	2	0																						
2	ppu_public	91	14152960	140	257	128.5	stat_sample	0	00	00	E1	00	01	128.5	1	0	2	0																						
2	ppu_public	91	14153360	141	0	0.0	stat_sample	2	00	00	E1	00	01	0.0	1	0	2	0																						
2	ppu_public	91	14153360	141	2	1.0	mode2_irq_prepare	0	00	00	E1	00	01	1.0	1	0	2	0																						
2	ppu_public	91	14153368	141	0	0.0	stat_sample	2	02	00	E1	00	01	0.0	1	0	2	0																						
2	ppu_public	91	14153366	141	8	4.0	mode2_enter	2	02	00	E1	00	01	4.0	1	0	2	0																						
2	ppu_public	91	14153368	141	0	0.0	stat_sample	3	02	00	E1	00	01	0.0	1	0	2	0																						
2	ppu_public	91	14153534	141	176	88.0	mode3_enter	3	02	00	E1	00	01	88.0	1	0	2	0																						
2	ppu_public	91	14153528	141	84	42.0	stat_sample	3	03	00	E1	00	01	42.0	1	0	2	0																						
2	ppu_public	91	14153878	141	520	260.0	mode0_enter	0	03	00	E1	00	01	260.0	1	0	2	0																						
2	ppu_public	91	14153872	141	257	128.5	stat_sample	0	00	00	E1	00	01	128.5	1	0	2	0																						
2	ppu_public	91	14154272	142	0	0.0	stat_sample	2	00	00	E1	00	01	0.0	1	0	2	0																						
2	ppu_public	91	14154272	142	2	1.0	mode2_irq_prepare	0	00	00	E1	00	01	1.0	1	0	2	0																						
2	ppu_public	91	14154280	142	0	0.0	stat_sample	2	02	00	E1	00	01	0.0	1	0	2	0																						
2	ppu_public	91	14154278	142	8	4.0	mode2_enter	2	02	00	E1	00	01	4.0	1	0	2	0																						
2	ppu_public	91	14154280	142	0	0.0	stat_sample	3	02	00	E1	00	01	0.0	1	0	2	0																						
2	ppu_public	91	14154446	142	176	88.0	mode3_enter	3	02	00	E1	00	01	88.0	1	0	2	0																						
2	ppu_public	91	14154440	142	84	42.0	stat_sample	3	03	00	E1	00	01	42.0	1	0	2	0																						
2	ppu_public	91	14154790	142	520	260.0	mode0_enter	0	03	00	E1	00	01	260.0	1	0	2	0																						
2	ppu_public	91	14154784	142	257	128.5	stat_sample	0	00	00	E1	00	01	128.5	1	0	2	0																						
2	ppu_public	91	14155184	143	0	0.0	stat_sample	2	00	00	E1	00	01	0.0	1	0	2	0																						
2	ppu_public	91	14155184	143	2	1.0	mode2_irq_prepare	0	00	00	E1	00	01	1.0	1	0	2	0																						
2	ppu_public	91	14155192	143	0	0.0	stat_sample	2	02	00	E1	00	01	0.0	1	0	2	0																						
2	ppu_public	91	14155190	143	8	4.0	mode2_enter	2	02	00	E1	00	01	4.0	1	0	2	0																						
2	ppu_public	91	14155192	143	0	0.0	stat_sample	3	02	00	E1	00	01	0.0	1	0	2	0																						
2	ppu_public	91	14155358	143	176	88.0	mode3_enter	3	02	00	E1	00	01	88.0	1	0	2	0																						
2	ppu_public	91	14155352	143	84	42.0	stat_sample	3	03	00	E1	00	01	42.0	1	0	2	0																						
2	ppu_public	91	14155702	143	520	260.0	mode0_enter	0	03	00	E1	00	01	260.0	1	0	2	0																						
2	ppu_public	91	14155704	143	257	128.5	stat_sample	0	00	00	E1	00	01	128.5	1	0	2	0																						
2	ppu_public	91	14156096	144	0	0.0	stat_sample	0	00	00	E1	00	01	0.0	1	0	2	0																						
2	ppu_public	91	14156104	144	0	0.0	stat_sample	0	00	00	E1	00	01	0.0	1	0	2	0																						
2	ppu_public	91	14156104	144	0	0.0	stat_sample	1	01	00	E1	00	01	0.0	1	0	2	0																						
2	ppu_public	91	14155188	144	6	3.0	frame_vblank	1	01	00	E1	00	01	3.0	1	1	2	0																						
2	ppu_public	91	14155188	144	6	3.0	vblank_irq_edge	1	01	00	E1	00	01	3.0	1	1	2	0																						
2	cpu	91	14156270	0	1088	544.0	write	1	00		E1	00	01	544.0	0		2	0				FF40	01					00	00	01	00	00		DMG_LCDC	14156270	544.0				
2	cpu	91	14156392	0	1210	605.0	write	1	00		E1	00	01	605.0	0		2	0				DFFF	01					00	00	01	00	00		READ_OLD	14156392	605.0				
2	cpu	91	14156400	0	1218	609.0	write	1	00		E1	00	01	609.0	0		2	0				DFFE	93					00	00	01	00	00		READ_OLD	14156400	609.0				
2	cpu	91	14156424	0	1242	621.0	write	1	00		E1	00	01	621.0	0		2	0				DFFD	4B					00	00	01	00	00		READ_OLD	14156424	621.0				
2	cpu	91	14156432	0	1250	625.0	write	1	00		E1	00	01	625.0	0		2	0				DFFC	42					00	00	01	00	00		READ_OLD	14156432	625.0				
2	cpu	91	14160424	0	5242	2621.0	write	1	00		E1	00	01	2621.0	0		2	0				DFFF	01					00	00	01	00	00		READ_OLD	14160424	2621.0				
2	cpu	91	14160432	0	5250	2625.0	write	1	00		E1	00	01	2625.0	0		2	0				DFFE	99					00	00	01	00	00		READ_OLD	14160432	2625.0				
2	cpu	91	14160494	0	5312	2656.0	write	1	00		E1	00	01	2656.0	1		2	0				FF40	81					00	00	81	00	00		DMG_LCDC	14160494	2656.0				
2	ppu_public	91	14160504	0	76	38.0	stat_sample	3	00	00	E1	00	01	38.0	1	0	2	0																						
2	cpu	91	14160528	0	100	50.0	write	3	00		E1	00	01	2673.0	1		2	0				FF80	00					00	00	81	00	00		READ_OLD	14160528	2673.0				
2	ppu_public	91	14160656	0	78	39.0	stat_sample	3	00	00	E1	00	01	39.0	1	0	2	0																						
