schema	kind	frame	raw_tick	ly	line_tick	dot	event	mode	stat	stat_sources	if	ie	lyc	line_dot	lcd_on	irq_edge	model	double_speed	state	x	screen_x	addr	byte	raw_color	palette_kind	palette_reg	palette_value	io_scy	io_scx	io_lcdc	io_wx	io_wy	pos	conflict	write_visible_tick	write_visible_dot	state_block	vram_bank	state_len	state_data
2	ppu_public	60	8962528	0	257	128.5	stat_sample	0	04	00	E0	00	00	128.5	1	0	2	0																						
2	ppu_public	60	8962928	1	0	0.0	stat_sample	2	00	00	E0	00	00	0.0	1	0	2	0																						
2	ppu_public	60	8962928	1	2	1.0	mode2_irq_prepare	0	00	00	E0	00	00	1.0	1	0	2	0																						
2	ppu_public	60	8962936	1	0	0.0	stat_sample	2	02	00	E0	00	00	0.0	1	0	2	0																						
2	ppu_public	60	8962934	1	8	4.0	mode2_enter	2	02	00	E0	00	00	4.0	1	0	2	0																						
2	ppu_public	60	8962936	1	0	0.0	stat_sample	3	02	00	E0	00	00	0.0	1	0	2	0																						
2	ppu_public	60	8963102	1	176	88.0	mode3_enter	3	02	00	E0	00	00	88.0	1	0	2	0																						
2	ppu_public	60	8963096	1	84	42.0	stat_sample	3	03	00	E0	00	00	42.0	1	0	2	0																						
2	ppu_public	60	8963446	1	520	260.0	mode0_enter	0	03	00	E0	00	00	260.0	1	0	2	0																						
2	ppu_public	60	8963440	1	257	128.5	stat_sample	0	00	00	E0	00	00	128.5	1	0	2	0																						
2	ppu_public	60	8963840	2	0	0.0	stat_sample	2	00	00	E0	00	00	0.0	1	0	2	0																						
2	ppu_public	60	8963840	2	2	1.0	mode2_irq_prepare	0	00	00	E0	00	00	1.0	1	0	2	0																						
2	ppu_public	60	8963848	2	0	0.0	stat_sample	2	02	00	E0	00	00	0.0	1	0	2	0																						
2	ppu_public	60	8963846	2	8	4.0	mode2_enter	2	02	00	E0	00	00	4.0	1	0	2	0																						
2	ppu_public	60	8963848	2	0	0.0	stat_sample	3	02	00	E0	00	00	0.0	1	0	2	0																						
2	ppu_public	60	8964014	2	176	88.0	mode3_enter	3	02	00	E0	00	00	88.0	1	0	2	0																						
2	ppu_public	60	8964008	2	84	42.0	stat_sample	3	03	00	E0	00	00	42.0	1	0	2	0																						
2	ppu_public	60	8964358	2	520	260.0	mode0_enter	0	03	00	E0	00	00	260.0	1	0	2	0																						
2	ppu_public	60	8964352	2	257	128.5	stat_sample	0	00	00	E0	00	00	128.5	1	0	2	0																						
2	ppu_public	60	8964752	3	0	0.0	stat_sample	2	00	00	E0	00	00	0.0	1	0	2	0																						
2	ppu_public	60	8964752	3	2	1.0	mode2_irq_prepare	0	00	00	E0	00	00	1.0	1	0	2	0																						
2	ppu_public	60	8964760	3	0	0.0	stat_sample	2	02	00	E0	00	00	0.0	1	0	2	0																						
2	ppu_public	60	8964758	3	8	4.0	mode2_enter	2	02	00	E0	00	00	4.0	1	0	2	0																						
2	ppu_public	60	8964760	3	0	0.0	stat_sample	3	02	00	E0	00	00	0.0	1	0	2	0																						
2	ppu_public	60	8964926	3	176	88.0	mode3_enter	3	02	00	E0	00	00	88.0	1	0	2	0																						
2	ppu_public	60	8964920	3	84	42.0	stat_sample	3	03	00	E0	00	00	42.0	1	0	2	0																						
2	ppu_public	60	8965270	3	520	260.0	mode0_enter	0	03	00	E0	00	00	260.0	1	0	2	0																						
2	ppu_public	60	8965264	3	257	128.5	stat_sample	0	00	00	E0	00	00	128.5	1	0	2	0																						
2	ppu_public	60	8965664	4	0	0.0	stat_sample	2	00	00	E0	00	00	0.0	1	0	2	0																						
2	ppu_public	60	8965664	4	2	1.0	mode2_irq_prepare	0	00	00	E0	00	00	1.0	1	0	2	0																						
2	ppu_public	60	8965672	4	0	0.0	stat_sample	2	02	00	E0	00	00	0.0	1	0	2	0																						
2	ppu_public	60	8965670	4	8	4.0	mode2_enter	2	02	00	E0	00	00	4.0	1	0	2	0																						
2	ppu_public	60	8965672	4	0	0.0	stat_sample	3	02	00	E0	00	00	0.0	1	0	2	0																						
2	ppu_public	60	8965838	4	176	88.0	mode3_enter	3	02	00	E0	00	00	88.0	1	0	2	0																						
2	ppu_public	60	8965832	4	84	42.0	stat_sample	3	03	00	E0	00	00	42.0	1	0	2	0																						
2	ppu_public	60	8966182	4	520	260.0	mode0_enter	0	03	00	E0	00	00	260.0	1	0	2	0																						
2	ppu_public	60	8966176	4	257	128.5	stat_sample	0	00	00	E0	00	00	128.5	1	0	2	0																						
2	ppu_public	60	8966576	5	0	0.0	stat_sample	2	00	00	E0	00	00	0.0	1	0	2	0																						
2	ppu_public	60	8966576	5	2	1.0	mode2_irq_prepare	0	00	00	E0	00	00	1.0	1	0	2	0																						
2	ppu_public	60	8966584	5	0	0.0	stat_sample	2	02	00	E0	00	00	0.0	1	0	2	0																						
2	ppu_public	60	8966582	5	8	4.0	mode2_enter	2	02	00	E0	00	00	4.0	1	0	2	0																						
2	ppu_public	60	8966584	5	0	0.0	stat_sample	3	02	00	E0	00	00	0.0	1	0	2	0																						
2	ppu_public	60	8966750	5	176	88.0	mode3_enter	3	02	00	E0	00	00	88.0	1	0	2	0																						
2	ppu_public	60	8966744	5	84	42.0	stat_sample	3	03	00	E0	00	00	42.0	1	0	2	0																						
2	ppu_public	60	8967094	5	520	260.0	mode0_enter	0	03	00	E0	00	00	260.0	1	0	2	0																						
2	ppu_public	60	8967088	5	257	128.5	stat_sample	0	00	00	E0	00	00	128.5	1	0	2	0																						
2	ppu_public	60	8967488	6	0	0.0	stat_sample	2	00	00	E0	00	00	0.0	1	0	2	0																						
2	ppu_public	60	8967488	6	2	1.0	mode2_irq_prepare	0	00	00	E0	00	00	1.0	1	0	2	0																						
2	ppu_public	60	8967496	6	0	0.0	stat_sample	2	02	00	E0	00	00	0.0	1	0	2	0																						
2	ppu_public	60	8967494	6	8	4.0	mode2_enter	2	02	00	E0	00	00	4.0	1	0	2	0																						
2	ppu_public	60	8967496	6	0	0.0	stat_sample	3	02	00	E0	00	00	0.0	1	0	2	0																						
2	ppu_public	60	8967662	6	176	88.0	mode3_enter	3	02	00	E0	00	00	88.0	1	0	2	0																						
2	ppu_public	60	8967656	6	84	42.0	stat_sample	3	03	00	E0	00	00	42.0	1	0	2	0																						
2	ppu_public	60	8968006	6	520	260.0	mode0_enter	0	03	00	E0	00	00	260.0	1	0	2	0																						
2	ppu_public	60	8968000	6	257	128.5	stat_sample	0	00	00	E0	00	00	128.5	1	0	2	0																						
2	ppu_public	60	8968400	7	0	0.0	stat_sample	2	00	00	E0	00	00	0.0	1	0	2	0																						
2	ppu_public	60	8968400	7	2	1.0	mode2_irq_prepare	0	00	00	E0	00	00	1.0	1	0	2	0																						
2	ppu_public	60	8968408	7	0	0.0	stat_sample	2	02	00	E0	00	00	0.0	1	0	2	0																						
2	ppu_public	60	8968406	7	8	4.0	mode2_enter	2	02	00	E0	00	00	4.0	1	0	2	0																						
2	ppu_public	60	8968408	7	0	0.0	stat_sample	3	02	00	E0	00	00	0.0	1	0	2	0																						
2	ppu_public	60	8968574	7	176	88.0	mode3_enter	3	02	00	E0	00	00	88.0	1	0	2	0																						
2	ppu_public	60	8968568	7	84	42.0	stat_sample	3	03	00	E0	00	00	42.0	1	0	2	0																						
2	ppu_public	60	8968918	7	520	260.0	mode0_enter	0	03	00	E0	00	00	260.0	1	0	2	0																						
2	ppu_public	60	8968912	7	257	128.5	stat_sample	0	00	00	E0	00	00	128.5	1	0	2	0																						
2	ppu_public	60	8969312	8	0	0.0	stat_sample	2	00	00	E0	00	00	0.0	1	0	2	0																						
2	ppu_public	60	8969312	8	2	1.0	mode2_irq_prepare	0	00	00	E0	00	00	1.0	1	0	2	0																						
2	ppu_public	60	8969320	8	0	0.0	stat_sample	2	02	00	E0	00	00	0.0	1	0	2	0																						
2	ppu_public	60	8969318	8	8	4.0	mode2_enter	2	02	00	E0	00	00	4.0	1	0	2	0																						
2	ppu_public	60	8969320	8	0	0.0	stat_sample	3	02	00	E0	00	00	0.0	1	0	2	0																						
2	ppu_public	60	8969486	8	176	88.0	mode3_enter	3	02	00	E0	00	00	88.0	1	0	2	0																						
2	ppu_public	60	8969480	8	84	42.0	stat_sample	3	03	00	E0	00	00	42.0	1	0	2	0																						
2	ppu_public	60	8969830	8	520	260.0	mode0_enter	0	03	00	E0	00	00	260.0	1	0	2	0																						
2	ppu_public	60	8969824	8	257	128.5	stat_sample	0	00	00	E0	00	00	128.5	1	0	2	0																						
2	ppu_public	60	8970224	9	0	0.0	stat_sample	2	00	00	E0	00	00	0.0	1	0	2	0																						
2	ppu_public	60	8970224	9	2	1.0	mode2_irq_prepare	0	00	00	E0	00	00	1.0	1	0	2	0																						
2	ppu_public	60	8970232	9	0	0.0	stat_sample	2	02	00	E0	00	00	0.0	1	0	2	0																						
2	ppu_public	60	8970230	9	8	4.0	mode2_enter	2	02	00	E0	00	00	4.0	1	0	2	0																						
2	ppu_public	60	8970232	9	0	0.0	stat_sample	3	02	00	E0	00	00	0.0	1	0	2	0																						
2	ppu_public	60	8970398	9	176	88.0	mode3_enter	3	02	00	E0	00	00	88.0	1	0	2	0																						
2	ppu_public	60	8970392	9	84	42.0	stat_sample	3	03	00	E0	00	00	42.0	1	0	2	0																						
2	ppu_public	60	8970742	9	520	260.0	mode0_enter	0	03	00	E0	00	00	260.0	1	0	2	0																						
2	ppu_public	60	8970736	9	257	128.5	stat_sample	0	00	00	E0	00	00	128.5	1	0	2	0																						
2	ppu_public	60	8971136	10	0	0.0	stat_sample	2	00	00	E0	00	00	0.0	1	0	2	0																						
2	ppu_public	60	8971136	10	2	1.0	mode2_irq_prepare	0	00	00	E0	00	00	1.0	1	0	2	0																						
2	ppu_public	60	8971144	10	0	0.0	stat_sample	2	02	00	E0	00	00	0.0	1	0	2	0																						
2	ppu_public	60	8971142	10	8	4.0	mode2_enter	2	02	00	E0	00	00	4.0	1	0	2	0																						
2	ppu_public	60	8971144	10	0	0.0	stat_sample	3	02	00	E0	00	00	0.0	1	0	2	0																						
2	ppu_public	60	8971310	10	176	88.0	mode3_enter	3	02	00	E0	00	00	88.0	1	0	2	0																						
2	ppu_public	60	8971304	10	84	42.0	stat_sample	3	03	00	E0	00	00	42.0	1	0	2	0																						
2	ppu_public	60	8971654	10	520	260.0	mode0_enter	0	03	00	E0	00	00	260.0	1	0	2	0																						
2	ppu_public	60	8971648	10	257	128.5	stat_sample	0	00	00	E0	00	00	128.5	1	0	2	0																						
2	ppu_public	60	8972048	11	0	0.0	stat_sample	2	00	00	E0	00	00	0.0	1	0	2	0																						
2	ppu_public	60	8972048	11	2	1.0	mode2_irq_prepare	0	00	00	E0	00	00	1.0	1	0	2	0																						
2	ppu_public	60	8972056	11	0	0.0	stat_sample	2	02	00	E0	00	00	0.0	1	0	2	0																						
2	ppu_public	60	8972054	11	8	4.0	mode2_enter	2	02	00	E0	00	00	4.0	1	0	2	0																						
2	ppu_public	60	8972056	11	0	0.0	stat_sample	3	02	00	E0	00	00	0.0	1	0	2	0																						
2	ppu_public	60	8972222	11	176	88.0	mode3_enter	3	02	00	E0	00	00	88.0	1	0	2	0																						
2	ppu_public	60	8972216	11	84	42.0	stat_sample	3	03	00	E0	00	00	42.0	1	0	2	0																						
2	ppu_public	60	8972566	11	520	260.0	mode0_enter	0	03	00	E0	00	00	260.0	1	0	2	0																						
2	ppu_public	60	8972560	11	257	128.5	stat_sample	0	00	00	E0	00	00	128.5	1	0	2	0																						
2	ppu_public	60	8972960	12	0	0.0	stat_sample	2	00	00	E0	00	00	0.0	1	0	2	0																						
2	ppu_public	60	8972960	12	2	1.0	mode2_irq_prepare	0	00	00	E0	00	00	1.0	1	0	2	0																						
2	ppu_public	60	8972968	12	0	0.0	stat_sample	2	02	00	E0	00	00	0.0	1	0	2	0																						
2	ppu_public	60	8972966	12	8	4.0	mode2_enter	2	02	00	E0	00	00	4.0	1	0	2	0																						
2	ppu_public	60	8972968	12	0	0.0	stat_sample	3	02	00	E0	00	00	0.0	1	0	2	0																						
2	ppu_public	60	8973134	12	176	88.0	mode3_enter	3	02	00	E0	00	00	88.0	1	0	2	0																						
2	ppu_public	60	8973128	12	84	42.0	stat_sample	3	03	00	E0	00	00	42.0	1	0	2	0																						
2	ppu_public	60	8973478	12	520	260.0	mode0_enter	0	03	00	E0	00	00	260.0	1	0	2	0																						
2	ppu_public	60	8973472	12	257	128.5	stat_sample	0	00	00	E0	00	00	128.5	1	0	2	0																						
2	ppu_public	60	8973872	13	0	0.0	stat_sample	2	00	00	E0	00	00	0.0	1	0	2	0																						
2	ppu_public	60	8973872	13	2	1.0	mode2_irq_prepare	0	00	00	E0	00	00	1.0	1	0	2	0																						
2	ppu_public	60	8973880	13	0	0.0	stat_sample	2	02	00	E0	00	00	0.0	1	0	2	0																						
2	ppu_public	60	8973878	13	8	4.0	mode2_enter	2	02	00	E0	00	00	4.0	1	0	2	0																						
2	ppu_public	60	8973880	13	0	0.0	stat_sample	3	02	00	E0	00	00	0.0	1	0	2	0																						
2	ppu_public	60	8974046	13	176	88.0	mode3_enter	3	02	00	E0	00	00	88.0	1	0	2	0																						
2	ppu_public	60	8974040	13	84	42.0	stat_sample	3	03	00	E0	00	00	42.0	1	0	2	0																						
2	ppu_public	60	8974390	13	520	260.0	mode0_enter	0	03	00	E0	00	00	260.0	1	0	2	0																						
2	ppu_public	60	8974384	13	257	128.5	stat_sample	0	00	00	E0	00	00	128.5	1	0	2	0																						
2	ppu_public	60	8974784	14	0	0.0	stat_sample	2	00	00	E0	00	00	0.0	1	0	2	0																						
2	ppu_public	60	8974784	14	2	1.0	mode2_irq_prepare	0	00	00	E0	00	00	1.0	1	0	2	0																						
2	ppu_public	60	8974792	14	0	0.0	stat_sample	2	02	00	E0	00	00	0.0	1	0	2	0																						
2	ppu_public	60	8974790	14	8	4.0	mode2_enter	2	02	00	E0	00	00	4.0	1	0	2	0																						
2	ppu_public	60	8974792	14	0	0.0	stat_sample	3	02	00	E0	00	00	0.0	1	0	2	0																						
2	ppu_public	60	8974958	14	176	88.0	mode3_enter	3	02	00	E0	00	00	88.0	1	0	2	0																						
2	ppu_public	60	8974952	14	84	42.0	stat_sample	3	03	00	E0	00	00	42.0	1	0	2	0																						
2	ppu_public	60	8975302	14	520	260.0	mode0_enter	0	03	00	E0	00	00	260.0	1	0	2	0																						
2	ppu_public	60	8975296	14	257	128.5	stat_sample	0	00	00	E0	00	00	128.5	1	0	2	0																						
2	ppu_public	60	8975696	15	0	0.0	stat_sample	2	00	00	E0	00	00	0.0	1	0	2	0																						
2	ppu_public	60	8975696	15	2	1.0	mode2_irq_prepare	0	00	00	E0	00	00	1.0	1	0	2	0																						
2	ppu_public	60	8975704	15	0	0.0	stat_sample	2	02	00	E0	00	00	0.0	1	0	2	0																						
2	ppu_public	60	8975702	15	8	4.0	mode2_enter	2	02	00	E0	00	00	4.0	1	0	2	0																						
2	ppu_public	60	8975704	15	0	0.0	stat_sample	3	02	00	E0	00	00	0.0	1	0	2	0																						
2	ppu_public	60	8975870	15	176	88.0	mode3_enter	3	02	00	E0	00	00	88.0	1	0	2	0																						
2	ppu_public	60	8975864	15	84	42.0	stat_sample	3	03	00	E0	00	00	42.0	1	0	2	0																						
2	ppu_public	60	8976214	15	520	260.0	mode0_enter	0	03	00	E0	00	00	260.0	1	0	2	0																						
2	ppu_public	60	8976208	15	257	128.5	stat_sample	0	00	00	E0	00	00	128.5	1	0	2	0																						
2	ppu_public	60	8976608	16	0	0.0	stat_sample	2	00	00	E0	00	00	0.0	1	0	2	0																						
2	ppu_public	60	8976608	16	2	1.0	mode2_irq_prepare	0	00	00	E0	00	00	1.0	1	0	2	0																						
2	ppu_public	60	8976616	16	0	0.0	stat_sample	2	02	00	E0	00	00	0.0	1	0	2	0																						
2	ppu_public	60	8976614	16	8	4.0	mode2_enter	2	02	00	E0	00	00	4.0	1	0	2	0																						
2	ppu_public	60	8976616	16	0	0.0	stat_sample	3	02	00	E0	00	00	0.0	1	0	2	0																						
2	ppu_public	60	8976782	16	176	88.0	mode3_enter	3	02	00	E0	00	00	88.0	1	0	2	0																						
2	ppu_public	60	8976776	16	84	42.0	stat_sample	3	03	00	E0	00	00	42.0	1	0	2	0																						
2	ppu_public	60	8977126	16	520	260.0	mode0_enter	0	03	00	E0	00	00	260.0	1	0	2	0																						
2	ppu_public	60	8977120	16	257	128.5	stat_sample	0	00	00	E0	00	00	128.5	1	0	2	0																						
2	ppu_public	60	8977520	17	0	0.0	stat_sample	2	00	00	E0	00	00	0.0	1	0	2	0																						
2	ppu_public	60	8977520	17	2	1.0	mode2_irq_prepare	0	00	00	E0	00	00	1.0	1	0	2	0																						
2	ppu_public	60	8977528	17	0	0.0	stat_sample	2	02	00	E0	00	00	0.0	1	0	2	0																						
2	ppu_public	60	8977526	17	8	4.0	mode2_enter	2	02	00	E0	00	00	4.0	1	0	2	0																						
2	ppu_public	60	8977528	17	0	0.0	stat_sample	3	02	00	E0	00	00	0.0	1	0	2	0																						
2	ppu_public	60	8977694	17	176	88.0	mode3_enter	3	02	00	E0	00	00	88.0	1	0	2	0																						
2	ppu_public	60	8977688	17	84	42.0	stat_sample	3	03	00	E0	00	00	42.0	1	0	2	0																						
2	ppu_public	60	8978038	17	520	260.0	mode0_enter	0	03	00	E0	00	00	260.0	1	0	2	0																						
2	ppu_public	60	8978032	17	257	128.5	stat_sample	0	00	00	E0	00	00	128.5	1	0	2	0																						
2	ppu_public	60	8978432	18	0	0.0	stat_sample	2	00	00	E0	00	00	0.0	1	0	2	0																						
2	ppu_public	60	8978432	18	2	1.0	mode2_irq_prepare	0	00	00	E0	00	00	1.0	1	0	2	0																						
2	ppu_public	60	8978440	18	0	0.0	stat_sample	2	02	00	E0	00	00	0.0	1	0	2	0																						
2	ppu_public	60	8978438	18	8	4.0	mode2_enter	2	02	00	E0	00	00	4.0	1	0	2	0																						
2	ppu_public	60	8978440	18	0	0.0	stat_sample	3	02	00	E0	00	00	0.0	1	0	2	0																						
2	ppu_public	60	8978606	18	176	88.0	mode3_enter	3	02	00	E0	00	00	88.0	1	0	2	0																						
2	ppu_public	60	8978600	18	84	42.0	stat_sample	3	03	00	E0	00	00	42.0	1	0	2	0																						
2	ppu_public	60	8978950	18	520	260.0	mode0_enter	0	03	00	E0	00	00	260.0	1	0	2	0																						
2	ppu_public	60	8978944	18	257	128.5	stat_sample	0	00	00	E0	00	00	128.5	1	0	2	0																						
2	ppu_public	60	8979344	19	0	0.0	stat_sample	2	00	00	E0	00	00	0.0	1	0	2	0																						
2	ppu_public	60	8979344	19	2	1.0	mode2_irq_prepare	0	00	00	E0	00	00	1.0	1	0	2	0																						
2	ppu_public	60	8979352	19	0	0.0	stat_sample	2	02	00	E0	00	00	0.0	1	0	2	0																						
2	ppu_public	60	8979350	19	8	4.0	mode2_enter	2	02	00	E0	00	00	4.0	1	0	2	0																						
2	ppu_public	60	8979352	19	0	0.0	stat_sample	3	02	00	E0	00	00	0.0	1	0	2	0																						
2	ppu_public	60	8979518	19	176	88.0	mode3_enter	3	02	00	E0	00	00	88.0	1	0	2	0																						
2	ppu_public	60	8979512	19	84	42.0	stat_sample	3	03	00	E0	00	00	42.0	1	0	2	0																						
2	ppu_public	60	8979862	19	520	260.0	mode0_enter	0	03	00	E0	00	00	260.0	1	0	2	0																						
2	ppu_public	60	8979856	19	257	128.5	stat_sample	0	00	00	E0	00	00	128.5	1	0	2	0																						
2	ppu_public	60	8980256	20	0	0.0	stat_sample	2	00	00	E0	00	00	0.0	1	0	2	0																						
2	ppu_public	60	8980256	20	2	1.0	mode2_irq_prepare	0	00	00	E0	00	00	1.0	1	0	2	0																						
2	ppu_public	60	8980264	20	0	0.0	stat_sample	2	02	00	E0	00	00	0.0	1	0	2	0																						
2	ppu_public	60	8980262	20	8	4.0	mode2_enter	2	02	00	E0	00	00	4.0	1	0	2	0																						
2	ppu_public	60	8980264	20	0	0.0	stat_sample	3	02	00	E0	00	00	0.0	1	0	2	0																						
2	ppu_public	60	8980430	20	176	88.0	mode3_enter	3	02	00	E0	00	00	88.0	1	0	2	0																						
2	ppu_public	60	8980424	20	84	42.0	stat_sample	3	03	00	E0	00	00	42.0	1	0	2	0																						
2	ppu_public	60	8980774	20	520	260.0	mode0_enter	0	03	00	E0	00	00	260.0	1	0	2	0																						
2	ppu_public	60	8980768	20	257	128.5	stat_sample	0	00	00	E0	00	00	128.5	1	0	2	0																						
2	ppu_public	60	8981168	21	0	0.0	stat_sample	2	00	00	E0	00	00	0.0	1	0	2	0																						
2	ppu_public	60	8981168	21	2	1.0	mode2_irq_prepare	0	00	00	E0	00	00	1.0	1	0	2	0																						
2	ppu_public	60	8981176	21	0	0.0	stat_sample	2	02	00	E0	00	00	0.0	1	0	2	0																						
2	ppu_public	60	8981174	21	8	4.0	mode2_enter	2	02	00	E0	00	00	4.0	1	0	2	0																						
2	ppu_public	60	8981176	21	0	0.0	stat_sample	3	02	00	E0	00	00	0.0	1	0	2	0																						
2	ppu_public	60	8981342	21	176	88.0	mode3_enter	3	02	00	E0	00	00	88.0	1	0	2	0																						
2	ppu_public	60	8981336	21	84	42.0	stat_sample	3	03	00	E0	00	00	42.0	1	0	2	0																						
2	ppu_public	60	8981686	21	520	260.0	mode0_enter	0	03	00	E0	00	00	260.0	1	0	2	0																						
2	ppu_public	60	8981680	21	257	128.5	stat_sample	0	00	00	E0	00	00	128.5	1	0	2	0																						
2	ppu_public	60	8982080	22	0	0.0	stat_sample	2	00	00	E0	00	00	0.0	1	0	2	0																						
2	ppu_public	60	8982080	22	2	1.0	mode2_irq_prepare	0	00	00	E0	00	00	1.0	1	0	2	0																						
2	ppu_public	60	8982088	22	0	0.0	stat_sample	2	02	00	E0	00	00	0.0	1	0	2	0																						
2	ppu_public	60	8982086	22	8	4.0	mode2_enter	2	02	00	E0	00	00	4.0	1	0	2	0																						
2	ppu_public	60	8982088	22	0	0.0	stat_sample	3	02	00	E0	00	00	0.0	1	0	2	0																						
2	ppu_public	60	8982254	22	176	88.0	mode3_enter	3	02	00	E0	00	00	88.0	1	0	2	0																						
2	ppu_public	60	8982248	22	84	42.0	stat_sample	3	03	00	E0	00	00	42.0	1	0	2	0																						
2	ppu_public	60	8982598	22	520	260.0	mode0_enter	0	03	00	E0	00	00	260.0	1	0	2	0																						
2	ppu_public	60	8982592	22	257	128.5	stat_sample	0	00	00	E0	00	00	128.5	1	0	2	0																						
2	ppu_public	60	8982992	23	0	0.0	stat_sample	2	00	00	E0	00	00	0.0	1	0	2	0																						
2	ppu_public	60	8982992	23	2	1.0	mode2_irq_prepare	0	00	00	E0	00	00	1.0	1	0	2	0																						
2	ppu_public	60	8983000	23	0	0.0	stat_sample	2	02	00	E0	00	00	0.0	1	0	2	0																						
2	ppu_public	60	8982998	23	8	4.0	mode2_enter	2	02	00	E0	00	00	4.0	1	0	2	0																						
2	ppu_public	60	8983000	23	0	0.0	stat_sample	3	02	00	E0	00	00	0.0	1	0	2	0																						
2	ppu_public	60	8983166	23	176	88.0	mode3_enter	3	02	00	E0	00	00	88.0	1	0	2	0																						
2	ppu_public	60	8983160	23	84	42.0	stat_sample	3	03	00	E0	00	00	42.0	1	0	2	0																						
2	ppu_public	60	8983510	23	520	260.0	mode0_enter	0	03	00	E0	00	00	260.0	1	0	2	0																						
2	ppu_public	60	8983504	23	257	128.5	stat_sample	0	00	00	E0	00	00	128.5	1	0	2	0																						
2	ppu_public	60	8983904	24	0	0.0	stat_sample	2	00	00	E0	00	00	0.0	1	0	2	0																						
2	ppu_public	60	8983904	24	2	1.0	mode2_irq_prepare	0	00	00	E0	00	00	1.0	1	0	2	0																						
2	ppu_public	60	8983912	24	0	0.0	stat_sample	2	02	00	E0	00	00	0.0	1	0	2	0																						
2	ppu_public	60	8983910	24	8	4.0	mode2_enter	2	02	00	E0	00	00	4.0	1	0	2	0																						
2	ppu_public	60	8983912	24	0	0.0	stat_sample	3	02	00	E0	00	00	0.0	1	0	2	0																						
2	ppu_public	60	8984078	24	176	88.0	mode3_enter	3	02	00	E0	00	00	88.0	1	0	2	0																						
2	ppu_public	60	8984072	24	84	42.0	stat_sample	3	03	00	E0	00	00	42.0	1	0	2	0																						
2	ppu_public	60	8984422	24	520	260.0	mode0_enter	0	03	00	E0	00	00	260.0	1	0	2	0																						
2	ppu_public	60	8984416	24	257	128.5	stat_sample	0	00	00	E0	00	00	128.5	1	0	2	0																						
2	ppu_public	60	8984816	25	0	0.0	stat_sample	2	00	00	E0	00	00	0.0	1	0	2	0																						
2	ppu_public	60	8984816	25	2	1.0	mode2_irq_prepare	0	00	00	E0	00	00	1.0	1	0	2	0																						
2	ppu_public	60	8984824	25	0	0.0	stat_sample	2	02	00	E0	00	00	0.0	1	0	2	0																						
2	ppu_public	60	8984822	25	8	4.0	mode2_enter	2	02	00	E0	00	00	4.0	1	0	2	0																						
2	ppu_public	60	8984824	25	0	0.0	stat_sample	3	02	00	E0	00	00	0.0	1	0	2	0																						
2	ppu_public	60	8984990	25	176	88.0	mode3_enter	3	02	00	E0	00	00	88.0	1	0	2	0																						
2	ppu_public	60	8984984	25	84	42.0	stat_sample	3	03	00	E0	00	00	42.0	1	0	2	0																						
2	ppu_public	60	8985334	25	520	260.0	mode0_enter	0	03	00	E0	00	00	260.0	1	0	2	0																						
2	ppu_public	60	8985328	25	257	128.5	stat_sample	0	00	00	E0	00	00	128.5	1	0	2	0																						
2	ppu_public	60	8985728	26	0	0.0	stat_sample	2	00	00	E0	00	00	0.0	1	0	2	0																						
2	ppu_public	60	8985728	26	2	1.0	mode2_irq_prepare	0	00	00	E0	00	00	1.0	1	0	2	0																						
2	ppu_public	60	8985736	26	0	0.0	stat_sample	2	02	00	E0	00	00	0.0	1	0	2	0																						
2	ppu_public	60	8985734	26	8	4.0	mode2_enter	2	02	00	E0	00	00	4.0	1	0	2	0																						
2	ppu_public	60	8985736	26	0	0.0	stat_sample	3	02	00	E0	00	00	0.0	1	0	2	0																						
2	ppu_public	60	8985902	26	176	88.0	mode3_enter	3	02	00	E0	00	00	88.0	1	0	2	0																						
2	ppu_public	60	8985896	26	84	42.0	stat_sample	3	03	00	E0	00	00	42.0	1	0	2	0																						
2	ppu_public	60	8986246	26	520	260.0	mode0_enter	0	03	00	E0	00	00	260.0	1	0	2	0																						
2	ppu_public	60	8986240	26	257	128.5	stat_sample	0	00	00	E0	00	00	128.5	1	0	2	0																						
2	ppu_public	60	8986640	27	0	0.0	stat_sample	2	00	00	E0	00	00	0.0	1	0	2	0																						
2	ppu_public	60	8986640	27	2	1.0	mode2_irq_prepare	0	00	00	E0	00	00	1.0	1	0	2	0																						
2	ppu_public	60	8986648	27	0	0.0	stat_sample	2	02	00	E0	00	00	0.0	1	0	2	0																						
2	ppu_public	60	8986646	27	8	4.0	mode2_enter	2	02	00	E0	00	00	4.0	1	0	2	0																						
2	ppu_public	60	8986648	27	0	0.0	stat_sample	3	02	00	E0	00	00	0.0	1	0	2	0																						
2	ppu_public	60	8986814	27	176	88.0	mode3_enter	3	02	00	E0	00	00	88.0	1	0	2	0																						
2	ppu_public	60	8986808	27	84	42.0	stat_sample	3	03	00	E0	00	00	42.0	1	0	2	0																						
2	ppu_public	60	8987158	27	520	260.0	mode0_enter	0	03	00	E0	00	00	260.0	1	0	2	0																						
2	ppu_public	60	8987152	27	257	128.5	stat_sample	0	00	00	E0	00	00	128.5	1	0	2	0																						
2	ppu_public	60	8987552	28	0	0.0	stat_sample	2	00	00	E0	00	00	0.0	1	0	2	0																						
2	ppu_public	60	8987552	28	2	1.0	mode2_irq_prepare	0	00	00	E0	00	00	1.0	1	0	2	0																						
2	ppu_public	60	8987560	28	0	0.0	stat_sample	2	02	00	E0	00	00	0.0	1	0	2	0																						
2	ppu_public	60	8987558	28	8	4.0	mode2_enter	2	02	00	E0	00	00	4.0	1	0	2	0																						
2	ppu_public	60	8987560	28	0	0.0	stat_sample	3	02	00	E0	00	00	0.0	1	0	2	0																						
2	ppu_public	60	8987726	28	176	88.0	mode3_enter	3	02	00	E0	00	00	88.0	1	0	2	0																						
2	ppu_public	60	8987720	28	84	42.0	stat_sample	3	03	00	E0	00	00	42.0	1	0	2	0																						
2	ppu_public	60	8988070	28	520	260.0	mode0_enter	0	03	00	E0	00	00	260.0	1	0	2	0																						
2	ppu_public	60	8988064	28	257	128.5	stat_sample	0	00	00	E0	00	00	128.5	1	0	2	0																						
2	ppu_public	60	8988464	29	0	0.0	stat_sample	2	00	00	E0	00	00	0.0	1	0	2	0																						
2	ppu_public	60	8988464	29	2	1.0	mode2_irq_prepare	0	00	00	E0	00	00	1.0	1	0	2	0																						
2	ppu_public	60	8988472	29	0	0.0	stat_sample	2	02	00	E0	00	00	0.0	1	0	2	0																						
2	ppu_public	60	8988470	29	8	4.0	mode2_enter	2	02	00	E0	00	00	4.0	1	0	2	0																						
2	ppu_public	60	8988472	29	0	0.0	stat_sample	3	02	00	E0	00	00	0.0	1	0	2	0																						
2	ppu_public	60	8988638	29	176	88.0	mode3_enter	3	02	00	E0	00	00	88.0	1	0	2	0																						
2	ppu_public	60	8988632	29	84	42.0	stat_sample	3	03	00	E0	00	00	42.0	1	0	2	0																						
2	ppu_public	60	8988982	29	520	260.0	mode0_enter	0	03	00	E0	00	00	260.0	1	0	2	0																						
2	ppu_public	60	8988976	29	257	128.5	stat_sample	0	00	00	E0	00	00	128.5	1	0	2	0																						
2	ppu_public	60	8989376	30	0	0.0	stat_sample	2	00	00	E0	00	00	0.0	1	0	2	0																						
2	ppu_public	60	8989376	30	2	1.0	mode2_irq_prepare	0	00	00	E0	00	00	1.0	1	0	2	0																						
2	ppu_public	60	8989384	30	0	0.0	stat_sample	2	02	00	E0	00	00	0.0	1	0	2	0																						
2	ppu_public	60	8989382	30	8	4.0	mode2_enter	2	02	00	E0	00	00	4.0	1	0	2	0																						
2	ppu_public	60	8989384	30	0	0.0	stat_sample	3	02	00	E0	00	00	0.0	1	0	2	0																						
2	ppu_public	60	8989550	30	176	88.0	mode3_enter	3	02	00	E0	00	00	88.0	1	0	2	0																						
2	ppu_public	60	8989544	30	84	42.0	stat_sample	3	03	00	E0	00	00	42.0	1	0	2	0																						
2	ppu_public	60	8989894	30	520	260.0	mode0_enter	0	03	00	E0	00	00	260.0	1	0	2	0																						
2	ppu_public	60	8989888	30	257	128.5	stat_sample	0	00	00	E0	00	00	128.5	1	0	2	0																						
2	ppu_public	60	8990288	31	0	0.0	stat_sample	2	00	00	E0	00	00	0.0	1	0	2	0																						
2	ppu_public	60	8990288	31	2	1.0	mode2_irq_prepare	0	00	00	E0	00	00	1.0	1	0	2	0																						
2	ppu_public	60	8990296	31	0	0.0	stat_sample	2	02	00	E0	00	00	0.0	1	0	2	0																						
2	ppu_public	60	8990294	31	8	4.0	mode2_enter	2	02	00	E0	00	00	4.0	1	0	2	0																						
2	ppu_public	60	8990296	31	0	0.0	stat_sample	3	02	00	E0	00	00	0.0	1	0	2	0																						
2	ppu_public	60	8990462	31	176	88.0	mode3_enter	3	02	00	E0	00	00	88.0	1	0	2	0																						
2	ppu_public	60	8990456	31	84	42.0	stat_sample	3	03	00	E0	00	00	42.0	1	0	2	0																						
2	ppu_public	60	8990806	31	520	260.0	mode0_enter	0	03	00	E0	00	00	260.0	1	0	2	0																						
2	ppu_public	60	8990800	31	257	128.5	stat_sample	0	00	00	E0	00	00	128.5	1	0	2	0																						
2	ppu_public	60	8991200	32	0	0.0	stat_sample	2	00	00	E0	00	00	0.0	1	0	2	0																						
2	ppu_public	60	8991200	32	2	1.0	mode2_irq_prepare	0	00	00	E0	00	00	1.0	1	0	2	0																						
2	ppu_public	60	8991208	32	0	0.0	stat_sample	2	02	00	E0	00	00	0.0	1	0	2	0																						
2	ppu_public	60	8991206	32	8	4.0	mode2_enter	2	02	00	E0	00	00	4.0	1	0	2	0																						
2	ppu_public	60	8991208	32	0	0.0	stat_sample	3	02	00	E0	00	00	0.0	1	0	2	0																						
2	ppu_public	60	8991374	32	176	88.0	mode3_enter	3	02	00	E0	00	00	88.0	1	0	2	0																						
2	ppu_public	60	8991368	32	84	42.0	stat_sample	3	03	00	E0	00	00	42.0	1	0	2	0																						
2	ppu_public	60	8991718	32	520	260.0	mode0_enter	0	03	00	E0	00	00	260.0	1	0	2	0																						
2	ppu_public	60	8991712	32	257	128.5	stat_sample	0	00	00	E0	00	00	128.5	1	0	2	0																						
2	ppu_public	60	8992112	33	0	0.0	stat_sample	2	00	00	E0	00	00	0.0	1	0	2	0																						
2	ppu_public	60	8992112	33	2	1.0	mode2_irq_prepare	0	00	00	E0	00	00	1.0	1	0	2	0																						
2	ppu_public	60	8992120	33	0	0.0	stat_sample	2	02	00	E0	00	00	0.0	1	0	2	0																						
2	ppu_public	60	8992118	33	8	4.0	mode2_enter	2	02	00	E0	00	00	4.0	1	0	2	0																						
2	ppu_public	60	8992120	33	0	0.0	stat_sample	3	02	00	E0	00	00	0.0	1	0	2	0																						
2	ppu_public	60	8992286	33	176	88.0	mode3_enter	3	02	00	E0	00	00	88.0	1	0	2	0																						
2	ppu_public	60	8992280	33	84	42.0	stat_sample	3	03	00	E0	00	00	42.0	1	0	2	0																						
2	ppu_public	60	8992630	33	520	260.0	mode0_enter	0	03	00	E0	00	00	260.0	1	0	2	0																						
2	ppu_public	60	8992624	33	257	128.5	stat_sample	0	00	00	E0	00	00	128.5	1	0	2	0																						
2	ppu_public	60	8993024	34	0	0.0	stat_sample	2	00	00	E0	00	00	0.0	1	0	2	0																						
2	ppu_public	60	8993024	34	2	1.0	mode2_irq_prepare	0	00	00	E0	00	00	1.0	1	0	2	0																						
2	ppu_public	60	8993032	34	0	0.0	stat_sample	2	02	00	E0	00	00	0.0	1	0	2	0																						
2	ppu_public	60	8993030	34	8	4.0	mode2_enter	2	02	00	E0	00	00	4.0	1	0	2	0																						
2	ppu_public	60	8993032	34	0	0.0	stat_sample	3	02	00	E0	00	00	0.0	1	0	2	0																						
2	ppu_public	60	8993198	34	176	88.0	mode3_enter	3	02	00	E0	00	00	88.0	1	0	2	0																						
2	ppu_public	60	8993192	34	84	42.0	stat_sample	3	03	00	E0	00	00	42.0	1	0	2	0																						
2	ppu_public	60	8993542	34	520	260.0	mode0_enter	0	03	00	E0	00	00	260.0	1	0	2	0																						
2	ppu_public	60	8993536	34	257	128.5	stat_sample	0	00	00	E0	00	00	128.5	1	0	2	0																						
2	ppu_public	60	8993936	35	0	0.0	stat_sample	2	00	00	E0	00	00	0.0	1	0	2	0																						
2	ppu_public	60	8993936	35	2	1.0	mode2_irq_prepare	0	00	00	E0	00	00	1.0	1	0	2	0																						
2	ppu_public	60	8993944	35	0	0.0	stat_sample	2	02	00	E0	00	00	0.0	1	0	2	0																						
2	ppu_public	60	8993942	35	8	4.0	mode2_enter	2	02	00	E0	00	00	4.0	1	0	2	0																						
2	ppu_public	60	8993944	35	0	0.0	stat_sample	3	02	00	E0	00	00	0.0	1	0	2	0																						
2	ppu_public	60	8994110	35	176	88.0	mode3_enter	3	02	00	E0	00	00	88.0	1	0	2	0																						
2	ppu_public	60	8994104	35	84	42.0	stat_sample	3	03	00	E0	00	00	42.0	1	0	2	0																						
2	ppu_public	60	8994454	35	520	260.0	mode0_enter	0	03	00	E0	00	00	260.0	1	0	2	0																						
2	ppu_public	60	8994448	35	257	128.5	stat_sample	0	00	00	E0	00	00	128.5	1	0	2	0																						
2	ppu_public	60	8994848	36	0	0.0	stat_sample	2	00	00	E0	00	00	0.0	1	0	2	0																						
2	ppu_public	60	8994848	36	2	1.0	mode2_irq_prepare	0	00	00	E0	00	00	1.0	1	0	2	0																						
2	ppu_public	60	8994856	36	0	0.0	stat_sample	2	02	00	E0	00	00	0.0	1	0	2	0																						
2	ppu_public	60	8994854	36	8	4.0	mode2_enter	2	02	00	E0	00	00	4.0	1	0	2	0																						
2	ppu_public	60	8994856	36	0	0.0	stat_sample	3	02	00	E0	00	00	0.0	1	0	2	0																						
2	ppu_public	60	8995022	36	176	88.0	mode3_enter	3	02	00	E0	00	00	88.0	1	0	2	0																						
2	ppu_public	60	8995016	36	84	42.0	stat_sample	3	03	00	E0	00	00	42.0	1	0	2	0																						
2	ppu_public	60	8995366	36	520	260.0	mode0_enter	0	03	00	E0	00	00	260.0	1	0	2	0																						
2	ppu_public	60	8995360	36	257	128.5	stat_sample	0	00	00	E0	00	00	128.5	1	0	2	0																						
2	ppu_public	60	8995760	37	0	0.0	stat_sample	2	00	00	E0	00	00	0.0	1	0	2	0																						
2	ppu_public	60	8995760	37	2	1.0	mode2_irq_prepare	0	00	00	E0	00	00	1.0	1	0	2	0																						
2	ppu_public	60	8995768	37	0	0.0	stat_sample	2	02	00	E0	00	00	0.0	1	0	2	0																						
2	ppu_public	60	8995766	37	8	4.0	mode2_enter	2	02	00	E0	00	00	4.0	1	0	2	0																						
2	ppu_public	60	8995768	37	0	0.0	stat_sample	3	02	00	E0	00	00	0.0	1	0	2	0																						
2	ppu_public	60	8995934	37	176	88.0	mode3_enter	3	02	00	E0	00	00	88.0	1	0	2	0																						
2	ppu_public	60	8995928	37	84	42.0	stat_sample	3	03	00	E0	00	00	42.0	1	0	2	0																						
2	ppu_public	60	8996278	37	520	260.0	mode0_enter	0	03	00	E0	00	00	260.0	1	0	2	0																						
2	ppu_public	60	8996272	37	257	128.5	stat_sample	0	00	00	E0	00	00	128.5	1	0	2	0																						
2	ppu_public	60	8996672	38	0	0.0	stat_sample	2	00	00	E0	00	00	0.0	1	0	2	0																						
2	ppu_public	60	8996672	38	2	1.0	mode2_irq_prepare	0	00	00	E0	00	00	1.0	1	0	2	0																						
2	ppu_public	60	8996680	38	0	0.0	stat_sample	2	02	00	E0	00	00	0.0	1	0	2	0																						
2	ppu_public	60	8996678	38	8	4.0	mode2_enter	2	02	00	E0	00	00	4.0	1	0	2	0																						
2	ppu_public	60	8996680	38	0	0.0	stat_sample	3	02	00	E0	00	00	0.0	1	0	2	0																						
2	ppu_public	60	8996846	38	176	88.0	mode3_enter	3	02	00	E0	00	00	88.0	1	0	2	0																						
2	ppu_public	60	8996840	38	84	42.0	stat_sample	3	03	00	E0	00	00	42.0	1	0	2	0																						
2	ppu_public	60	8997190	38	520	260.0	mode0_enter	0	03	00	E0	00	00	260.0	1	0	2	0																						
2	ppu_public	60	8997184	38	257	128.5	stat_sample	0	00	00	E0	00	00	128.5	1	0	2	0																						
2	ppu_public	60	8997584	39	0	0.0	stat_sample	2	00	00	E0	00	00	0.0	1	0	2	0																						
2	ppu_public	60	8997584	39	2	1.0	mode2_irq_prepare	0	00	00	E0	00	00	1.0	1	0	2	0																						
2	ppu_public	60	8997592	39	0	0.0	stat_sample	2	02	00	E0	00	00	0.0	1	0	2	0																						
2	ppu_public	60	8997590	39	8	4.0	mode2_enter	2	02	00	E0	00	00	4.0	1	0	2	0																						
2	ppu_public	60	8997592	39	0	0.0	stat_sample	3	02	00	E0	00	00	0.0	1	0	2	0																						
2	ppu_public	60	8997758	39	176	88.0	mode3_enter	3	02	00	E0	00	00	88.0	1	0	2	0																						
2	ppu_public	60	8997752	39	84	42.0	stat_sample	3	03	00	E0	00	00	42.0	1	0	2	0																						
2	ppu_public	60	8998102	39	520	260.0	mode0_enter	0	03	00	E0	00	00	260.0	1	0	2	0																						
2	ppu_public	60	8998096	39	257	128.5	stat_sample	0	00	00	E0	00	00	128.5	1	0	2	0																						
2	ppu_public	60	8998496	40	0	0.0	stat_sample	2	00	00	E0	00	00	0.0	1	0	2	0																						
2	ppu_public	60	8998496	40	2	1.0	mode2_irq_prepare	0	00	00	E0	00	00	1.0	1	0	2	0																						
2	ppu_public	60	8998504	40	0	0.0	stat_sample	2	02	00	E0	00	00	0.0	1	0	2	0																						
2	ppu_public	60	8998502	40	8	4.0	mode2_enter	2	02	00	E0	00	00	4.0	1	0	2	0																						
2	ppu_public	60	8998504	40	0	0.0	stat_sample	3	02	00	E0	00	00	0.0	1	0	2	0																						
2	ppu_public	60	8998670	40	176	88.0	mode3_enter	3	02	00	E0	00	00	88.0	1	0	2	0																						
2	ppu_public	60	8998664	40	84	42.0	stat_sample	3	03	00	E0	00	00	42.0	1	0	2	0																						
2	ppu_public	60	8999014	40	520	260.0	mode0_enter	0	03	00	E0	00	00	260.0	1	0	2	0																						
2	ppu_public	60	8999008	40	257	128.5	stat_sample	0	00	00	E0	00	00	128.5	1	0	2	0																						
2	ppu_public	60	8999408	41	0	0.0	stat_sample	2	00	00	E0	00	00	0.0	1	0	2	0																						
2	ppu_public	60	8999408	41	2	1.0	mode2_irq_prepare	0	00	00	E0	00	00	1.0	1	0	2	0																						
2	ppu_public	60	8999416	41	0	0.0	stat_sample	2	02	00	E0	00	00	0.0	1	0	2	0																						
2	ppu_public	60	8999414	41	8	4.0	mode2_enter	2	02	00	E0	00	00	4.0	1	0	2	0																						
2	ppu_public	60	8999416	41	0	0.0	stat_sample	3	02	00	E0	00	00	0.0	1	0	2	0																						
2	ppu_public	60	8999582	41	176	88.0	mode3_enter	3	02	00	E0	00	00	88.0	1	0	2	0																						
2	ppu_public	60	8999576	41	84	42.0	stat_sample	3	03	00	E0	00	00	42.0	1	0	2	0																						
2	ppu_public	60	8999926	41	520	260.0	mode0_enter	0	03	00	E0	00	00	260.0	1	0	2	0																						
2	ppu_public	60	8999920	41	257	128.5	stat_sample	0	00	00	E0	00	00	128.5	1	0	2	0																						
2	ppu_public	60	9000320	42	0	0.0	stat_sample	2	00	00	E0	00	00	0.0	1	0	2	0																						
2	ppu_public	60	9000320	42	2	1.0	mode2_irq_prepare	0	00	00	E0	00	00	1.0	1	0	2	0																						
2	ppu_public	60	9000328	42	0	0.0	stat_sample	2	02	00	E0	00	00	0.0	1	0	2	0																						
2	ppu_public	60	9000326	42	8	4.0	mode2_enter	2	02	00	E0	00	00	4.0	1	0	2	0																						
2	ppu_public	60	9000328	42	0	0.0	stat_sample	3	02	00	E0	00	00	0.0	1	0	2	0																						
2	ppu_public	60	9000494	42	176	88.0	mode3_enter	3	02	00	E0	00	00	88.0	1	0	2	0																						
2	ppu_public	60	9000488	42	84	42.0	stat_sample	3	03	00	E0	00	00	42.0	1	0	2	0																						
2	ppu_public	60	9000838	42	520	260.0	mode0_enter	0	03	00	E0	00	00	260.0	1	0	2	0																						
2	ppu_public	60	9000832	42	257	128.5	stat_sample	0	00	00	E0	00	00	128.5	1	0	2	0																						
2	ppu_public	60	9001232	43	0	0.0	stat_sample	2	00	00	E0	00	00	0.0	1	0	2	0																						
2	ppu_public	60	9001232	43	2	1.0	mode2_irq_prepare	0	00	00	E0	00	00	1.0	1	0	2	0																						
2	ppu_public	60	9001240	43	0	0.0	stat_sample	2	02	00	E0	00	00	0.0	1	0	2	0																						
2	ppu_public	60	9001238	43	8	4.0	mode2_enter	2	02	00	E0	00	00	4.0	1	0	2	0																						
2	ppu_public	60	9001240	43	0	0.0	stat_sample	3	02	00	E0	00	00	0.0	1	0	2	0																						
2	ppu_public	60	9001406	43	176	88.0	mode3_enter	3	02	00	E0	00	00	88.0	1	0	2	0																						
2	ppu_public	60	9001400	43	84	42.0	stat_sample	3	03	00	E0	00	00	42.0	1	0	2	0																						
2	ppu_public	60	9001750	43	520	260.0	mode0_enter	0	03	00	E0	00	00	260.0	1	0	2	0																						
2	ppu_public	60	9001744	43	257	128.5	stat_sample	0	00	00	E0	00	00	128.5	1	0	2	0																						
2	ppu_public	60	9002144	44	0	0.0	stat_sample	2	00	00	E0	00	00	0.0	1	0	2	0																						
2	ppu_public	60	9002144	44	2	1.0	mode2_irq_prepare	0	00	00	E0	00	00	1.0	1	0	2	0																						
2	ppu_public	60	9002152	44	0	0.0	stat_sample	2	02	00	E0	00	00	0.0	1	0	2	0																						
2	ppu_public	60	9002150	44	8	4.0	mode2_enter	2	02	00	E0	00	00	4.0	1	0	2	0																						
2	ppu_public	60	9002152	44	0	0.0	stat_sample	3	02	00	E0	00	00	0.0	1	0	2	0																						
2	ppu_public	60	9002318	44	176	88.0	mode3_enter	3	02	00	E0	00	00	88.0	1	0	2	0																						
2	ppu_public	60	9002312	44	84	42.0	stat_sample	3	03	00	E0	00	00	42.0	1	0	2	0																						
2	ppu_public	60	9002662	44	520	260.0	mode0_enter	0	03	00	E0	00	00	260.0	1	0	2	0																						
2	ppu_public	60	9002656	44	257	128.5	stat_sample	0	00	00	E0	00	00	128.5	1	0	2	0																						
2	ppu_public	60	9003056	45	0	0.0	stat_sample	2	00	00	E0	00	00	0.0	1	0	2	0																						
2	ppu_public	60	9003056	45	2	1.0	mode2_irq_prepare	0	00	00	E0	00	00	1.0	1	0	2	0																						
2	ppu_public	60	9003064	45	0	0.0	stat_sample	2	02	00	E0	00	00	0.0	1	0	2	0																						
2	ppu_public	60	9003062	45	8	4.0	mode2_enter	2	02	00	E0	00	00	4.0	1	0	2	0																						
2	ppu_public	60	9003064	45	0	0.0	stat_sample	3	02	00	E0	00	00	0.0	1	0	2	0																						
2	ppu_public	60	9003230	45	176	88.0	mode3_enter	3	02	00	E0	00	00	88.0	1	0	2	0																						
2	ppu_public	60	9003224	45	84	42.0	stat_sample	3	03	00	E0	00	00	42.0	1	0	2	0																						
2	ppu_public	60	9003574	45	520	260.0	mode0_enter	0	03	00	E0	00	00	260.0	1	0	2	0																						
2	ppu_public	60	9003568	45	257	128.5	stat_sample	0	00	00	E0	00	00	128.5	1	0	2	0																						
2	ppu_public	60	9003968	46	0	0.0	stat_sample	2	00	00	E0	00	00	0.0	1	0	2	0																						
2	ppu_public	60	9003968	46	2	1.0	mode2_irq_prepare	0	00	00	E0	00	00	1.0	1	0	2	0																						
2	ppu_public	60	9003976	46	0	0.0	stat_sample	2	02	00	E0	00	00	0.0	1	0	2	0																						
2	ppu_public	60	9003974	46	8	4.0	mode2_enter	2	02	00	E0	00	00	4.0	1	0	2	0																						
2	ppu_public	60	9003976	46	0	0.0	stat_sample	3	02	00	E0	00	00	0.0	1	0	2	0																						
2	ppu_public	60	9004142	46	176	88.0	mode3_enter	3	02	00	E0	00	00	88.0	1	0	2	0																						
2	ppu_public	60	9004136	46	84	42.0	stat_sample	3	03	00	E0	00	00	42.0	1	0	2	0																						
2	ppu_public	60	9004486	46	520	260.0	mode0_enter	0	03	00	E0	00	00	260.0	1	0	2	0																						
2	ppu_public	60	9004480	46	257	128.5	stat_sample	0	00	00	E0	00	00	128.5	1	0	2	0																						
2	ppu_public	60	9004880	47	0	0.0	stat_sample	2	00	00	E0	00	00	0.0	1	0	2	0																						
2	ppu_public	60	9004880	47	2	1.0	mode2_irq_prepare	0	00	00	E0	00	00	1.0	1	0	2	0																						
2	ppu_public	60	9004888	47	0	0.0	stat_sample	2	02	00	E0	00	00	0.0	1	0	2	0																						
2	ppu_public	60	9004886	47	8	4.0	mode2_enter	2	02	00	E0	00	00	4.0	1	0	2	0																						
2	ppu_public	60	9004888	47	0	0.0	stat_sample	3	02	00	E0	00	00	0.0	1	0	2	0																						
2	ppu_public	60	9005054	47	176	88.0	mode3_enter	3	02	00	E0	00	00	88.0	1	0	2	0																						
2	ppu_public	60	9005048	47	84	42.0	stat_sample	3	03	00	E0	00	00	42.0	1	0	2	0																						
2	ppu_public	60	9005398	47	520	260.0	mode0_enter	0	03	00	E0	00	00	260.0	1	0	2	0																						
2	ppu_public	60	9005392	47	257	128.5	stat_sample	0	00	00	E0	00	00	128.5	1	0	2	0																						
2	ppu_public	60	9005792	48	0	0.0	stat_sample	2	00	00	E0	00	00	0.0	1	0	2	0																						
2	ppu_public	60	9005792	48	2	1.0	mode2_irq_prepare	0	00	00	E0	00	00	1.0	1	0	2	0																						
2	ppu_public	60	9005800	48	0	0.0	stat_sample	2	02	00	E0	00	00	0.0	1	0	2	0																						
2	ppu_public	60	9005798	48	8	4.0	mode2_enter	2	02	00	E0	00	00	4.0	1	0	2	0																						
2	ppu_public	60	9005800	48	0	0.0	stat_sample	3	02	00	E0	00	00	0.0	1	0	2	0																						
2	ppu_public	60	9005966	48	176	88.0	mode3_enter	3	02	00	E0	00	00	88.0	1	0	2	0																						
2	ppu_public	60	9005960	48	84	42.0	stat_sample	3	03	00	E0	00	00	42.0	1	0	2	0																						
2	ppu_public	60	9006310	48	520	260.0	mode0_enter	0	03	00	E0	00	00	260.0	1	0	2	0																						
2	ppu_public	60	9006304	48	257	128.5	stat_sample	0	00	00	E0	00	00	128.5	1	0	2	0																						
2	ppu_public	60	9006704	49	0	0.0	stat_sample	2	00	00	E0	00	00	0.0	1	0	2	0																						
2	ppu_public	60	9006704	49	2	1.0	mode2_irq_prepare	0	00	00	E0	00	00	1.0	1	0	2	0																						
2	ppu_public	60	9006712	49	0	0.0	stat_sample	2	02	00	E0	00	00	0.0	1	0	2	0																						
2	ppu_public	60	9006710	49	8	4.0	mode2_enter	2	02	00	E0	00	00	4.0	1	0	2	0																						
2	ppu_public	60	9006712	49	0	0.0	stat_sample	3	02	00	E0	00	00	0.0	1	0	2	0																						
2	ppu_public	60	9006878	49	176	88.0	mode3_enter	3	02	00	E0	00	00	88.0	1	0	2	0																						
2	ppu_public	60	9006872	49	84	42.0	stat_sample	3	03	00	E0	00	00	42.0	1	0	2	0																						
2	ppu_public	60	9007222	49	520	260.0	mode0_enter	0	03	00	E0	00	00	260.0	1	0	2	0																						
2	ppu_public	60	9007216	49	257	128.5	stat_sample	0	00	00	E0	00	00	128.5	1	0	2	0																						
2	ppu_public	60	9007616	50	0	0.0	stat_sample	2	00	00	E0	00	00	0.0	1	0	2	0																						
2	ppu_public	60	9007616	50	2	1.0	mode2_irq_prepare	0	00	00	E0	00	00	1.0	1	0	2	0																						
2	ppu_public	60	9007624	50	0	0.0	stat_sample	2	02	00	E0	00	00	0.0	1	0	2	0																						
2	ppu_public	60	9007622	50	8	4.0	mode2_enter	2	02	00	E0	00	00	4.0	1	0	2	0																						
2	ppu_public	60	9007624	50	0	0.0	stat_sample	3	02	00	E0	00	00	0.0	1	0	2	0																						
2	ppu_public	60	9007790	50	176	88.0	mode3_enter	3	02	00	E0	00	00	88.0	1	0	2	0																						
2	ppu_public	60	9007784	50	84	42.0	stat_sample	3	03	00	E0	00	00	42.0	1	0	2	0																						
2	ppu_public	60	9008134	50	520	260.0	mode0_enter	0	03	00	E0	00	00	260.0	1	0	2	0																						
2	ppu_public	60	9008128	50	257	128.5	stat_sample	0	00	00	E0	00	00	128.5	1	0	2	0																						
2	ppu_public	60	9008528	51	0	0.0	stat_sample	2	00	00	E0	00	00	0.0	1	0	2	0																						
2	ppu_public	60	9008528	51	2	1.0	mode2_irq_prepare	0	00	00	E0	00	00	1.0	1	0	2	0																						
2	ppu_public	60	9008536	51	0	0.0	stat_sample	2	02	00	E0	00	00	0.0	1	0	2	0																						
2	ppu_public	60	9008534	51	8	4.0	mode2_enter	2	02	00	E0	00	00	4.0	1	0	2	0																						
2	ppu_public	60	9008536	51	0	0.0	stat_sample	3	02	00	E0	00	00	0.0	1	0	2	0																						
2	ppu_public	60	9008702	51	176	88.0	mode3_enter	3	02	00	E0	00	00	88.0	1	0	2	0																						
2	ppu_public	60	9008696	51	84	42.0	stat_sample	3	03	00	E0	00	00	42.0	1	0	2	0																						
2	ppu_public	60	9009046	51	520	260.0	mode0_enter	0	03	00	E0	00	00	260.0	1	0	2	0																						
2	ppu_public	60	9009040	51	257	128.5	stat_sample	0	00	00	E0	00	00	128.5	1	0	2	0																						
2	ppu_public	60	9009440	52	0	0.0	stat_sample	2	00	00	E0	00	00	0.0	1	0	2	0																						
2	ppu_public	60	9009440	52	2	1.0	mode2_irq_prepare	0	00	00	E0	00	00	1.0	1	0	2	0																						
2	ppu_public	60	9009448	52	0	0.0	stat_sample	2	02	00	E0	00	00	0.0	1	0	2	0																						
2	ppu_public	60	9009446	52	8	4.0	mode2_enter	2	02	00	E0	00	00	4.0	1	0	2	0																						
2	ppu_public	60	9009448	52	0	0.0	stat_sample	3	02	00	E0	00	00	0.0	1	0	2	0																						
2	ppu_public	60	9009614	52	176	88.0	mode3_enter	3	02	00	E0	00	00	88.0	1	0	2	0																						
2	ppu_public	60	9009608	52	84	42.0	stat_sample	3	03	00	E0	00	00	42.0	1	0	2	0																						
2	ppu_public	60	9009958	52	520	260.0	mode0_enter	0	03	00	E0	00	00	260.0	1	0	2	0																						
2	ppu_public	60	9009952	52	257	128.5	stat_sample	0	00	00	E0	00	00	128.5	1	0	2	0																						
2	ppu_public	60	9010352	53	0	0.0	stat_sample	2	00	00	E0	00	00	0.0	1	0	2	0																						
2	ppu_public	60	9010352	53	2	1.0	mode2_irq_prepare	0	00	00	E0	00	00	1.0	1	0	2	0																						
2	ppu_public	60	9010360	53	0	0.0	stat_sample	2	02	00	E0	00	00	0.0	1	0	2	0																						
2	ppu_public	60	9010358	53	8	4.0	mode2_enter	2	02	00	E0	00	00	4.0	1	0	2	0																						
2	ppu_public	60	9010360	53	0	0.0	stat_sample	3	02	00	E0	00	00	0.0	1	0	2	0																						
2	ppu_public	60	9010526	53	176	88.0	mode3_enter	3	02	00	E0	00	00	88.0	1	0	2	0																						
2	ppu_public	60	9010520	53	84	42.0	stat_sample	3	03	00	E0	00	00	42.0	1	0	2	0																						
2	ppu_public	60	9010870	53	520	260.0	mode0_enter	0	03	00	E0	00	00	260.0	1	0	2	0																						
2	ppu_public	60	9010864	53	257	128.5	stat_sample	0	00	00	E0	00	00	128.5	1	0	2	0																						
2	ppu_public	60	9011264	54	0	0.0	stat_sample	2	00	00	E0	00	00	0.0	1	0	2	0																						
2	ppu_public	60	9011264	54	2	1.0	mode2_irq_prepare	0	00	00	E0	00	00	1.0	1	0	2	0																						
2	ppu_public	60	9011272	54	0	0.0	stat_sample	2	02	00	E0	00	00	0.0	1	0	2	0																						
2	ppu_public	60	9011270	54	8	4.0	mode2_enter	2	02	00	E0	00	00	4.0	1	0	2	0																						
2	ppu_public	60	9011272	54	0	0.0	stat_sample	3	02	00	E0	00	00	0.0	1	0	2	0																						
2	ppu_public	60	9011438	54	176	88.0	mode3_enter	3	02	00	E0	00	00	88.0	1	0	2	0																						
2	ppu_public	60	9011432	54	84	42.0	stat_sample	3	03	00	E0	00	00	42.0	1	0	2	0																						
2	ppu_public	60	9011782	54	520	260.0	mode0_enter	0	03	00	E0	00	00	260.0	1	0	2	0																						
2	ppu_public	60	9011776	54	257	128.5	stat_sample	0	00	00	E0	00	00	128.5	1	0	2	0																						
2	ppu_public	60	9012176	55	0	0.0	stat_sample	2	00	00	E0	00	00	0.0	1	0	2	0																						
2	ppu_public	60	9012176	55	2	1.0	mode2_irq_prepare	0	00	00	E0	00	00	1.0	1	0	2	0																						
2	ppu_public	60	9012184	55	0	0.0	stat_sample	2	02	00	E0	00	00	0.0	1	0	2	0																						
2	ppu_public	60	9012182	55	8	4.0	mode2_enter	2	02	00	E0	00	00	4.0	1	0	2	0																						
2	ppu_public	60	9012184	55	0	0.0	stat_sample	3	02	00	E0	00	00	0.0	1	0	2	0																						
2	ppu_public	60	9012350	55	176	88.0	mode3_enter	3	02	00	E0	00	00	88.0	1	0	2	0																						
2	ppu_public	60	9012344	55	84	42.0	stat_sample	3	03	00	E0	00	00	42.0	1	0	2	0																						
2	ppu_public	60	9012694	55	520	260.0	mode0_enter	0	03	00	E0	00	00	260.0	1	0	2	0																						
2	ppu_public	60	9012688	55	257	128.5	stat_sample	0	00	00	E0	00	00	128.5	1	0	2	0																						
2	ppu_public	60	9013088	56	0	0.0	stat_sample	2	00	00	E0	00	00	0.0	1	0	2	0																						
2	ppu_public	60	9013088	56	2	1.0	mode2_irq_prepare	0	00	00	E0	00	00	1.0	1	0	2	0																						
2	ppu_public	60	9013096	56	0	0.0	stat_sample	2	02	00	E0	00	00	0.0	1	0	2	0																						
2	ppu_public	60	9013094	56	8	4.0	mode2_enter	2	02	00	E0	00	00	4.0	1	0	2	0																						
2	ppu_public	60	9013096	56	0	0.0	stat_sample	3	02	00	E0	00	00	0.0	1	0	2	0																						
2	ppu_public	60	9013262	56	176	88.0	mode3_enter	3	02	00	E0	00	00	88.0	1	0	2	0																						
2	ppu_public	60	9013256	56	84	42.0	stat_sample	3	03	00	E0	00	00	42.0	1	0	2	0																						
2	ppu_public	60	9013606	56	520	260.0	mode0_enter	0	03	00	E0	00	00	260.0	1	0	2	0																						
2	ppu_public	60	9013600	56	257	128.5	stat_sample	0	00	00	E0	00	00	128.5	1	0	2	0																						
2	ppu_public	60	9014000	57	0	0.0	stat_sample	2	00	00	E0	00	00	0.0	1	0	2	0																						
2	ppu_public	60	9014000	57	2	1.0	mode2_irq_prepare	0	00	00	E0	00	00	1.0	1	0	2	0																						
2	ppu_public	60	9014008	57	0	0.0	stat_sample	2	02	00	E0	00	00	0.0	1	0	2	0																						
2	ppu_public	60	9014006	57	8	4.0	mode2_enter	2	02	00	E0	00	00	4.0	1	0	2	0																						
2	ppu_public	60	9014008	57	0	0.0	stat_sample	3	02	00	E0	00	00	0.0	1	0	2	0																						
2	ppu_public	60	9014174	57	176	88.0	mode3_enter	3	02	00	E0	00	00	88.0	1	0	2	0																						
2	ppu_public	60	9014168	57	84	42.0	stat_sample	3	03	00	E0	00	00	42.0	1	0	2	0																						
2	ppu_public	60	9014518	57	520	260.0	mode0_enter	0	03	00	E0	00	00	260.0	1	0	2	0																						
2	ppu_public	60	9014512	57	257	128.5	stat_sample	0	00	00	E0	00	00	128.5	1	0	2	0																						
2	ppu_public	60	9014912	58	0	0.0	stat_sample	2	00	00	E0	00	00	0.0	1	0	2	0																						
2	ppu_public	60	9014912	58	2	1.0	mode2_irq_prepare	0	00	00	E0	00	00	1.0	1	0	2	0																						
2	ppu_public	60	9014920	58	0	0.0	stat_sample	2	02	00	E0	00	00	0.0	1	0	2	0																						
2	ppu_public	60	9014918	58	8	4.0	mode2_enter	2	02	00	E0	00	00	4.0	1	0	2	0																						
2	ppu_public	60	9014920	58	0	0.0	stat_sample	3	02	00	E0	00	00	0.0	1	0	2	0																						
2	ppu_public	60	9015086	58	176	88.0	mode3_enter	3	02	00	E0	00	00	88.0	1	0	2	0																						
2	ppu_public	60	9015080	58	84	42.0	stat_sample	3	03	00	E0	00	00	42.0	1	0	2	0																						
2	ppu_public	60	9015430	58	520	260.0	mode0_enter	0	03	00	E0	00	00	260.0	1	0	2	0																						
2	ppu_public	60	9015424	58	257	128.5	stat_sample	0	00	00	E0	00	00	128.5	1	0	2	0																						
2	ppu_public	60	9015824	59	0	0.0	stat_sample	2	00	00	E0	00	00	0.0	1	0	2	0																						
2	ppu_public	60	9015824	59	2	1.0	mode2_irq_prepare	0	00	00	E0	00	00	1.0	1	0	2	0																						
2	ppu_public	60	9015832	59	0	0.0	stat_sample	2	02	00	E0	00	00	0.0	1	0	2	0																						
2	ppu_public	60	9015830	59	8	4.0	mode2_enter	2	02	00	E0	00	00	4.0	1	0	2	0																						
2	ppu_public	60	9015832	59	0	0.0	stat_sample	3	02	00	E0	00	00	0.0	1	0	2	0																						
2	ppu_public	60	9015998	59	176	88.0	mode3_enter	3	02	00	E0	00	00	88.0	1	0	2	0																						
2	ppu_public	60	9015992	59	84	42.0	stat_sample	3	03	00	E0	00	00	42.0	1	0	2	0																						
2	ppu_public	60	9016342	59	520	260.0	mode0_enter	0	03	00	E0	00	00	260.0	1	0	2	0																						
2	ppu_public	60	9016336	59	257	128.5	stat_sample	0	00	00	E0	00	00	128.5	1	0	2	0																						
2	ppu_public	60	9016736	60	0	0.0	stat_sample	2	00	00	E0	00	00	0.0	1	0	2	0																						
2	ppu_public	60	9016736	60	2	1.0	mode2_irq_prepare	0	00	00	E0	00	00	1.0	1	0	2	0																						
2	ppu_public	60	9016744	60	0	0.0	stat_sample	2	02	00	E0	00	00	0.0	1	0	2	0																						
2	ppu_public	60	9016742	60	8	4.0	mode2_enter	2	02	00	E0	00	00	4.0	1	0	2	0																						
2	ppu_public	60	9016744	60	0	0.0	stat_sample	3	02	00	E0	00	00	0.0	1	0	2	0																						
2	ppu_public	60	9016910	60	176	88.0	mode3_enter	3	02	00	E0	00	00	88.0	1	0	2	0																						
2	ppu_public	60	9016904	60	84	42.0	stat_sample	3	03	00	E0	00	00	42.0	1	0	2	0																						
2	ppu_public	60	9017254	60	520	260.0	mode0_enter	0	03	00	E0	00	00	260.0	1	0	2	0																						
2	ppu_public	60	9017248	60	257	128.5	stat_sample	0	00	00	E0	00	00	128.5	1	0	2	0																						
2	ppu_public	60	9017648	61	0	0.0	stat_sample	2	00	00	E0	00	00	0.0	1	0	2	0																						
2	ppu_public	60	9017648	61	2	1.0	mode2_irq_prepare	0	00	00	E0	00	00	1.0	1	0	2	0																						
2	ppu_public	60	9017656	61	0	0.0	stat_sample	2	02	00	E0	00	00	0.0	1	0	2	0																						
2	ppu_public	60	9017654	61	8	4.0	mode2_enter	2	02	00	E0	00	00	4.0	1	0	2	0																						
2	ppu_public	60	9017656	61	0	0.0	stat_sample	3	02	00	E0	00	00	0.0	1	0	2	0																						
2	ppu_public	60	9017822	61	176	88.0	mode3_enter	3	02	00	E0	00	00	88.0	1	0	2	0																						
2	ppu_public	60	9017816	61	84	42.0	stat_sample	3	03	00	E0	00	00	42.0	1	0	2	0																						
2	ppu_public	60	9018166	61	520	260.0	mode0_enter	0	03	00	E0	00	00	260.0	1	0	2	0																						
2	ppu_public	60	9018160	61	257	128.5	stat_sample	0	00	00	E0	00	00	128.5	1	0	2	0																						
2	ppu_public	60	9018560	62	0	0.0	stat_sample	2	00	00	E0	00	00	0.0	1	0	2	0																						
2	ppu_public	60	9018560	62	2	1.0	mode2_irq_prepare	0	00	00	E0	00	00	1.0	1	0	2	0																						
2	ppu_public	60	9018568	62	0	0.0	stat_sample	2	02	00	E0	00	00	0.0	1	0	2	0																						
2	ppu_public	60	9018566	62	8	4.0	mode2_enter	2	02	00	E0	00	00	4.0	1	0	2	0																						
2	ppu_public	60	9018568	62	0	0.0	stat_sample	3	02	00	E0	00	00	0.0	1	0	2	0																						
2	ppu_public	60	9018734	62	176	88.0	mode3_enter	3	02	00	E0	00	00	88.0	1	0	2	0																						
2	ppu_public	60	9018728	62	84	42.0	stat_sample	3	03	00	E0	00	00	42.0	1	0	2	0																						
2	ppu_public	60	9019078	62	520	260.0	mode0_enter	0	03	00	E0	00	00	260.0	1	0	2	0																						
2	ppu_public	60	9019072	62	257	128.5	stat_sample	0	00	00	E0	00	00	128.5	1	0	2	0																						
2	ppu_public	60	9019472	63	0	0.0	stat_sample	2	00	00	E0	00	00	0.0	1	0	2	0																						
2	ppu_public	60	9019472	63	2	1.0	mode2_irq_prepare	0	00	00	E0	00	00	1.0	1	0	2	0																						
2	ppu_public	60	9019480	63	0	0.0	stat_sample	2	02	00	E0	00	00	0.0	1	0	2	0																						
2	ppu_public	60	9019478	63	8	4.0	mode2_enter	2	02	00	E0	00	00	4.0	1	0	2	0																						
2	ppu_public	60	9019480	63	0	0.0	stat_sample	3	02	00	E0	00	00	0.0	1	0	2	0																						
2	ppu_public	60	9019646	63	176	88.0	mode3_enter	3	02	00	E0	00	00	88.0	1	0	2	0																						
2	ppu_public	60	9019640	63	84	42.0	stat_sample	3	03	00	E0	00	00	42.0	1	0	2	0																						
2	ppu_public	60	9019990	63	520	260.0	mode0_enter	0	03	00	E0	00	00	260.0	1	0	2	0																						
2	ppu_public	60	9019984	63	257	128.5	stat_sample	0	00	00	E0	00	00	128.5	1	0	2	0																						
2	ppu_public	60	9020384	64	0	0.0	stat_sample	2	00	00	E0	00	00	0.0	1	0	2	0																						
2	ppu_public	60	9020384	64	2	1.0	mode2_irq_prepare	0	00	00	E0	00	00	1.0	1	0	2	0																						
2	ppu_public	60	9020392	64	0	0.0	stat_sample	2	02	00	E0	00	00	0.0	1	0	2	0																						
2	ppu_public	60	9020390	64	8	4.0	mode2_enter	2	02	00	E0	00	00	4.0	1	0	2	0																						
2	ppu_public	60	9020392	64	0	0.0	stat_sample	3	02	00	E0	00	00	0.0	1	0	2	0																						
2	ppu_public	60	9020558	64	176	88.0	mode3_enter	3	02	00	E0	00	00	88.0	1	0	2	0																						
2	ppu_public	60	9020552	64	84	42.0	stat_sample	3	03	00	E0	00	00	42.0	1	0	2	0																						
2	ppu_public	60	9020902	64	520	260.0	mode0_enter	0	03	00	E0	00	00	260.0	1	0	2	0																						
2	ppu_public	60	9020896	64	257	128.5	stat_sample	0	00	00	E0	00	00	128.5	1	0	2	0																						
2	ppu_public	60	9021296	65	0	0.0	stat_sample	2	00	00	E0	00	00	0.0	1	0	2	0																						
2	ppu_public	60	9021296	65	2	1.0	mode2_irq_prepare	0	00	00	E0	00	00	1.0	1	0	2	0																						
2	ppu_public	60	9021304	65	0	0.0	stat_sample	2	02	00	E0	00	00	0.0	1	0	2	0																						
2	ppu_public	60	9021302	65	8	4.0	mode2_enter	2	02	00	E0	00	00	4.0	1	0	2	0																						
2	ppu_public	60	9021304	65	0	0.0	stat_sample	3	02	00	E0	00	00	0.0	1	0	2	0																						
2	ppu_public	60	9021470	65	176	88.0	mode3_enter	3	02	00	E0	00	00	88.0	1	0	2	0																						
2	ppu_public	60	9021464	65	84	42.0	stat_sample	3	03	00	E0	00	00	42.0	1	0	2	0																						
2	ppu_public	60	9021814	65	520	260.0	mode0_enter	0	03	00	E0	00	00	260.0	1	0	2	0																						
2	ppu_public	60	9021808	65	257	128.5	stat_sample	0	00	00	E0	00	00	128.5	1	0	2	0																						
2	ppu_public	60	9022208	66	0	0.0	stat_sample	2	00	00	E0	00	00	0.0	1	0	2	0																						
2	ppu_public	60	9022208	66	2	1.0	mode2_irq_prepare	0	00	00	E0	00	00	1.0	1	0	2	0																						
2	ppu_public	60	9022216	66	0	0.0	stat_sample	2	02	00	E0	00	00	0.0	1	0	2	0																						
2	ppu_public	60	9022214	66	8	4.0	mode2_enter	2	02	00	E0	00	00	4.0	1	0	2	0																						
2	ppu_public	60	9022216	66	0	0.0	stat_sample	3	02	00	E0	00	00	0.0	1	0	2	0																						
2	ppu_public	60	9022382	66	176	88.0	mode3_enter	3	02	00	E0	00	00	88.0	1	0	2	0																						
2	ppu_public	60	9022376	66	84	42.0	stat_sample	3	03	00	E0	00	00	42.0	1	0	2	0																						
2	ppu_public	60	9022726	66	520	260.0	mode0_enter	0	03	00	E0	00	00	260.0	1	0	2	0																						
2	ppu_public	60	9022720	66	257	128.5	stat_sample	0	00	00	E0	00	00	128.5	1	0	2	0																						
2	ppu_public	60	9023120	67	0	0.0	stat_sample	2	00	00	E0	00	00	0.0	1	0	2	0																						
2	ppu_public	60	9023120	67	2	1.0	mode2_irq_prepare	0	00	00	E0	00	00	1.0	1	0	2	0																						
2	ppu_public	60	9023128	67	0	0.0	stat_sample	2	02	00	E0	00	00	0.0	1	0	2	0																						
2	ppu_public	60	9023126	67	8	4.0	mode2_enter	2	02	00	E0	00	00	4.0	1	0	2	0																						
2	ppu_public	60	9023128	67	0	0.0	stat_sample	3	02	00	E0	00	00	0.0	1	0	2	0																						
2	ppu_public	60	9023294	67	176	88.0	mode3_enter	3	02	00	E0	00	00	88.0	1	0	2	0																						
2	ppu_public	60	9023288	67	84	42.0	stat_sample	3	03	00	E0	00	00	42.0	1	0	2	0																						
2	ppu_public	60	9023638	67	520	260.0	mode0_enter	0	03	00	E0	00	00	260.0	1	0	2	0																						
2	ppu_public	60	9023632	67	257	128.5	stat_sample	0	00	00	E0	00	00	128.5	1	0	2	0																						
2	ppu_public	60	9024032	68	0	0.0	stat_sample	2	00	00	E0	00	00	0.0	1	0	2	0																						
2	ppu_public	60	9024032	68	2	1.0	mode2_irq_prepare	0	00	00	E0	00	00	1.0	1	0	2	0																						
2	ppu_public	60	9024040	68	0	0.0	stat_sample	2	02	00	E0	00	00	0.0	1	0	2	0																						
2	ppu_public	60	9024038	68	8	4.0	mode2_enter	2	02	00	E0	00	00	4.0	1	0	2	0																						
2	ppu_public	60	9024040	68	0	0.0	stat_sample	3	02	00	E0	00	00	0.0	1	0	2	0																						
2	ppu_public	60	9024206	68	176	88.0	mode3_enter	3	02	00	E0	00	00	88.0	1	0	2	0																						
2	ppu_public	60	9024200	68	84	42.0	stat_sample	3	03	00	E0	00	00	42.0	1	0	2	0																						
2	ppu_public	60	9024550	68	520	260.0	mode0_enter	0	03	00	E0	00	00	260.0	1	0	2	0																						
2	ppu_public	60	9024544	68	257	128.5	stat_sample	0	00	00	E0	00	00	128.5	1	0	2	0																						
2	ppu_public	60	9024944	69	0	0.0	stat_sample	2	00	00	E0	00	00	0.0	1	0	2	0																						
2	ppu_public	60	9024944	69	2	1.0	mode2_irq_prepare	0	00	00	E0	00	00	1.0	1	0	2	0																						
2	ppu_public	60	9024952	69	0	0.0	stat_sample	2	02	00	E0	00	00	0.0	1	0	2	0																						
2	ppu_public	60	9024950	69	8	4.0	mode2_enter	2	02	00	E0	00	00	4.0	1	0	2	0																						
2	ppu_public	60	9024952	69	0	0.0	stat_sample	3	02	00	E0	00	00	0.0	1	0	2	0																						
2	ppu_public	60	9025118	69	176	88.0	mode3_enter	3	02	00	E0	00	00	88.0	1	0	2	0																						
2	ppu_public	60	9025112	69	84	42.0	stat_sample	3	03	00	E0	00	00	42.0	1	0	2	0																						
2	ppu_public	60	9025462	69	520	260.0	mode0_enter	0	03	00	E0	00	00	260.0	1	0	2	0																						
2	ppu_public	60	9025456	69	257	128.5	stat_sample	0	00	00	E0	00	00	128.5	1	0	2	0																						
2	ppu_public	60	9025856	70	0	0.0	stat_sample	2	00	00	E0	00	00	0.0	1	0	2	0																						
2	ppu_public	60	9025856	70	2	1.0	mode2_irq_prepare	0	00	00	E0	00	00	1.0	1	0	2	0																						
2	ppu_public	60	9025864	70	0	0.0	stat_sample	2	02	00	E0	00	00	0.0	1	0	2	0																						
2	ppu_public	60	9025862	70	8	4.0	mode2_enter	2	02	00	E0	00	00	4.0	1	0	2	0																						
2	ppu_public	60	9025864	70	0	0.0	stat_sample	3	02	00	E0	00	00	0.0	1	0	2	0																						
2	ppu_public	60	9026030	70	176	88.0	mode3_enter	3	02	00	E0	00	00	88.0	1	0	2	0																						
2	ppu_public	60	9026024	70	84	42.0	stat_sample	3	03	00	E0	00	00	42.0	1	0	2	0																						
2	ppu_public	60	9026374	70	520	260.0	mode0_enter	0	03	00	E0	00	00	260.0	1	0	2	0																						
2	ppu_public	60	9026368	70	257	128.5	stat_sample	0	00	00	E0	00	00	128.5	1	0	2	0																						
2	ppu_public	60	9026768	71	0	0.0	stat_sample	2	00	00	E0	00	00	0.0	1	0	2	0																						
2	ppu_public	60	9026768	71	2	1.0	mode2_irq_prepare	0	00	00	E0	00	00	1.0	1	0	2	0																						
2	ppu_public	60	9026776	71	0	0.0	stat_sample	2	02	00	E0	00	00	0.0	1	0	2	0																						
2	ppu_public	60	9026774	71	8	4.0	mode2_enter	2	02	00	E0	00	00	4.0	1	0	2	0																						
2	ppu_public	60	9026776	71	0	0.0	stat_sample	3	02	00	E0	00	00	0.0	1	0	2	0																						
2	ppu_public	60	9026942	71	176	88.0	mode3_enter	3	02	00	E0	00	00	88.0	1	0	2	0																						
2	ppu_public	60	9026936	71	84	42.0	stat_sample	3	03	00	E0	00	00	42.0	1	0	2	0																						
2	ppu_public	60	9027286	71	520	260.0	mode0_enter	0	03	00	E0	00	00	260.0	1	0	2	0																						
2	ppu_public	60	9027280	71	257	128.5	stat_sample	0	00	00	E0	00	00	128.5	1	0	2	0																						
2	ppu_public	60	9027680	72	0	0.0	stat_sample	2	00	00	E0	00	00	0.0	1	0	2	0																						
2	ppu_public	60	9027680	72	2	1.0	mode2_irq_prepare	0	00	00	E0	00	00	1.0	1	0	2	0																						
2	ppu_public	60	9027688	72	0	0.0	stat_sample	2	02	00	E0	00	00	0.0	1	0	2	0																						
2	ppu_public	60	9027686	72	8	4.0	mode2_enter	2	02	00	E0	00	00	4.0	1	0	2	0																						
2	ppu_public	60	9027688	72	0	0.0	stat_sample	3	02	00	E0	00	00	0.0	1	0	2	0																						
2	ppu_public	60	9027854	72	176	88.0	mode3_enter	3	02	00	E0	00	00	88.0	1	0	2	0																						
2	ppu_public	60	9027848	72	84	42.0	stat_sample	3	03	00	E0	00	00	42.0	1	0	2	0																						
2	ppu_public	60	9028198	72	520	260.0	mode0_enter	0	03	00	E0	00	00	260.0	1	0	2	0																						
2	ppu_public	60	9028192	72	257	128.5	stat_sample	0	00	00	E0	00	00	128.5	1	0	2	0																						
2	ppu_public	60	9028592	73	0	0.0	stat_sample	2	00	00	E0	00	00	0.0	1	0	2	0																						
2	ppu_public	60	9028592	73	2	1.0	mode2_irq_prepare	0	00	00	E0	00	00	1.0	1	0	2	0																						
2	ppu_public	60	9028600	73	0	0.0	stat_sample	2	02	00	E0	00	00	0.0	1	0	2	0																						
2	ppu_public	60	9028598	73	8	4.0	mode2_enter	2	02	00	E0	00	00	4.0	1	0	2	0																						
2	ppu_public	60	9028600	73	0	0.0	stat_sample	3	02	00	E0	00	00	0.0	1	0	2	0																						
2	ppu_public	60	9028766	73	176	88.0	mode3_enter	3	02	00	E0	00	00	88.0	1	0	2	0																						
2	ppu_public	60	9028760	73	84	42.0	stat_sample	3	03	00	E0	00	00	42.0	1	0	2	0																						
2	ppu_public	60	9029110	73	520	260.0	mode0_enter	0	03	00	E0	00	00	260.0	1	0	2	0																						
2	ppu_public	60	9029104	73	257	128.5	stat_sample	0	00	00	E0	00	00	128.5	1	0	2	0																						
2	ppu_public	60	9029504	74	0	0.0	stat_sample	2	00	00	E0	00	00	0.0	1	0	2	0																						
2	ppu_public	60	9029504	74	2	1.0	mode2_irq_prepare	0	00	00	E0	00	00	1.0	1	0	2	0																						
2	ppu_public	60	9029512	74	0	0.0	stat_sample	2	02	00	E0	00	00	0.0	1	0	2	0																						
2	ppu_public	60	9029510	74	8	4.0	mode2_enter	2	02	00	E0	00	00	4.0	1	0	2	0																						
2	ppu_public	60	9029512	74	0	0.0	stat_sample	3	02	00	E0	00	00	0.0	1	0	2	0																						
2	ppu_public	60	9029678	74	176	88.0	mode3_enter	3	02	00	E0	00	00	88.0	1	0	2	0																						
2	ppu_public	60	9029672	74	84	42.0	stat_sample	3	03	00	E0	00	00	42.0	1	0	2	0																						
2	ppu_public	60	9030022	74	520	260.0	mode0_enter	0	03	00	E0	00	00	260.0	1	0	2	0																						
2	ppu_public	60	9030016	74	257	128.5	stat_sample	0	00	00	E0	00	00	128.5	1	0	2	0																						
2	ppu_public	60	9030416	75	0	0.0	stat_sample	2	00	00	E0	00	00	0.0	1	0	2	0																						
2	ppu_public	60	9030416	75	2	1.0	mode2_irq_prepare	0	00	00	E0	00	00	1.0	1	0	2	0																						
2	ppu_public	60	9030424	75	0	0.0	stat_sample	2	02	00	E0	00	00	0.0	1	0	2	0																						
2	ppu_public	60	9030422	75	8	4.0	mode2_enter	2	02	00	E0	00	00	4.0	1	0	2	0																						
2	ppu_public	60	9030424	75	0	0.0	stat_sample	3	02	00	E0	00	00	0.0	1	0	2	0																						
2	ppu_public	60	9030590	75	176	88.0	mode3_enter	3	02	00	E0	00	00	88.0	1	0	2	0																						
2	ppu_public	60	9030584	75	84	42.0	stat_sample	3	03	00	E0	00	00	42.0	1	0	2	0																						
2	ppu_public	60	9030934	75	520	260.0	mode0_enter	0	03	00	E0	00	00	260.0	1	0	2	0																						
2	ppu_public	60	9030928	75	257	128.5	stat_sample	0	00	00	E0	00	00	128.5	1	0	2	0																						
2	ppu_public	60	9031328	76	0	0.0	stat_sample	2	00	00	E0	00	00	0.0	1	0	2	0																						
2	ppu_public	60	9031328	76	2	1.0	mode2_irq_prepare	0	00	00	E0	00	00	1.0	1	0	2	0																						
2	ppu_public	60	9031336	76	0	0.0	stat_sample	2	02	00	E0	00	00	0.0	1	0	2	0																						
2	ppu_public	60	9031334	76	8	4.0	mode2_enter	2	02	00	E0	00	00	4.0	1	0	2	0																						
2	ppu_public	60	9031336	76	0	0.0	stat_sample	3	02	00	E0	00	00	0.0	1	0	2	0																						
2	ppu_public	60	9031502	76	176	88.0	mode3_enter	3	02	00	E0	00	00	88.0	1	0	2	0																						
2	ppu_public	60	9031496	76	84	42.0	stat_sample	3	03	00	E0	00	00	42.0	1	0	2	0																						
2	ppu_public	60	9031846	76	520	260.0	mode0_enter	0	03	00	E0	00	00	260.0	1	0	2	0																						
2	ppu_public	60	9031840	76	257	128.5	stat_sample	0	00	00	E0	00	00	128.5	1	0	2	0																						
2	ppu_public	60	9032240	77	0	0.0	stat_sample	2	00	00	E0	00	00	0.0	1	0	2	0																						
2	ppu_public	60	9032240	77	2	1.0	mode2_irq_prepare	0	00	00	E0	00	00	1.0	1	0	2	0																						
2	ppu_public	60	9032248	77	0	0.0	stat_sample	2	02	00	E0	00	00	0.0	1	0	2	0																						
2	ppu_public	60	9032246	77	8	4.0	mode2_enter	2	02	00	E0	00	00	4.0	1	0	2	0																						
2	ppu_public	60	9032248	77	0	0.0	stat_sample	3	02	00	E0	00	00	0.0	1	0	2	0																						
2	ppu_public	60	9032414	77	176	88.0	mode3_enter	3	02	00	E0	00	00	88.0	1	0	2	0																						
2	ppu_public	60	9032408	77	84	42.0	stat_sample	3	03	00	E0	00	00	42.0	1	0	2	0																						
2	ppu_public	60	9032758	77	520	260.0	mode0_enter	0	03	00	E0	00	00	260.0	1	0	2	0																						
2	ppu_public	60	9032752	77	257	128.5	stat_sample	0	00	00	E0	00	00	128.5	1	0	2	0																						
2	ppu_public	60	9033152	78	0	0.0	stat_sample	2	00	00	E0	00	00	0.0	1	0	2	0																						
2	ppu_public	60	9033152	78	2	1.0	mode2_irq_prepare	0	00	00	E0	00	00	1.0	1	0	2	0																						
2	ppu_public	60	9033160	78	0	0.0	stat_sample	2	02	00	E0	00	00	0.0	1	0	2	0																						
2	ppu_public	60	9033158	78	8	4.0	mode2_enter	2	02	00	E0	00	00	4.0	1	0	2	0																						
2	ppu_public	60	9033160	78	0	0.0	stat_sample	3	02	00	E0	00	00	0.0	1	0	2	0																						
2	ppu_public	60	9033326	78	176	88.0	mode3_enter	3	02	00	E0	00	00	88.0	1	0	2	0																						
2	ppu_public	60	9033320	78	84	42.0	stat_sample	3	03	00	E0	00	00	42.0	1	0	2	0																						
2	ppu_public	60	9033670	78	520	260.0	mode0_enter	0	03	00	E0	00	00	260.0	1	0	2	0																						
2	ppu_public	60	9033664	78	257	128.5	stat_sample	0	00	00	E0	00	00	128.5	1	0	2	0																						
2	ppu_public	60	9034064	79	0	0.0	stat_sample	2	00	00	E0	00	00	0.0	1	0	2	0																						
2	ppu_public	60	9034064	79	2	1.0	mode2_irq_prepare	0	00	00	E0	00	00	1.0	1	0	2	0																						
2	ppu_public	60	9034072	79	0	0.0	stat_sample	2	02	00	E0	00	00	0.0	1	0	2	0																						
2	ppu_public	60	9034070	79	8	4.0	mode2_enter	2	02	00	E0	00	00	4.0	1	0	2	0																						
2	ppu_public	60	9034072	79	0	0.0	stat_sample	3	02	00	E0	00	00	0.0	1	0	2	0																						
2	ppu_public	60	9034238	79	176	88.0	mode3_enter	3	02	00	E0	00	00	88.0	1	0	2	0																						
2	ppu_public	60	9034232	79	84	42.0	stat_sample	3	03	00	E0	00	00	42.0	1	0	2	0																						
2	ppu_public	60	9034582	79	520	260.0	mode0_enter	0	03	00	E0	00	00	260.0	1	0	2	0																						
2	ppu_public	60	9034576	79	257	128.5	stat_sample	0	00	00	E0	00	00	128.5	1	0	2	0																						
2	ppu_public	60	9034976	80	0	0.0	stat_sample	2	00	00	E0	00	00	0.0	1	0	2	0																						
2	ppu_public	60	9034976	80	2	1.0	mode2_irq_prepare	0	00	00	E0	00	00	1.0	1	0	2	0																						
2	ppu_public	60	9034984	80	0	0.0	stat_sample	2	02	00	E0	00	00	0.0	1	0	2	0																						
2	ppu_public	60	9034982	80	8	4.0	mode2_enter	2	02	00	E0	00	00	4.0	1	0	2	0																						
2	ppu_public	60	9034984	80	0	0.0	stat_sample	3	02	00	E0	00	00	0.0	1	0	2	0																						
2	ppu_public	60	9035150	80	176	88.0	mode3_enter	3	02	00	E0	00	00	88.0	1	0	2	0																						
2	ppu_public	60	9035144	80	84	42.0	stat_sample	3	03	00	E0	00	00	42.0	1	0	2	0																						
2	ppu_public	60	9035494	80	520	260.0	mode0_enter	0	03	00	E0	00	00	260.0	1	0	2	0																						
2	ppu_public	60	9035488	80	257	128.5	stat_sample	0	00	00	E0	00	00	128.5	1	0	2	0																						
2	ppu_public	60	9035888	81	0	0.0	stat_sample	2	00	00	E0	00	00	0.0	1	0	2	0																						
2	ppu_public	60	9035888	81	2	1.0	mode2_irq_prepare	0	00	00	E0	00	00	1.0	1	0	2	0																						
2	ppu_public	60	9035896	81	0	0.0	stat_sample	2	02	00	E0	00	00	0.0	1	0	2	0																						
2	ppu_public	60	9035894	81	8	4.0	mode2_enter	2	02	00	E0	00	00	4.0	1	0	2	0																						
2	ppu_public	60	9035896	81	0	0.0	stat_sample	3	02	00	E0	00	00	0.0	1	0	2	0																						
2	ppu_public	60	9036062	81	176	88.0	mode3_enter	3	02	00	E0	00	00	88.0	1	0	2	0																						
2	ppu_public	60	9036056	81	84	42.0	stat_sample	3	03	00	E0	00	00	42.0	1	0	2	0																						
2	ppu_public	60	9036406	81	520	260.0	mode0_enter	0	03	00	E0	00	00	260.0	1	0	2	0																						
2	ppu_public	60	9036400	81	257	128.5	stat_sample	0	00	00	E0	00	00	128.5	1	0	2	0																						
2	ppu_public	60	9036800	82	0	0.0	stat_sample	2	00	00	E0	00	00	0.0	1	0	2	0																						
2	ppu_public	60	9036800	82	2	1.0	mode2_irq_prepare	0	00	00	E0	00	00	1.0	1	0	2	0																						
2	ppu_public	60	9036808	82	0	0.0	stat_sample	2	02	00	E0	00	00	0.0	1	0	2	0																						
2	ppu_public	60	9036806	82	8	4.0	mode2_enter	2	02	00	E0	00	00	4.0	1	0	2	0																						
2	ppu_public	60	9036808	82	0	0.0	stat_sample	3	02	00	E0	00	00	0.0	1	0	2	0																						
2	ppu_public	60	9036974	82	176	88.0	mode3_enter	3	02	00	E0	00	00	88.0	1	0	2	0																						
2	ppu_public	60	9036968	82	84	42.0	stat_sample	3	03	00	E0	00	00	42.0	1	0	2	0																						
2	ppu_public	60	9037318	82	520	260.0	mode0_enter	0	03	00	E0	00	00	260.0	1	0	2	0																						
2	ppu_public	60	9037312	82	257	128.5	stat_sample	0	00	00	E0	00	00	128.5	1	0	2	0																						
2	ppu_public	60	9037712	83	0	0.0	stat_sample	2	00	00	E0	00	00	0.0	1	0	2	0																						
2	ppu_public	60	9037712	83	2	1.0	mode2_irq_prepare	0	00	00	E0	00	00	1.0	1	0	2	0																						
2	ppu_public	60	9037720	83	0	0.0	stat_sample	2	02	00	E0	00	00	0.0	1	0	2	0																						
2	ppu_public	60	9037718	83	8	4.0	mode2_enter	2	02	00	E0	00	00	4.0	1	0	2	0																						
2	ppu_public	60	9037720	83	0	0.0	stat_sample	3	02	00	E0	00	00	0.0	1	0	2	0																						
2	ppu_public	60	9037886	83	176	88.0	mode3_enter	3	02	00	E0	00	00	88.0	1	0	2	0																						
2	ppu_public	60	9037880	83	84	42.0	stat_sample	3	03	00	E0	00	00	42.0	1	0	2	0																						
2	ppu_public	60	9038230	83	520	260.0	mode0_enter	0	03	00	E0	00	00	260.0	1	0	2	0																						
2	ppu_public	60	9038224	83	257	128.5	stat_sample	0	00	00	E0	00	00	128.5	1	0	2	0																						
2	ppu_public	60	9038624	84	0	0.0	stat_sample	2	00	00	E0	00	00	0.0	1	0	2	0																						
2	ppu_public	60	9038624	84	2	1.0	mode2_irq_prepare	0	00	00	E0	00	00	1.0	1	0	2	0																						
2	ppu_public	60	9038632	84	0	0.0	stat_sample	2	02	00	E0	00	00	0.0	1	0	2	0																						
2	ppu_public	60	9038630	84	8	4.0	mode2_enter	2	02	00	E0	00	00	4.0	1	0	2	0																						
2	ppu_public	60	9038632	84	0	0.0	stat_sample	3	02	00	E0	00	00	0.0	1	0	2	0																						
2	ppu_public	60	9038798	84	176	88.0	mode3_enter	3	02	00	E0	00	00	88.0	1	0	2	0																						
2	ppu_public	60	9038792	84	84	42.0	stat_sample	3	03	00	E0	00	00	42.0	1	0	2	0																						
2	ppu_public	60	9039142	84	520	260.0	mode0_enter	0	03	00	E0	00	00	260.0	1	0	2	0																						
2	ppu_public	60	9039136	84	257	128.5	stat_sample	0	00	00	E0	00	00	128.5	1	0	2	0																						
2	ppu_public	60	9039536	85	0	0.0	stat_sample	2	00	00	E0	00	00	0.0	1	0	2	0																						
2	ppu_public	60	9039536	85	2	1.0	mode2_irq_prepare	0	00	00	E0	00	00	1.0	1	0	2	0																						
2	ppu_public	60	9039544	85	0	0.0	stat_sample	2	02	00	E0	00	00	0.0	1	0	2	0																						
2	ppu_public	60	9039542	85	8	4.0	mode2_enter	2	02	00	E0	00	00	4.0	1	0	2	0																						
2	ppu_public	60	9039544	85	0	0.0	stat_sample	3	02	00	E0	00	00	0.0	1	0	2	0																						
2	ppu_public	60	9039710	85	176	88.0	mode3_enter	3	02	00	E0	00	00	88.0	1	0	2	0																						
2	ppu_public	60	9039704	85	84	42.0	stat_sample	3	03	00	E0	00	00	42.0	1	0	2	0																						
2	ppu_public	60	9040054	85	520	260.0	mode0_enter	0	03	00	E0	00	00	260.0	1	0	2	0																						
2	ppu_public	60	9040048	85	257	128.5	stat_sample	0	00	00	E0	00	00	128.5	1	0	2	0																						
2	ppu_public	60	9040448	86	0	0.0	stat_sample	2	00	00	E0	00	00	0.0	1	0	2	0																						
2	ppu_public	60	9040448	86	2	1.0	mode2_irq_prepare	0	00	00	E0	00	00	1.0	1	0	2	0																						
2	ppu_public	60	9040456	86	0	0.0	stat_sample	2	02	00	E0	00	00	0.0	1	0	2	0																						
2	ppu_public	60	9040454	86	8	4.0	mode2_enter	2	02	00	E0	00	00	4.0	1	0	2	0																						
2	ppu_public	60	9040456	86	0	0.0	stat_sample	3	02	00	E0	00	00	0.0	1	0	2	0																						
2	ppu_public	60	9040622	86	176	88.0	mode3_enter	3	02	00	E0	00	00	88.0	1	0	2	0																						
2	ppu_public	60	9040616	86	84	42.0	stat_sample	3	03	00	E0	00	00	42.0	1	0	2	0																						
2	ppu_public	60	9040966	86	520	260.0	mode0_enter	0	03	00	E0	00	00	260.0	1	0	2	0																						
2	ppu_public	60	9040960	86	257	128.5	stat_sample	0	00	00	E0	00	00	128.5	1	0	2	0																						
2	ppu_public	60	9041360	87	0	0.0	stat_sample	2	00	00	E0	00	00	0.0	1	0	2	0																						
2	ppu_public	60	9041360	87	2	1.0	mode2_irq_prepare	0	00	00	E0	00	00	1.0	1	0	2	0																						
2	ppu_public	60	9041368	87	0	0.0	stat_sample	2	02	00	E0	00	00	0.0	1	0	2	0																						
2	ppu_public	60	9041366	87	8	4.0	mode2_enter	2	02	00	E0	00	00	4.0	1	0	2	0																						
2	ppu_public	60	9041368	87	0	0.0	stat_sample	3	02	00	E0	00	00	0.0	1	0	2	0																						
2	ppu_public	60	9041534	87	176	88.0	mode3_enter	3	02	00	E0	00	00	88.0	1	0	2	0																						
2	ppu_public	60	9041528	87	84	42.0	stat_sample	3	03	00	E0	00	00	42.0	1	0	2	0																						
2	ppu_public	60	9041878	87	520	260.0	mode0_enter	0	03	00	E0	00	00	260.0	1	0	2	0																						
2	ppu_public	60	9041872	87	257	128.5	stat_sample	0	00	00	E0	00	00	128.5	1	0	2	0																						
2	ppu_public	60	9042272	88	0	0.0	stat_sample	2	00	00	E0	00	00	0.0	1	0	2	0																						
2	ppu_public	60	9042272	88	2	1.0	mode2_irq_prepare	0	00	00	E0	00	00	1.0	1	0	2	0																						
2	ppu_public	60	9042280	88	0	0.0	stat_sample	2	02	00	E0	00	00	0.0	1	0	2	0																						
2	ppu_public	60	9042278	88	8	4.0	mode2_enter	2	02	00	E0	00	00	4.0	1	0	2	0																						
2	ppu_public	60	9042280	88	0	0.0	stat_sample	3	02	00	E0	00	00	0.0	1	0	2	0																						
2	ppu_public	60	9042446	88	176	88.0	mode3_enter	3	02	00	E0	00	00	88.0	1	0	2	0																						
2	ppu_public	60	9042440	88	84	42.0	stat_sample	3	03	00	E0	00	00	42.0	1	0	2	0																						
2	ppu_public	60	9042790	88	520	260.0	mode0_enter	0	03	00	E0	00	00	260.0	1	0	2	0																						
2	ppu_public	60	9042784	88	257	128.5	stat_sample	0	00	00	E0	00	00	128.5	1	0	2	0																						
2	ppu_public	60	9043184	89	0	0.0	stat_sample	2	00	00	E0	00	00	0.0	1	0	2	0																						
2	ppu_public	60	9043184	89	2	1.0	mode2_irq_prepare	0	00	00	E0	00	00	1.0	1	0	2	0																						
2	ppu_public	60	9043192	89	0	0.0	stat_sample	2	02	00	E0	00	00	0.0	1	0	2	0																						
2	ppu_public	60	9043190	89	8	4.0	mode2_enter	2	02	00	E0	00	00	4.0	1	0	2	0																						
2	ppu_public	60	9043192	89	0	0.0	stat_sample	3	02	00	E0	00	00	0.0	1	0	2	0																						
2	ppu_public	60	9043358	89	176	88.0	mode3_enter	3	02	00	E0	00	00	88.0	1	0	2	0																						
2	ppu_public	60	9043352	89	84	42.0	stat_sample	3	03	00	E0	00	00	42.0	1	0	2	0																						
2	ppu_public	60	9043702	89	520	260.0	mode0_enter	0	03	00	E0	00	00	260.0	1	0	2	0																						
2	ppu_public	60	9043696	89	257	128.5	stat_sample	0	00	00	E0	00	00	128.5	1	0	2	0																						
2	ppu_public	60	9044096	90	0	0.0	stat_sample	2	00	00	E0	00	00	0.0	1	0	2	0																						
2	ppu_public	60	9044096	90	2	1.0	mode2_irq_prepare	0	00	00	E0	00	00	1.0	1	0	2	0																						
2	ppu_public	60	9044104	90	0	0.0	stat_sample	2	02	00	E0	00	00	0.0	1	0	2	0																						
2	ppu_public	60	9044102	90	8	4.0	mode2_enter	2	02	00	E0	00	00	4.0	1	0	2	0																						
2	ppu_public	60	9044104	90	0	0.0	stat_sample	3	02	00	E0	00	00	0.0	1	0	2	0																						
2	ppu_public	60	9044270	90	176	88.0	mode3_enter	3	02	00	E0	00	00	88.0	1	0	2	0																						
2	ppu_public	60	9044264	90	84	42.0	stat_sample	3	03	00	E0	00	00	42.0	1	0	2	0																						
2	ppu_public	60	9044614	90	520	260.0	mode0_enter	0	03	00	E0	00	00	260.0	1	0	2	0																						
2	ppu_public	60	9044608	90	257	128.5	stat_sample	0	00	00	E0	00	00	128.5	1	0	2	0																						
2	ppu_public	60	9045008	91	0	0.0	stat_sample	2	00	00	E0	00	00	0.0	1	0	2	0																						
2	ppu_public	60	9045008	91	2	1.0	mode2_irq_prepare	0	00	00	E0	00	00	1.0	1	0	2	0																						
2	ppu_public	60	9045016	91	0	0.0	stat_sample	2	02	00	E0	00	00	0.0	1	0	2	0																						
2	ppu_public	60	9045014	91	8	4.0	mode2_enter	2	02	00	E0	00	00	4.0	1	0	2	0																						
2	ppu_public	60	9045016	91	0	0.0	stat_sample	3	02	00	E0	00	00	0.0	1	0	2	0																						
2	ppu_public	60	9045182	91	176	88.0	mode3_enter	3	02	00	E0	00	00	88.0	1	0	2	0																						
2	ppu_public	60	9045176	91	84	42.0	stat_sample	3	03	00	E0	00	00	42.0	1	0	2	0																						
2	ppu_public	60	9045526	91	520	260.0	mode0_enter	0	03	00	E0	00	00	260.0	1	0	2	0																						
2	ppu_public	60	9045520	91	257	128.5	stat_sample	0	00	00	E0	00	00	128.5	1	0	2	0																						
2	ppu_public	60	9045920	92	0	0.0	stat_sample	2	00	00	E0	00	00	0.0	1	0	2	0																						
2	ppu_public	60	9045920	92	2	1.0	mode2_irq_prepare	0	00	00	E0	00	00	1.0	1	0	2	0																						
2	ppu_public	60	9045928	92	0	0.0	stat_sample	2	02	00	E0	00	00	0.0	1	0	2	0																						
2	ppu_public	60	9045926	92	8	4.0	mode2_enter	2	02	00	E0	00	00	4.0	1	0	2	0																						
2	ppu_public	60	9045928	92	0	0.0	stat_sample	3	02	00	E0	00	00	0.0	1	0	2	0																						
2	ppu_public	60	9046094	92	176	88.0	mode3_enter	3	02	00	E0	00	00	88.0	1	0	2	0																						
2	ppu_public	60	9046088	92	84	42.0	stat_sample	3	03	00	E0	00	00	42.0	1	0	2	0																						
2	ppu_public	60	9046438	92	520	260.0	mode0_enter	0	03	00	E0	00	00	260.0	1	0	2	0																						
2	ppu_public	60	9046432	92	257	128.5	stat_sample	0	00	00	E0	00	00	128.5	1	0	2	0																						
2	ppu_public	60	9046832	93	0	0.0	stat_sample	2	00	00	E0	00	00	0.0	1	0	2	0																						
2	ppu_public	60	9046832	93	2	1.0	mode2_irq_prepare	0	00	00	E0	00	00	1.0	1	0	2	0																						
2	ppu_public	60	9046840	93	0	0.0	stat_sample	2	02	00	E0	00	00	0.0	1	0	2	0																						
2	ppu_public	60	9046838	93	8	4.0	mode2_enter	2	02	00	E0	00	00	4.0	1	0	2	0																						
2	ppu_public	60	9046840	93	0	0.0	stat_sample	3	02	00	E0	00	00	0.0	1	0	2	0																						
2	ppu_public	60	9047006	93	176	88.0	mode3_enter	3	02	00	E0	00	00	88.0	1	0	2	0																						
2	ppu_public	60	9047000	93	84	42.0	stat_sample	3	03	00	E0	00	00	42.0	1	0	2	0																						
2	ppu_public	60	9047350	93	520	260.0	mode0_enter	0	03	00	E0	00	00	260.0	1	0	2	0																						
2	ppu_public	60	9047344	93	257	128.5	stat_sample	0	00	00	E0	00	00	128.5	1	0	2	0																						
2	ppu_public	60	9047744	94	0	0.0	stat_sample	2	00	00	E0	00	00	0.0	1	0	2	0																						
2	ppu_public	60	9047744	94	2	1.0	mode2_irq_prepare	0	00	00	E0	00	00	1.0	1	0	2	0																						
2	ppu_public	60	9047752	94	0	0.0	stat_sample	2	02	00	E0	00	00	0.0	1	0	2	0																						
2	ppu_public	60	9047750	94	8	4.0	mode2_enter	2	02	00	E0	00	00	4.0	1	0	2	0																						
2	ppu_public	60	9047752	94	0	0.0	stat_sample	3	02	00	E0	00	00	0.0	1	0	2	0																						
2	ppu_public	60	9047918	94	176	88.0	mode3_enter	3	02	00	E0	00	00	88.0	1	0	2	0																						
2	ppu_public	60	9047912	94	84	42.0	stat_sample	3	03	00	E0	00	00	42.0	1	0	2	0																						
2	ppu_public	60	9048262	94	520	260.0	mode0_enter	0	03	00	E0	00	00	260.0	1	0	2	0																						
2	ppu_public	60	9048256	94	257	128.5	stat_sample	0	00	00	E0	00	00	128.5	1	0	2	0																						
2	ppu_public	60	9048656	95	0	0.0	stat_sample	2	00	00	E0	00	00	0.0	1	0	2	0																						
2	ppu_public	60	9048656	95	2	1.0	mode2_irq_prepare	0	00	00	E0	00	00	1.0	1	0	2	0																						
2	ppu_public	60	9048664	95	0	0.0	stat_sample	2	02	00	E0	00	00	0.0	1	0	2	0																						
2	ppu_public	60	9048662	95	8	4.0	mode2_enter	2	02	00	E0	00	00	4.0	1	0	2	0																						
2	ppu_public	60	9048664	95	0	0.0	stat_sample	3	02	00	E0	00	00	0.0	1	0	2	0																						
2	ppu_public	60	9048830	95	176	88.0	mode3_enter	3	02	00	E0	00	00	88.0	1	0	2	0																						
2	ppu_public	60	9048824	95	84	42.0	stat_sample	3	03	00	E0	00	00	42.0	1	0	2	0																						
2	ppu_public	60	9049174	95	520	260.0	mode0_enter	0	03	00	E0	00	00	260.0	1	0	2	0																						
2	ppu_public	60	9049168	95	257	128.5	stat_sample	0	00	00	E0	00	00	128.5	1	0	2	0																						
2	ppu_public	60	9049568	96	0	0.0	stat_sample	2	00	00	E0	00	00	0.0	1	0	2	0																						
2	ppu_public	60	9049568	96	2	1.0	mode2_irq_prepare	0	00	00	E0	00	00	1.0	1	0	2	0																						
2	ppu_public	60	9049576	96	0	0.0	stat_sample	2	02	00	E0	00	00	0.0	1	0	2	0																						
2	ppu_public	60	9049574	96	8	4.0	mode2_enter	2	02	00	E0	00	00	4.0	1	0	2	0																						
2	ppu_public	60	9049576	96	0	0.0	stat_sample	3	02	00	E0	00	00	0.0	1	0	2	0																						
2	ppu_public	60	9049742	96	176	88.0	mode3_enter	3	02	00	E0	00	00	88.0	1	0	2	0																						
2	ppu_public	60	9049736	96	84	42.0	stat_sample	3	03	00	E0	00	00	42.0	1	0	2	0																						
2	ppu_public	60	9050086	96	520	260.0	mode0_enter	0	03	00	E0	00	00	260.0	1	0	2	0																						
2	ppu_public	60	9050080	96	257	128.5	stat_sample	0	00	00	E0	00	00	128.5	1	0	2	0																						
2	ppu_public	60	9050480	97	0	0.0	stat_sample	2	00	00	E0	00	00	0.0	1	0	2	0																						
2	ppu_public	60	9050480	97	2	1.0	mode2_irq_prepare	0	00	00	E0	00	00	1.0	1	0	2	0																						
2	ppu_public	60	9050488	97	0	0.0	stat_sample	2	02	00	E0	00	00	0.0	1	0	2	0																						
2	ppu_public	60	9050486	97	8	4.0	mode2_enter	2	02	00	E0	00	00	4.0	1	0	2	0																						
2	ppu_public	60	9050488	97	0	0.0	stat_sample	3	02	00	E0	00	00	0.0	1	0	2	0																						
2	ppu_public	60	9050654	97	176	88.0	mode3_enter	3	02	00	E0	00	00	88.0	1	0	2	0																						
2	ppu_public	60	9050648	97	84	42.0	stat_sample	3	03	00	E0	00	00	42.0	1	0	2	0																						
2	ppu_public	60	9050998	97	520	260.0	mode0_enter	0	03	00	E0	00	00	260.0	1	0	2	0																						
2	ppu_public	60	9050992	97	257	128.5	stat_sample	0	00	00	E0	00	00	128.5	1	0	2	0																						
2	ppu_public	60	9051392	98	0	0.0	stat_sample	2	00	00	E0	00	00	0.0	1	0	2	0																						
2	ppu_public	60	9051392	98	2	1.0	mode2_irq_prepare	0	00	00	E0	00	00	1.0	1	0	2	0																						
2	ppu_public	60	9051400	98	0	0.0	stat_sample	2	02	00	E0	00	00	0.0	1	0	2	0																						
2	ppu_public	60	9051398	98	8	4.0	mode2_enter	2	02	00	E0	00	00	4.0	1	0	2	0																						
2	ppu_public	60	9051400	98	0	0.0	stat_sample	3	02	00	E0	00	00	0.0	1	0	2	0																						
2	ppu_public	60	9051566	98	176	88.0	mode3_enter	3	02	00	E0	00	00	88.0	1	0	2	0																						
2	ppu_public	60	9051560	98	84	42.0	stat_sample	3	03	00	E0	00	00	42.0	1	0	2	0																						
2	ppu_public	60	9051910	98	520	260.0	mode0_enter	0	03	00	E0	00	00	260.0	1	0	2	0																						
2	ppu_public	60	9051904	98	257	128.5	stat_sample	0	00	00	E0	00	00	128.5	1	0	2	0																						
2	ppu_public	60	9052304	99	0	0.0	stat_sample	2	00	00	E0	00	00	0.0	1	0	2	0																						
2	ppu_public	60	9052304	99	2	1.0	mode2_irq_prepare	0	00	00	E0	00	00	1.0	1	0	2	0																						
2	ppu_public	60	9052312	99	0	0.0	stat_sample	2	02	00	E0	00	00	0.0	1	0	2	0																						
2	ppu_public	60	9052310	99	8	4.0	mode2_enter	2	02	00	E0	00	00	4.0	1	0	2	0																						
2	ppu_public	60	9052312	99	0	0.0	stat_sample	3	02	00	E0	00	00	0.0	1	0	2	0																						
2	ppu_public	60	9052478	99	176	88.0	mode3_enter	3	02	00	E0	00	00	88.0	1	0	2	0																						
2	ppu_public	60	9052472	99	84	42.0	stat_sample	3	03	00	E0	00	00	42.0	1	0	2	0																						
2	ppu_public	60	9052822	99	520	260.0	mode0_enter	0	03	00	E0	00	00	260.0	1	0	2	0																						
2	ppu_public	60	9052816	99	257	128.5	stat_sample	0	00	00	E0	00	00	128.5	1	0	2	0																						
2	ppu_public	60	9053216	100	0	0.0	stat_sample	2	00	00	E0	00	00	0.0	1	0	2	0																						
2	ppu_public	60	9053216	100	2	1.0	mode2_irq_prepare	0	00	00	E0	00	00	1.0	1	0	2	0																						
2	ppu_public	60	9053224	100	0	0.0	stat_sample	2	02	00	E0	00	00	0.0	1	0	2	0																						
2	ppu_public	60	9053222	100	8	4.0	mode2_enter	2	02	00	E0	00	00	4.0	1	0	2	0																						
2	ppu_public	60	9053224	100	0	0.0	stat_sample	3	02	00	E0	00	00	0.0	1	0	2	0																						
2	ppu_public	60	9053390	100	176	88.0	mode3_enter	3	02	00	E0	00	00	88.0	1	0	2	0																						
2	ppu_public	60	9053384	100	84	42.0	stat_sample	3	03	00	E0	00	00	42.0	1	0	2	0																						
2	ppu_public	60	9053734	100	520	260.0	mode0_enter	0	03	00	E0	00	00	260.0	1	0	2	0																						
2	ppu_public	60	9053728	100	257	128.5	stat_sample	0	00	00	E0	00	00	128.5	1	0	2	0																						
2	ppu_public	60	9054128	101	0	0.0	stat_sample	2	00	00	E0	00	00	0.0	1	0	2	0																						
2	ppu_public	60	9054128	101	2	1.0	mode2_irq_prepare	0	00	00	E0	00	00	1.0	1	0	2	0																						
2	ppu_public	60	9054136	101	0	0.0	stat_sample	2	02	00	E0	00	00	0.0	1	0	2	0																						
2	ppu_public	60	9054134	101	8	4.0	mode2_enter	2	02	00	E0	00	00	4.0	1	0	2	0																						
2	ppu_public	60	9054136	101	0	0.0	stat_sample	3	02	00	E0	00	00	0.0	1	0	2	0																						
2	ppu_public	60	9054302	101	176	88.0	mode3_enter	3	02	00	E0	00	00	88.0	1	0	2	0																						
2	ppu_public	60	9054296	101	84	42.0	stat_sample	3	03	00	E0	00	00	42.0	1	0	2	0																						
2	ppu_public	60	9054646	101	520	260.0	mode0_enter	0	03	00	E0	00	00	260.0	1	0	2	0																						
2	ppu_public	60	9054640	101	257	128.5	stat_sample	0	00	00	E0	00	00	128.5	1	0	2	0																						
2	ppu_public	60	9055040	102	0	0.0	stat_sample	2	00	00	E0	00	00	0.0	1	0	2	0																						
2	ppu_public	60	9055040	102	2	1.0	mode2_irq_prepare	0	00	00	E0	00	00	1.0	1	0	2	0																						
2	ppu_public	60	9055048	102	0	0.0	stat_sample	2	02	00	E0	00	00	0.0	1	0	2	0																						
2	ppu_public	60	9055046	102	8	4.0	mode2_enter	2	02	00	E0	00	00	4.0	1	0	2	0																						
2	ppu_public	60	9055048	102	0	0.0	stat_sample	3	02	00	E0	00	00	0.0	1	0	2	0																						
2	ppu_public	60	9055214	102	176	88.0	mode3_enter	3	02	00	E0	00	00	88.0	1	0	2	0																						
2	ppu_public	60	9055208	102	84	42.0	stat_sample	3	03	00	E0	00	00	42.0	1	0	2	0																						
2	ppu_public	60	9055558	102	520	260.0	mode0_enter	0	03	00	E0	00	00	260.0	1	0	2	0																						
2	ppu_public	60	9055552	102	257	128.5	stat_sample	0	00	00	E0	00	00	128.5	1	0	2	0																						
2	ppu_public	60	9055952	103	0	0.0	stat_sample	2	00	00	E0	00	00	0.0	1	0	2	0																						
2	ppu_public	60	9055952	103	2	1.0	mode2_irq_prepare	0	00	00	E0	00	00	1.0	1	0	2	0																						
2	ppu_public	60	9055960	103	0	0.0	stat_sample	2	02	00	E0	00	00	0.0	1	0	2	0																						
2	ppu_public	60	9055958	103	8	4.0	mode2_enter	2	02	00	E0	00	00	4.0	1	0	2	0																						
2	ppu_public	60	9055960	103	0	0.0	stat_sample	3	02	00	E0	00	00	0.0	1	0	2	0																						
2	ppu_public	60	9056126	103	176	88.0	mode3_enter	3	02	00	E0	00	00	88.0	1	0	2	0																						
2	ppu_public	60	9056120	103	84	42.0	stat_sample	3	03	00	E0	00	00	42.0	1	0	2	0																						
2	ppu_public	60	9056470	103	520	260.0	mode0_enter	0	03	00	E0	00	00	260.0	1	0	2	0																						
2	ppu_public	60	9056464	103	257	128.5	stat_sample	0	00	00	E0	00	00	128.5	1	0	2	0																						
2	ppu_public	60	9056864	104	0	0.0	stat_sample	2	00	00	E0	00	00	0.0	1	0	2	0																						
2	ppu_public	60	9056864	104	2	1.0	mode2_irq_prepare	0	00	00	E0	00	00	1.0	1	0	2	0																						
2	ppu_public	60	9056872	104	0	0.0	stat_sample	2	02	00	E0	00	00	0.0	1	0	2	0																						
2	ppu_public	60	9056870	104	8	4.0	mode2_enter	2	02	00	E0	00	00	4.0	1	0	2	0																						
2	ppu_public	60	9056872	104	0	0.0	stat_sample	3	02	00	E0	00	00	0.0	1	0	2	0																						
2	ppu_public	60	9057038	104	176	88.0	mode3_enter	3	02	00	E0	00	00	88.0	1	0	2	0																						
2	ppu_public	60	9057032	104	84	42.0	stat_sample	3	03	00	E0	00	00	42.0	1	0	2	0																						
2	ppu_public	60	9057382	104	520	260.0	mode0_enter	0	03	00	E0	00	00	260.0	1	0	2	0																						
2	ppu_public	60	9057376	104	257	128.5	stat_sample	0	00	00	E0	00	00	128.5	1	0	2	0																						
2	ppu_public	60	9057776	105	0	0.0	stat_sample	2	00	00	E0	00	00	0.0	1	0	2	0																						
2	ppu_public	60	9057776	105	2	1.0	mode2_irq_prepare	0	00	00	E0	00	00	1.0	1	0	2	0																						
2	ppu_public	60	9057784	105	0	0.0	stat_sample	2	02	00	E0	00	00	0.0	1	0	2	0																						
2	ppu_public	60	9057782	105	8	4.0	mode2_enter	2	02	00	E0	00	00	4.0	1	0	2	0																						
2	ppu_public	60	9057784	105	0	0.0	stat_sample	3	02	00	E0	00	00	0.0	1	0	2	0																						
2	ppu_public	60	9057950	105	176	88.0	mode3_enter	3	02	00	E0	00	00	88.0	1	0	2	0																						
2	ppu_public	60	9057944	105	84	42.0	stat_sample	3	03	00	E0	00	00	42.0	1	0	2	0																						
2	ppu_public	60	9058294	105	520	260.0	mode0_enter	0	03	00	E0	00	00	260.0	1	0	2	0																						
2	ppu_public	60	9058288	105	257	128.5	stat_sample	0	00	00	E0	00	00	128.5	1	0	2	0																						
2	ppu_public	60	9058688	106	0	0.0	stat_sample	2	00	00	E0	00	00	0.0	1	0	2	0																						
2	ppu_public	60	9058688	106	2	1.0	mode2_irq_prepare	0	00	00	E0	00	00	1.0	1	0	2	0																						
2	ppu_public	60	9058696	106	0	0.0	stat_sample	2	02	00	E0	00	00	0.0	1	0	2	0																						
2	ppu_public	60	9058694	106	8	4.0	mode2_enter	2	02	00	E0	00	00	4.0	1	0	2	0																						
2	ppu_public	60	9058696	106	0	0.0	stat_sample	3	02	00	E0	00	00	0.0	1	0	2	0																						
2	ppu_public	60	9058862	106	176	88.0	mode3_enter	3	02	00	E0	00	00	88.0	1	0	2	0																						
2	ppu_public	60	9058856	106	84	42.0	stat_sample	3	03	00	E0	00	00	42.0	1	0	2	0																						
2	ppu_public	60	9059206	106	520	260.0	mode0_enter	0	03	00	E0	00	00	260.0	1	0	2	0																						
2	ppu_public	60	9059200	106	257	128.5	stat_sample	0	00	00	E0	00	00	128.5	1	0	2	0																						
2	ppu_public	60	9059600	107	0	0.0	stat_sample	2	00	00	E0	00	00	0.0	1	0	2	0																						
2	ppu_public	60	9059600	107	2	1.0	mode2_irq_prepare	0	00	00	E0	00	00	1.0	1	0	2	0																						
2	ppu_public	60	9059608	107	0	0.0	stat_sample	2	02	00	E0	00	00	0.0	1	0	2	0																						
2	ppu_public	60	9059606	107	8	4.0	mode2_enter	2	02	00	E0	00	00	4.0	1	0	2	0																						
2	ppu_public	60	9059608	107	0	0.0	stat_sample	3	02	00	E0	00	00	0.0	1	0	2	0																						
2	ppu_public	60	9059774	107	176	88.0	mode3_enter	3	02	00	E0	00	00	88.0	1	0	2	0																						
2	ppu_public	60	9059768	107	84	42.0	stat_sample	3	03	00	E0	00	00	42.0	1	0	2	0																						
2	ppu_public	60	9060118	107	520	260.0	mode0_enter	0	03	00	E0	00	00	260.0	1	0	2	0																						
2	ppu_public	60	9060112	107	257	128.5	stat_sample	0	00	00	E0	00	00	128.5	1	0	2	0																						
2	ppu_public	60	9060512	108	0	0.0	stat_sample	2	00	00	E0	00	00	0.0	1	0	2	0																						
2	ppu_public	60	9060512	108	2	1.0	mode2_irq_prepare	0	00	00	E0	00	00	1.0	1	0	2	0																						
2	ppu_public	60	9060520	108	0	0.0	stat_sample	2	02	00	E0	00	00	0.0	1	0	2	0																						
2	ppu_public	60	9060518	108	8	4.0	mode2_enter	2	02	00	E0	00	00	4.0	1	0	2	0																						
2	ppu_public	60	9060520	108	0	0.0	stat_sample	3	02	00	E0	00	00	0.0	1	0	2	0																						
2	ppu_public	60	9060686	108	176	88.0	mode3_enter	3	02	00	E0	00	00	88.0	1	0	2	0																						
2	ppu_public	60	9060680	108	84	42.0	stat_sample	3	03	00	E0	00	00	42.0	1	0	2	0																						
2	ppu_public	60	9061030	108	520	260.0	mode0_enter	0	03	00	E0	00	00	260.0	1	0	2	0																						
2	ppu_public	60	9061024	108	257	128.5	stat_sample	0	00	00	E0	00	00	128.5	1	0	2	0																						
2	ppu_public	60	9061424	109	0	0.0	stat_sample	2	00	00	E0	00	00	0.0	1	0	2	0																						
2	ppu_public	60	9061424	109	2	1.0	mode2_irq_prepare	0	00	00	E0	00	00	1.0	1	0	2	0																						
2	ppu_public	60	9061432	109	0	0.0	stat_sample	2	02	00	E0	00	00	0.0	1	0	2	0																						
2	ppu_public	60	9061430	109	8	4.0	mode2_enter	2	02	00	E0	00	00	4.0	1	0	2	0																						
2	ppu_public	60	9061432	109	0	0.0	stat_sample	3	02	00	E0	00	00	0.0	1	0	2	0																						
2	ppu_public	60	9061598	109	176	88.0	mode3_enter	3	02	00	E0	00	00	88.0	1	0	2	0																						
2	ppu_public	60	9061592	109	84	42.0	stat_sample	3	03	00	E0	00	00	42.0	1	0	2	0																						
2	ppu_public	60	9061942	109	520	260.0	mode0_enter	0	03	00	E0	00	00	260.0	1	0	2	0																						
2	ppu_public	60	9061936	109	257	128.5	stat_sample	0	00	00	E0	00	00	128.5	1	0	2	0																						
2	ppu_public	60	9062336	110	0	0.0	stat_sample	2	00	00	E0	00	00	0.0	1	0	2	0																						
2	ppu_public	60	9062336	110	2	1.0	mode2_irq_prepare	0	00	00	E0	00	00	1.0	1	0	2	0																						
2	ppu_public	60	9062344	110	0	0.0	stat_sample	2	02	00	E0	00	00	0.0	1	0	2	0																						
2	ppu_public	60	9062342	110	8	4.0	mode2_enter	2	02	00	E0	00	00	4.0	1	0	2	0																						
2	ppu_public	60	9062344	110	0	0.0	stat_sample	3	02	00	E0	00	00	0.0	1	0	2	0																						
2	ppu_public	60	9062510	110	176	88.0	mode3_enter	3	02	00	E0	00	00	88.0	1	0	2	0																						
2	ppu_public	60	9062504	110	84	42.0	stat_sample	3	03	00	E0	00	00	42.0	1	0	2	0																						
2	ppu_public	60	9062854	110	520	260.0	mode0_enter	0	03	00	E0	00	00	260.0	1	0	2	0																						
2	ppu_public	60	9062848	110	257	128.5	stat_sample	0	00	00	E0	00	00	128.5	1	0	2	0																						
2	ppu_public	60	9063248	111	0	0.0	stat_sample	2	00	00	E0	00	00	0.0	1	0	2	0																						
2	ppu_public	60	9063248	111	2	1.0	mode2_irq_prepare	0	00	00	E0	00	00	1.0	1	0	2	0																						
2	ppu_public	60	9063256	111	0	0.0	stat_sample	2	02	00	E0	00	00	0.0	1	0	2	0																						
2	ppu_public	60	9063254	111	8	4.0	mode2_enter	2	02	00	E0	00	00	4.0	1	0	2	0																						
2	ppu_public	60	9063256	111	0	0.0	stat_sample	3	02	00	E0	00	00	0.0	1	0	2	0																						
2	ppu_public	60	9063422	111	176	88.0	mode3_enter	3	02	00	E0	00	00	88.0	1	0	2	0																						
2	ppu_public	60	9063416	111	84	42.0	stat_sample	3	03	00	E0	00	00	42.0	1	0	2	0																						
2	ppu_public	60	9063766	111	520	260.0	mode0_enter	0	03	00	E0	00	00	260.0	1	0	2	0																						
2	ppu_public	60	9063760	111	257	128.5	stat_sample	0	00	00	E0	00	00	128.5	1	0	2	0																						
2	ppu_public	60	9064160	112	0	0.0	stat_sample	2	00	00	E0	00	00	0.0	1	0	2	0																						
2	ppu_public	60	9064160	112	2	1.0	mode2_irq_prepare	0	00	00	E0	00	00	1.0	1	0	2	0																						
2	ppu_public	60	9064168	112	0	0.0	stat_sample	2	02	00	E0	00	00	0.0	1	0	2	0																						
2	ppu_public	60	9064166	112	8	4.0	mode2_enter	2	02	00	E0	00	00	4.0	1	0	2	0																						
2	ppu_public	60	9064168	112	0	0.0	stat_sample	3	02	00	E0	00	00	0.0	1	0	2	0																						
2	ppu_public	60	9064334	112	176	88.0	mode3_enter	3	02	00	E0	00	00	88.0	1	0	2	0																						
2	ppu_public	60	9064328	112	84	42.0	stat_sample	3	03	00	E0	00	00	42.0	1	0	2	0																						
2	ppu_public	60	9064678	112	520	260.0	mode0_enter	0	03	00	E0	00	00	260.0	1	0	2	0																						
2	ppu_public	60	9064672	112	257	128.5	stat_sample	0	00	00	E0	00	00	128.5	1	0	2	0																						
2	ppu_public	60	9065072	113	0	0.0	stat_sample	2	00	00	E0	00	00	0.0	1	0	2	0																						
2	ppu_public	60	9065072	113	2	1.0	mode2_irq_prepare	0	00	00	E0	00	00	1.0	1	0	2	0																						
2	ppu_public	60	9065080	113	0	0.0	stat_sample	2	02	00	E0	00	00	0.0	1	0	2	0																						
2	ppu_public	60	9065078	113	8	4.0	mode2_enter	2	02	00	E0	00	00	4.0	1	0	2	0																						
2	ppu_public	60	9065080	113	0	0.0	stat_sample	3	02	00	E0	00	00	0.0	1	0	2	0																						
2	ppu_public	60	9065246	113	176	88.0	mode3_enter	3	02	00	E0	00	00	88.0	1	0	2	0																						
2	ppu_public	60	9065240	113	84	42.0	stat_sample	3	03	00	E0	00	00	42.0	1	0	2	0																						
2	ppu_public	60	9065590	113	520	260.0	mode0_enter	0	03	00	E0	00	00	260.0	1	0	2	0																						
2	ppu_public	60	9065584	113	257	128.5	stat_sample	0	00	00	E0	00	00	128.5	1	0	2	0																						
2	ppu_public	60	9065984	114	0	0.0	stat_sample	2	00	00	E0	00	00	0.0	1	0	2	0																						
2	ppu_public	60	9065984	114	2	1.0	mode2_irq_prepare	0	00	00	E0	00	00	1.0	1	0	2	0																						
2	ppu_public	60	9065992	114	0	0.0	stat_sample	2	02	00	E0	00	00	0.0	1	0	2	0																						
2	ppu_public	60	9065990	114	8	4.0	mode2_enter	2	02	00	E0	00	00	4.0	1	0	2	0																						
2	ppu_public	60	9065992	114	0	0.0	stat_sample	3	02	00	E0	00	00	0.0	1	0	2	0																						
2	ppu_public	60	9066158	114	176	88.0	mode3_enter	3	02	00	E0	00	00	88.0	1	0	2	0																						
2	ppu_public	60	9066152	114	84	42.0	stat_sample	3	03	00	E0	00	00	42.0	1	0	2	0																						
2	ppu_public	60	9066502	114	520	260.0	mode0_enter	0	03	00	E0	00	00	260.0	1	0	2	0																						
2	ppu_public	60	9066496	114	257	128.5	stat_sample	0	00	00	E0	00	00	128.5	1	0	2	0																						
2	ppu_public	60	9066896	115	0	0.0	stat_sample	2	00	00	E0	00	00	0.0	1	0	2	0																						
2	ppu_public	60	9066896	115	2	1.0	mode2_irq_prepare	0	00	00	E0	00	00	1.0	1	0	2	0																						
2	ppu_public	60	9066904	115	0	0.0	stat_sample	2	02	00	E0	00	00	0.0	1	0	2	0																						
2	ppu_public	60	9066902	115	8	4.0	mode2_enter	2	02	00	E0	00	00	4.0	1	0	2	0																						
2	ppu_public	60	9066904	115	0	0.0	stat_sample	3	02	00	E0	00	00	0.0	1	0	2	0																						
2	ppu_public	60	9067070	115	176	88.0	mode3_enter	3	02	00	E0	00	00	88.0	1	0	2	0																						
2	ppu_public	60	9067064	115	84	42.0	stat_sample	3	03	00	E0	00	00	42.0	1	0	2	0																						
2	ppu_public	60	9067414	115	520	260.0	mode0_enter	0	03	00	E0	00	00	260.0	1	0	2	0																						
2	ppu_public	60	9067408	115	257	128.5	stat_sample	0	00	00	E0	00	00	128.5	1	0	2	0																						
2	ppu_public	60	9067808	116	0	0.0	stat_sample	2	00	00	E0	00	00	0.0	1	0	2	0																						
2	ppu_public	60	9067808	116	2	1.0	mode2_irq_prepare	0	00	00	E0	00	00	1.0	1	0	2	0																						
2	ppu_public	60	9067816	116	0	0.0	stat_sample	2	02	00	E0	00	00	0.0	1	0	2	0																						
2	ppu_public	60	9067814	116	8	4.0	mode2_enter	2	02	00	E0	00	00	4.0	1	0	2	0																						
2	ppu_public	60	9067816	116	0	0.0	stat_sample	3	02	00	E0	00	00	0.0	1	0	2	0																						
2	ppu_public	60	9067982	116	176	88.0	mode3_enter	3	02	00	E0	00	00	88.0	1	0	2	0																						
2	ppu_public	60	9067976	116	84	42.0	stat_sample	3	03	00	E0	00	00	42.0	1	0	2	0																						
2	ppu_public	60	9068326	116	520	260.0	mode0_enter	0	03	00	E0	00	00	260.0	1	0	2	0																						
2	ppu_public	60	9068320	116	257	128.5	stat_sample	0	00	00	E0	00	00	128.5	1	0	2	0																						
2	ppu_public	60	9068720	117	0	0.0	stat_sample	2	00	00	E0	00	00	0.0	1	0	2	0																						
2	ppu_public	60	9068720	117	2	1.0	mode2_irq_prepare	0	00	00	E0	00	00	1.0	1	0	2	0																						
2	ppu_public	60	9068728	117	0	0.0	stat_sample	2	02	00	E0	00	00	0.0	1	0	2	0																						
2	ppu_public	60	9068726	117	8	4.0	mode2_enter	2	02	00	E0	00	00	4.0	1	0	2	0																						
2	ppu_public	60	9068728	117	0	0.0	stat_sample	3	02	00	E0	00	00	0.0	1	0	2	0																						
2	ppu_public	60	9068894	117	176	88.0	mode3_enter	3	02	00	E0	00	00	88.0	1	0	2	0																						
2	ppu_public	60	9068888	117	84	42.0	stat_sample	3	03	00	E0	00	00	42.0	1	0	2	0																						
2	ppu_public	60	9069238	117	520	260.0	mode0_enter	0	03	00	E0	00	00	260.0	1	0	2	0																						
2	ppu_public	60	9069232	117	257	128.5	stat_sample	0	00	00	E0	00	00	128.5	1	0	2	0																						
2	ppu_public	60	9069632	118	0	0.0	stat_sample	2	00	00	E0	00	00	0.0	1	0	2	0																						
2	ppu_public	60	9069632	118	2	1.0	mode2_irq_prepare	0	00	00	E0	00	00	1.0	1	0	2	0																						
2	ppu_public	60	9069640	118	0	0.0	stat_sample	2	02	00	E0	00	00	0.0	1	0	2	0																						
2	ppu_public	60	9069638	118	8	4.0	mode2_enter	2	02	00	E0	00	00	4.0	1	0	2	0																						
2	ppu_public	60	9069640	118	0	0.0	stat_sample	3	02	00	E0	00	00	0.0	1	0	2	0																						
2	ppu_public	60	9069806	118	176	88.0	mode3_enter	3	02	00	E0	00	00	88.0	1	0	2	0																						
2	ppu_public	60	9069800	118	84	42.0	stat_sample	3	03	00	E0	00	00	42.0	1	0	2	0																						
2	ppu_public	60	9070150	118	520	260.0	mode0_enter	0	03	00	E0	00	00	260.0	1	0	2	0																						
2	ppu_public	60	9070144	118	257	128.5	stat_sample	0	00	00	E0	00	00	128.5	1	0	2	0																						
2	ppu_public	60	9070544	119	0	0.0	stat_sample	2	00	00	E0	00	00	0.0	1	0	2	0																						
2	ppu_public	60	9070544	119	2	1.0	mode2_irq_prepare	0	00	00	E0	00	00	1.0	1	0	2	0																						
2	ppu_public	60	9070552	119	0	0.0	stat_sample	2	02	00	E0	00	00	0.0	1	0	2	0																						
2	ppu_public	60	9070550	119	8	4.0	mode2_enter	2	02	00	E0	00	00	4.0	1	0	2	0																						
2	ppu_public	60	9070552	119	0	0.0	stat_sample	3	02	00	E0	00	00	0.0	1	0	2	0																						
2	ppu_public	60	9070718	119	176	88.0	mode3_enter	3	02	00	E0	00	00	88.0	1	0	2	0																						
2	ppu_public	60	9070712	119	84	42.0	stat_sample	3	03	00	E0	00	00	42.0	1	0	2	0																						
2	ppu_public	60	9071062	119	520	260.0	mode0_enter	0	03	00	E0	00	00	260.0	1	0	2	0																						
2	ppu_public	60	9071056	119	257	128.5	stat_sample	0	00	00	E0	00	00	128.5	1	0	2	0																						
2	ppu_public	60	9071456	120	0	0.0	stat_sample	2	00	00	E0	00	00	0.0	1	0	2	0																						
2	ppu_public	60	9071456	120	2	1.0	mode2_irq_prepare	0	00	00	E0	00	00	1.0	1	0	2	0																						
2	ppu_public	60	9071464	120	0	0.0	stat_sample	2	02	00	E0	00	00	0.0	1	0	2	0																						
2	ppu_public	60	9071462	120	8	4.0	mode2_enter	2	02	00	E0	00	00	4.0	1	0	2	0																						
2	ppu_public	60	9071464	120	0	0.0	stat_sample	3	02	00	E0	00	00	0.0	1	0	2	0																						
2	ppu_public	60	9071630	120	176	88.0	mode3_enter	3	02	00	E0	00	00	88.0	1	0	2	0																						
2	ppu_public	60	9071624	120	84	42.0	stat_sample	3	03	00	E0	00	00	42.0	1	0	2	0																						
2	ppu_public	60	9071974	120	520	260.0	mode0_enter	0	03	00	E0	00	00	260.0	1	0	2	0																						
2	ppu_public	60	9071968	120	257	128.5	stat_sample	0	00	00	E0	00	00	128.5	1	0	2	0																						
2	ppu_public	60	9072368	121	0	0.0	stat_sample	2	00	00	E0	00	00	0.0	1	0	2	0																						
2	ppu_public	60	9072368	121	2	1.0	mode2_irq_prepare	0	00	00	E0	00	00	1.0	1	0	2	0																						
2	ppu_public	60	9072376	121	0	0.0	stat_sample	2	02	00	E0	00	00	0.0	1	0	2	0																						
2	ppu_public	60	9072374	121	8	4.0	mode2_enter	2	02	00	E0	00	00	4.0	1	0	2	0																						
2	ppu_public	60	9072376	121	0	0.0	stat_sample	3	02	00	E0	00	00	0.0	1	0	2	0																						
2	ppu_public	60	9072542	121	176	88.0	mode3_enter	3	02	00	E0	00	00	88.0	1	0	2	0																						
2	ppu_public	60	9072536	121	84	42.0	stat_sample	3	03	00	E0	00	00	42.0	1	0	2	0																						
2	ppu_public	60	9072886	121	520	260.0	mode0_enter	0	03	00	E0	00	00	260.0	1	0	2	0																						
2	ppu_public	60	9072880	121	257	128.5	stat_sample	0	00	00	E0	00	00	128.5	1	0	2	0																						
2	ppu_public	60	9073280	122	0	0.0	stat_sample	2	00	00	E0	00	00	0.0	1	0	2	0																						
2	ppu_public	60	9073280	122	2	1.0	mode2_irq_prepare	0	00	00	E0	00	00	1.0	1	0	2	0																						
2	ppu_public	60	9073288	122	0	0.0	stat_sample	2	02	00	E0	00	00	0.0	1	0	2	0																						
2	ppu_public	60	9073286	122	8	4.0	mode2_enter	2	02	00	E0	00	00	4.0	1	0	2	0																						
2	ppu_public	60	9073288	122	0	0.0	stat_sample	3	02	00	E0	00	00	0.0	1	0	2	0																						
2	ppu_public	60	9073454	122	176	88.0	mode3_enter	3	02	00	E0	00	00	88.0	1	0	2	0																						
2	ppu_public	60	9073448	122	84	42.0	stat_sample	3	03	00	E0	00	00	42.0	1	0	2	0																						
2	ppu_public	60	9073798	122	520	260.0	mode0_enter	0	03	00	E0	00	00	260.0	1	0	2	0																						
2	ppu_public	60	9073792	122	257	128.5	stat_sample	0	00	00	E0	00	00	128.5	1	0	2	0																						
2	ppu_public	60	9074192	123	0	0.0	stat_sample	2	00	00	E0	00	00	0.0	1	0	2	0																						
2	ppu_public	60	9074192	123	2	1.0	mode2_irq_prepare	0	00	00	E0	00	00	1.0	1	0	2	0																						
2	ppu_public	60	9074200	123	0	0.0	stat_sample	2	02	00	E0	00	00	0.0	1	0	2	0																						
2	ppu_public	60	9074198	123	8	4.0	mode2_enter	2	02	00	E0	00	00	4.0	1	0	2	0																						
2	ppu_public	60	9074200	123	0	0.0	stat_sample	3	02	00	E0	00	00	0.0	1	0	2	0																						
2	ppu_public	60	9074366	123	176	88.0	mode3_enter	3	02	00	E0	00	00	88.0	1	0	2	0																						
2	ppu_public	60	9074360	123	84	42.0	stat_sample	3	03	00	E0	00	00	42.0	1	0	2	0																						
2	ppu_public	60	9074710	123	520	260.0	mode0_enter	0	03	00	E0	00	00	260.0	1	0	2	0																						
2	ppu_public	60	9074704	123	257	128.5	stat_sample	0	00	00	E0	00	00	128.5	1	0	2	0																						
2	ppu_public	60	9075104	124	0	0.0	stat_sample	2	00	00	E0	00	00	0.0	1	0	2	0																						
2	ppu_public	60	9075104	124	2	1.0	mode2_irq_prepare	0	00	00	E0	00	00	1.0	1	0	2	0																						
2	ppu_public	60	9075112	124	0	0.0	stat_sample	2	02	00	E0	00	00	0.0	1	0	2	0																						
2	ppu_public	60	9075110	124	8	4.0	mode2_enter	2	02	00	E0	00	00	4.0	1	0	2	0																						
2	ppu_public	60	9075112	124	0	0.0	stat_sample	3	02	00	E0	00	00	0.0	1	0	2	0																						
2	ppu_public	60	9075278	124	176	88.0	mode3_enter	3	02	00	E0	00	00	88.0	1	0	2	0																						
2	ppu_public	60	9075272	124	84	42.0	stat_sample	3	03	00	E0	00	00	42.0	1	0	2	0																						
2	ppu_public	60	9075622	124	520	260.0	mode0_enter	0	03	00	E0	00	00	260.0	1	0	2	0																						
2	ppu_public	60	9075616	124	257	128.5	stat_sample	0	00	00	E0	00	00	128.5	1	0	2	0																						
2	ppu_public	60	9076016	125	0	0.0	stat_sample	2	00	00	E0	00	00	0.0	1	0	2	0																						
2	ppu_public	60	9076016	125	2	1.0	mode2_irq_prepare	0	00	00	E0	00	00	1.0	1	0	2	0																						
2	ppu_public	60	9076024	125	0	0.0	stat_sample	2	02	00	E0	00	00	0.0	1	0	2	0																						
2	ppu_public	60	9076022	125	8	4.0	mode2_enter	2	02	00	E0	00	00	4.0	1	0	2	0																						
2	ppu_public	60	9076024	125	0	0.0	stat_sample	3	02	00	E0	00	00	0.0	1	0	2	0																						
2	ppu_public	60	9076190	125	176	88.0	mode3_enter	3	02	00	E0	00	00	88.0	1	0	2	0																						
2	ppu_public	60	9076184	125	84	42.0	stat_sample	3	03	00	E0	00	00	42.0	1	0	2	0																						
2	ppu_public	60	9076534	125	520	260.0	mode0_enter	0	03	00	E0	00	00	260.0	1	0	2	0																						
2	ppu_public	60	9076528	125	257	128.5	stat_sample	0	00	00	E0	00	00	128.5	1	0	2	0																						
2	ppu_public	60	9076928	126	0	0.0	stat_sample	2	00	00	E0	00	00	0.0	1	0	2	0																						
2	ppu_public	60	9076928	126	2	1.0	mode2_irq_prepare	0	00	00	E0	00	00	1.0	1	0	2	0																						
2	ppu_public	60	9076936	126	0	0.0	stat_sample	2	02	00	E0	00	00	0.0	1	0	2	0																						
2	ppu_public	60	9076934	126	8	4.0	mode2_enter	2	02	00	E0	00	00	4.0	1	0	2	0																						
2	ppu_public	60	9076936	126	0	0.0	stat_sample	3	02	00	E0	00	00	0.0	1	0	2	0																						
2	ppu_public	60	9077102	126	176	88.0	mode3_enter	3	02	00	E0	00	00	88.0	1	0	2	0																						
2	ppu_public	60	9077096	126	84	42.0	stat_sample	3	03	00	E0	00	00	42.0	1	0	2	0																						
2	ppu_public	60	9077446	126	520	260.0	mode0_enter	0	03	00	E0	00	00	260.0	1	0	2	0																						
2	ppu_public	60	9077440	126	257	128.5	stat_sample	0	00	00	E0	00	00	128.5	1	0	2	0																						
2	ppu_public	60	9077840	127	0	0.0	stat_sample	2	00	00	E0	00	00	0.0	1	0	2	0																						
2	ppu_public	60	9077840	127	2	1.0	mode2_irq_prepare	0	00	00	E0	00	00	1.0	1	0	2	0																						
2	ppu_public	60	9077848	127	0	0.0	stat_sample	2	02	00	E0	00	00	0.0	1	0	2	0																						
2	ppu_public	60	9077846	127	8	4.0	mode2_enter	2	02	00	E0	00	00	4.0	1	0	2	0																						
2	ppu_public	60	9077848	127	0	0.0	stat_sample	3	02	00	E0	00	00	0.0	1	0	2	0																						
2	ppu_public	60	9078014	127	176	88.0	mode3_enter	3	02	00	E0	00	00	88.0	1	0	2	0																						
2	ppu_public	60	9078008	127	84	42.0	stat_sample	3	03	00	E0	00	00	42.0	1	0	2	0																						
2	ppu_public	60	9078358	127	520	260.0	mode0_enter	0	03	00	E0	00	00	260.0	1	0	2	0																						
2	ppu_public	60	9078352	127	257	128.5	stat_sample	0	00	00	E0	00	00	128.5	1	0	2	0																						
2	ppu_public	60	9078752	128	0	0.0	stat_sample	2	00	00	E0	00	00	0.0	1	0	2	0																						
2	ppu_public	60	9078752	128	2	1.0	mode2_irq_prepare	0	00	00	E0	00	00	1.0	1	0	2	0																						
2	ppu_public	60	9078760	128	0	0.0	stat_sample	2	02	00	E0	00	00	0.0	1	0	2	0																						
2	ppu_public	60	9078758	128	8	4.0	mode2_enter	2	02	00	E0	00	00	4.0	1	0	2	0																						
2	ppu_public	60	9078760	128	0	0.0	stat_sample	3	02	00	E0	00	00	0.0	1	0	2	0																						
2	ppu_public	60	9078926	128	176	88.0	mode3_enter	3	02	00	E0	00	00	88.0	1	0	2	0																						
2	ppu_public	60	9078920	128	84	42.0	stat_sample	3	03	00	E0	00	00	42.0	1	0	2	0																						
2	ppu_public	60	9079270	128	520	260.0	mode0_enter	0	03	00	E0	00	00	260.0	1	0	2	0																						
2	ppu_public	60	9079264	128	257	128.5	stat_sample	0	00	00	E0	00	00	128.5	1	0	2	0																						
2	ppu_public	60	9079664	129	0	0.0	stat_sample	2	00	00	E0	00	00	0.0	1	0	2	0																						
2	ppu_public	60	9079664	129	2	1.0	mode2_irq_prepare	0	00	00	E0	00	00	1.0	1	0	2	0																						
2	ppu_public	60	9079672	129	0	0.0	stat_sample	2	02	00	E0	00	00	0.0	1	0	2	0																						
2	ppu_public	60	9079670	129	8	4.0	mode2_enter	2	02	00	E0	00	00	4.0	1	0	2	0																						
2	ppu_public	60	9079672	129	0	0.0	stat_sample	3	02	00	E0	00	00	0.0	1	0	2	0																						
2	ppu_public	60	9079838	129	176	88.0	mode3_enter	3	02	00	E0	00	00	88.0	1	0	2	0																						
2	ppu_public	60	9079832	129	84	42.0	stat_sample	3	03	00	E0	00	00	42.0	1	0	2	0																						
2	ppu_public	60	9080182	129	520	260.0	mode0_enter	0	03	00	E0	00	00	260.0	1	0	2	0																						
2	ppu_public	60	9080176	129	257	128.5	stat_sample	0	00	00	E0	00	00	128.5	1	0	2	0																						
2	ppu_public	60	9080576	130	0	0.0	stat_sample	2	00	00	E0	00	00	0.0	1	0	2	0																						
2	ppu_public	60	9080576	130	2	1.0	mode2_irq_prepare	0	00	00	E0	00	00	1.0	1	0	2	0																						
2	ppu_public	60	9080584	130	0	0.0	stat_sample	2	02	00	E0	00	00	0.0	1	0	2	0																						
2	ppu_public	60	9080582	130	8	4.0	mode2_enter	2	02	00	E0	00	00	4.0	1	0	2	0																						
2	ppu_public	60	9080584	130	0	0.0	stat_sample	3	02	00	E0	00	00	0.0	1	0	2	0																						
2	ppu_public	60	9080750	130	176	88.0	mode3_enter	3	02	00	E0	00	00	88.0	1	0	2	0																						
2	ppu_public	60	9080744	130	84	42.0	stat_sample	3	03	00	E0	00	00	42.0	1	0	2	0																						
2	ppu_public	60	9081094	130	520	260.0	mode0_enter	0	03	00	E0	00	00	260.0	1	0	2	0																						
2	ppu_public	60	9081088	130	257	128.5	stat_sample	0	00	00	E0	00	00	128.5	1	0	2	0																						
2	ppu_public	60	9081488	131	0	0.0	stat_sample	2	00	00	E0	00	00	0.0	1	0	2	0																						
2	ppu_public	60	9081488	131	2	1.0	mode2_irq_prepare	0	00	00	E0	00	00	1.0	1	0	2	0																						
2	ppu_public	60	9081496	131	0	0.0	stat_sample	2	02	00	E0	00	00	0.0	1	0	2	0																						
2	ppu_public	60	9081494	131	8	4.0	mode2_enter	2	02	00	E0	00	00	4.0	1	0	2	0																						
2	ppu_public	60	9081496	131	0	0.0	stat_sample	3	02	00	E0	00	00	0.0	1	0	2	0																						
2	ppu_public	60	9081662	131	176	88.0	mode3_enter	3	02	00	E0	00	00	88.0	1	0	2	0																						
2	ppu_public	60	9081656	131	84	42.0	stat_sample	3	03	00	E0	00	00	42.0	1	0	2	0																						
2	ppu_public	60	9082006	131	520	260.0	mode0_enter	0	03	00	E0	00	00	260.0	1	0	2	0																						
2	ppu_public	60	9082000	131	257	128.5	stat_sample	0	00	00	E0	00	00	128.5	1	0	2	0																						
2	ppu_public	60	9082400	132	0	0.0	stat_sample	2	00	00	E0	00	00	0.0	1	0	2	0																						
2	ppu_public	60	9082400	132	2	1.0	mode2_irq_prepare	0	00	00	E0	00	00	1.0	1	0	2	0																						
2	ppu_public	60	9082408	132	0	0.0	stat_sample	2	02	00	E0	00	00	0.0	1	0	2	0																						
2	ppu_public	60	9082406	132	8	4.0	mode2_enter	2	02	00	E0	00	00	4.0	1	0	2	0																						
2	ppu_public	60	9082408	132	0	0.0	stat_sample	3	02	00	E0	00	00	0.0	1	0	2	0																						
2	ppu_public	60	9082574	132	176	88.0	mode3_enter	3	02	00	E0	00	00	88.0	1	0	2	0																						
2	ppu_public	60	9082568	132	84	42.0	stat_sample	3	03	00	E0	00	00	42.0	1	0	2	0																						
2	ppu_public	60	9082918	132	520	260.0	mode0_enter	0	03	00	E0	00	00	260.0	1	0	2	0																						
2	ppu_public	60	9082912	132	257	128.5	stat_sample	0	00	00	E0	00	00	128.5	1	0	2	0																						
2	ppu_public	60	9083312	133	0	0.0	stat_sample	2	00	00	E0	00	00	0.0	1	0	2	0																						
2	ppu_public	60	9083312	133	2	1.0	mode2_irq_prepare	0	00	00	E0	00	00	1.0	1	0	2	0																						
2	ppu_public	60	9083320	133	0	0.0	stat_sample	2	02	00	E0	00	00	0.0	1	0	2	0																						
2	ppu_public	60	9083318	133	8	4.0	mode2_enter	2	02	00	E0	00	00	4.0	1	0	2	0																						
2	ppu_public	60	9083320	133	0	0.0	stat_sample	3	02	00	E0	00	00	0.0	1	0	2	0																						
2	ppu_public	60	9083486	133	176	88.0	mode3_enter	3	02	00	E0	00	00	88.0	1	0	2	0																						
2	ppu_public	60	9083480	133	84	42.0	stat_sample	3	03	00	E0	00	00	42.0	1	0	2	0																						
2	ppu_public	60	9083830	133	520	260.0	mode0_enter	0	03	00	E0	00	00	260.0	1	0	2	0																						
2	ppu_public	60	9083824	133	257	128.5	stat_sample	0	00	00	E0	00	00	128.5	1	0	2	0																						
2	ppu_public	60	9084224	134	0	0.0	stat_sample	2	00	00	E0	00	00	0.0	1	0	2	0																						
2	ppu_public	60	9084224	134	2	1.0	mode2_irq_prepare	0	00	00	E0	00	00	1.0	1	0	2	0																						
2	ppu_public	60	9084232	134	0	0.0	stat_sample	2	02	00	E0	00	00	0.0	1	0	2	0																						
2	ppu_public	60	9084230	134	8	4.0	mode2_enter	2	02	00	E0	00	00	4.0	1	0	2	0																						
2	ppu_public	60	9084232	134	0	0.0	stat_sample	3	02	00	E0	00	00	0.0	1	0	2	0																						
2	ppu_public	60	9084398	134	176	88.0	mode3_enter	3	02	00	E0	00	00	88.0	1	0	2	0																						
2	ppu_public	60	9084392	134	84	42.0	stat_sample	3	03	00	E0	00	00	42.0	1	0	2	0																						
2	ppu_public	60	9084742	134	520	260.0	mode0_enter	0	03	00	E0	00	00	260.0	1	0	2	0																						
2	ppu_public	60	9084736	134	257	128.5	stat_sample	0	00	00	E0	00	00	128.5	1	0	2	0																						
2	ppu_public	60	9085136	135	0	0.0	stat_sample	2	00	00	E0	00	00	0.0	1	0	2	0																						
2	ppu_public	60	9085136	135	2	1.0	mode2_irq_prepare	0	00	00	E0	00	00	1.0	1	0	2	0																						
2	ppu_public	60	9085144	135	0	0.0	stat_sample	2	02	00	E0	00	00	0.0	1	0	2	0																						
2	ppu_public	60	9085142	135	8	4.0	mode2_enter	2	02	00	E0	00	00	4.0	1	0	2	0																						
2	ppu_public	60	9085144	135	0	0.0	stat_sample	3	02	00	E0	00	00	0.0	1	0	2	0																						
2	ppu_public	60	9085310	135	176	88.0	mode3_enter	3	02	00	E0	00	00	88.0	1	0	2	0																						
2	ppu_public	60	9085304	135	84	42.0	stat_sample	3	03	00	E0	00	00	42.0	1	0	2	0																						
2	ppu_public	60	9085654	135	520	260.0	mode0_enter	0	03	00	E0	00	00	260.0	1	0	2	0																						
2	ppu_public	60	9085648	135	257	128.5	stat_sample	0	00	00	E0	00	00	128.5	1	0	2	0																						
2	ppu_public	60	9086048	136	0	0.0	stat_sample	2	00	00	E0	00	00	0.0	1	0	2	0																						
2	ppu_public	60	9086048	136	2	1.0	mode2_irq_prepare	0	00	00	E0	00	00	1.0	1	0	2	0																						
2	ppu_public	60	9086056	136	0	0.0	stat_sample	2	02	00	E0	00	00	0.0	1	0	2	0																						
2	ppu_public	60	9086054	136	8	4.0	mode2_enter	2	02	00	E0	00	00	4.0	1	0	2	0																						
2	ppu_public	60	9086056	136	0	0.0	stat_sample	3	02	00	E0	00	00	0.0	1	0	2	0																						
2	ppu_public	60	9086222	136	176	88.0	mode3_enter	3	02	00	E0	00	00	88.0	1	0	2	0																						
2	ppu_public	60	9086216	136	84	42.0	stat_sample	3	03	00	E0	00	00	42.0	1	0	2	0																						
2	ppu_public	60	9086566	136	520	260.0	mode0_enter	0	03	00	E0	00	00	260.0	1	0	2	0																						
2	ppu_public	60	9086560	136	257	128.5	stat_sample	0	00	00	E0	00	00	128.5	1	0	2	0																						
2	ppu_public	60	9086960	137	0	0.0	stat_sample	2	00	00	E0	00	00	0.0	1	0	2	0																						
2	ppu_public	60	9086960	137	2	1.0	mode2_irq_prepare	0	00	00	E0	00	00	1.0	1	0	2	0																						
2	ppu_public	60	9086968	137	0	0.0	stat_sample	2	02	00	E0	00	00	0.0	1	0	2	0																						
2	ppu_public	60	9086966	137	8	4.0	mode2_enter	2	02	00	E0	00	00	4.0	1	0	2	0																						
2	ppu_public	60	9086968	137	0	0.0	stat_sample	3	02	00	E0	00	00	0.0	1	0	2	0																						
2	ppu_public	60	9087134	137	176	88.0	mode3_enter	3	02	00	E0	00	00	88.0	1	0	2	0																						
2	ppu_public	60	9087128	137	84	42.0	stat_sample	3	03	00	E0	00	00	42.0	1	0	2	0																						
2	ppu_public	60	9087478	137	520	260.0	mode0_enter	0	03	00	E0	00	00	260.0	1	0	2	0																						
2	ppu_public	60	9087472	137	257	128.5	stat_sample	0	00	00	E0	00	00	128.5	1	0	2	0																						
2	ppu_public	60	9087872	138	0	0.0	stat_sample	2	00	00	E0	00	00	0.0	1	0	2	0																						
2	ppu_public	60	9087872	138	2	1.0	mode2_irq_prepare	0	00	00	E0	00	00	1.0	1	0	2	0																						
2	ppu_public	60	9087880	138	0	0.0	stat_sample	2	02	00	E0	00	00	0.0	1	0	2	0																						
2	ppu_public	60	9087878	138	8	4.0	mode2_enter	2	02	00	E0	00	00	4.0	1	0	2	0																						
2	ppu_public	60	9087880	138	0	0.0	stat_sample	3	02	00	E0	00	00	0.0	1	0	2	0																						
2	ppu_public	60	9088046	138	176	88.0	mode3_enter	3	02	00	E0	00	00	88.0	1	0	2	0																						
2	ppu_public	60	9088040	138	84	42.0	stat_sample	3	03	00	E0	00	00	42.0	1	0	2	0																						
2	ppu_public	60	9088390	138	520	260.0	mode0_enter	0	03	00	E0	00	00	260.0	1	0	2	0																						
2	ppu_public	60	9088384	138	257	128.5	stat_sample	0	00	00	E0	00	00	128.5	1	0	2	0																						
2	ppu_public	60	9088784	139	0	0.0	stat_sample	2	00	00	E0	00	00	0.0	1	0	2	0																						
2	ppu_public	60	9088784	139	2	1.0	mode2_irq_prepare	0	00	00	E0	00	00	1.0	1	0	2	0																						
2	ppu_public	60	9088792	139	0	0.0	stat_sample	2	02	00	E0	00	00	0.0	1	0	2	0																						
2	ppu_public	60	9088790	139	8	4.0	mode2_enter	2	02	00	E0	00	00	4.0	1	0	2	0																						
2	ppu_public	60	9088792	139	0	0.0	stat_sample	3	02	00	E0	00	00	0.0	1	0	2	0																						
2	ppu_public	60	9088958	139	176	88.0	mode3_enter	3	02	00	E0	00	00	88.0	1	0	2	0																						
2	ppu_public	60	9088952	139	84	42.0	stat_sample	3	03	00	E0	00	00	42.0	1	0	2	0																						
2	ppu_public	60	9089302	139	520	260.0	mode0_enter	0	03	00	E0	00	00	260.0	1	0	2	0																						
2	ppu_public	60	9089296	139	257	128.5	stat_sample	0	00	00	E0	00	00	128.5	1	0	2	0																						
2	ppu_public	60	9089696	140	0	0.0	stat_sample	2	00	00	E0	00	00	0.0	1	0	2	0																						
2	ppu_public	60	9089696	140	2	1.0	mode2_irq_prepare	0	00	00	E0	00	00	1.0	1	0	2	0																						
2	ppu_public	60	9089704	140	0	0.0	stat_sample	2	02	00	E0	00	00	0.0	1	0	2	0																						
2	ppu_public	60	9089702	140	8	4.0	mode2_enter	2	02	00	E0	00	00	4.0	1	0	2	0																						
2	ppu_public	60	9089704	140	0	0.0	stat_sample	3	02	00	E0	00	00	0.0	1	0	2	0																						
2	ppu_public	60	9089870	140	176	88.0	mode3_enter	3	02	00	E0	00	00	88.0	1	0	2	0																						
2	ppu_public	60	9089864	140	84	42.0	stat_sample	3	03	00	E0	00	00	42.0	1	0	2	0																						
2	ppu_public	60	9090214	140	520	260.0	mode0_enter	0	03	00	E0	00	00	260.0	1	0	2	0																						
2	ppu_public	60	9090208	140	257	128.5	stat_sample	0	00	00	E0	00	00	128.5	1	0	2	0																						
2	ppu_public	60	9090608	141	0	0.0	stat_sample	2	00	00	E0	00	00	0.0	1	0	2	0																						
2	ppu_public	60	9090608	141	2	1.0	mode2_irq_prepare	0	00	00	E0	00	00	1.0	1	0	2	0																						
2	ppu_public	60	9090616	141	0	0.0	stat_sample	2	02	00	E0	00	00	0.0	1	0	2	0																						
2	ppu_public	60	9090614	141	8	4.0	mode2_enter	2	02	00	E0	00	00	4.0	1	0	2	0																						
2	ppu_public	60	9090616	141	0	0.0	stat_sample	3	02	00	E0	00	00	0.0	1	0	2	0																						
2	ppu_public	60	9090782	141	176	88.0	mode3_enter	3	02	00	E0	00	00	88.0	1	0	2	0																						
2	ppu_public	60	9090776	141	84	42.0	stat_sample	3	03	00	E0	00	00	42.0	1	0	2	0																						
2	ppu_public	60	9091126	141	520	260.0	mode0_enter	0	03	00	E0	00	00	260.0	1	0	2	0																						
2	ppu_public	60	9091120	141	257	128.5	stat_sample	0	00	00	E0	00	00	128.5	1	0	2	0																						
2	ppu_public	60	9091520	142	0	0.0	stat_sample	2	00	00	E0	00	00	0.0	1	0	2	0																						
2	ppu_public	60	9091520	142	2	1.0	mode2_irq_prepare	0	00	00	E0	00	00	1.0	1	0	2	0																						
2	ppu_public	60	9091528	142	0	0.0	stat_sample	2	02	00	E0	00	00	0.0	1	0	2	0																						
2	ppu_public	60	9091526	142	8	4.0	mode2_enter	2	02	00	E0	00	00	4.0	1	0	2	0																						
2	ppu_public	60	9091528	142	0	0.0	stat_sample	3	02	00	E0	00	00	0.0	1	0	2	0																						
2	ppu_public	60	9091694	142	176	88.0	mode3_enter	3	02	00	E0	00	00	88.0	1	0	2	0																						
2	ppu_public	60	9091688	142	84	42.0	stat_sample	3	03	00	E0	00	00	42.0	1	0	2	0																						
2	ppu_public	60	9092038	142	520	260.0	mode0_enter	0	03	00	E0	00	00	260.0	1	0	2	0																						
2	ppu_public	60	9092032	142	257	128.5	stat_sample	0	00	00	E0	00	00	128.5	1	0	2	0																						
2	ppu_public	60	9092432	143	0	0.0	stat_sample	2	00	00	E0	00	00	0.0	1	0	2	0																						
2	ppu_public	60	9092432	143	2	1.0	mode2_irq_prepare	0	00	00	E0	00	00	1.0	1	0	2	0																						
2	ppu_public	60	9092440	143	0	0.0	stat_sample	2	02	00	E0	00	00	0.0	1	0	2	0																						
2	ppu_public	60	9092438	143	8	4.0	mode2_enter	2	02	00	E0	00	00	4.0	1	0	2	0																						
2	ppu_public	60	9092440	143	0	0.0	stat_sample	3	02	00	E0	00	00	0.0	1	0	2	0																						
2	ppu_public	60	9092606	143	176	88.0	mode3_enter	3	02	00	E0	00	00	88.0	1	0	2	0																						
2	ppu_public	60	9092600	143	84	42.0	stat_sample	3	03	00	E0	00	00	42.0	1	0	2	0																						
2	ppu_public	60	9092950	143	520	260.0	mode0_enter	0	03	00	E0	00	00	260.0	1	0	2	0																						
2	ppu_public	60	9092944	143	257	128.5	stat_sample	0	00	00	E0	00	00	128.5	1	0	2	0																						
2	ppu_public	60	9093344	144	0	0.0	stat_sample	0	00	00	E0	00	00	0.0	1	0	2	0																						
2	ppu_public	60	9093352	144	0	0.0	stat_sample	0	00	00	E0	00	00	0.0	1	0	2	0																						
2	ppu_public	60	9093352	144	0	0.0	stat_sample	1	01	00	E1	00	00	0.0	1	0	2	0																						
2	ppu_public	60	9092436	144	6	3.0	frame_vblank	1	01	00	E1	00	00	3.0	1	1	2	0																						
2	ppu_public	60	9092436	144	6	3.0	vblank_irq_edge	1	01	00	E1	00	00	3.0	1	1	2	0																						
2	cpu	60	9093528	144	1098	549.0	write	1	01		E1	00	00	549.0	1		2	0				FFFB	00					00	00	91	00	00		READ_OLD	9093528	549.0				
2	cpu	60	9093536	144	1106	553.0	write	1	01		E1	00	00	553.0	1		2	0				FFFA	C7					00	00	91	00	00		READ_OLD	9093536	553.0				
2	cpu	60	9093560	144	1130	565.0	write	1	01		E1	00	00	565.0	1		2	0				FFF9	99					00	00	91	00	00		READ_OLD	9093560	565.0				
2	cpu	60	9093568	144	1138	569.0	write	1	01		E1	00	00	569.0	1		2	0				FFF8	03					00	00	91	00	00		READ_OLD	9093568	569.0				
2	cpu	60	9093626	144	1196	598.0	write	1	01		E0	00	00	598.0	1		2	0				FF0F	E0					00	00	91	00	00		WRITE_CPU	9093626	598.0				
2	initial_state	60	9094264	145	8	4.0		1	01		E0	00	00	4.0	1		2	0				FF40	91																	
2	initial_state	60	9094264	145	8	4.0		1	01		E0	00	00	4.0	1		2	0				FF41	01																	
2	initial_state	60	9094264	145	8	4.0		1	01		E0	00	00	4.0	1		2	0				FF42	00																	
2	initial_state	60	9094264	145	8	4.0		1	01		E0	00	00	4.0	1		2	0				FF43	00																	
2	initial_state	60	9094264	145	8	4.0		1	01		E0	00	00	4.0	1		2	0				FF45	00																	
2	cpu	60	9094264	145	8	4.0	write	1	01		E0	00	00	8.0	1		2	0				FF40	91					00	00	91	00	00		READ_OLD	9094264	4.0				
2	ppu_public	60	9094256	145	0	0.0	stat_sample	1	01	00	E0	00	00	0.0	1	0	2	0																						
2	ppu_public	60	9094264	145	0	0.0	stat_sample	1	01	00	E0	00	00	0.0	1	0	2	0																						
2	ppu_public	60	9095168	146	0	0.0	stat_sample	1	01	00	E0	00	00	0.0	1	0	2	0																						
2	ppu_public	60	9095176	146	0	0.0	stat_sample	1	01	00	E0	00	00	0.0	1	0	2	0																						
2	ppu_public	60	9096080	147	0	0.0	stat_sample	1	01	00	E0	00	00	0.0	1	0	2	0																						
2	ppu_public	60	9096088	147	0	0.0	stat_sample	1	01	00	E0	00	00	0.0	1	0	2	0																						
2	ppu_public	60	9096992	148	0	0.0	stat_sample	1	01	00	E0	00	00	0.0	1	0	2	0																						
2	ppu_public	60	9097000	148	0	0.0	stat_sample	1	01	00	E0	00	00	0.0	1	0	2	0																						
2	ppu_public	60	9097904	149	0	0.0	stat_sample	1	01	00	E0	00	00	0.0	1	0	2	0																						
2	ppu_public	60	9097912	149	0	0.0	stat_sample	1	01	00	E0	00	00	0.0	1	0	2	0																						
2	ppu_public	60	9098816	150	0	0.0	stat_sample	1	01	00	E0	00	00	0.0	1	0	2	0																						
2	ppu_public	60	9098824	150	0	0.0	stat_sample	1	01	00	E0	00	00	0.0	1	0	2	0																						
2	ppu_public	60	9099728	151	0	0.0	stat_sample	1	01	00	E0	00	00	0.0	1	0	2	0																						
2	ppu_public	60	9099736	151	0	0.0	stat_sample	1	01	00	E0	00	00	0.0	1	0	2	0																						
2	ppu_public	60	9100640	152	0	0.0	stat_sample	1	01	00	E0	00	00	0.0	1	0	2	0																						
2	ppu_public	60	9100648	152	0	0.0	stat_sample	1	01	00	E0	00	00	0.0	1	0	2	0																						
2	ppu_public	60	9101552	153	0	0.0	stat_sample	1	01	00	E0	00	00	0.0	1	0	2	0																						
2	ppu_public	60	9101560	153	0	0.0	stat_sample	1	01	00	E0	00	00	0.0	1	0	2	0																						
2	ppu_public	60	9101568	153	0	0.0	stat_sample	1	01	00	E0	00	00	0.0	1	0	2	0																						
2	ppu_public	60	9101576	153	0	0.0	stat_sample	1	05	00	E0	00	00	0.0	1	0	2	0																						
2	ppu_public	60	9102464	0	0	0.0	stat_sample	1	04	00	E0	00	00	0.0	1	0	2	0																						
2	ppu_public	61	9102464	0	2	1.0	mode2_irq_prepare	0	04	00	E0	00	00	1.0	1	0	2	0																						
2	ppu_public	60	9102472	0	0	0.0	stat_sample	2	06	00	E0	00	00	0.0	1	0	2	0																						
2	ppu_public	61	9102470	0	8	4.0	mode2_enter	2	06	00	E0	00	00	4.0	1	0	2	0																						
2	ppu_public	60	9102472	0	0	0.0	stat_sample	3	06	00	E0	00	00	0.0	1	0	2	0																						
2	ppu_public	60	9102638	0	176	88.0	mode3_enter_line0	3	06	00	E0	00	00	88.0	1	0	2	0																						
2	ppu_public	60	9102632	0	84	42.0	stat_sample	3	07	00	E0	00	00	42.0	1	0	2	0																						
2	ppu_public	60	9102982	0	520	260.0	mode0_enter	0	07	00	E0	00	00	260.0	1	0	2	0																						
2	ppu_public	61	9102976	0	257	128.5	stat_sample	0	04	00	E0	00	00	128.5	1	0	2	0																						
2	ppu_public	61	9103376	1	0	0.0	stat_sample	2	00	00	E0	00	00	0.0	1	0	2	0																						
2	ppu_public	61	9103376	1	2	1.0	mode2_irq_prepare	0	00	00	E0	00	00	1.0	1	0	2	0																						
2	ppu_public	61	9103384	1	0	0.0	stat_sample	2	02	00	E0	00	00	0.0	1	0	2	0																						
2	ppu_public	61	9103382	1	8	4.0	mode2_enter	2	02	00	E0	00	00	4.0	1	0	2	0																						
2	ppu_public	61	9103384	1	0	0.0	stat_sample	3	02	00	E0	00	00	0.0	1	0	2	0																						
2	ppu_public	61	9103550	1	176	88.0	mode3_enter	3	02	00	E0	00	00	88.0	1	0	2	0																						
2	ppu_public	61	9103544	1	84	42.0	stat_sample	3	03	00	E0	00	00	42.0	1	0	2	0																						
2	ppu_public	61	9103894	1	520	260.0	mode0_enter	0	03	00	E0	00	00	260.0	1	0	2	0																						
2	ppu_public	61	9103888	1	257	128.5	stat_sample	0	00	00	E0	00	00	128.5	1	0	2	0																						
2	ppu_public	61	9104288	2	0	0.0	stat_sample	2	00	00	E0	00	00	0.0	1	0	2	0																						
2	ppu_public	61	9104288	2	2	1.0	mode2_irq_prepare	0	00	00	E0	00	00	1.0	1	0	2	0																						
2	ppu_public	61	9104296	2	0	0.0	stat_sample	2	02	00	E0	00	00	0.0	1	0	2	0																						
2	ppu_public	61	9104294	2	8	4.0	mode2_enter	2	02	00	E0	00	00	4.0	1	0	2	0																						
2	ppu_public	61	9104296	2	0	0.0	stat_sample	3	02	00	E0	00	00	0.0	1	0	2	0																						
2	ppu_public	61	9104462	2	176	88.0	mode3_enter	3	02	00	E0	00	00	88.0	1	0	2	0																						
2	ppu_public	61	9104456	2	84	42.0	stat_sample	3	03	00	E0	00	00	42.0	1	0	2	0																						
2	ppu_public	61	9104806	2	520	260.0	mode0_enter	0	03	00	E0	00	00	260.0	1	0	2	0																						
2	ppu_public	61	9104800	2	257	128.5	stat_sample	0	00	00	E0	00	00	128.5	1	0	2	0																						
2	ppu_public	61	9105200	3	0	0.0	stat_sample	2	00	00	E0	00	00	0.0	1	0	2	0																						
2	ppu_public	61	9105200	3	2	1.0	mode2_irq_prepare	0	00	00	E0	00	00	1.0	1	0	2	0																						
2	ppu_public	61	9105208	3	0	0.0	stat_sample	2	02	00	E0	00	00	0.0	1	0	2	0																						
2	ppu_public	61	9105206	3	8	4.0	mode2_enter	2	02	00	E0	00	00	4.0	1	0	2	0																						
2	ppu_public	61	9105208	3	0	0.0	stat_sample	3	02	00	E0	00	00	0.0	1	0	2	0																						
2	ppu_public	61	9105374	3	176	88.0	mode3_enter	3	02	00	E0	00	00	88.0	1	0	2	0																						
2	ppu_public	61	9105368	3	84	42.0	stat_sample	3	03	00	E0	00	00	42.0	1	0	2	0																						
2	ppu_public	61	9105718	3	520	260.0	mode0_enter	0	03	00	E0	00	00	260.0	1	0	2	0																						
2	ppu_public	61	9105712	3	257	128.5	stat_sample	0	00	00	E0	00	00	128.5	1	0	2	0																						
2	ppu_public	61	9106112	4	0	0.0	stat_sample	2	00	00	E0	00	00	0.0	1	0	2	0																						
2	ppu_public	61	9106112	4	2	1.0	mode2_irq_prepare	0	00	00	E0	00	00	1.0	1	0	2	0																						
2	ppu_public	61	9106120	4	0	0.0	stat_sample	2	02	00	E0	00	00	0.0	1	0	2	0																						
2	ppu_public	61	9106118	4	8	4.0	mode2_enter	2	02	00	E0	00	00	4.0	1	0	2	0																						
2	ppu_public	61	9106120	4	0	0.0	stat_sample	3	02	00	E0	00	00	0.0	1	0	2	0																						
2	ppu_public	61	9106286	4	176	88.0	mode3_enter	3	02	00	E0	00	00	88.0	1	0	2	0																						
2	ppu_public	61	9106280	4	84	42.0	stat_sample	3	03	00	E0	00	00	42.0	1	0	2	0																						
2	ppu_public	61	9106630	4	520	260.0	mode0_enter	0	03	00	E0	00	00	260.0	1	0	2	0																						
2	ppu_public	61	9106624	4	257	128.5	stat_sample	0	00	00	E0	00	00	128.5	1	0	2	0																						
2	ppu_public	61	9107024	5	0	0.0	stat_sample	2	00	00	E0	00	00	0.0	1	0	2	0																						
2	ppu_public	61	9107024	5	2	1.0	mode2_irq_prepare	0	00	00	E0	00	00	1.0	1	0	2	0																						
2	ppu_public	61	9107032	5	0	0.0	stat_sample	2	02	00	E0	00	00	0.0	1	0	2	0																						
2	ppu_public	61	9107030	5	8	4.0	mode2_enter	2	02	00	E0	00	00	4.0	1	0	2	0																						
2	ppu_public	61	9107032	5	0	0.0	stat_sample	3	02	00	E0	00	00	0.0	1	0	2	0																						
2	ppu_public	61	9107198	5	176	88.0	mode3_enter	3	02	00	E0	00	00	88.0	1	0	2	0																						
2	ppu_public	61	9107192	5	84	42.0	stat_sample	3	03	00	E0	00	00	42.0	1	0	2	0																						
2	ppu_public	61	9107542	5	520	260.0	mode0_enter	0	03	00	E0	00	00	260.0	1	0	2	0																						
2	ppu_public	61	9107536	5	257	128.5	stat_sample	0	00	00	E0	00	00	128.5	1	0	2	0																						
2	ppu_public	61	9107936	6	0	0.0	stat_sample	2	00	00	E0	00	00	0.0	1	0	2	0																						
2	ppu_public	61	9107936	6	2	1.0	mode2_irq_prepare	0	00	00	E0	00	00	1.0	1	0	2	0																						
2	ppu_public	61	9107944	6	0	0.0	stat_sample	2	02	00	E0	00	00	0.0	1	0	2	0																						
2	ppu_public	61	9107942	6	8	4.0	mode2_enter	2	02	00	E0	00	00	4.0	1	0	2	0																						
2	ppu_public	61	9107944	6	0	0.0	stat_sample	3	02	00	E0	00	00	0.0	1	0	2	0																						
2	ppu_public	61	9108110	6	176	88.0	mode3_enter	3	02	00	E0	00	00	88.0	1	0	2	0																						
2	ppu_public	61	9108104	6	84	42.0	stat_sample	3	03	00	E0	00	00	42.0	1	0	2	0																						
2	ppu_public	61	9108454	6	520	260.0	mode0_enter	0	03	00	E0	00	00	260.0	1	0	2	0																						
2	ppu_public	61	9108448	6	257	128.5	stat_sample	0	00	00	E0	00	00	128.5	1	0	2	0																						
2	ppu_public	61	9108848	7	0	0.0	stat_sample	2	00	00	E0	00	00	0.0	1	0	2	0																						
2	ppu_public	61	9108848	7	2	1.0	mode2_irq_prepare	0	00	00	E0	00	00	1.0	1	0	2	0																						
2	ppu_public	61	9108856	7	0	0.0	stat_sample	2	02	00	E0	00	00	0.0	1	0	2	0																						
2	ppu_public	61	9108854	7	8	4.0	mode2_enter	2	02	00	E0	00	00	4.0	1	0	2	0																						
2	ppu_public	61	9108856	7	0	0.0	stat_sample	3	02	00	E0	00	00	0.0	1	0	2	0																						
2	ppu_public	61	9109022	7	176	88.0	mode3_enter	3	02	00	E0	00	00	88.0	1	0	2	0																						
2	ppu_public	61	9109016	7	84	42.0	stat_sample	3	03	00	E0	00	00	42.0	1	0	2	0																						
2	ppu_public	61	9109366	7	520	260.0	mode0_enter	0	03	00	E0	00	00	260.0	1	0	2	0																						
2	ppu_public	61	9109360	7	257	128.5	stat_sample	0	00	00	E0	00	00	128.5	1	0	2	0																						
2	ppu_public	61	9109760	8	0	0.0	stat_sample	2	00	00	E0	00	00	0.0	1	0	2	0																						
2	ppu_public	61	9109760	8	2	1.0	mode2_irq_prepare	0	00	00	E0	00	00	1.0	1	0	2	0																						
2	ppu_public	61	9109768	8	0	0.0	stat_sample	2	02	00	E0	00	00	0.0	1	0	2	0																						
2	ppu_public	61	9109766	8	8	4.0	mode2_enter	2	02	00	E0	00	00	4.0	1	0	2	0																						
2	ppu_public	61	9109768	8	0	0.0	stat_sample	3	02	00	E0	00	00	0.0	1	0	2	0																						
2	ppu_public	61	9109934	8	176	88.0	mode3_enter	3	02	00	E0	00	00	88.0	1	0	2	0																						
2	ppu_public	61	9109928	8	84	42.0	stat_sample	3	03	00	E0	00	00	42.0	1	0	2	0																						
2	ppu_public	61	9110278	8	520	260.0	mode0_enter	0	03	00	E0	00	00	260.0	1	0	2	0																						
2	ppu_public	61	9110272	8	257	128.5	stat_sample	0	00	00	E0	00	00	128.5	1	0	2	0																						
2	ppu_public	61	9110672	9	0	0.0	stat_sample	2	00	00	E0	00	00	0.0	1	0	2	0																						
2	ppu_public	61	9110672	9	2	1.0	mode2_irq_prepare	0	00	00	E0	00	00	1.0	1	0	2	0																						
2	ppu_public	61	9110680	9	0	0.0	stat_sample	2	02	00	E0	00	00	0.0	1	0	2	0																						
2	ppu_public	61	9110678	9	8	4.0	mode2_enter	2	02	00	E0	00	00	4.0	1	0	2	0																						
2	ppu_public	61	9110680	9	0	0.0	stat_sample	3	02	00	E0	00	00	0.0	1	0	2	0																						
2	ppu_public	61	9110846	9	176	88.0	mode3_enter	3	02	00	E0	00	00	88.0	1	0	2	0																						
2	ppu_public	61	9110840	9	84	42.0	stat_sample	3	03	00	E0	00	00	42.0	1	0	2	0																						
2	ppu_public	61	9111190	9	520	260.0	mode0_enter	0	03	00	E0	00	00	260.0	1	0	2	0																						
2	ppu_public	61	9111184	9	257	128.5	stat_sample	0	00	00	E0	00	00	128.5	1	0	2	0																						
2	ppu_public	61	9111584	10	0	0.0	stat_sample	2	00	00	E0	00	00	0.0	1	0	2	0																						
2	ppu_public	61	9111584	10	2	1.0	mode2_irq_prepare	0	00	00	E0	00	00	1.0	1	0	2	0																						
2	ppu_public	61	9111592	10	0	0.0	stat_sample	2	02	00	E0	00	00	0.0	1	0	2	0																						
2	ppu_public	61	9111590	10	8	4.0	mode2_enter	2	02	00	E0	00	00	4.0	1	0	2	0																						
2	ppu_public	61	9111592	10	0	0.0	stat_sample	3	02	00	E0	00	00	0.0	1	0	2	0																						
2	ppu_public	61	9111758	10	176	88.0	mode3_enter	3	02	00	E0	00	00	88.0	1	0	2	0																						
2	ppu_public	61	9111752	10	84	42.0	stat_sample	3	03	00	E0	00	00	42.0	1	0	2	0																						
2	ppu_public	61	9112102	10	520	260.0	mode0_enter	0	03	00	E0	00	00	260.0	1	0	2	0																						
2	ppu_public	61	9112096	10	257	128.5	stat_sample	0	00	00	E0	00	00	128.5	1	0	2	0																						
2	ppu_public	61	9112496	11	0	0.0	stat_sample	2	00	00	E0	00	00	0.0	1	0	2	0																						
2	ppu_public	61	9112496	11	2	1.0	mode2_irq_prepare	0	00	00	E0	00	00	1.0	1	0	2	0																						
2	ppu_public	61	9112504	11	0	0.0	stat_sample	2	02	00	E0	00	00	0.0	1	0	2	0																						
2	ppu_public	61	9112502	11	8	4.0	mode2_enter	2	02	00	E0	00	00	4.0	1	0	2	0																						
2	ppu_public	61	9112504	11	0	0.0	stat_sample	3	02	00	E0	00	00	0.0	1	0	2	0																						
2	ppu_public	61	9112670	11	176	88.0	mode3_enter	3	02	00	E0	00	00	88.0	1	0	2	0																						
2	ppu_public	61	9112664	11	84	42.0	stat_sample	3	03	00	E0	00	00	42.0	1	0	2	0																						
2	ppu_public	61	9113014	11	520	260.0	mode0_enter	0	03	00	E0	00	00	260.0	1	0	2	0																						
2	ppu_public	61	9113008	11	257	128.5	stat_sample	0	00	00	E0	00	00	128.5	1	0	2	0																						
2	ppu_public	61	9113408	12	0	0.0	stat_sample	2	00	00	E0	00	00	0.0	1	0	2	0																						
2	ppu_public	61	9113408	12	2	1.0	mode2_irq_prepare	0	00	00	E0	00	00	1.0	1	0	2	0																						
2	ppu_public	61	9113416	12	0	0.0	stat_sample	2	02	00	E0	00	00	0.0	1	0	2	0																						
2	ppu_public	61	9113414	12	8	4.0	mode2_enter	2	02	00	E0	00	00	4.0	1	0	2	0																						
2	ppu_public	61	9113416	12	0	0.0	stat_sample	3	02	00	E0	00	00	0.0	1	0	2	0																						
2	ppu_public	61	9113582	12	176	88.0	mode3_enter	3	02	00	E0	00	00	88.0	1	0	2	0																						
2	ppu_public	61	9113576	12	84	42.0	stat_sample	3	03	00	E0	00	00	42.0	1	0	2	0																						
2	ppu_public	61	9113926	12	520	260.0	mode0_enter	0	03	00	E0	00	00	260.0	1	0	2	0																						
2	ppu_public	61	9113920	12	257	128.5	stat_sample	0	00	00	E0	00	00	128.5	1	0	2	0																						
2	ppu_public	61	9114320	13	0	0.0	stat_sample	2	00	00	E0	00	00	0.0	1	0	2	0																						
2	ppu_public	61	9114320	13	2	1.0	mode2_irq_prepare	0	00	00	E0	00	00	1.0	1	0	2	0																						
2	ppu_public	61	9114328	13	0	0.0	stat_sample	2	02	00	E0	00	00	0.0	1	0	2	0																						
2	ppu_public	61	9114326	13	8	4.0	mode2_enter	2	02	00	E0	00	00	4.0	1	0	2	0																						
2	ppu_public	61	9114328	13	0	0.0	stat_sample	3	02	00	E0	00	00	0.0	1	0	2	0																						
2	ppu_public	61	9114494	13	176	88.0	mode3_enter	3	02	00	E0	00	00	88.0	1	0	2	0																						
2	ppu_public	61	9114488	13	84	42.0	stat_sample	3	03	00	E0	00	00	42.0	1	0	2	0																						
2	ppu_public	61	9114838	13	520	260.0	mode0_enter	0	03	00	E0	00	00	260.0	1	0	2	0																						
2	ppu_public	61	9114832	13	257	128.5	stat_sample	0	00	00	E0	00	00	128.5	1	0	2	0																						
2	ppu_public	61	9115232	14	0	0.0	stat_sample	2	00	00	E0	00	00	0.0	1	0	2	0																						
2	ppu_public	61	9115232	14	2	1.0	mode2_irq_prepare	0	00	00	E0	00	00	1.0	1	0	2	0																						
2	ppu_public	61	9115240	14	0	0.0	stat_sample	2	02	00	E0	00	00	0.0	1	0	2	0																						
2	ppu_public	61	9115238	14	8	4.0	mode2_enter	2	02	00	E0	00	00	4.0	1	0	2	0																						
2	ppu_public	61	9115240	14	0	0.0	stat_sample	3	02	00	E0	00	00	0.0	1	0	2	0																						
2	ppu_public	61	9115406	14	176	88.0	mode3_enter	3	02	00	E0	00	00	88.0	1	0	2	0																						
2	ppu_public	61	9115400	14	84	42.0	stat_sample	3	03	00	E0	00	00	42.0	1	0	2	0																						
2	ppu_public	61	9115750	14	520	260.0	mode0_enter	0	03	00	E0	00	00	260.0	1	0	2	0																						
2	ppu_public	61	9115744	14	257	128.5	stat_sample	0	00	00	E0	00	00	128.5	1	0	2	0																						
2	ppu_public	61	9116144	15	0	0.0	stat_sample	2	00	00	E0	00	00	0.0	1	0	2	0																						
2	ppu_public	61	9116144	15	2	1.0	mode2_irq_prepare	0	00	00	E0	00	00	1.0	1	0	2	0																						
2	ppu_public	61	9116152	15	0	0.0	stat_sample	2	02	00	E0	00	00	0.0	1	0	2	0																						
2	ppu_public	61	9116150	15	8	4.0	mode2_enter	2	02	00	E0	00	00	4.0	1	0	2	0																						
2	ppu_public	61	9116152	15	0	0.0	stat_sample	3	02	00	E0	00	00	0.0	1	0	2	0																						
2	ppu_public	61	9116318	15	176	88.0	mode3_enter	3	02	00	E0	00	00	88.0	1	0	2	0																						
2	ppu_public	61	9116312	15	84	42.0	stat_sample	3	03	00	E0	00	00	42.0	1	0	2	0																						
2	ppu_public	61	9116662	15	520	260.0	mode0_enter	0	03	00	E0	00	00	260.0	1	0	2	0																						
2	ppu_public	61	9116656	15	257	128.5	stat_sample	0	00	00	E0	00	00	128.5	1	0	2	0																						
2	ppu_public	61	9117056	16	0	0.0	stat_sample	2	00	00	E0	00	00	0.0	1	0	2	0																						
2	ppu_public	61	9117056	16	2	1.0	mode2_irq_prepare	0	00	00	E0	00	00	1.0	1	0	2	0																						
2	ppu_public	61	9117064	16	0	0.0	stat_sample	2	02	00	E0	00	00	0.0	1	0	2	0																						
2	ppu_public	61	9117062	16	8	4.0	mode2_enter	2	02	00	E0	00	00	4.0	1	0	2	0																						
2	ppu_public	61	9117064	16	0	0.0	stat_sample	3	02	00	E0	00	00	0.0	1	0	2	0																						
2	ppu_public	61	9117230	16	176	88.0	mode3_enter	3	02	00	E0	00	00	88.0	1	0	2	0																						
2	ppu_public	61	9117224	16	84	42.0	stat_sample	3	03	00	E0	00	00	42.0	1	0	2	0																						
2	ppu_public	61	9117574	16	520	260.0	mode0_enter	0	03	00	E0	00	00	260.0	1	0	2	0																						
2	ppu_public	61	9117568	16	257	128.5	stat_sample	0	00	00	E0	00	00	128.5	1	0	2	0																						
2	ppu_public	61	9117968	17	0	0.0	stat_sample	2	00	00	E0	00	00	0.0	1	0	2	0																						
2	ppu_public	61	9117968	17	2	1.0	mode2_irq_prepare	0	00	00	E0	00	00	1.0	1	0	2	0																						
2	ppu_public	61	9117976	17	0	0.0	stat_sample	2	02	00	E0	00	00	0.0	1	0	2	0																						
2	ppu_public	61	9117974	17	8	4.0	mode2_enter	2	02	00	E0	00	00	4.0	1	0	2	0																						
2	ppu_public	61	9117976	17	0	0.0	stat_sample	3	02	00	E0	00	00	0.0	1	0	2	0																						
2	ppu_public	61	9118142	17	176	88.0	mode3_enter	3	02	00	E0	00	00	88.0	1	0	2	0																						
2	ppu_public	61	9118136	17	84	42.0	stat_sample	3	03	00	E0	00	00	42.0	1	0	2	0																						
2	ppu_public	61	9118486	17	520	260.0	mode0_enter	0	03	00	E0	00	00	260.0	1	0	2	0																						
2	ppu_public	61	9118480	17	257	128.5	stat_sample	0	00	00	E0	00	00	128.5	1	0	2	0																						
2	ppu_public	61	9118880	18	0	0.0	stat_sample	2	00	00	E0	00	00	0.0	1	0	2	0																						
2	ppu_public	61	9118880	18	2	1.0	mode2_irq_prepare	0	00	00	E0	00	00	1.0	1	0	2	0																						
2	ppu_public	61	9118888	18	0	0.0	stat_sample	2	02	00	E0	00	00	0.0	1	0	2	0																						
2	ppu_public	61	9118886	18	8	4.0	mode2_enter	2	02	00	E0	00	00	4.0	1	0	2	0																						
2	ppu_public	61	9118888	18	0	0.0	stat_sample	3	02	00	E0	00	00	0.0	1	0	2	0																						
2	ppu_public	61	9119054	18	176	88.0	mode3_enter	3	02	00	E0	00	00	88.0	1	0	2	0																						
2	ppu_public	61	9119048	18	84	42.0	stat_sample	3	03	00	E0	00	00	42.0	1	0	2	0																						
2	ppu_public	61	9119398	18	520	260.0	mode0_enter	0	03	00	E0	00	00	260.0	1	0	2	0																						
2	ppu_public	61	9119392	18	257	128.5	stat_sample	0	00	00	E0	00	00	128.5	1	0	2	0																						
2	ppu_public	61	9119792	19	0	0.0	stat_sample	2	00	00	E0	00	00	0.0	1	0	2	0																						
2	ppu_public	61	9119792	19	2	1.0	mode2_irq_prepare	0	00	00	E0	00	00	1.0	1	0	2	0																						
2	ppu_public	61	9119800	19	0	0.0	stat_sample	2	02	00	E0	00	00	0.0	1	0	2	0																						
2	ppu_public	61	9119798	19	8	4.0	mode2_enter	2	02	00	E0	00	00	4.0	1	0	2	0																						
2	ppu_public	61	9119800	19	0	0.0	stat_sample	3	02	00	E0	00	00	0.0	1	0	2	0																						
2	ppu_public	61	9119966	19	176	88.0	mode3_enter	3	02	00	E0	00	00	88.0	1	0	2	0																						
2	ppu_public	61	9119960	19	84	42.0	stat_sample	3	03	00	E0	00	00	42.0	1	0	2	0																						
2	ppu_public	61	9120310	19	520	260.0	mode0_enter	0	03	00	E0	00	00	260.0	1	0	2	0																						
2	ppu_public	61	9120304	19	257	128.5	stat_sample	0	00	00	E0	00	00	128.5	1	0	2	0																						
2	ppu_public	61	9120704	20	0	0.0	stat_sample	2	00	00	E0	00	00	0.0	1	0	2	0																						
2	ppu_public	61	9120704	20	2	1.0	mode2_irq_prepare	0	00	00	E0	00	00	1.0	1	0	2	0																						
2	ppu_public	61	9120712	20	0	0.0	stat_sample	2	02	00	E0	00	00	0.0	1	0	2	0																						
2	ppu_public	61	9120710	20	8	4.0	mode2_enter	2	02	00	E0	00	00	4.0	1	0	2	0																						
2	ppu_public	61	9120712	20	0	0.0	stat_sample	3	02	00	E0	00	00	0.0	1	0	2	0																						
2	ppu_public	61	9120878	20	176	88.0	mode3_enter	3	02	00	E0	00	00	88.0	1	0	2	0																						
2	ppu_public	61	9120872	20	84	42.0	stat_sample	3	03	00	E0	00	00	42.0	1	0	2	0																						
2	ppu_public	61	9121222	20	520	260.0	mode0_enter	0	03	00	E0	00	00	260.0	1	0	2	0																						
2	ppu_public	61	9121216	20	257	128.5	stat_sample	0	00	00	E0	00	00	128.5	1	0	2	0																						
2	ppu_public	61	9121616	21	0	0.0	stat_sample	2	00	00	E0	00	00	0.0	1	0	2	0																						
2	ppu_public	61	9121616	21	2	1.0	mode2_irq_prepare	0	00	00	E0	00	00	1.0	1	0	2	0																						
2	ppu_public	61	9121624	21	0	0.0	stat_sample	2	02	00	E0	00	00	0.0	1	0	2	0																						
2	ppu_public	61	9121622	21	8	4.0	mode2_enter	2	02	00	E0	00	00	4.0	1	0	2	0																						
2	ppu_public	61	9121624	21	0	0.0	stat_sample	3	02	00	E0	00	00	0.0	1	0	2	0																						
2	ppu_public	61	9121790	21	176	88.0	mode3_enter	3	02	00	E0	00	00	88.0	1	0	2	0																						
2	ppu_public	61	9121784	21	84	42.0	stat_sample	3	03	00	E0	00	00	42.0	1	0	2	0																						
2	ppu_public	61	9122134	21	520	260.0	mode0_enter	0	03	00	E0	00	00	260.0	1	0	2	0																						
2	ppu_public	61	9122128	21	257	128.5	stat_sample	0	00	00	E0	00	00	128.5	1	0	2	0																						
2	ppu_public	61	9122528	22	0	0.0	stat_sample	2	00	00	E0	00	00	0.0	1	0	2	0																						
2	ppu_public	61	9122528	22	2	1.0	mode2_irq_prepare	0	00	00	E0	00	00	1.0	1	0	2	0																						
2	ppu_public	61	9122536	22	0	0.0	stat_sample	2	02	00	E0	00	00	0.0	1	0	2	0																						
2	ppu_public	61	9122534	22	8	4.0	mode2_enter	2	02	00	E0	00	00	4.0	1	0	2	0																						
2	ppu_public	61	9122536	22	0	0.0	stat_sample	3	02	00	E0	00	00	0.0	1	0	2	0																						
2	ppu_public	61	9122702	22	176	88.0	mode3_enter	3	02	00	E0	00	00	88.0	1	0	2	0																						
2	ppu_public	61	9122696	22	84	42.0	stat_sample	3	03	00	E0	00	00	42.0	1	0	2	0																						
2	ppu_public	61	9123046	22	520	260.0	mode0_enter	0	03	00	E0	00	00	260.0	1	0	2	0																						
2	ppu_public	61	9123040	22	257	128.5	stat_sample	0	00	00	E0	00	00	128.5	1	0	2	0																						
2	ppu_public	61	9123440	23	0	0.0	stat_sample	2	00	00	E0	00	00	0.0	1	0	2	0																						
2	ppu_public	61	9123440	23	2	1.0	mode2_irq_prepare	0	00	00	E0	00	00	1.0	1	0	2	0																						
2	ppu_public	61	9123448	23	0	0.0	stat_sample	2	02	00	E0	00	00	0.0	1	0	2	0																						
2	ppu_public	61	9123446	23	8	4.0	mode2_enter	2	02	00	E0	00	00	4.0	1	0	2	0																						
2	ppu_public	61	9123448	23	0	0.0	stat_sample	3	02	00	E0	00	00	0.0	1	0	2	0																						
2	ppu_public	61	9123614	23	176	88.0	mode3_enter	3	02	00	E0	00	00	88.0	1	0	2	0																						
2	ppu_public	61	9123608	23	84	42.0	stat_sample	3	03	00	E0	00	00	42.0	1	0	2	0																						
2	ppu_public	61	9123958	23	520	260.0	mode0_enter	0	03	00	E0	00	00	260.0	1	0	2	0																						
2	ppu_public	61	9123952	23	257	128.5	stat_sample	0	00	00	E0	00	00	128.5	1	0	2	0																						
2	ppu_public	61	9124352	24	0	0.0	stat_sample	2	00	00	E0	00	00	0.0	1	0	2	0																						
2	ppu_public	61	9124352	24	2	1.0	mode2_irq_prepare	0	00	00	E0	00	00	1.0	1	0	2	0																						
2	ppu_public	61	9124360	24	0	0.0	stat_sample	2	02	00	E0	00	00	0.0	1	0	2	0																						
2	ppu_public	61	9124358	24	8	4.0	mode2_enter	2	02	00	E0	00	00	4.0	1	0	2	0																						
2	ppu_public	61	9124360	24	0	0.0	stat_sample	3	02	00	E0	00	00	0.0	1	0	2	0																						
2	ppu_public	61	9124526	24	176	88.0	mode3_enter	3	02	00	E0	00	00	88.0	1	0	2	0																						
2	ppu_public	61	9124520	24	84	42.0	stat_sample	3	03	00	E0	00	00	42.0	1	0	2	0																						
2	ppu_public	61	9124870	24	520	260.0	mode0_enter	0	03	00	E0	00	00	260.0	1	0	2	0																						
2	ppu_public	61	9124864	24	257	128.5	stat_sample	0	00	00	E0	00	00	128.5	1	0	2	0																						
2	ppu_public	61	9125264	25	0	0.0	stat_sample	2	00	00	E0	00	00	0.0	1	0	2	0																						
2	ppu_public	61	9125264	25	2	1.0	mode2_irq_prepare	0	00	00	E0	00	00	1.0	1	0	2	0																						
2	ppu_public	61	9125272	25	0	0.0	stat_sample	2	02	00	E0	00	00	0.0	1	0	2	0																						
2	ppu_public	61	9125270	25	8	4.0	mode2_enter	2	02	00	E0	00	00	4.0	1	0	2	0																						
2	ppu_public	61	9125272	25	0	0.0	stat_sample	3	02	00	E0	00	00	0.0	1	0	2	0																						
2	ppu_public	61	9125438	25	176	88.0	mode3_enter	3	02	00	E0	00	00	88.0	1	0	2	0																						
2	ppu_public	61	9125432	25	84	42.0	stat_sample	3	03	00	E0	00	00	42.0	1	0	2	0																						
2	ppu_public	61	9125782	25	520	260.0	mode0_enter	0	03	00	E0	00	00	260.0	1	0	2	0																						
2	ppu_public	61	9125776	25	257	128.5	stat_sample	0	00	00	E0	00	00	128.5	1	0	2	0																						
2	ppu_public	61	9126176	26	0	0.0	stat_sample	2	00	00	E0	00	00	0.0	1	0	2	0																						
2	ppu_public	61	9126176	26	2	1.0	mode2_irq_prepare	0	00	00	E0	00	00	1.0	1	0	2	0																						
2	ppu_public	61	9126184	26	0	0.0	stat_sample	2	02	00	E0	00	00	0.0	1	0	2	0																						
2	ppu_public	61	9126182	26	8	4.0	mode2_enter	2	02	00	E0	00	00	4.0	1	0	2	0																						
2	ppu_public	61	9126184	26	0	0.0	stat_sample	3	02	00	E0	00	00	0.0	1	0	2	0																						
2	ppu_public	61	9126350	26	176	88.0	mode3_enter	3	02	00	E0	00	00	88.0	1	0	2	0																						
2	ppu_public	61	9126344	26	84	42.0	stat_sample	3	03	00	E0	00	00	42.0	1	0	2	0																						
2	ppu_public	61	9126694	26	520	260.0	mode0_enter	0	03	00	E0	00	00	260.0	1	0	2	0																						
2	ppu_public	61	9126688	26	257	128.5	stat_sample	0	00	00	E0	00	00	128.5	1	0	2	0																						
2	ppu_public	61	9127088	27	0	0.0	stat_sample	2	00	00	E0	00	00	0.0	1	0	2	0																						
2	ppu_public	61	9127088	27	2	1.0	mode2_irq_prepare	0	00	00	E0	00	00	1.0	1	0	2	0																						
2	ppu_public	61	9127096	27	0	0.0	stat_sample	2	02	00	E0	00	00	0.0	1	0	2	0																						
2	ppu_public	61	9127094	27	8	4.0	mode2_enter	2	02	00	E0	00	00	4.0	1	0	2	0																						
2	ppu_public	61	9127096	27	0	0.0	stat_sample	3	02	00	E0	00	00	0.0	1	0	2	0																						
2	ppu_public	61	9127262	27	176	88.0	mode3_enter	3	02	00	E0	00	00	88.0	1	0	2	0																						
2	ppu_public	61	9127256	27	84	42.0	stat_sample	3	03	00	E0	00	00	42.0	1	0	2	0																						
2	ppu_public	61	9127606	27	520	260.0	mode0_enter	0	03	00	E0	00	00	260.0	1	0	2	0																						
2	ppu_public	61	9127600	27	257	128.5	stat_sample	0	00	00	E0	00	00	128.5	1	0	2	0																						
2	ppu_public	61	9128000	28	0	0.0	stat_sample	2	00	00	E0	00	00	0.0	1	0	2	0																						
2	ppu_public	61	9128000	28	2	1.0	mode2_irq_prepare	0	00	00	E0	00	00	1.0	1	0	2	0																						
2	ppu_public	61	9128008	28	0	0.0	stat_sample	2	02	00	E0	00	00	0.0	1	0	2	0																						
2	ppu_public	61	9128006	28	8	4.0	mode2_enter	2	02	00	E0	00	00	4.0	1	0	2	0																						
2	ppu_public	61	9128008	28	0	0.0	stat_sample	3	02	00	E0	00	00	0.0	1	0	2	0																						
2	ppu_public	61	9128174	28	176	88.0	mode3_enter	3	02	00	E0	00	00	88.0	1	0	2	0																						
2	ppu_public	61	9128168	28	84	42.0	stat_sample	3	03	00	E0	00	00	42.0	1	0	2	0																						
2	ppu_public	61	9128518	28	520	260.0	mode0_enter	0	03	00	E0	00	00	260.0	1	0	2	0																						
2	ppu_public	61	9128512	28	257	128.5	stat_sample	0	00	00	E0	00	00	128.5	1	0	2	0																						
2	ppu_public	61	9128912	29	0	0.0	stat_sample	2	00	00	E0	00	00	0.0	1	0	2	0																						
2	ppu_public	61	9128912	29	2	1.0	mode2_irq_prepare	0	00	00	E0	00	00	1.0	1	0	2	0																						
2	ppu_public	61	9128920	29	0	0.0	stat_sample	2	02	00	E0	00	00	0.0	1	0	2	0																						
2	ppu_public	61	9128918	29	8	4.0	mode2_enter	2	02	00	E0	00	00	4.0	1	0	2	0																						
2	ppu_public	61	9128920	29	0	0.0	stat_sample	3	02	00	E0	00	00	0.0	1	0	2	0																						
2	ppu_public	61	9129086	29	176	88.0	mode3_enter	3	02	00	E0	00	00	88.0	1	0	2	0																						
2	ppu_public	61	9129080	29	84	42.0	stat_sample	3	03	00	E0	00	00	42.0	1	0	2	0																						
2	ppu_public	61	9129430	29	520	260.0	mode0_enter	0	03	00	E0	00	00	260.0	1	0	2	0																						
2	ppu_public	61	9129424	29	257	128.5	stat_sample	0	00	00	E0	00	00	128.5	1	0	2	0																						
2	ppu_public	61	9129824	30	0	0.0	stat_sample	2	00	00	E0	00	00	0.0	1	0	2	0																						
2	ppu_public	61	9129824	30	2	1.0	mode2_irq_prepare	0	00	00	E0	00	00	1.0	1	0	2	0																						
2	ppu_public	61	9129832	30	0	0.0	stat_sample	2	02	00	E0	00	00	0.0	1	0	2	0																						
2	ppu_public	61	9129830	30	8	4.0	mode2_enter	2	02	00	E0	00	00	4.0	1	0	2	0																						
2	ppu_public	61	9129832	30	0	0.0	stat_sample	3	02	00	E0	00	00	0.0	1	0	2	0																						
2	ppu_public	61	9129998	30	176	88.0	mode3_enter	3	02	00	E0	00	00	88.0	1	0	2	0																						
2	ppu_public	61	9129992	30	84	42.0	stat_sample	3	03	00	E0	00	00	42.0	1	0	2	0																						
2	ppu_public	61	9130342	30	520	260.0	mode0_enter	0	03	00	E0	00	00	260.0	1	0	2	0																						
2	ppu_public	61	9130336	30	257	128.5	stat_sample	0	00	00	E0	00	00	128.5	1	0	2	0																						
2	ppu_public	61	9130736	31	0	0.0	stat_sample	2	00	00	E0	00	00	0.0	1	0	2	0																						
2	ppu_public	61	9130736	31	2	1.0	mode2_irq_prepare	0	00	00	E0	00	00	1.0	1	0	2	0																						
2	ppu_public	61	9130744	31	0	0.0	stat_sample	2	02	00	E0	00	00	0.0	1	0	2	0																						
2	ppu_public	61	9130742	31	8	4.0	mode2_enter	2	02	00	E0	00	00	4.0	1	0	2	0																						
2	ppu_public	61	9130744	31	0	0.0	stat_sample	3	02	00	E0	00	00	0.0	1	0	2	0																						
2	ppu_public	61	9130910	31	176	88.0	mode3_enter	3	02	00	E0	00	00	88.0	1	0	2	0																						
2	ppu_public	61	9130904	31	84	42.0	stat_sample	3	03	00	E0	00	00	42.0	1	0	2	0																						
2	ppu_public	61	9131254	31	520	260.0	mode0_enter	0	03	00	E0	00	00	260.0	1	0	2	0																						
2	ppu_public	61	9131248	31	257	128.5	stat_sample	0	00	00	E0	00	00	128.5	1	0	2	0																						
2	ppu_public	61	9131648	32	0	0.0	stat_sample	2	00	00	E0	00	00	0.0	1	0	2	0																						
2	ppu_public	61	9131648	32	2	1.0	mode2_irq_prepare	0	00	00	E0	00	00	1.0	1	0	2	0																						
2	ppu_public	61	9131656	32	0	0.0	stat_sample	2	02	00	E0	00	00	0.0	1	0	2	0																						
2	ppu_public	61	9131654	32	8	4.0	mode2_enter	2	02	00	E0	00	00	4.0	1	0	2	0																						
2	ppu_public	61	9131656	32	0	0.0	stat_sample	3	02	00	E0	00	00	0.0	1	0	2	0																						
2	ppu_public	61	9131822	32	176	88.0	mode3_enter	3	02	00	E0	00	00	88.0	1	0	2	0																						
2	ppu_public	61	9131816	32	84	42.0	stat_sample	3	03	00	E0	00	00	42.0	1	0	2	0																						
2	ppu_public	61	9132166	32	520	260.0	mode0_enter	0	03	00	E0	00	00	260.0	1	0	2	0																						
2	ppu_public	61	9132160	32	257	128.5	stat_sample	0	00	00	E0	00	00	128.5	1	0	2	0																						
2	ppu_public	61	9132560	33	0	0.0	stat_sample	2	00	00	E0	00	00	0.0	1	0	2	0																						
2	ppu_public	61	9132560	33	2	1.0	mode2_irq_prepare	0	00	00	E0	00	00	1.0	1	0	2	0																						
2	ppu_public	61	9132568	33	0	0.0	stat_sample	2	02	00	E0	00	00	0.0	1	0	2	0																						
2	ppu_public	61	9132566	33	8	4.0	mode2_enter	2	02	00	E0	00	00	4.0	1	0	2	0																						
2	ppu_public	61	9132568	33	0	0.0	stat_sample	3	02	00	E0	00	00	0.0	1	0	2	0																						
2	ppu_public	61	9132734	33	176	88.0	mode3_enter	3	02	00	E0	00	00	88.0	1	0	2	0																						
2	ppu_public	61	9132728	33	84	42.0	stat_sample	3	03	00	E0	00	00	42.0	1	0	2	0																						
2	ppu_public	61	9133078	33	520	260.0	mode0_enter	0	03	00	E0	00	00	260.0	1	0	2	0																						
2	ppu_public	61	9133072	33	257	128.5	stat_sample	0	00	00	E0	00	00	128.5	1	0	2	0																						
2	ppu_public	61	9133472	34	0	0.0	stat_sample	2	00	00	E0	00	00	0.0	1	0	2	0																						
2	ppu_public	61	9133472	34	2	1.0	mode2_irq_prepare	0	00	00	E0	00	00	1.0	1	0	2	0																						
2	ppu_public	61	9133480	34	0	0.0	stat_sample	2	02	00	E0	00	00	0.0	1	0	2	0																						
2	ppu_public	61	9133478	34	8	4.0	mode2_enter	2	02	00	E0	00	00	4.0	1	0	2	0																						
2	ppu_public	61	9133480	34	0	0.0	stat_sample	3	02	00	E0	00	00	0.0	1	0	2	0																						
2	ppu_public	61	9133646	34	176	88.0	mode3_enter	3	02	00	E0	00	00	88.0	1	0	2	0																						
2	ppu_public	61	9133640	34	84	42.0	stat_sample	3	03	00	E0	00	00	42.0	1	0	2	0																						
2	ppu_public	61	9133990	34	520	260.0	mode0_enter	0	03	00	E0	00	00	260.0	1	0	2	0																						
2	ppu_public	61	9133984	34	257	128.5	stat_sample	0	00	00	E0	00	00	128.5	1	0	2	0																						
2	ppu_public	61	9134384	35	0	0.0	stat_sample	2	00	00	E0	00	00	0.0	1	0	2	0																						
2	ppu_public	61	9134384	35	2	1.0	mode2_irq_prepare	0	00	00	E0	00	00	1.0	1	0	2	0																						
2	ppu_public	61	9134392	35	0	0.0	stat_sample	2	02	00	E0	00	00	0.0	1	0	2	0																						
2	ppu_public	61	9134390	35	8	4.0	mode2_enter	2	02	00	E0	00	00	4.0	1	0	2	0																						
2	ppu_public	61	9134392	35	0	0.0	stat_sample	3	02	00	E0	00	00	0.0	1	0	2	0																						
2	ppu_public	61	9134558	35	176	88.0	mode3_enter	3	02	00	E0	00	00	88.0	1	0	2	0																						
2	ppu_public	61	9134552	35	84	42.0	stat_sample	3	03	00	E0	00	00	42.0	1	0	2	0																						
2	ppu_public	61	9134902	35	520	260.0	mode0_enter	0	03	00	E0	00	00	260.0	1	0	2	0																						
2	ppu_public	61	9134896	35	257	128.5	stat_sample	0	00	00	E0	00	00	128.5	1	0	2	0																						
2	ppu_public	61	9135296	36	0	0.0	stat_sample	2	00	00	E0	00	00	0.0	1	0	2	0																						
2	ppu_public	61	9135296	36	2	1.0	mode2_irq_prepare	0	00	00	E0	00	00	1.0	1	0	2	0																						
2	ppu_public	61	9135304	36	0	0.0	stat_sample	2	02	00	E0	00	00	0.0	1	0	2	0																						
2	ppu_public	61	9135302	36	8	4.0	mode2_enter	2	02	00	E0	00	00	4.0	1	0	2	0																						
2	ppu_public	61	9135304	36	0	0.0	stat_sample	3	02	00	E0	00	00	0.0	1	0	2	0																						
2	ppu_public	61	9135470	36	176	88.0	mode3_enter	3	02	00	E0	00	00	88.0	1	0	2	0																						
2	ppu_public	61	9135464	36	84	42.0	stat_sample	3	03	00	E0	00	00	42.0	1	0	2	0																						
2	ppu_public	61	9135814	36	520	260.0	mode0_enter	0	03	00	E0	00	00	260.0	1	0	2	0																						
2	ppu_public	61	9135808	36	257	128.5	stat_sample	0	00	00	E0	00	00	128.5	1	0	2	0																						
2	ppu_public	61	9136208	37	0	0.0	stat_sample	2	00	00	E0	00	00	0.0	1	0	2	0																						
2	ppu_public	61	9136208	37	2	1.0	mode2_irq_prepare	0	00	00	E0	00	00	1.0	1	0	2	0																						
2	ppu_public	61	9136216	37	0	0.0	stat_sample	2	02	00	E0	00	00	0.0	1	0	2	0																						
2	ppu_public	61	9136214	37	8	4.0	mode2_enter	2	02	00	E0	00	00	4.0	1	0	2	0																						
2	ppu_public	61	9136216	37	0	0.0	stat_sample	3	02	00	E0	00	00	0.0	1	0	2	0																						
2	ppu_public	61	9136382	37	176	88.0	mode3_enter	3	02	00	E0	00	00	88.0	1	0	2	0																						
2	ppu_public	61	9136376	37	84	42.0	stat_sample	3	03	00	E0	00	00	42.0	1	0	2	0																						
2	ppu_public	61	9136726	37	520	260.0	mode0_enter	0	03	00	E0	00	00	260.0	1	0	2	0																						
2	ppu_public	61	9136720	37	257	128.5	stat_sample	0	00	00	E0	00	00	128.5	1	0	2	0																						
2	ppu_public	61	9137120	38	0	0.0	stat_sample	2	00	00	E0	00	00	0.0	1	0	2	0																						
2	ppu_public	61	9137120	38	2	1.0	mode2_irq_prepare	0	00	00	E0	00	00	1.0	1	0	2	0																						
2	ppu_public	61	9137128	38	0	0.0	stat_sample	2	02	00	E0	00	00	0.0	1	0	2	0																						
2	ppu_public	61	9137126	38	8	4.0	mode2_enter	2	02	00	E0	00	00	4.0	1	0	2	0																						
2	ppu_public	61	9137128	38	0	0.0	stat_sample	3	02	00	E0	00	00	0.0	1	0	2	0																						
2	ppu_public	61	9137294	38	176	88.0	mode3_enter	3	02	00	E0	00	00	88.0	1	0	2	0																						
2	ppu_public	61	9137288	38	84	42.0	stat_sample	3	03	00	E0	00	00	42.0	1	0	2	0																						
2	ppu_public	61	9137638	38	520	260.0	mode0_enter	0	03	00	E0	00	00	260.0	1	0	2	0																						
2	ppu_public	61	9137632	38	257	128.5	stat_sample	0	00	00	E0	00	00	128.5	1	0	2	0																						
2	ppu_public	61	9138032	39	0	0.0	stat_sample	2	00	00	E0	00	00	0.0	1	0	2	0																						
2	ppu_public	61	9138032	39	2	1.0	mode2_irq_prepare	0	00	00	E0	00	00	1.0	1	0	2	0																						
2	ppu_public	61	9138040	39	0	0.0	stat_sample	2	02	00	E0	00	00	0.0	1	0	2	0																						
2	ppu_public	61	9138038	39	8	4.0	mode2_enter	2	02	00	E0	00	00	4.0	1	0	2	0																						
2	ppu_public	61	9138040	39	0	0.0	stat_sample	3	02	00	E0	00	00	0.0	1	0	2	0																						
2	ppu_public	61	9138206	39	176	88.0	mode3_enter	3	02	00	E0	00	00	88.0	1	0	2	0																						
2	ppu_public	61	9138200	39	84	42.0	stat_sample	3	03	00	E0	00	00	42.0	1	0	2	0																						
2	ppu_public	61	9138550	39	520	260.0	mode0_enter	0	03	00	E0	00	00	260.0	1	0	2	0																						
2	ppu_public	61	9138544	39	257	128.5	stat_sample	0	00	00	E0	00	00	128.5	1	0	2	0																						
2	ppu_public	61	9138944	40	0	0.0	stat_sample	2	00	00	E0	00	00	0.0	1	0	2	0																						
2	ppu_public	61	9138944	40	2	1.0	mode2_irq_prepare	0	00	00	E0	00	00	1.0	1	0	2	0																						
2	ppu_public	61	9138952	40	0	0.0	stat_sample	2	02	00	E0	00	00	0.0	1	0	2	0																						
2	ppu_public	61	9138950	40	8	4.0	mode2_enter	2	02	00	E0	00	00	4.0	1	0	2	0																						
2	ppu_public	61	9138952	40	0	0.0	stat_sample	3	02	00	E0	00	00	0.0	1	0	2	0																						
2	ppu_public	61	9139118	40	176	88.0	mode3_enter	3	02	00	E0	00	00	88.0	1	0	2	0																						
2	ppu_public	61	9139112	40	84	42.0	stat_sample	3	03	00	E0	00	00	42.0	1	0	2	0																						
2	ppu_public	61	9139462	40	520	260.0	mode0_enter	0	03	00	E0	00	00	260.0	1	0	2	0																						
2	ppu_public	61	9139456	40	257	128.5	stat_sample	0	00	00	E0	00	00	128.5	1	0	2	0																						
2	ppu_public	61	9139856	41	0	0.0	stat_sample	2	00	00	E0	00	00	0.0	1	0	2	0																						
2	ppu_public	61	9139856	41	2	1.0	mode2_irq_prepare	0	00	00	E0	00	00	1.0	1	0	2	0																						
2	ppu_public	61	9139864	41	0	0.0	stat_sample	2	02	00	E0	00	00	0.0	1	0	2	0																						
2	ppu_public	61	9139862	41	8	4.0	mode2_enter	2	02	00	E0	00	00	4.0	1	0	2	0																						
2	ppu_public	61	9139864	41	0	0.0	stat_sample	3	02	00	E0	00	00	0.0	1	0	2	0																						
2	ppu_public	61	9140030	41	176	88.0	mode3_enter	3	02	00	E0	00	00	88.0	1	0	2	0																						
2	ppu_public	61	9140024	41	84	42.0	stat_sample	3	03	00	E0	00	00	42.0	1	0	2	0																						
2	ppu_public	61	9140374	41	520	260.0	mode0_enter	0	03	00	E0	00	00	260.0	1	0	2	0																						
2	ppu_public	61	9140368	41	257	128.5	stat_sample	0	00	00	E0	00	00	128.5	1	0	2	0																						
2	ppu_public	61	9140768	42	0	0.0	stat_sample	2	00	00	E0	00	00	0.0	1	0	2	0																						
2	ppu_public	61	9140768	42	2	1.0	mode2_irq_prepare	0	00	00	E0	00	00	1.0	1	0	2	0																						
2	ppu_public	61	9140776	42	0	0.0	stat_sample	2	02	00	E0	00	00	0.0	1	0	2	0																						
2	ppu_public	61	9140774	42	8	4.0	mode2_enter	2	02	00	E0	00	00	4.0	1	0	2	0																						
2	ppu_public	61	9140776	42	0	0.0	stat_sample	3	02	00	E0	00	00	0.0	1	0	2	0																						
2	ppu_public	61	9140942	42	176	88.0	mode3_enter	3	02	00	E0	00	00	88.0	1	0	2	0																						
2	ppu_public	61	9140936	42	84	42.0	stat_sample	3	03	00	E0	00	00	42.0	1	0	2	0																						
2	ppu_public	61	9141286	42	520	260.0	mode0_enter	0	03	00	E0	00	00	260.0	1	0	2	0																						
2	ppu_public	61	9141280	42	257	128.5	stat_sample	0	00	00	E0	00	00	128.5	1	0	2	0																						
2	ppu_public	61	9141680	43	0	0.0	stat_sample	2	00	00	E0	00	00	0.0	1	0	2	0																						
2	ppu_public	61	9141680	43	2	1.0	mode2_irq_prepare	0	00	00	E0	00	00	1.0	1	0	2	0																						
2	ppu_public	61	9141688	43	0	0.0	stat_sample	2	02	00	E0	00	00	0.0	1	0	2	0																						
2	ppu_public	61	9141686	43	8	4.0	mode2_enter	2	02	00	E0	00	00	4.0	1	0	2	0																						
2	ppu_public	61	9141688	43	0	0.0	stat_sample	3	02	00	E0	00	00	0.0	1	0	2	0																						
2	ppu_public	61	9141854	43	176	88.0	mode3_enter	3	02	00	E0	00	00	88.0	1	0	2	0																						
2	ppu_public	61	9141848	43	84	42.0	stat_sample	3	03	00	E0	00	00	42.0	1	0	2	0																						
2	ppu_public	61	9142198	43	520	260.0	mode0_enter	0	03	00	E0	00	00	260.0	1	0	2	0																						
2	ppu_public	61	9142192	43	257	128.5	stat_sample	0	00	00	E0	00	00	128.5	1	0	2	0																						
2	ppu_public	61	9142592	44	0	0.0	stat_sample	2	00	00	E0	00	00	0.0	1	0	2	0																						
2	ppu_public	61	9142592	44	2	1.0	mode2_irq_prepare	0	00	00	E0	00	00	1.0	1	0	2	0																						
2	ppu_public	61	9142600	44	0	0.0	stat_sample	2	02	00	E0	00	00	0.0	1	0	2	0																						
2	ppu_public	61	9142598	44	8	4.0	mode2_enter	2	02	00	E0	00	00	4.0	1	0	2	0																						
2	ppu_public	61	9142600	44	0	0.0	stat_sample	3	02	00	E0	00	00	0.0	1	0	2	0																						
2	ppu_public	61	9142766	44	176	88.0	mode3_enter	3	02	00	E0	00	00	88.0	1	0	2	0																						
2	ppu_public	61	9142760	44	84	42.0	stat_sample	3	03	00	E0	00	00	42.0	1	0	2	0																						
2	ppu_public	61	9143110	44	520	260.0	mode0_enter	0	03	00	E0	00	00	260.0	1	0	2	0																						
2	ppu_public	61	9143104	44	257	128.5	stat_sample	0	00	00	E0	00	00	128.5	1	0	2	0																						
2	ppu_public	61	9143504	45	0	0.0	stat_sample	2	00	00	E0	00	00	0.0	1	0	2	0																						
2	ppu_public	61	9143504	45	2	1.0	mode2_irq_prepare	0	00	00	E0	00	00	1.0	1	0	2	0																						
2	ppu_public	61	9143512	45	0	0.0	stat_sample	2	02	00	E0	00	00	0.0	1	0	2	0																						
2	ppu_public	61	9143510	45	8	4.0	mode2_enter	2	02	00	E0	00	00	4.0	1	0	2	0																						
2	ppu_public	61	9143512	45	0	0.0	stat_sample	3	02	00	E0	00	00	0.0	1	0	2	0																						
2	ppu_public	61	9143678	45	176	88.0	mode3_enter	3	02	00	E0	00	00	88.0	1	0	2	0																						
2	ppu_public	61	9143672	45	84	42.0	stat_sample	3	03	00	E0	00	00	42.0	1	0	2	0																						
2	ppu_public	61	9144022	45	520	260.0	mode0_enter	0	03	00	E0	00	00	260.0	1	0	2	0																						
2	ppu_public	61	9144016	45	257	128.5	stat_sample	0	00	00	E0	00	00	128.5	1	0	2	0																						
2	ppu_public	61	9144416	46	0	0.0	stat_sample	2	00	00	E0	00	00	0.0	1	0	2	0																						
2	ppu_public	61	9144416	46	2	1.0	mode2_irq_prepare	0	00	00	E0	00	00	1.0	1	0	2	0																						
2	ppu_public	61	9144424	46	0	0.0	stat_sample	2	02	00	E0	00	00	0.0	1	0	2	0																						
2	ppu_public	61	9144422	46	8	4.0	mode2_enter	2	02	00	E0	00	00	4.0	1	0	2	0																						
2	ppu_public	61	9144424	46	0	0.0	stat_sample	3	02	00	E0	00	00	0.0	1	0	2	0																						
2	ppu_public	61	9144590	46	176	88.0	mode3_enter	3	02	00	E0	00	00	88.0	1	0	2	0																						
2	ppu_public	61	9144584	46	84	42.0	stat_sample	3	03	00	E0	00	00	42.0	1	0	2	0																						
2	ppu_public	61	9144934	46	520	260.0	mode0_enter	0	03	00	E0	00	00	260.0	1	0	2	0																						
2	ppu_public	61	9144928	46	257	128.5	stat_sample	0	00	00	E0	00	00	128.5	1	0	2	0																						
2	ppu_public	61	9145328	47	0	0.0	stat_sample	2	00	00	E0	00	00	0.0	1	0	2	0																						
2	ppu_public	61	9145328	47	2	1.0	mode2_irq_prepare	0	00	00	E0	00	00	1.0	1	0	2	0																						
2	ppu_public	61	9145336	47	0	0.0	stat_sample	2	02	00	E0	00	00	0.0	1	0	2	0																						
2	ppu_public	61	9145334	47	8	4.0	mode2_enter	2	02	00	E0	00	00	4.0	1	0	2	0																						
2	ppu_public	61	9145336	47	0	0.0	stat_sample	3	02	00	E0	00	00	0.0	1	0	2	0																						
2	ppu_public	61	9145502	47	176	88.0	mode3_enter	3	02	00	E0	00	00	88.0	1	0	2	0																						
2	ppu_public	61	9145496	47	84	42.0	stat_sample	3	03	00	E0	00	00	42.0	1	0	2	0																						
2	ppu_public	61	9145846	47	520	260.0	mode0_enter	0	03	00	E0	00	00	260.0	1	0	2	0																						
2	ppu_public	61	9145840	47	257	128.5	stat_sample	0	00	00	E0	00	00	128.5	1	0	2	0																						
2	ppu_public	61	9146240	48	0	0.0	stat_sample	2	00	00	E0	00	00	0.0	1	0	2	0																						
2	ppu_public	61	9146240	48	2	1.0	mode2_irq_prepare	0	00	00	E0	00	00	1.0	1	0	2	0																						
2	ppu_public	61	9146248	48	0	0.0	stat_sample	2	02	00	E0	00	00	0.0	1	0	2	0																						
2	ppu_public	61	9146246	48	8	4.0	mode2_enter	2	02	00	E0	00	00	4.0	1	0	2	0																						
2	ppu_public	61	9146248	48	0	0.0	stat_sample	3	02	00	E0	00	00	0.0	1	0	2	0																						
2	ppu_public	61	9146414	48	176	88.0	mode3_enter	3	02	00	E0	00	00	88.0	1	0	2	0																						
2	ppu_public	61	9146408	48	84	42.0	stat_sample	3	03	00	E0	00	00	42.0	1	0	2	0																						
2	ppu_public	61	9146758	48	520	260.0	mode0_enter	0	03	00	E0	00	00	260.0	1	0	2	0																						
2	ppu_public	61	9146752	48	257	128.5	stat_sample	0	00	00	E0	00	00	128.5	1	0	2	0																						
2	ppu_public	61	9147152	49	0	0.0	stat_sample	2	00	00	E0	00	00	0.0	1	0	2	0																						
2	ppu_public	61	9147152	49	2	1.0	mode2_irq_prepare	0	00	00	E0	00	00	1.0	1	0	2	0																						
2	ppu_public	61	9147160	49	0	0.0	stat_sample	2	02	00	E0	00	00	0.0	1	0	2	0																						
2	ppu_public	61	9147158	49	8	4.0	mode2_enter	2	02	00	E0	00	00	4.0	1	0	2	0																						
2	ppu_public	61	9147160	49	0	0.0	stat_sample	3	02	00	E0	00	00	0.0	1	0	2	0																						
2	ppu_public	61	9147326	49	176	88.0	mode3_enter	3	02	00	E0	00	00	88.0	1	0	2	0																						
2	ppu_public	61	9147320	49	84	42.0	stat_sample	3	03	00	E0	00	00	42.0	1	0	2	0																						
2	ppu_public	61	9147670	49	520	260.0	mode0_enter	0	03	00	E0	00	00	260.0	1	0	2	0																						
2	ppu_public	61	9147664	49	257	128.5	stat_sample	0	00	00	E0	00	00	128.5	1	0	2	0																						
2	ppu_public	61	9148064	50	0	0.0	stat_sample	2	00	00	E0	00	00	0.0	1	0	2	0																						
2	ppu_public	61	9148064	50	2	1.0	mode2_irq_prepare	0	00	00	E0	00	00	1.0	1	0	2	0																						
2	ppu_public	61	9148072	50	0	0.0	stat_sample	2	02	00	E0	00	00	0.0	1	0	2	0																						
2	ppu_public	61	9148070	50	8	4.0	mode2_enter	2	02	00	E0	00	00	4.0	1	0	2	0																						
2	ppu_public	61	9148072	50	0	0.0	stat_sample	3	02	00	E0	00	00	0.0	1	0	2	0																						
2	ppu_public	61	9148238	50	176	88.0	mode3_enter	3	02	00	E0	00	00	88.0	1	0	2	0																						
2	ppu_public	61	9148232	50	84	42.0	stat_sample	3	03	00	E0	00	00	42.0	1	0	2	0																						
2	ppu_public	61	9148582	50	520	260.0	mode0_enter	0	03	00	E0	00	00	260.0	1	0	2	0																						
2	ppu_public	61	9148576	50	257	128.5	stat_sample	0	00	00	E0	00	00	128.5	1	0	2	0																						
2	ppu_public	61	9148976	51	0	0.0	stat_sample	2	00	00	E0	00	00	0.0	1	0	2	0																						
2	ppu_public	61	9148976	51	2	1.0	mode2_irq_prepare	0	00	00	E0	00	00	1.0	1	0	2	0																						
2	ppu_public	61	9148984	51	0	0.0	stat_sample	2	02	00	E0	00	00	0.0	1	0	2	0																						
2	ppu_public	61	9148982	51	8	4.0	mode2_enter	2	02	00	E0	00	00	4.0	1	0	2	0																						
2	ppu_public	61	9148984	51	0	0.0	stat_sample	3	02	00	E0	00	00	0.0	1	0	2	0																						
2	ppu_public	61	9149150	51	176	88.0	mode3_enter	3	02	00	E0	00	00	88.0	1	0	2	0																						
2	ppu_public	61	9149144	51	84	42.0	stat_sample	3	03	00	E0	00	00	42.0	1	0	2	0																						
2	ppu_public	61	9149494	51	520	260.0	mode0_enter	0	03	00	E0	00	00	260.0	1	0	2	0																						
2	ppu_public	61	9149488	51	257	128.5	stat_sample	0	00	00	E0	00	00	128.5	1	0	2	0																						
2	ppu_public	61	9149888	52	0	0.0	stat_sample	2	00	00	E0	00	00	0.0	1	0	2	0																						
2	ppu_public	61	9149888	52	2	1.0	mode2_irq_prepare	0	00	00	E0	00	00	1.0	1	0	2	0																						
2	ppu_public	61	9149896	52	0	0.0	stat_sample	2	02	00	E0	00	00	0.0	1	0	2	0																						
2	ppu_public	61	9149894	52	8	4.0	mode2_enter	2	02	00	E0	00	00	4.0	1	0	2	0																						
2	ppu_public	61	9149896	52	0	0.0	stat_sample	3	02	00	E0	00	00	0.0	1	0	2	0																						
2	ppu_public	61	9150062	52	176	88.0	mode3_enter	3	02	00	E0	00	00	88.0	1	0	2	0																						
2	ppu_public	61	9150056	52	84	42.0	stat_sample	3	03	00	E0	00	00	42.0	1	0	2	0																						
2	ppu_public	61	9150406	52	520	260.0	mode0_enter	0	03	00	E0	00	00	260.0	1	0	2	0																						
2	ppu_public	61	9150400	52	257	128.5	stat_sample	0	00	00	E0	00	00	128.5	1	0	2	0																						
2	ppu_public	61	9150800	53	0	0.0	stat_sample	2	00	00	E0	00	00	0.0	1	0	2	0																						
2	ppu_public	61	9150800	53	2	1.0	mode2_irq_prepare	0	00	00	E0	00	00	1.0	1	0	2	0																						
2	ppu_public	61	9150808	53	0	0.0	stat_sample	2	02	00	E0	00	00	0.0	1	0	2	0																						
2	ppu_public	61	9150806	53	8	4.0	mode2_enter	2	02	00	E0	00	00	4.0	1	0	2	0																						
2	ppu_public	61	9150808	53	0	0.0	stat_sample	3	02	00	E0	00	00	0.0	1	0	2	0																						
2	ppu_public	61	9150974	53	176	88.0	mode3_enter	3	02	00	E0	00	00	88.0	1	0	2	0																						
2	ppu_public	61	9150968	53	84	42.0	stat_sample	3	03	00	E0	00	00	42.0	1	0	2	0																						
2	ppu_public	61	9151318	53	520	260.0	mode0_enter	0	03	00	E0	00	00	260.0	1	0	2	0																						
2	ppu_public	61	9151312	53	257	128.5	stat_sample	0	00	00	E0	00	00	128.5	1	0	2	0																						
2	ppu_public	61	9151712	54	0	0.0	stat_sample	2	00	00	E0	00	00	0.0	1	0	2	0																						
2	ppu_public	61	9151712	54	2	1.0	mode2_irq_prepare	0	00	00	E0	00	00	1.0	1	0	2	0																						
2	ppu_public	61	9151720	54	0	0.0	stat_sample	2	02	00	E0	00	00	0.0	1	0	2	0																						
2	ppu_public	61	9151718	54	8	4.0	mode2_enter	2	02	00	E0	00	00	4.0	1	0	2	0																						
2	ppu_public	61	9151720	54	0	0.0	stat_sample	3	02	00	E0	00	00	0.0	1	0	2	0																						
2	ppu_public	61	9151886	54	176	88.0	mode3_enter	3	02	00	E0	00	00	88.0	1	0	2	0																						
2	ppu_public	61	9151880	54	84	42.0	stat_sample	3	03	00	E0	00	00	42.0	1	0	2	0																						
2	ppu_public	61	9152230	54	520	260.0	mode0_enter	0	03	00	E0	00	00	260.0	1	0	2	0																						
2	ppu_public	61	9152224	54	257	128.5	stat_sample	0	00	00	E0	00	00	128.5	1	0	2	0																						
2	ppu_public	61	9152624	55	0	0.0	stat_sample	2	00	00	E0	00	00	0.0	1	0	2	0																						
2	ppu_public	61	9152624	55	2	1.0	mode2_irq_prepare	0	00	00	E0	00	00	1.0	1	0	2	0																						
2	ppu_public	61	9152632	55	0	0.0	stat_sample	2	02	00	E0	00	00	0.0	1	0	2	0																						
2	ppu_public	61	9152630	55	8	4.0	mode2_enter	2	02	00	E0	00	00	4.0	1	0	2	0																						
2	ppu_public	61	9152632	55	0	0.0	stat_sample	3	02	00	E0	00	00	0.0	1	0	2	0																						
2	ppu_public	61	9152798	55	176	88.0	mode3_enter	3	02	00	E0	00	00	88.0	1	0	2	0																						
2	ppu_public	61	9152792	55	84	42.0	stat_sample	3	03	00	E0	00	00	42.0	1	0	2	0																						
2	ppu_public	61	9153142	55	520	260.0	mode0_enter	0	03	00	E0	00	00	260.0	1	0	2	0																						
2	ppu_public	61	9153136	55	257	128.5	stat_sample	0	00	00	E0	00	00	128.5	1	0	2	0																						
2	ppu_public	61	9153536	56	0	0.0	stat_sample	2	00	00	E0	00	00	0.0	1	0	2	0																						
2	ppu_public	61	9153536	56	2	1.0	mode2_irq_prepare	0	00	00	E0	00	00	1.0	1	0	2	0																						
2	ppu_public	61	9153544	56	0	0.0	stat_sample	2	02	00	E0	00	00	0.0	1	0	2	0																						
2	ppu_public	61	9153542	56	8	4.0	mode2_enter	2	02	00	E0	00	00	4.0	1	0	2	0																						
2	ppu_public	61	9153544	56	0	0.0	stat_sample	3	02	00	E0	00	00	0.0	1	0	2	0																						
2	ppu_public	61	9153710	56	176	88.0	mode3_enter	3	02	00	E0	00	00	88.0	1	0	2	0																						
2	ppu_public	61	9153704	56	84	42.0	stat_sample	3	03	00	E0	00	00	42.0	1	0	2	0																						
2	ppu_public	61	9154054	56	520	260.0	mode0_enter	0	03	00	E0	00	00	260.0	1	0	2	0																						
2	ppu_public	61	9154048	56	257	128.5	stat_sample	0	00	00	E0	00	00	128.5	1	0	2	0																						
2	ppu_public	61	9154448	57	0	0.0	stat_sample	2	00	00	E0	00	00	0.0	1	0	2	0																						
2	ppu_public	61	9154448	57	2	1.0	mode2_irq_prepare	0	00	00	E0	00	00	1.0	1	0	2	0																						
2	ppu_public	61	9154456	57	0	0.0	stat_sample	2	02	00	E0	00	00	0.0	1	0	2	0																						
2	ppu_public	61	9154454	57	8	4.0	mode2_enter	2	02	00	E0	00	00	4.0	1	0	2	0																						
2	ppu_public	61	9154456	57	0	0.0	stat_sample	3	02	00	E0	00	00	0.0	1	0	2	0																						
2	ppu_public	61	9154622	57	176	88.0	mode3_enter	3	02	00	E0	00	00	88.0	1	0	2	0																						
2	ppu_public	61	9154616	57	84	42.0	stat_sample	3	03	00	E0	00	00	42.0	1	0	2	0																						
2	ppu_public	61	9154966	57	520	260.0	mode0_enter	0	03	00	E0	00	00	260.0	1	0	2	0																						
2	ppu_public	61	9154960	57	257	128.5	stat_sample	0	00	00	E0	00	00	128.5	1	0	2	0																						
2	ppu_public	61	9155360	58	0	0.0	stat_sample	2	00	00	E0	00	00	0.0	1	0	2	0																						
2	ppu_public	61	9155360	58	2	1.0	mode2_irq_prepare	0	00	00	E0	00	00	1.0	1	0	2	0																						
2	ppu_public	61	9155368	58	0	0.0	stat_sample	2	02	00	E0	00	00	0.0	1	0	2	0																						
2	ppu_public	61	9155366	58	8	4.0	mode2_enter	2	02	00	E0	00	00	4.0	1	0	2	0																						
2	ppu_public	61	9155368	58	0	0.0	stat_sample	3	02	00	E0	00	00	0.0	1	0	2	0																						
2	ppu_public	61	9155534	58	176	88.0	mode3_enter	3	02	00	E0	00	00	88.0	1	0	2	0																						
2	ppu_public	61	9155528	58	84	42.0	stat_sample	3	03	00	E0	00	00	42.0	1	0	2	0																						
2	ppu_public	61	9155878	58	520	260.0	mode0_enter	0	03	00	E0	00	00	260.0	1	0	2	0																						
2	ppu_public	61	9155872	58	257	128.5	stat_sample	0	00	00	E0	00	00	128.5	1	0	2	0																						
2	ppu_public	61	9156272	59	0	0.0	stat_sample	2	00	00	E0	00	00	0.0	1	0	2	0																						
2	ppu_public	61	9156272	59	2	1.0	mode2_irq_prepare	0	00	00	E0	00	00	1.0	1	0	2	0																						
2	ppu_public	61	9156280	59	0	0.0	stat_sample	2	02	00	E0	00	00	0.0	1	0	2	0																						
2	ppu_public	61	9156278	59	8	4.0	mode2_enter	2	02	00	E0	00	00	4.0	1	0	2	0																						
2	ppu_public	61	9156280	59	0	0.0	stat_sample	3	02	00	E0	00	00	0.0	1	0	2	0																						
2	ppu_public	61	9156446	59	176	88.0	mode3_enter	3	02	00	E0	00	00	88.0	1	0	2	0																						
2	ppu_public	61	9156440	59	84	42.0	stat_sample	3	03	00	E0	00	00	42.0	1	0	2	0																						
2	ppu_public	61	9156790	59	520	260.0	mode0_enter	0	03	00	E0	00	00	260.0	1	0	2	0																						
2	ppu_public	61	9156784	59	257	128.5	stat_sample	0	00	00	E0	00	00	128.5	1	0	2	0																						
2	ppu_public	61	9157184	60	0	0.0	stat_sample	2	00	00	E0	00	00	0.0	1	0	2	0																						
2	ppu_public	61	9157184	60	2	1.0	mode2_irq_prepare	0	00	00	E0	00	00	1.0	1	0	2	0																						
2	ppu_public	61	9157192	60	0	0.0	stat_sample	2	02	00	E0	00	00	0.0	1	0	2	0																						
2	ppu_public	61	9157190	60	8	4.0	mode2_enter	2	02	00	E0	00	00	4.0	1	0	2	0																						
2	ppu_public	61	9157192	60	0	0.0	stat_sample	3	02	00	E0	00	00	0.0	1	0	2	0																						
2	ppu_public	61	9157358	60	176	88.0	mode3_enter	3	02	00	E0	00	00	88.0	1	0	2	0																						
2	ppu_public	61	9157352	60	84	42.0	stat_sample	3	03	00	E0	00	00	42.0	1	0	2	0																						
2	ppu_public	61	9157702	60	520	260.0	mode0_enter	0	03	00	E0	00	00	260.0	1	0	2	0																						
2	ppu_public	61	9157696	60	257	128.5	stat_sample	0	00	00	E0	00	00	128.5	1	0	2	0																						
2	ppu_public	61	9158096	61	0	0.0	stat_sample	2	00	00	E0	00	00	0.0	1	0	2	0																						
2	ppu_public	61	9158096	61	2	1.0	mode2_irq_prepare	0	00	00	E0	00	00	1.0	1	0	2	0																						
2	ppu_public	61	9158104	61	0	0.0	stat_sample	2	02	00	E0	00	00	0.0	1	0	2	0																						
2	ppu_public	61	9158102	61	8	4.0	mode2_enter	2	02	00	E0	00	00	4.0	1	0	2	0																						
2	ppu_public	61	9158104	61	0	0.0	stat_sample	3	02	00	E0	00	00	0.0	1	0	2	0																						
2	ppu_public	61	9158270	61	176	88.0	mode3_enter	3	02	00	E0	00	00	88.0	1	0	2	0																						
2	ppu_public	61	9158264	61	84	42.0	stat_sample	3	03	00	E0	00	00	42.0	1	0	2	0																						
2	ppu_public	61	9158614	61	520	260.0	mode0_enter	0	03	00	E0	00	00	260.0	1	0	2	0																						
2	ppu_public	61	9158608	61	257	128.5	stat_sample	0	00	00	E0	00	00	128.5	1	0	2	0																						
2	ppu_public	61	9159008	62	0	0.0	stat_sample	2	00	00	E0	00	00	0.0	1	0	2	0																						
2	ppu_public	61	9159008	62	2	1.0	mode2_irq_prepare	0	00	00	E0	00	00	1.0	1	0	2	0																						
2	ppu_public	61	9159016	62	0	0.0	stat_sample	2	02	00	E0	00	00	0.0	1	0	2	0																						
2	ppu_public	61	9159014	62	8	4.0	mode2_enter	2	02	00	E0	00	00	4.0	1	0	2	0																						
2	ppu_public	61	9159016	62	0	0.0	stat_sample	3	02	00	E0	00	00	0.0	1	0	2	0																						
2	ppu_public	61	9159182	62	176	88.0	mode3_enter	3	02	00	E0	00	00	88.0	1	0	2	0																						
2	ppu_public	61	9159176	62	84	42.0	stat_sample	3	03	00	E0	00	00	42.0	1	0	2	0																						
2	ppu_public	61	9159526	62	520	260.0	mode0_enter	0	03	00	E0	00	00	260.0	1	0	2	0																						
2	ppu_public	61	9159520	62	257	128.5	stat_sample	0	00	00	E0	00	00	128.5	1	0	2	0																						
2	ppu_public	61	9159920	63	0	0.0	stat_sample	2	00	00	E0	00	00	0.0	1	0	2	0																						
2	ppu_public	61	9159920	63	2	1.0	mode2_irq_prepare	0	00	00	E0	00	00	1.0	1	0	2	0																						
2	ppu_public	61	9159928	63	0	0.0	stat_sample	2	02	00	E0	00	00	0.0	1	0	2	0																						
2	ppu_public	61	9159926	63	8	4.0	mode2_enter	2	02	00	E0	00	00	4.0	1	0	2	0																						
2	ppu_public	61	9159928	63	0	0.0	stat_sample	3	02	00	E0	00	00	0.0	1	0	2	0																						
2	ppu_public	61	9160094	63	176	88.0	mode3_enter	3	02	00	E0	00	00	88.0	1	0	2	0																						
2	ppu_public	61	9160088	63	84	42.0	stat_sample	3	03	00	E0	00	00	42.0	1	0	2	0																						
2	ppu_public	61	9160438	63	520	260.0	mode0_enter	0	03	00	E0	00	00	260.0	1	0	2	0																						
2	ppu_public	61	9160432	63	257	128.5	stat_sample	0	00	00	E0	00	00	128.5	1	0	2	0																						
2	ppu_public	61	9160832	64	0	0.0	stat_sample	2	00	00	E0	00	00	0.0	1	0	2	0																						
2	ppu_public	61	9160832	64	2	1.0	mode2_irq_prepare	0	00	00	E0	00	00	1.0	1	0	2	0																						
2	ppu_public	61	9160840	64	0	0.0	stat_sample	2	02	00	E0	00	00	0.0	1	0	2	0																						
2	ppu_public	61	9160838	64	8	4.0	mode2_enter	2	02	00	E0	00	00	4.0	1	0	2	0																						
2	ppu_public	61	9160840	64	0	0.0	stat_sample	3	02	00	E0	00	00	0.0	1	0	2	0																						
2	ppu_public	61	9161006	64	176	88.0	mode3_enter	3	02	00	E0	00	00	88.0	1	0	2	0																						
2	ppu_public	61	9161000	64	84	42.0	stat_sample	3	03	00	E0	00	00	42.0	1	0	2	0																						
2	ppu_public	61	9161350	64	520	260.0	mode0_enter	0	03	00	E0	00	00	260.0	1	0	2	0																						
2	ppu_public	61	9161344	64	257	128.5	stat_sample	0	00	00	E0	00	00	128.5	1	0	2	0																						
2	ppu_public	61	9161744	65	0	0.0	stat_sample	2	00	00	E0	00	00	0.0	1	0	2	0																						
2	ppu_public	61	9161744	65	2	1.0	mode2_irq_prepare	0	00	00	E0	00	00	1.0	1	0	2	0																						
2	ppu_public	61	9161752	65	0	0.0	stat_sample	2	02	00	E0	00	00	0.0	1	0	2	0																						
2	ppu_public	61	9161750	65	8	4.0	mode2_enter	2	02	00	E0	00	00	4.0	1	0	2	0																						
2	ppu_public	61	9161752	65	0	0.0	stat_sample	3	02	00	E0	00	00	0.0	1	0	2	0																						
2	ppu_public	61	9161918	65	176	88.0	mode3_enter	3	02	00	E0	00	00	88.0	1	0	2	0																						
2	ppu_public	61	9161912	65	84	42.0	stat_sample	3	03	00	E0	00	00	42.0	1	0	2	0																						
2	ppu_public	61	9162262	65	520	260.0	mode0_enter	0	03	00	E0	00	00	260.0	1	0	2	0																						
2	ppu_public	61	9162256	65	257	128.5	stat_sample	0	00	00	E0	00	00	128.5	1	0	2	0																						
2	ppu_public	61	9162656	66	0	0.0	stat_sample	2	00	00	E0	00	00	0.0	1	0	2	0																						
2	ppu_public	61	9162656	66	2	1.0	mode2_irq_prepare	0	00	00	E0	00	00	1.0	1	0	2	0																						
2	ppu_public	61	9162664	66	0	0.0	stat_sample	2	02	00	E0	00	00	0.0	1	0	2	0																						
2	ppu_public	61	9162662	66	8	4.0	mode2_enter	2	02	00	E0	00	00	4.0	1	0	2	0																						
2	ppu_public	61	9162664	66	0	0.0	stat_sample	3	02	00	E0	00	00	0.0	1	0	2	0																						
2	ppu_public	61	9162830	66	176	88.0	mode3_enter	3	02	00	E0	00	00	88.0	1	0	2	0																						
2	ppu_public	61	9162824	66	84	42.0	stat_sample	3	03	00	E0	00	00	42.0	1	0	2	0																						
2	ppu_public	61	9163174	66	520	260.0	mode0_enter	0	03	00	E0	00	00	260.0	1	0	2	0																						
2	ppu_public	61	9163168	66	257	128.5	stat_sample	0	00	00	E0	00	00	128.5	1	0	2	0																						
2	ppu_public	61	9163568	67	0	0.0	stat_sample	2	00	00	E0	00	00	0.0	1	0	2	0																						
2	ppu_public	61	9163568	67	2	1.0	mode2_irq_prepare	0	00	00	E0	00	00	1.0	1	0	2	0																						
2	ppu_public	61	9163576	67	0	0.0	stat_sample	2	02	00	E0	00	00	0.0	1	0	2	0																						
2	ppu_public	61	9163574	67	8	4.0	mode2_enter	2	02	00	E0	00	00	4.0	1	0	2	0																						
2	ppu_public	61	9163576	67	0	0.0	stat_sample	3	02	00	E0	00	00	0.0	1	0	2	0																						
2	ppu_public	61	9163742	67	176	88.0	mode3_enter	3	02	00	E0	00	00	88.0	1	0	2	0																						
2	ppu_public	61	9163736	67	84	42.0	stat_sample	3	03	00	E0	00	00	42.0	1	0	2	0																						
2	ppu_public	61	9164086	67	520	260.0	mode0_enter	0	03	00	E0	00	00	260.0	1	0	2	0																						
2	ppu_public	61	9164080	67	257	128.5	stat_sample	0	00	00	E0	00	00	128.5	1	0	2	0																						
2	ppu_public	61	9164480	68	0	0.0	stat_sample	2	00	00	E0	00	00	0.0	1	0	2	0																						
2	ppu_public	61	9164480	68	2	1.0	mode2_irq_prepare	0	00	00	E0	00	00	1.0	1	0	2	0																						
2	ppu_public	61	9164488	68	0	0.0	stat_sample	2	02	00	E0	00	00	0.0	1	0	2	0																						
2	ppu_public	61	9164486	68	8	4.0	mode2_enter	2	02	00	E0	00	00	4.0	1	0	2	0																						
2	ppu_public	61	9164488	68	0	0.0	stat_sample	3	02	00	E0	00	00	0.0	1	0	2	0																						
2	ppu_public	61	9164654	68	176	88.0	mode3_enter	3	02	00	E0	00	00	88.0	1	0	2	0																						
2	ppu_public	61	9164648	68	84	42.0	stat_sample	3	03	00	E0	00	00	42.0	1	0	2	0																						
2	ppu_public	61	9164998	68	520	260.0	mode0_enter	0	03	00	E0	00	00	260.0	1	0	2	0																						
2	ppu_public	61	9164992	68	257	128.5	stat_sample	0	00	00	E0	00	00	128.5	1	0	2	0																						
2	ppu_public	61	9165392	69	0	0.0	stat_sample	2	00	00	E0	00	00	0.0	1	0	2	0																						
2	ppu_public	61	9165392	69	2	1.0	mode2_irq_prepare	0	00	00	E0	00	00	1.0	1	0	2	0																						
2	ppu_public	61	9165400	69	0	0.0	stat_sample	2	02	00	E0	00	00	0.0	1	0	2	0																						
2	ppu_public	61	9165398	69	8	4.0	mode2_enter	2	02	00	E0	00	00	4.0	1	0	2	0																						
2	ppu_public	61	9165400	69	0	0.0	stat_sample	3	02	00	E0	00	00	0.0	1	0	2	0																						
2	ppu_public	61	9165566	69	176	88.0	mode3_enter	3	02	00	E0	00	00	88.0	1	0	2	0																						
2	ppu_public	61	9165560	69	84	42.0	stat_sample	3	03	00	E0	00	00	42.0	1	0	2	0																						
2	ppu_public	61	9165910	69	520	260.0	mode0_enter	0	03	00	E0	00	00	260.0	1	0	2	0																						
2	ppu_public	61	9165904	69	257	128.5	stat_sample	0	00	00	E0	00	00	128.5	1	0	2	0																						
2	ppu_public	61	9166304	70	0	0.0	stat_sample	2	00	00	E0	00	00	0.0	1	0	2	0																						
2	ppu_public	61	9166304	70	2	1.0	mode2_irq_prepare	0	00	00	E0	00	00	1.0	1	0	2	0																						
2	ppu_public	61	9166312	70	0	0.0	stat_sample	2	02	00	E0	00	00	0.0	1	0	2	0																						
2	ppu_public	61	9166310	70	8	4.0	mode2_enter	2	02	00	E0	00	00	4.0	1	0	2	0																						
2	ppu_public	61	9166312	70	0	0.0	stat_sample	3	02	00	E0	00	00	0.0	1	0	2	0																						
2	ppu_public	61	9166478	70	176	88.0	mode3_enter	3	02	00	E0	00	00	88.0	1	0	2	0																						
2	ppu_public	61	9166472	70	84	42.0	stat_sample	3	03	00	E0	00	00	42.0	1	0	2	0																						
2	ppu_public	61	9166822	70	520	260.0	mode0_enter	0	03	00	E0	00	00	260.0	1	0	2	0																						
2	ppu_public	61	9166816	70	257	128.5	stat_sample	0	00	00	E0	00	00	128.5	1	0	2	0																						
2	ppu_public	61	9167216	71	0	0.0	stat_sample	2	00	00	E0	00	00	0.0	1	0	2	0																						
2	ppu_public	61	9167216	71	2	1.0	mode2_irq_prepare	0	00	00	E0	00	00	1.0	1	0	2	0																						
2	ppu_public	61	9167224	71	0	0.0	stat_sample	2	02	00	E0	00	00	0.0	1	0	2	0																						
2	ppu_public	61	9167222	71	8	4.0	mode2_enter	2	02	00	E0	00	00	4.0	1	0	2	0																						
2	ppu_public	61	9167224	71	0	0.0	stat_sample	3	02	00	E0	00	00	0.0	1	0	2	0																						
2	ppu_public	61	9167390	71	176	88.0	mode3_enter	3	02	00	E0	00	00	88.0	1	0	2	0																						
2	ppu_public	61	9167384	71	84	42.0	stat_sample	3	03	00	E0	00	00	42.0	1	0	2	0																						
2	ppu_public	61	9167734	71	520	260.0	mode0_enter	0	03	00	E0	00	00	260.0	1	0	2	0																						
2	ppu_public	61	9167728	71	257	128.5	stat_sample	0	00	00	E0	00	00	128.5	1	0	2	0																						
2	ppu_public	61	9168128	72	0	0.0	stat_sample	2	00	00	E0	00	00	0.0	1	0	2	0																						
2	ppu_public	61	9168128	72	2	1.0	mode2_irq_prepare	0	00	00	E0	00	00	1.0	1	0	2	0																						
2	ppu_public	61	9168136	72	0	0.0	stat_sample	2	02	00	E0	00	00	0.0	1	0	2	0																						
2	ppu_public	61	9168134	72	8	4.0	mode2_enter	2	02	00	E0	00	00	4.0	1	0	2	0																						
2	ppu_public	61	9168136	72	0	0.0	stat_sample	3	02	00	E0	00	00	0.0	1	0	2	0																						
2	ppu_public	61	9168302	72	176	88.0	mode3_enter	3	02	00	E0	00	00	88.0	1	0	2	0																						
2	ppu_public	61	9168296	72	84	42.0	stat_sample	3	03	00	E0	00	00	42.0	1	0	2	0																						
2	ppu_public	61	9168646	72	520	260.0	mode0_enter	0	03	00	E0	00	00	260.0	1	0	2	0																						
2	ppu_public	61	9168640	72	257	128.5	stat_sample	0	00	00	E0	00	00	128.5	1	0	2	0																						
2	ppu_public	61	9169040	73	0	0.0	stat_sample	2	00	00	E0	00	00	0.0	1	0	2	0																						
2	ppu_public	61	9169040	73	2	1.0	mode2_irq_prepare	0	00	00	E0	00	00	1.0	1	0	2	0																						
2	ppu_public	61	9169048	73	0	0.0	stat_sample	2	02	00	E0	00	00	0.0	1	0	2	0																						
2	ppu_public	61	9169046	73	8	4.0	mode2_enter	2	02	00	E0	00	00	4.0	1	0	2	0																						
2	ppu_public	61	9169048	73	0	0.0	stat_sample	3	02	00	E0	00	00	0.0	1	0	2	0																						
2	ppu_public	61	9169214	73	176	88.0	mode3_enter	3	02	00	E0	00	00	88.0	1	0	2	0																						
2	ppu_public	61	9169208	73	84	42.0	stat_sample	3	03	00	E0	00	00	42.0	1	0	2	0																						
2	ppu_public	61	9169558	73	520	260.0	mode0_enter	0	03	00	E0	00	00	260.0	1	0	2	0																						
2	ppu_public	61	9169552	73	257	128.5	stat_sample	0	00	00	E0	00	00	128.5	1	0	2	0																						
2	ppu_public	61	9169952	74	0	0.0	stat_sample	2	00	00	E0	00	00	0.0	1	0	2	0																						
2	ppu_public	61	9169952	74	2	1.0	mode2_irq_prepare	0	00	00	E0	00	00	1.0	1	0	2	0																						
2	ppu_public	61	9169960	74	0	0.0	stat_sample	2	02	00	E0	00	00	0.0	1	0	2	0																						
2	ppu_public	61	9169958	74	8	4.0	mode2_enter	2	02	00	E0	00	00	4.0	1	0	2	0																						
2	ppu_public	61	9169960	74	0	0.0	stat_sample	3	02	00	E0	00	00	0.0	1	0	2	0																						
2	ppu_public	61	9170126	74	176	88.0	mode3_enter	3	02	00	E0	00	00	88.0	1	0	2	0																						
2	ppu_public	61	9170120	74	84	42.0	stat_sample	3	03	00	E0	00	00	42.0	1	0	2	0																						
2	ppu_public	61	9170470	74	520	260.0	mode0_enter	0	03	00	E0	00	00	260.0	1	0	2	0																						
2	ppu_public	61	9170464	74	257	128.5	stat_sample	0	00	00	E0	00	00	128.5	1	0	2	0																						
2	ppu_public	61	9170864	75	0	0.0	stat_sample	2	00	00	E0	00	00	0.0	1	0	2	0																						
2	ppu_public	61	9170864	75	2	1.0	mode2_irq_prepare	0	00	00	E0	00	00	1.0	1	0	2	0																						
2	ppu_public	61	9170872	75	0	0.0	stat_sample	2	02	00	E0	00	00	0.0	1	0	2	0																						
2	ppu_public	61	9170870	75	8	4.0	mode2_enter	2	02	00	E0	00	00	4.0	1	0	2	0																						
2	ppu_public	61	9170872	75	0	0.0	stat_sample	3	02	00	E0	00	00	0.0	1	0	2	0																						
2	ppu_public	61	9171038	75	176	88.0	mode3_enter	3	02	00	E0	00	00	88.0	1	0	2	0																						
2	ppu_public	61	9171032	75	84	42.0	stat_sample	3	03	00	E0	00	00	42.0	1	0	2	0																						
2	ppu_public	61	9171382	75	520	260.0	mode0_enter	0	03	00	E0	00	00	260.0	1	0	2	0																						
2	ppu_public	61	9171376	75	257	128.5	stat_sample	0	00	00	E0	00	00	128.5	1	0	2	0																						
2	ppu_public	61	9171776	76	0	0.0	stat_sample	2	00	00	E0	00	00	0.0	1	0	2	0																						
2	ppu_public	61	9171776	76	2	1.0	mode2_irq_prepare	0	00	00	E0	00	00	1.0	1	0	2	0																						
2	ppu_public	61	9171784	76	0	0.0	stat_sample	2	02	00	E0	00	00	0.0	1	0	2	0																						
2	ppu_public	61	9171782	76	8	4.0	mode2_enter	2	02	00	E0	00	00	4.0	1	0	2	0																						
2	ppu_public	61	9171784	76	0	0.0	stat_sample	3	02	00	E0	00	00	0.0	1	0	2	0																						
2	ppu_public	61	9171950	76	176	88.0	mode3_enter	3	02	00	E0	00	00	88.0	1	0	2	0																						
2	ppu_public	61	9171944	76	84	42.0	stat_sample	3	03	00	E0	00	00	42.0	1	0	2	0																						
2	ppu_public	61	9172294	76	520	260.0	mode0_enter	0	03	00	E0	00	00	260.0	1	0	2	0																						
2	ppu_public	61	9172288	76	257	128.5	stat_sample	0	00	00	E0	00	00	128.5	1	0	2	0																						
2	ppu_public	61	9172688	77	0	0.0	stat_sample	2	00	00	E0	00	00	0.0	1	0	2	0																						
2	ppu_public	61	9172688	77	2	1.0	mode2_irq_prepare	0	00	00	E0	00	00	1.0	1	0	2	0																						
2	ppu_public	61	9172696	77	0	0.0	stat_sample	2	02	00	E0	00	00	0.0	1	0	2	0																						
2	ppu_public	61	9172694	77	8	4.0	mode2_enter	2	02	00	E0	00	00	4.0	1	0	2	0																						
2	ppu_public	61	9172696	77	0	0.0	stat_sample	3	02	00	E0	00	00	0.0	1	0	2	0																						
2	ppu_public	61	9172862	77	176	88.0	mode3_enter	3	02	00	E0	00	00	88.0	1	0	2	0																						
2	ppu_public	61	9172856	77	84	42.0	stat_sample	3	03	00	E0	00	00	42.0	1	0	2	0																						
2	ppu_public	61	9173206	77	520	260.0	mode0_enter	0	03	00	E0	00	00	260.0	1	0	2	0																						
2	ppu_public	61	9173200	77	257	128.5	stat_sample	0	00	00	E0	00	00	128.5	1	0	2	0																						
2	ppu_public	61	9173600	78	0	0.0	stat_sample	2	00	00	E0	00	00	0.0	1	0	2	0																						
2	ppu_public	61	9173600	78	2	1.0	mode2_irq_prepare	0	00	00	E0	00	00	1.0	1	0	2	0																						
2	ppu_public	61	9173608	78	0	0.0	stat_sample	2	02	00	E0	00	00	0.0	1	0	2	0																						
2	ppu_public	61	9173606	78	8	4.0	mode2_enter	2	02	00	E0	00	00	4.0	1	0	2	0																						
2	ppu_public	61	9173608	78	0	0.0	stat_sample	3	02	00	E0	00	00	0.0	1	0	2	0																						
2	ppu_public	61	9173774	78	176	88.0	mode3_enter	3	02	00	E0	00	00	88.0	1	0	2	0																						
2	ppu_public	61	9173768	78	84	42.0	stat_sample	3	03	00	E0	00	00	42.0	1	0	2	0																						
2	ppu_public	61	9174118	78	520	260.0	mode0_enter	0	03	00	E0	00	00	260.0	1	0	2	0																						
2	ppu_public	61	9174112	78	257	128.5	stat_sample	0	00	00	E0	00	00	128.5	1	0	2	0																						
2	ppu_public	61	9174512	79	0	0.0	stat_sample	2	00	00	E0	00	00	0.0	1	0	2	0																						
2	ppu_public	61	9174512	79	2	1.0	mode2_irq_prepare	0	00	00	E0	00	00	1.0	1	0	2	0																						
2	ppu_public	61	9174520	79	0	0.0	stat_sample	2	02	00	E0	00	00	0.0	1	0	2	0																						
2	ppu_public	61	9174518	79	8	4.0	mode2_enter	2	02	00	E0	00	00	4.0	1	0	2	0																						
2	ppu_public	61	9174520	79	0	0.0	stat_sample	3	02	00	E0	00	00	0.0	1	0	2	0																						
2	ppu_public	61	9174686	79	176	88.0	mode3_enter	3	02	00	E0	00	00	88.0	1	0	2	0																						
2	ppu_public	61	9174680	79	84	42.0	stat_sample	3	03	00	E0	00	00	42.0	1	0	2	0																						
2	ppu_public	61	9175030	79	520	260.0	mode0_enter	0	03	00	E0	00	00	260.0	1	0	2	0																						
2	ppu_public	61	9175024	79	257	128.5	stat_sample	0	00	00	E0	00	00	128.5	1	0	2	0																						
2	ppu_public	61	9175424	80	0	0.0	stat_sample	2	00	00	E0	00	00	0.0	1	0	2	0																						
2	ppu_public	61	9175424	80	2	1.0	mode2_irq_prepare	0	00	00	E0	00	00	1.0	1	0	2	0																						
2	ppu_public	61	9175432	80	0	0.0	stat_sample	2	02	00	E0	00	00	0.0	1	0	2	0																						
2	ppu_public	61	9175430	80	8	4.0	mode2_enter	2	02	00	E0	00	00	4.0	1	0	2	0																						
2	ppu_public	61	9175432	80	0	0.0	stat_sample	3	02	00	E0	00	00	0.0	1	0	2	0																						
2	ppu_public	61	9175598	80	176	88.0	mode3_enter	3	02	00	E0	00	00	88.0	1	0	2	0																						
2	ppu_public	61	9175592	80	84	42.0	stat_sample	3	03	00	E0	00	00	42.0	1	0	2	0																						
2	ppu_public	61	9175942	80	520	260.0	mode0_enter	0	03	00	E0	00	00	260.0	1	0	2	0																						
2	ppu_public	61	9175936	80	257	128.5	stat_sample	0	00	00	E0	00	00	128.5	1	0	2	0																						
2	ppu_public	61	9176336	81	0	0.0	stat_sample	2	00	00	E0	00	00	0.0	1	0	2	0																						
2	ppu_public	61	9176336	81	2	1.0	mode2_irq_prepare	0	00	00	E0	00	00	1.0	1	0	2	0																						
2	ppu_public	61	9176344	81	0	0.0	stat_sample	2	02	00	E0	00	00	0.0	1	0	2	0																						
2	ppu_public	61	9176342	81	8	4.0	mode2_enter	2	02	00	E0	00	00	4.0	1	0	2	0																						
2	ppu_public	61	9176344	81	0	0.0	stat_sample	3	02	00	E0	00	00	0.0	1	0	2	0																						
2	ppu_public	61	9176510	81	176	88.0	mode3_enter	3	02	00	E0	00	00	88.0	1	0	2	0																						
2	ppu_public	61	9176504	81	84	42.0	stat_sample	3	03	00	E0	00	00	42.0	1	0	2	0																						
2	ppu_public	61	9176854	81	520	260.0	mode0_enter	0	03	00	E0	00	00	260.0	1	0	2	0																						
2	ppu_public	61	9176848	81	257	128.5	stat_sample	0	00	00	E0	00	00	128.5	1	0	2	0																						
2	ppu_public	61	9177248	82	0	0.0	stat_sample	2	00	00	E0	00	00	0.0	1	0	2	0																						
2	ppu_public	61	9177248	82	2	1.0	mode2_irq_prepare	0	00	00	E0	00	00	1.0	1	0	2	0																						
2	ppu_public	61	9177256	82	0	0.0	stat_sample	2	02	00	E0	00	00	0.0	1	0	2	0																						
2	ppu_public	61	9177254	82	8	4.0	mode2_enter	2	02	00	E0	00	00	4.0	1	0	2	0																						
2	ppu_public	61	9177256	82	0	0.0	stat_sample	3	02	00	E0	00	00	0.0	1	0	2	0																						
2	ppu_public	61	9177422	82	176	88.0	mode3_enter	3	02	00	E0	00	00	88.0	1	0	2	0																						
2	ppu_public	61	9177416	82	84	42.0	stat_sample	3	03	00	E0	00	00	42.0	1	0	2	0																						
2	ppu_public	61	9177766	82	520	260.0	mode0_enter	0	03	00	E0	00	00	260.0	1	0	2	0																						
2	ppu_public	61	9177760	82	257	128.5	stat_sample	0	00	00	E0	00	00	128.5	1	0	2	0																						
2	ppu_public	61	9178160	83	0	0.0	stat_sample	2	00	00	E0	00	00	0.0	1	0	2	0																						
2	ppu_public	61	9178160	83	2	1.0	mode2_irq_prepare	0	00	00	E0	00	00	1.0	1	0	2	0																						
2	ppu_public	61	9178168	83	0	0.0	stat_sample	2	02	00	E0	00	00	0.0	1	0	2	0																						
2	ppu_public	61	9178166	83	8	4.0	mode2_enter	2	02	00	E0	00	00	4.0	1	0	2	0																						
2	ppu_public	61	9178168	83	0	0.0	stat_sample	3	02	00	E0	00	00	0.0	1	0	2	0																						
2	ppu_public	61	9178334	83	176	88.0	mode3_enter	3	02	00	E0	00	00	88.0	1	0	2	0																						
2	ppu_public	61	9178328	83	84	42.0	stat_sample	3	03	00	E0	00	00	42.0	1	0	2	0																						
2	ppu_public	61	9178678	83	520	260.0	mode0_enter	0	03	00	E0	00	00	260.0	1	0	2	0																						
2	ppu_public	61	9178672	83	257	128.5	stat_sample	0	00	00	E0	00	00	128.5	1	0	2	0																						
2	ppu_public	61	9179072	84	0	0.0	stat_sample	2	00	00	E0	00	00	0.0	1	0	2	0																						
2	ppu_public	61	9179072	84	2	1.0	mode2_irq_prepare	0	00	00	E0	00	00	1.0	1	0	2	0																						
2	ppu_public	61	9179080	84	0	0.0	stat_sample	2	02	00	E0	00	00	0.0	1	0	2	0																						
2	ppu_public	61	9179078	84	8	4.0	mode2_enter	2	02	00	E0	00	00	4.0	1	0	2	0																						
2	ppu_public	61	9179080	84	0	0.0	stat_sample	3	02	00	E0	00	00	0.0	1	0	2	0																						
2	ppu_public	61	9179246	84	176	88.0	mode3_enter	3	02	00	E0	00	00	88.0	1	0	2	0																						
2	ppu_public	61	9179240	84	84	42.0	stat_sample	3	03	00	E0	00	00	42.0	1	0	2	0																						
2	ppu_public	61	9179590	84	520	260.0	mode0_enter	0	03	00	E0	00	00	260.0	1	0	2	0																						
2	ppu_public	61	9179584	84	257	128.5	stat_sample	0	00	00	E0	00	00	128.5	1	0	2	0																						
2	ppu_public	61	9179984	85	0	0.0	stat_sample	2	00	00	E0	00	00	0.0	1	0	2	0																						
2	ppu_public	61	9179984	85	2	1.0	mode2_irq_prepare	0	00	00	E0	00	00	1.0	1	0	2	0																						
2	ppu_public	61	9179992	85	0	0.0	stat_sample	2	02	00	E0	00	00	0.0	1	0	2	0																						
2	ppu_public	61	9179990	85	8	4.0	mode2_enter	2	02	00	E0	00	00	4.0	1	0	2	0																						
2	ppu_public	61	9179992	85	0	0.0	stat_sample	3	02	00	E0	00	00	0.0	1	0	2	0																						
2	ppu_public	61	9180158	85	176	88.0	mode3_enter	3	02	00	E0	00	00	88.0	1	0	2	0																						
2	ppu_public	61	9180152	85	84	42.0	stat_sample	3	03	00	E0	00	00	42.0	1	0	2	0																						
2	ppu_public	61	9180502	85	520	260.0	mode0_enter	0	03	00	E0	00	00	260.0	1	0	2	0																						
2	ppu_public	61	9180496	85	257	128.5	stat_sample	0	00	00	E0	00	00	128.5	1	0	2	0																						
2	ppu_public	61	9180896	86	0	0.0	stat_sample	2	00	00	E0	00	00	0.0	1	0	2	0																						
2	ppu_public	61	9180896	86	2	1.0	mode2_irq_prepare	0	00	00	E0	00	00	1.0	1	0	2	0																						
2	ppu_public	61	9180904	86	0	0.0	stat_sample	2	02	00	E0	00	00	0.0	1	0	2	0																						
2	ppu_public	61	9180902	86	8	4.0	mode2_enter	2	02	00	E0	00	00	4.0	1	0	2	0																						
2	ppu_public	61	9180904	86	0	0.0	stat_sample	3	02	00	E0	00	00	0.0	1	0	2	0																						
2	ppu_public	61	9181070	86	176	88.0	mode3_enter	3	02	00	E0	00	00	88.0	1	0	2	0																						
2	ppu_public	61	9181064	86	84	42.0	stat_sample	3	03	00	E0	00	00	42.0	1	0	2	0																						
2	ppu_public	61	9181414	86	520	260.0	mode0_enter	0	03	00	E0	00	00	260.0	1	0	2	0																						
2	ppu_public	61	9181408	86	257	128.5	stat_sample	0	00	00	E0	00	00	128.5	1	0	2	0																						
2	ppu_public	61	9181808	87	0	0.0	stat_sample	2	00	00	E0	00	00	0.0	1	0	2	0																						
2	ppu_public	61	9181808	87	2	1.0	mode2_irq_prepare	0	00	00	E0	00	00	1.0	1	0	2	0																						
2	ppu_public	61	9181816	87	0	0.0	stat_sample	2	02	00	E0	00	00	0.0	1	0	2	0																						
2	ppu_public	61	9181814	87	8	4.0	mode2_enter	2	02	00	E0	00	00	4.0	1	0	2	0																						
2	ppu_public	61	9181816	87	0	0.0	stat_sample	3	02	00	E0	00	00	0.0	1	0	2	0																						
2	ppu_public	61	9181982	87	176	88.0	mode3_enter	3	02	00	E0	00	00	88.0	1	0	2	0																						
2	ppu_public	61	9181976	87	84	42.0	stat_sample	3	03	00	E0	00	00	42.0	1	0	2	0																						
2	ppu_public	61	9182326	87	520	260.0	mode0_enter	0	03	00	E0	00	00	260.0	1	0	2	0																						
2	ppu_public	61	9182320	87	257	128.5	stat_sample	0	00	00	E0	00	00	128.5	1	0	2	0																						
2	ppu_public	61	9182720	88	0	0.0	stat_sample	2	00	00	E0	00	00	0.0	1	0	2	0																						
2	ppu_public	61	9182720	88	2	1.0	mode2_irq_prepare	0	00	00	E0	00	00	1.0	1	0	2	0																						
2	ppu_public	61	9182728	88	0	0.0	stat_sample	2	02	00	E0	00	00	0.0	1	0	2	0																						
2	ppu_public	61	9182726	88	8	4.0	mode2_enter	2	02	00	E0	00	00	4.0	1	0	2	0																						
2	ppu_public	61	9182728	88	0	0.0	stat_sample	3	02	00	E0	00	00	0.0	1	0	2	0																						
2	ppu_public	61	9182894	88	176	88.0	mode3_enter	3	02	00	E0	00	00	88.0	1	0	2	0																						
2	ppu_public	61	9182888	88	84	42.0	stat_sample	3	03	00	E0	00	00	42.0	1	0	2	0																						
2	ppu_public	61	9183238	88	520	260.0	mode0_enter	0	03	00	E0	00	00	260.0	1	0	2	0																						
2	ppu_public	61	9183232	88	257	128.5	stat_sample	0	00	00	E0	00	00	128.5	1	0	2	0																						
2	ppu_public	61	9183632	89	0	0.0	stat_sample	2	00	00	E0	00	00	0.0	1	0	2	0																						
2	ppu_public	61	9183632	89	2	1.0	mode2_irq_prepare	0	00	00	E0	00	00	1.0	1	0	2	0																						
2	ppu_public	61	9183640	89	0	0.0	stat_sample	2	02	00	E0	00	00	0.0	1	0	2	0																						
2	ppu_public	61	9183638	89	8	4.0	mode2_enter	2	02	00	E0	00	00	4.0	1	0	2	0																						
2	ppu_public	61	9183640	89	0	0.0	stat_sample	3	02	00	E0	00	00	0.0	1	0	2	0																						
2	ppu_public	61	9183806	89	176	88.0	mode3_enter	3	02	00	E0	00	00	88.0	1	0	2	0																						
2	ppu_public	61	9183800	89	84	42.0	stat_sample	3	03	00	E0	00	00	42.0	1	0	2	0																						
2	ppu_public	61	9184150	89	520	260.0	mode0_enter	0	03	00	E0	00	00	260.0	1	0	2	0																						
2	ppu_public	61	9184144	89	257	128.5	stat_sample	0	00	00	E0	00	00	128.5	1	0	2	0																						
2	ppu_public	61	9184544	90	0	0.0	stat_sample	2	00	00	E0	00	00	0.0	1	0	2	0																						
2	ppu_public	61	9184544	90	2	1.0	mode2_irq_prepare	0	00	00	E0	00	00	1.0	1	0	2	0																						
2	ppu_public	61	9184552	90	0	0.0	stat_sample	2	02	00	E0	00	00	0.0	1	0	2	0																						
2	ppu_public	61	9184550	90	8	4.0	mode2_enter	2	02	00	E0	00	00	4.0	1	0	2	0																						
2	ppu_public	61	9184552	90	0	0.0	stat_sample	3	02	00	E0	00	00	0.0	1	0	2	0																						
2	ppu_public	61	9184718	90	176	88.0	mode3_enter	3	02	00	E0	00	00	88.0	1	0	2	0																						
2	ppu_public	61	9184712	90	84	42.0	stat_sample	3	03	00	E0	00	00	42.0	1	0	2	0																						
2	ppu_public	61	9185062	90	520	260.0	mode0_enter	0	03	00	E0	00	00	260.0	1	0	2	0																						
2	ppu_public	61	9185056	90	257	128.5	stat_sample	0	00	00	E0	00	00	128.5	1	0	2	0																						
2	ppu_public	61	9185456	91	0	0.0	stat_sample	2	00	00	E0	00	00	0.0	1	0	2	0																						
2	ppu_public	61	9185456	91	2	1.0	mode2_irq_prepare	0	00	00	E0	00	00	1.0	1	0	2	0																						
2	ppu_public	61	9185464	91	0	0.0	stat_sample	2	02	00	E0	00	00	0.0	1	0	2	0																						
2	ppu_public	61	9185462	91	8	4.0	mode2_enter	2	02	00	E0	00	00	4.0	1	0	2	0																						
2	ppu_public	61	9185464	91	0	0.0	stat_sample	3	02	00	E0	00	00	0.0	1	0	2	0																						
2	ppu_public	61	9185630	91	176	88.0	mode3_enter	3	02	00	E0	00	00	88.0	1	0	2	0																						
2	ppu_public	61	9185624	91	84	42.0	stat_sample	3	03	00	E0	00	00	42.0	1	0	2	0																						
2	ppu_public	61	9185974	91	520	260.0	mode0_enter	0	03	00	E0	00	00	260.0	1	0	2	0																						
2	ppu_public	61	9185968	91	257	128.5	stat_sample	0	00	00	E0	00	00	128.5	1	0	2	0																						
2	ppu_public	61	9186368	92	0	0.0	stat_sample	2	00	00	E0	00	00	0.0	1	0	2	0																						
2	ppu_public	61	9186368	92	2	1.0	mode2_irq_prepare	0	00	00	E0	00	00	1.0	1	0	2	0																						
2	ppu_public	61	9186376	92	0	0.0	stat_sample	2	02	00	E0	00	00	0.0	1	0	2	0																						
2	ppu_public	61	9186374	92	8	4.0	mode2_enter	2	02	00	E0	00	00	4.0	1	0	2	0																						
2	ppu_public	61	9186376	92	0	0.0	stat_sample	3	02	00	E0	00	00	0.0	1	0	2	0																						
2	ppu_public	61	9186542	92	176	88.0	mode3_enter	3	02	00	E0	00	00	88.0	1	0	2	0																						
2	ppu_public	61	9186536	92	84	42.0	stat_sample	3	03	00	E0	00	00	42.0	1	0	2	0																						
2	ppu_public	61	9186886	92	520	260.0	mode0_enter	0	03	00	E0	00	00	260.0	1	0	2	0																						
2	ppu_public	61	9186880	92	257	128.5	stat_sample	0	00	00	E0	00	00	128.5	1	0	2	0																						
2	ppu_public	61	9187280	93	0	0.0	stat_sample	2	00	00	E0	00	00	0.0	1	0	2	0																						
2	ppu_public	61	9187280	93	2	1.0	mode2_irq_prepare	0	00	00	E0	00	00	1.0	1	0	2	0																						
2	ppu_public	61	9187288	93	0	0.0	stat_sample	2	02	00	E0	00	00	0.0	1	0	2	0																						
2	ppu_public	61	9187286	93	8	4.0	mode2_enter	2	02	00	E0	00	00	4.0	1	0	2	0																						
2	ppu_public	61	9187288	93	0	0.0	stat_sample	3	02	00	E0	00	00	0.0	1	0	2	0																						
2	ppu_public	61	9187454	93	176	88.0	mode3_enter	3	02	00	E0	00	00	88.0	1	0	2	0																						
2	ppu_public	61	9187448	93	84	42.0	stat_sample	3	03	00	E0	00	00	42.0	1	0	2	0																						
2	ppu_public	61	9187798	93	520	260.0	mode0_enter	0	03	00	E0	00	00	260.0	1	0	2	0																						
2	ppu_public	61	9187792	93	257	128.5	stat_sample	0	00	00	E0	00	00	128.5	1	0	2	0																						
2	ppu_public	61	9188192	94	0	0.0	stat_sample	2	00	00	E0	00	00	0.0	1	0	2	0																						
2	ppu_public	61	9188192	94	2	1.0	mode2_irq_prepare	0	00	00	E0	00	00	1.0	1	0	2	0																						
2	ppu_public	61	9188200	94	0	0.0	stat_sample	2	02	00	E0	00	00	0.0	1	0	2	0																						
2	ppu_public	61	9188198	94	8	4.0	mode2_enter	2	02	00	E0	00	00	4.0	1	0	2	0																						
2	ppu_public	61	9188200	94	0	0.0	stat_sample	3	02	00	E0	00	00	0.0	1	0	2	0																						
2	ppu_public	61	9188366	94	176	88.0	mode3_enter	3	02	00	E0	00	00	88.0	1	0	2	0																						
2	ppu_public	61	9188360	94	84	42.0	stat_sample	3	03	00	E0	00	00	42.0	1	0	2	0																						
2	ppu_public	61	9188710	94	520	260.0	mode0_enter	0	03	00	E0	00	00	260.0	1	0	2	0																						
2	ppu_public	61	9188704	94	257	128.5	stat_sample	0	00	00	E0	00	00	128.5	1	0	2	0																						
2	ppu_public	61	9189104	95	0	0.0	stat_sample	2	00	00	E0	00	00	0.0	1	0	2	0																						
2	ppu_public	61	9189104	95	2	1.0	mode2_irq_prepare	0	00	00	E0	00	00	1.0	1	0	2	0																						
2	ppu_public	61	9189112	95	0	0.0	stat_sample	2	02	00	E0	00	00	0.0	1	0	2	0																						
2	ppu_public	61	9189110	95	8	4.0	mode2_enter	2	02	00	E0	00	00	4.0	1	0	2	0																						
2	ppu_public	61	9189112	95	0	0.0	stat_sample	3	02	00	E0	00	00	0.0	1	0	2	0																						
2	ppu_public	61	9189278	95	176	88.0	mode3_enter	3	02	00	E0	00	00	88.0	1	0	2	0																						
2	ppu_public	61	9189272	95	84	42.0	stat_sample	3	03	00	E0	00	00	42.0	1	0	2	0																						
2	ppu_public	61	9189622	95	520	260.0	mode0_enter	0	03	00	E0	00	00	260.0	1	0	2	0																						
2	ppu_public	61	9189616	95	257	128.5	stat_sample	0	00	00	E0	00	00	128.5	1	0	2	0																						
2	ppu_public	61	9190016	96	0	0.0	stat_sample	2	00	00	E0	00	00	0.0	1	0	2	0																						
2	ppu_public	61	9190016	96	2	1.0	mode2_irq_prepare	0	00	00	E0	00	00	1.0	1	0	2	0																						
2	ppu_public	61	9190024	96	0	0.0	stat_sample	2	02	00	E0	00	00	0.0	1	0	2	0																						
2	ppu_public	61	9190022	96	8	4.0	mode2_enter	2	02	00	E0	00	00	4.0	1	0	2	0																						
2	ppu_public	61	9190024	96	0	0.0	stat_sample	3	02	00	E0	00	00	0.0	1	0	2	0																						
2	ppu_public	61	9190190	96	176	88.0	mode3_enter	3	02	00	E0	00	00	88.0	1	0	2	0																						
2	ppu_public	61	9190184	96	84	42.0	stat_sample	3	03	00	E0	00	00	42.0	1	0	2	0																						
2	ppu_public	61	9190534	96	520	260.0	mode0_enter	0	03	00	E0	00	00	260.0	1	0	2	0																						
2	ppu_public	61	9190528	96	257	128.5	stat_sample	0	00	00	E0	00	00	128.5	1	0	2	0																						
2	ppu_public	61	9190928	97	0	0.0	stat_sample	2	00	00	E0	00	00	0.0	1	0	2	0																						
2	ppu_public	61	9190928	97	2	1.0	mode2_irq_prepare	0	00	00	E0	00	00	1.0	1	0	2	0																						
2	ppu_public	61	9190936	97	0	0.0	stat_sample	2	02	00	E0	00	00	0.0	1	0	2	0																						
2	ppu_public	61	9190934	97	8	4.0	mode2_enter	2	02	00	E0	00	00	4.0	1	0	2	0																						
2	ppu_public	61	9190936	97	0	0.0	stat_sample	3	02	00	E0	00	00	0.0	1	0	2	0																						
2	ppu_public	61	9191102	97	176	88.0	mode3_enter	3	02	00	E0	00	00	88.0	1	0	2	0																						
2	ppu_public	61	9191096	97	84	42.0	stat_sample	3	03	00	E0	00	00	42.0	1	0	2	0																						
2	ppu_public	61	9191446	97	520	260.0	mode0_enter	0	03	00	E0	00	00	260.0	1	0	2	0																						
2	ppu_public	61	9191440	97	257	128.5	stat_sample	0	00	00	E0	00	00	128.5	1	0	2	0																						
2	ppu_public	61	9191840	98	0	0.0	stat_sample	2	00	00	E0	00	00	0.0	1	0	2	0																						
2	ppu_public	61	9191840	98	2	1.0	mode2_irq_prepare	0	00	00	E0	00	00	1.0	1	0	2	0																						
2	ppu_public	61	9191848	98	0	0.0	stat_sample	2	02	00	E0	00	00	0.0	1	0	2	0																						
2	ppu_public	61	9191846	98	8	4.0	mode2_enter	2	02	00	E0	00	00	4.0	1	0	2	0																						
2	ppu_public	61	9191848	98	0	0.0	stat_sample	3	02	00	E0	00	00	0.0	1	0	2	0																						
2	ppu_public	61	9192014	98	176	88.0	mode3_enter	3	02	00	E0	00	00	88.0	1	0	2	0																						
2	ppu_public	61	9192008	98	84	42.0	stat_sample	3	03	00	E0	00	00	42.0	1	0	2	0																						
2	ppu_public	61	9192358	98	520	260.0	mode0_enter	0	03	00	E0	00	00	260.0	1	0	2	0																						
2	ppu_public	61	9192352	98	257	128.5	stat_sample	0	00	00	E0	00	00	128.5	1	0	2	0																						
2	ppu_public	61	9192752	99	0	0.0	stat_sample	2	00	00	E0	00	00	0.0	1	0	2	0																						
2	ppu_public	61	9192752	99	2	1.0	mode2_irq_prepare	0	00	00	E0	00	00	1.0	1	0	2	0																						
2	ppu_public	61	9192760	99	0	0.0	stat_sample	2	02	00	E0	00	00	0.0	1	0	2	0																						
2	ppu_public	61	9192758	99	8	4.0	mode2_enter	2	02	00	E0	00	00	4.0	1	0	2	0																						
2	ppu_public	61	9192760	99	0	0.0	stat_sample	3	02	00	E0	00	00	0.0	1	0	2	0																						
2	ppu_public	61	9192926	99	176	88.0	mode3_enter	3	02	00	E0	00	00	88.0	1	0	2	0																						
2	ppu_public	61	9192920	99	84	42.0	stat_sample	3	03	00	E0	00	00	42.0	1	0	2	0																						
2	ppu_public	61	9193270	99	520	260.0	mode0_enter	0	03	00	E0	00	00	260.0	1	0	2	0																						
2	ppu_public	61	9193264	99	257	128.5	stat_sample	0	00	00	E0	00	00	128.5	1	0	2	0																						
2	ppu_public	61	9193664	100	0	0.0	stat_sample	2	00	00	E0	00	00	0.0	1	0	2	0																						
2	ppu_public	61	9193664	100	2	1.0	mode2_irq_prepare	0	00	00	E0	00	00	1.0	1	0	2	0																						
2	ppu_public	61	9193672	100	0	0.0	stat_sample	2	02	00	E0	00	00	0.0	1	0	2	0																						
2	ppu_public	61	9193670	100	8	4.0	mode2_enter	2	02	00	E0	00	00	4.0	1	0	2	0																						
2	ppu_public	61	9193672	100	0	0.0	stat_sample	3	02	00	E0	00	00	0.0	1	0	2	0																						
2	ppu_public	61	9193838	100	176	88.0	mode3_enter	3	02	00	E0	00	00	88.0	1	0	2	0																						
2	ppu_public	61	9193832	100	84	42.0	stat_sample	3	03	00	E0	00	00	42.0	1	0	2	0																						
2	ppu_public	61	9194182	100	520	260.0	mode0_enter	0	03	00	E0	00	00	260.0	1	0	2	0																						
2	ppu_public	61	9194176	100	257	128.5	stat_sample	0	00	00	E0	00	00	128.5	1	0	2	0																						
2	ppu_public	61	9194576	101	0	0.0	stat_sample	2	00	00	E0	00	00	0.0	1	0	2	0																						
2	ppu_public	61	9194576	101	2	1.0	mode2_irq_prepare	0	00	00	E0	00	00	1.0	1	0	2	0																						
2	ppu_public	61	9194584	101	0	0.0	stat_sample	2	02	00	E0	00	00	0.0	1	0	2	0																						
2	ppu_public	61	9194582	101	8	4.0	mode2_enter	2	02	00	E0	00	00	4.0	1	0	2	0																						
2	ppu_public	61	9194584	101	0	0.0	stat_sample	3	02	00	E0	00	00	0.0	1	0	2	0																						
2	ppu_public	61	9194750	101	176	88.0	mode3_enter	3	02	00	E0	00	00	88.0	1	0	2	0																						
2	ppu_public	61	9194744	101	84	42.0	stat_sample	3	03	00	E0	00	00	42.0	1	0	2	0																						
2	ppu_public	61	9195094	101	520	260.0	mode0_enter	0	03	00	E0	00	00	260.0	1	0	2	0																						
2	ppu_public	61	9195088	101	257	128.5	stat_sample	0	00	00	E0	00	00	128.5	1	0	2	0																						
2	ppu_public	61	9195488	102	0	0.0	stat_sample	2	00	00	E0	00	00	0.0	1	0	2	0																						
2	ppu_public	61	9195488	102	2	1.0	mode2_irq_prepare	0	00	00	E0	00	00	1.0	1	0	2	0																						
2	ppu_public	61	9195496	102	0	0.0	stat_sample	2	02	00	E0	00	00	0.0	1	0	2	0																						
2	ppu_public	61	9195494	102	8	4.0	mode2_enter	2	02	00	E0	00	00	4.0	1	0	2	0																						
2	ppu_public	61	9195496	102	0	0.0	stat_sample	3	02	00	E0	00	00	0.0	1	0	2	0																						
2	ppu_public	61	9195662	102	176	88.0	mode3_enter	3	02	00	E0	00	00	88.0	1	0	2	0																						
2	ppu_public	61	9195656	102	84	42.0	stat_sample	3	03	00	E0	00	00	42.0	1	0	2	0																						
2	ppu_public	61	9196006	102	520	260.0	mode0_enter	0	03	00	E0	00	00	260.0	1	0	2	0																						
2	ppu_public	61	9196000	102	257	128.5	stat_sample	0	00	00	E0	00	00	128.5	1	0	2	0																						
2	ppu_public	61	9196400	103	0	0.0	stat_sample	2	00	00	E0	00	00	0.0	1	0	2	0																						
2	ppu_public	61	9196400	103	2	1.0	mode2_irq_prepare	0	00	00	E0	00	00	1.0	1	0	2	0																						
2	ppu_public	61	9196408	103	0	0.0	stat_sample	2	02	00	E0	00	00	0.0	1	0	2	0																						
2	ppu_public	61	9196406	103	8	4.0	mode2_enter	2	02	00	E0	00	00	4.0	1	0	2	0																						
2	ppu_public	61	9196408	103	0	0.0	stat_sample	3	02	00	E0	00	00	0.0	1	0	2	0																						
2	ppu_public	61	9196574	103	176	88.0	mode3_enter	3	02	00	E0	00	00	88.0	1	0	2	0																						
2	ppu_public	61	9196568	103	84	42.0	stat_sample	3	03	00	E0	00	00	42.0	1	0	2	0																						
2	ppu_public	61	9196918	103	520	260.0	mode0_enter	0	03	00	E0	00	00	260.0	1	0	2	0																						
2	ppu_public	61	9196912	103	257	128.5	stat_sample	0	00	00	E0	00	00	128.5	1	0	2	0																						
2	ppu_public	61	9197312	104	0	0.0	stat_sample	2	00	00	E0	00	00	0.0	1	0	2	0																						
2	ppu_public	61	9197312	104	2	1.0	mode2_irq_prepare	0	00	00	E0	00	00	1.0	1	0	2	0																						
2	ppu_public	61	9197320	104	0	0.0	stat_sample	2	02	00	E0	00	00	0.0	1	0	2	0																						
2	ppu_public	61	9197318	104	8	4.0	mode2_enter	2	02	00	E0	00	00	4.0	1	0	2	0																						
2	ppu_public	61	9197320	104	0	0.0	stat_sample	3	02	00	E0	00	00	0.0	1	0	2	0																						
2	ppu_public	61	9197486	104	176	88.0	mode3_enter	3	02	00	E0	00	00	88.0	1	0	2	0																						
2	ppu_public	61	9197480	104	84	42.0	stat_sample	3	03	00	E0	00	00	42.0	1	0	2	0																						
2	ppu_public	61	9197830	104	520	260.0	mode0_enter	0	03	00	E0	00	00	260.0	1	0	2	0																						
2	ppu_public	61	9197824	104	257	128.5	stat_sample	0	00	00	E0	00	00	128.5	1	0	2	0																						
2	ppu_public	61	9198224	105	0	0.0	stat_sample	2	00	00	E0	00	00	0.0	1	0	2	0																						
2	ppu_public	61	9198224	105	2	1.0	mode2_irq_prepare	0	00	00	E0	00	00	1.0	1	0	2	0																						
2	ppu_public	61	9198232	105	0	0.0	stat_sample	2	02	00	E0	00	00	0.0	1	0	2	0																						
2	ppu_public	61	9198230	105	8	4.0	mode2_enter	2	02	00	E0	00	00	4.0	1	0	2	0																						
2	ppu_public	61	9198232	105	0	0.0	stat_sample	3	02	00	E0	00	00	0.0	1	0	2	0																						
2	ppu_public	61	9198398	105	176	88.0	mode3_enter	3	02	00	E0	00	00	88.0	1	0	2	0																						
2	ppu_public	61	9198392	105	84	42.0	stat_sample	3	03	00	E0	00	00	42.0	1	0	2	0																						
2	ppu_public	61	9198742	105	520	260.0	mode0_enter	0	03	00	E0	00	00	260.0	1	0	2	0																						
2	ppu_public	61	9198736	105	257	128.5	stat_sample	0	00	00	E0	00	00	128.5	1	0	2	0																						
2	ppu_public	61	9199136	106	0	0.0	stat_sample	2	00	00	E0	00	00	0.0	1	0	2	0																						
2	ppu_public	61	9199136	106	2	1.0	mode2_irq_prepare	0	00	00	E0	00	00	1.0	1	0	2	0																						
2	ppu_public	61	9199144	106	0	0.0	stat_sample	2	02	00	E0	00	00	0.0	1	0	2	0																						
2	ppu_public	61	9199142	106	8	4.0	mode2_enter	2	02	00	E0	00	00	4.0	1	0	2	0																						
2	ppu_public	61	9199144	106	0	0.0	stat_sample	3	02	00	E0	00	00	0.0	1	0	2	0																						
2	ppu_public	61	9199310	106	176	88.0	mode3_enter	3	02	00	E0	00	00	88.0	1	0	2	0																						
2	ppu_public	61	9199304	106	84	42.0	stat_sample	3	03	00	E0	00	00	42.0	1	0	2	0																						
2	ppu_public	61	9199654	106	520	260.0	mode0_enter	0	03	00	E0	00	00	260.0	1	0	2	0																						
2	ppu_public	61	9199648	106	257	128.5	stat_sample	0	00	00	E0	00	00	128.5	1	0	2	0																						
2	ppu_public	61	9200048	107	0	0.0	stat_sample	2	00	00	E0	00	00	0.0	1	0	2	0																						
2	ppu_public	61	9200048	107	2	1.0	mode2_irq_prepare	0	00	00	E0	00	00	1.0	1	0	2	0																						
2	ppu_public	61	9200056	107	0	0.0	stat_sample	2	02	00	E0	00	00	0.0	1	0	2	0																						
2	ppu_public	61	9200054	107	8	4.0	mode2_enter	2	02	00	E0	00	00	4.0	1	0	2	0																						
2	ppu_public	61	9200056	107	0	0.0	stat_sample	3	02	00	E0	00	00	0.0	1	0	2	0																						
2	ppu_public	61	9200222	107	176	88.0	mode3_enter	3	02	00	E0	00	00	88.0	1	0	2	0																						
2	ppu_public	61	9200216	107	84	42.0	stat_sample	3	03	00	E0	00	00	42.0	1	0	2	0																						
2	ppu_public	61	9200566	107	520	260.0	mode0_enter	0	03	00	E0	00	00	260.0	1	0	2	0																						
2	ppu_public	61	9200560	107	257	128.5	stat_sample	0	00	00	E0	00	00	128.5	1	0	2	0																						
2	ppu_public	61	9200960	108	0	0.0	stat_sample	2	00	00	E0	00	00	0.0	1	0	2	0																						
2	ppu_public	61	9200960	108	2	1.0	mode2_irq_prepare	0	00	00	E0	00	00	1.0	1	0	2	0																						
2	ppu_public	61	9200968	108	0	0.0	stat_sample	2	02	00	E0	00	00	0.0	1	0	2	0																						
2	ppu_public	61	9200966	108	8	4.0	mode2_enter	2	02	00	E0	00	00	4.0	1	0	2	0																						
2	ppu_public	61	9200968	108	0	0.0	stat_sample	3	02	00	E0	00	00	0.0	1	0	2	0																						
2	ppu_public	61	9201134	108	176	88.0	mode3_enter	3	02	00	E0	00	00	88.0	1	0	2	0																						
2	ppu_public	61	9201128	108	84	42.0	stat_sample	3	03	00	E0	00	00	42.0	1	0	2	0																						
2	ppu_public	61	9201478	108	520	260.0	mode0_enter	0	03	00	E0	00	00	260.0	1	0	2	0																						
2	ppu_public	61	9201472	108	257	128.5	stat_sample	0	00	00	E0	00	00	128.5	1	0	2	0																						
2	ppu_public	61	9201872	109	0	0.0	stat_sample	2	00	00	E0	00	00	0.0	1	0	2	0																						
2	ppu_public	61	9201872	109	2	1.0	mode2_irq_prepare	0	00	00	E0	00	00	1.0	1	0	2	0																						
2	ppu_public	61	9201880	109	0	0.0	stat_sample	2	02	00	E0	00	00	0.0	1	0	2	0																						
2	ppu_public	61	9201878	109	8	4.0	mode2_enter	2	02	00	E0	00	00	4.0	1	0	2	0																						
2	ppu_public	61	9201880	109	0	0.0	stat_sample	3	02	00	E0	00	00	0.0	1	0	2	0																						
2	ppu_public	61	9202046	109	176	88.0	mode3_enter	3	02	00	E0	00	00	88.0	1	0	2	0																						
2	ppu_public	61	9202040	109	84	42.0	stat_sample	3	03	00	E0	00	00	42.0	1	0	2	0																						
2	ppu_public	61	9202390	109	520	260.0	mode0_enter	0	03	00	E0	00	00	260.0	1	0	2	0																						
2	ppu_public	61	9202384	109	257	128.5	stat_sample	0	00	00	E0	00	00	128.5	1	0	2	0																						
2	ppu_public	61	9202784	110	0	0.0	stat_sample	2	00	00	E0	00	00	0.0	1	0	2	0																						
2	ppu_public	61	9202784	110	2	1.0	mode2_irq_prepare	0	00	00	E0	00	00	1.0	1	0	2	0																						
2	ppu_public	61	9202792	110	0	0.0	stat_sample	2	02	00	E0	00	00	0.0	1	0	2	0																						
2	ppu_public	61	9202790	110	8	4.0	mode2_enter	2	02	00	E0	00	00	4.0	1	0	2	0																						
2	ppu_public	61	9202792	110	0	0.0	stat_sample	3	02	00	E0	00	00	0.0	1	0	2	0																						
2	ppu_public	61	9202958	110	176	88.0	mode3_enter	3	02	00	E0	00	00	88.0	1	0	2	0																						
2	ppu_public	61	9202952	110	84	42.0	stat_sample	3	03	00	E0	00	00	42.0	1	0	2	0																						
2	ppu_public	61	9203302	110	520	260.0	mode0_enter	0	03	00	E0	00	00	260.0	1	0	2	0																						
2	ppu_public	61	9203296	110	257	128.5	stat_sample	0	00	00	E0	00	00	128.5	1	0	2	0																						
2	ppu_public	61	9203696	111	0	0.0	stat_sample	2	00	00	E0	00	00	0.0	1	0	2	0																						
2	ppu_public	61	9203696	111	2	1.0	mode2_irq_prepare	0	00	00	E0	00	00	1.0	1	0	2	0																						
2	ppu_public	61	9203704	111	0	0.0	stat_sample	2	02	00	E0	00	00	0.0	1	0	2	0																						
2	ppu_public	61	9203702	111	8	4.0	mode2_enter	2	02	00	E0	00	00	4.0	1	0	2	0																						
2	ppu_public	61	9203704	111	0	0.0	stat_sample	3	02	00	E0	00	00	0.0	1	0	2	0																						
2	ppu_public	61	9203870	111	176	88.0	mode3_enter	3	02	00	E0	00	00	88.0	1	0	2	0																						
2	ppu_public	61	9203864	111	84	42.0	stat_sample	3	03	00	E0	00	00	42.0	1	0	2	0																						
2	ppu_public	61	9204214	111	520	260.0	mode0_enter	0	03	00	E0	00	00	260.0	1	0	2	0																						
2	ppu_public	61	9204208	111	257	128.5	stat_sample	0	00	00	E0	00	00	128.5	1	0	2	0																						
2	ppu_public	61	9204608	112	0	0.0	stat_sample	2	00	00	E0	00	00	0.0	1	0	2	0																						
2	ppu_public	61	9204608	112	2	1.0	mode2_irq_prepare	0	00	00	E0	00	00	1.0	1	0	2	0																						
2	ppu_public	61	9204616	112	0	0.0	stat_sample	2	02	00	E0	00	00	0.0	1	0	2	0																						
2	ppu_public	61	9204614	112	8	4.0	mode2_enter	2	02	00	E0	00	00	4.0	1	0	2	0																						
2	ppu_public	61	9204616	112	0	0.0	stat_sample	3	02	00	E0	00	00	0.0	1	0	2	0																						
2	ppu_public	61	9204782	112	176	88.0	mode3_enter	3	02	00	E0	00	00	88.0	1	0	2	0																						
2	ppu_public	61	9204776	112	84	42.0	stat_sample	3	03	00	E0	00	00	42.0	1	0	2	0																						
2	ppu_public	61	9205126	112	520	260.0	mode0_enter	0	03	00	E0	00	00	260.0	1	0	2	0																						
2	ppu_public	61	9205120	112	257	128.5	stat_sample	0	00	00	E0	00	00	128.5	1	0	2	0																						
2	ppu_public	61	9205520	113	0	0.0	stat_sample	2	00	00	E0	00	00	0.0	1	0	2	0																						
2	ppu_public	61	9205520	113	2	1.0	mode2_irq_prepare	0	00	00	E0	00	00	1.0	1	0	2	0																						
2	ppu_public	61	9205528	113	0	0.0	stat_sample	2	02	00	E0	00	00	0.0	1	0	2	0																						
2	ppu_public	61	9205526	113	8	4.0	mode2_enter	2	02	00	E0	00	00	4.0	1	0	2	0																						
2	ppu_public	61	9205528	113	0	0.0	stat_sample	3	02	00	E0	00	00	0.0	1	0	2	0																						
2	ppu_public	61	9205694	113	176	88.0	mode3_enter	3	02	00	E0	00	00	88.0	1	0	2	0																						
2	ppu_public	61	9205688	113	84	42.0	stat_sample	3	03	00	E0	00	00	42.0	1	0	2	0																						
2	ppu_public	61	9206038	113	520	260.0	mode0_enter	0	03	00	E0	00	00	260.0	1	0	2	0																						
2	ppu_public	61	9206032	113	257	128.5	stat_sample	0	00	00	E0	00	00	128.5	1	0	2	0																						
2	ppu_public	61	9206432	114	0	0.0	stat_sample	2	00	00	E0	00	00	0.0	1	0	2	0																						
2	ppu_public	61	9206432	114	2	1.0	mode2_irq_prepare	0	00	00	E0	00	00	1.0	1	0	2	0																						
2	ppu_public	61	9206440	114	0	0.0	stat_sample	2	02	00	E0	00	00	0.0	1	0	2	0																						
2	ppu_public	61	9206438	114	8	4.0	mode2_enter	2	02	00	E0	00	00	4.0	1	0	2	0																						
2	ppu_public	61	9206440	114	0	0.0	stat_sample	3	02	00	E0	00	00	0.0	1	0	2	0																						
2	ppu_public	61	9206606	114	176	88.0	mode3_enter	3	02	00	E0	00	00	88.0	1	0	2	0																						
2	ppu_public	61	9206600	114	84	42.0	stat_sample	3	03	00	E0	00	00	42.0	1	0	2	0																						
2	ppu_public	61	9206950	114	520	260.0	mode0_enter	0	03	00	E0	00	00	260.0	1	0	2	0																						
2	ppu_public	61	9206944	114	257	128.5	stat_sample	0	00	00	E0	00	00	128.5	1	0	2	0																						
2	ppu_public	61	9207344	115	0	0.0	stat_sample	2	00	00	E0	00	00	0.0	1	0	2	0																						
2	ppu_public	61	9207344	115	2	1.0	mode2_irq_prepare	0	00	00	E0	00	00	1.0	1	0	2	0																						
2	ppu_public	61	9207352	115	0	0.0	stat_sample	2	02	00	E0	00	00	0.0	1	0	2	0																						
2	ppu_public	61	9207350	115	8	4.0	mode2_enter	2	02	00	E0	00	00	4.0	1	0	2	0																						
2	ppu_public	61	9207352	115	0	0.0	stat_sample	3	02	00	E0	00	00	0.0	1	0	2	0																						
2	ppu_public	61	9207518	115	176	88.0	mode3_enter	3	02	00	E0	00	00	88.0	1	0	2	0																						
2	ppu_public	61	9207512	115	84	42.0	stat_sample	3	03	00	E0	00	00	42.0	1	0	2	0																						
2	ppu_public	61	9207862	115	520	260.0	mode0_enter	0	03	00	E0	00	00	260.0	1	0	2	0																						
2	ppu_public	61	9207856	115	257	128.5	stat_sample	0	00	00	E0	00	00	128.5	1	0	2	0																						
2	ppu_public	61	9208256	116	0	0.0	stat_sample	2	00	00	E0	00	00	0.0	1	0	2	0																						
2	ppu_public	61	9208256	116	2	1.0	mode2_irq_prepare	0	00	00	E0	00	00	1.0	1	0	2	0																						
2	ppu_public	61	9208264	116	0	0.0	stat_sample	2	02	00	E0	00	00	0.0	1	0	2	0																						
2	ppu_public	61	9208262	116	8	4.0	mode2_enter	2	02	00	E0	00	00	4.0	1	0	2	0																						
2	ppu_public	61	9208264	116	0	0.0	stat_sample	3	02	00	E0	00	00	0.0	1	0	2	0																						
2	ppu_public	61	9208430	116	176	88.0	mode3_enter	3	02	00	E0	00	00	88.0	1	0	2	0																						
2	ppu_public	61	9208424	116	84	42.0	stat_sample	3	03	00	E0	00	00	42.0	1	0	2	0																						
2	ppu_public	61	9208774	116	520	260.0	mode0_enter	0	03	00	E0	00	00	260.0	1	0	2	0																						
2	ppu_public	61	9208768	116	257	128.5	stat_sample	0	00	00	E0	00	00	128.5	1	0	2	0																						
2	ppu_public	61	9209168	117	0	0.0	stat_sample	2	00	00	E0	00	00	0.0	1	0	2	0																						
2	ppu_public	61	9209168	117	2	1.0	mode2_irq_prepare	0	00	00	E0	00	00	1.0	1	0	2	0																						
2	ppu_public	61	9209176	117	0	0.0	stat_sample	2	02	00	E0	00	00	0.0	1	0	2	0																						
2	ppu_public	61	9209174	117	8	4.0	mode2_enter	2	02	00	E0	00	00	4.0	1	0	2	0																						
2	ppu_public	61	9209176	117	0	0.0	stat_sample	3	02	00	E0	00	00	0.0	1	0	2	0																						
2	ppu_public	61	9209342	117	176	88.0	mode3_enter	3	02	00	E0	00	00	88.0	1	0	2	0																						
2	ppu_public	61	9209336	117	84	42.0	stat_sample	3	03	00	E0	00	00	42.0	1	0	2	0																						
2	ppu_public	61	9209686	117	520	260.0	mode0_enter	0	03	00	E0	00	00	260.0	1	0	2	0																						
2	ppu_public	61	9209680	117	257	128.5	stat_sample	0	00	00	E0	00	00	128.5	1	0	2	0																						
2	ppu_public	61	9210080	118	0	0.0	stat_sample	2	00	00	E0	00	00	0.0	1	0	2	0																						
2	ppu_public	61	9210080	118	2	1.0	mode2_irq_prepare	0	00	00	E0	00	00	1.0	1	0	2	0																						
2	ppu_public	61	9210088	118	0	0.0	stat_sample	2	02	00	E0	00	00	0.0	1	0	2	0																						
2	ppu_public	61	9210086	118	8	4.0	mode2_enter	2	02	00	E0	00	00	4.0	1	0	2	0																						
2	ppu_public	61	9210088	118	0	0.0	stat_sample	3	02	00	E0	00	00	0.0	1	0	2	0																						
2	ppu_public	61	9210254	118	176	88.0	mode3_enter	3	02	00	E0	00	00	88.0	1	0	2	0																						
2	ppu_public	61	9210248	118	84	42.0	stat_sample	3	03	00	E0	00	00	42.0	1	0	2	0																						
2	ppu_public	61	9210598	118	520	260.0	mode0_enter	0	03	00	E0	00	00	260.0	1	0	2	0																						
2	ppu_public	61	9210592	118	257	128.5	stat_sample	0	00	00	E0	00	00	128.5	1	0	2	0																						
2	ppu_public	61	9210992	119	0	0.0	stat_sample	2	00	00	E0	00	00	0.0	1	0	2	0																						
2	ppu_public	61	9210992	119	2	1.0	mode2_irq_prepare	0	00	00	E0	00	00	1.0	1	0	2	0																						
2	ppu_public	61	9211000	119	0	0.0	stat_sample	2	02	00	E0	00	00	0.0	1	0	2	0																						
2	ppu_public	61	9210998	119	8	4.0	mode2_enter	2	02	00	E0	00	00	4.0	1	0	2	0																						
2	ppu_public	61	9211000	119	0	0.0	stat_sample	3	02	00	E0	00	00	0.0	1	0	2	0																						
2	ppu_public	61	9211166	119	176	88.0	mode3_enter	3	02	00	E0	00	00	88.0	1	0	2	0																						
2	ppu_public	61	9211160	119	84	42.0	stat_sample	3	03	00	E0	00	00	42.0	1	0	2	0																						
2	ppu_public	61	9211510	119	520	260.0	mode0_enter	0	03	00	E0	00	00	260.0	1	0	2	0																						
2	ppu_public	61	9211504	119	257	128.5	stat_sample	0	00	00	E0	00	00	128.5	1	0	2	0																						
2	ppu_public	61	9211904	120	0	0.0	stat_sample	2	00	00	E0	00	00	0.0	1	0	2	0																						
2	ppu_public	61	9211904	120	2	1.0	mode2_irq_prepare	0	00	00	E0	00	00	1.0	1	0	2	0																						
2	ppu_public	61	9211912	120	0	0.0	stat_sample	2	02	00	E0	00	00	0.0	1	0	2	0																						
2	ppu_public	61	9211910	120	8	4.0	mode2_enter	2	02	00	E0	00	00	4.0	1	0	2	0																						
2	ppu_public	61	9211912	120	0	0.0	stat_sample	3	02	00	E0	00	00	0.0	1	0	2	0																						
2	ppu_public	61	9212078	120	176	88.0	mode3_enter	3	02	00	E0	00	00	88.0	1	0	2	0																						
2	ppu_public	61	9212072	120	84	42.0	stat_sample	3	03	00	E0	00	00	42.0	1	0	2	0																						
2	ppu_public	61	9212422	120	520	260.0	mode0_enter	0	03	00	E0	00	00	260.0	1	0	2	0																						
2	ppu_public	61	9212416	120	257	128.5	stat_sample	0	00	00	E0	00	00	128.5	1	0	2	0																						
2	ppu_public	61	9212816	121	0	0.0	stat_sample	2	00	00	E0	00	00	0.0	1	0	2	0																						
2	ppu_public	61	9212816	121	2	1.0	mode2_irq_prepare	0	00	00	E0	00	00	1.0	1	0	2	0																						
2	ppu_public	61	9212824	121	0	0.0	stat_sample	2	02	00	E0	00	00	0.0	1	0	2	0																						
2	ppu_public	61	9212822	121	8	4.0	mode2_enter	2	02	00	E0	00	00	4.0	1	0	2	0																						
2	ppu_public	61	9212824	121	0	0.0	stat_sample	3	02	00	E0	00	00	0.0	1	0	2	0																						
2	ppu_public	61	9212990	121	176	88.0	mode3_enter	3	02	00	E0	00	00	88.0	1	0	2	0																						
2	ppu_public	61	9212984	121	84	42.0	stat_sample	3	03	00	E0	00	00	42.0	1	0	2	0																						
2	ppu_public	61	9213334	121	520	260.0	mode0_enter	0	03	00	E0	00	00	260.0	1	0	2	0																						
2	ppu_public	61	9213328	121	257	128.5	stat_sample	0	00	00	E0	00	00	128.5	1	0	2	0																						
2	ppu_public	61	9213728	122	0	0.0	stat_sample	2	00	00	E0	00	00	0.0	1	0	2	0																						
2	ppu_public	61	9213728	122	2	1.0	mode2_irq_prepare	0	00	00	E0	00	00	1.0	1	0	2	0																						
2	ppu_public	61	9213736	122	0	0.0	stat_sample	2	02	00	E0	00	00	0.0	1	0	2	0																						
2	ppu_public	61	9213734	122	8	4.0	mode2_enter	2	02	00	E0	00	00	4.0	1	0	2	0																						
2	ppu_public	61	9213736	122	0	0.0	stat_sample	3	02	00	E0	00	00	0.0	1	0	2	0																						
2	ppu_public	61	9213902	122	176	88.0	mode3_enter	3	02	00	E0	00	00	88.0	1	0	2	0																						
2	ppu_public	61	9213896	122	84	42.0	stat_sample	3	03	00	E0	00	00	42.0	1	0	2	0																						
2	ppu_public	61	9214246	122	520	260.0	mode0_enter	0	03	00	E0	00	00	260.0	1	0	2	0																						
2	ppu_public	61	9214240	122	257	128.5	stat_sample	0	00	00	E0	00	00	128.5	1	0	2	0																						
2	ppu_public	61	9214640	123	0	0.0	stat_sample	2	00	00	E0	00	00	0.0	1	0	2	0																						
2	ppu_public	61	9214640	123	2	1.0	mode2_irq_prepare	0	00	00	E0	00	00	1.0	1	0	2	0																						
2	ppu_public	61	9214648	123	0	0.0	stat_sample	2	02	00	E0	00	00	0.0	1	0	2	0																						
2	ppu_public	61	9214646	123	8	4.0	mode2_enter	2	02	00	E0	00	00	4.0	1	0	2	0																						
2	ppu_public	61	9214648	123	0	0.0	stat_sample	3	02	00	E0	00	00	0.0	1	0	2	0																						
2	ppu_public	61	9214814	123	176	88.0	mode3_enter	3	02	00	E0	00	00	88.0	1	0	2	0																						
2	ppu_public	61	9214808	123	84	42.0	stat_sample	3	03	00	E0	00	00	42.0	1	0	2	0																						
2	ppu_public	61	9215158	123	520	260.0	mode0_enter	0	03	00	E0	00	00	260.0	1	0	2	0																						
2	ppu_public	61	9215152	123	257	128.5	stat_sample	0	00	00	E0	00	00	128.5	1	0	2	0																						
2	ppu_public	61	9215552	124	0	0.0	stat_sample	2	00	00	E0	00	00	0.0	1	0	2	0																						
2	ppu_public	61	9215552	124	2	1.0	mode2_irq_prepare	0	00	00	E0	00	00	1.0	1	0	2	0																						
2	ppu_public	61	9215560	124	0	0.0	stat_sample	2	02	00	E0	00	00	0.0	1	0	2	0																						
2	ppu_public	61	9215558	124	8	4.0	mode2_enter	2	02	00	E0	00	00	4.0	1	0	2	0																						
2	ppu_public	61	9215560	124	0	0.0	stat_sample	3	02	00	E0	00	00	0.0	1	0	2	0																						
2	ppu_public	61	9215726	124	176	88.0	mode3_enter	3	02	00	E0	00	00	88.0	1	0	2	0																						
2	ppu_public	61	9215720	124	84	42.0	stat_sample	3	03	00	E0	00	00	42.0	1	0	2	0																						
2	ppu_public	61	9216070	124	520	260.0	mode0_enter	0	03	00	E0	00	00	260.0	1	0	2	0																						
2	ppu_public	61	9216064	124	257	128.5	stat_sample	0	00	00	E0	00	00	128.5	1	0	2	0																						
2	ppu_public	61	9216464	125	0	0.0	stat_sample	2	00	00	E0	00	00	0.0	1	0	2	0																						
2	ppu_public	61	9216464	125	2	1.0	mode2_irq_prepare	0	00	00	E0	00	00	1.0	1	0	2	0																						
2	ppu_public	61	9216472	125	0	0.0	stat_sample	2	02	00	E0	00	00	0.0	1	0	2	0																						
2	ppu_public	61	9216470	125	8	4.0	mode2_enter	2	02	00	E0	00	00	4.0	1	0	2	0																						
2	ppu_public	61	9216472	125	0	0.0	stat_sample	3	02	00	E0	00	00	0.0	1	0	2	0																						
2	ppu_public	61	9216638	125	176	88.0	mode3_enter	3	02	00	E0	00	00	88.0	1	0	2	0																						
2	ppu_public	61	9216632	125	84	42.0	stat_sample	3	03	00	E0	00	00	42.0	1	0	2	0																						
2	ppu_public	61	9216982	125	520	260.0	mode0_enter	0	03	00	E0	00	00	260.0	1	0	2	0																						
2	ppu_public	61	9216976	125	257	128.5	stat_sample	0	00	00	E0	00	00	128.5	1	0	2	0																						
2	ppu_public	61	9217376	126	0	0.0	stat_sample	2	00	00	E0	00	00	0.0	1	0	2	0																						
2	ppu_public	61	9217376	126	2	1.0	mode2_irq_prepare	0	00	00	E0	00	00	1.0	1	0	2	0																						
2	ppu_public	61	9217384	126	0	0.0	stat_sample	2	02	00	E0	00	00	0.0	1	0	2	0																						
2	ppu_public	61	9217382	126	8	4.0	mode2_enter	2	02	00	E0	00	00	4.0	1	0	2	0																						
2	ppu_public	61	9217384	126	0	0.0	stat_sample	3	02	00	E0	00	00	0.0	1	0	2	0																						
2	ppu_public	61	9217550	126	176	88.0	mode3_enter	3	02	00	E0	00	00	88.0	1	0	2	0																						
2	ppu_public	61	9217544	126	84	42.0	stat_sample	3	03	00	E0	00	00	42.0	1	0	2	0																						
2	ppu_public	61	9217894	126	520	260.0	mode0_enter	0	03	00	E0	00	00	260.0	1	0	2	0																						
2	ppu_public	61	9217888	126	257	128.5	stat_sample	0	00	00	E0	00	00	128.5	1	0	2	0																						
2	ppu_public	61	9218288	127	0	0.0	stat_sample	2	00	00	E0	00	00	0.0	1	0	2	0																						
2	ppu_public	61	9218288	127	2	1.0	mode2_irq_prepare	0	00	00	E0	00	00	1.0	1	0	2	0																						
2	ppu_public	61	9218296	127	0	0.0	stat_sample	2	02	00	E0	00	00	0.0	1	0	2	0																						
2	ppu_public	61	9218294	127	8	4.0	mode2_enter	2	02	00	E0	00	00	4.0	1	0	2	0																						
2	ppu_public	61	9218296	127	0	0.0	stat_sample	3	02	00	E0	00	00	0.0	1	0	2	0																						
2	ppu_public	61	9218462	127	176	88.0	mode3_enter	3	02	00	E0	00	00	88.0	1	0	2	0																						
2	ppu_public	61	9218456	127	84	42.0	stat_sample	3	03	00	E0	00	00	42.0	1	0	2	0																						
2	ppu_public	61	9218806	127	520	260.0	mode0_enter	0	03	00	E0	00	00	260.0	1	0	2	0																						
2	ppu_public	61	9218800	127	257	128.5	stat_sample	0	00	00	E0	00	00	128.5	1	0	2	0																						
2	ppu_public	61	9219200	128	0	0.0	stat_sample	2	00	00	E0	00	00	0.0	1	0	2	0																						
2	ppu_public	61	9219200	128	2	1.0	mode2_irq_prepare	0	00	00	E0	00	00	1.0	1	0	2	0																						
2	ppu_public	61	9219208	128	0	0.0	stat_sample	2	02	00	E0	00	00	0.0	1	0	2	0																						
2	ppu_public	61	9219206	128	8	4.0	mode2_enter	2	02	00	E0	00	00	4.0	1	0	2	0																						
2	ppu_public	61	9219208	128	0	0.0	stat_sample	3	02	00	E0	00	00	0.0	1	0	2	0																						
2	ppu_public	61	9219374	128	176	88.0	mode3_enter	3	02	00	E0	00	00	88.0	1	0	2	0																						
2	ppu_public	61	9219368	128	84	42.0	stat_sample	3	03	00	E0	00	00	42.0	1	0	2	0																						
2	ppu_public	61	9219718	128	520	260.0	mode0_enter	0	03	00	E0	00	00	260.0	1	0	2	0																						
2	ppu_public	61	9219712	128	257	128.5	stat_sample	0	00	00	E0	00	00	128.5	1	0	2	0																						
2	ppu_public	61	9220112	129	0	0.0	stat_sample	2	00	00	E0	00	00	0.0	1	0	2	0																						
2	ppu_public	61	9220112	129	2	1.0	mode2_irq_prepare	0	00	00	E0	00	00	1.0	1	0	2	0																						
2	ppu_public	61	9220120	129	0	0.0	stat_sample	2	02	00	E0	00	00	0.0	1	0	2	0																						
2	ppu_public	61	9220118	129	8	4.0	mode2_enter	2	02	00	E0	00	00	4.0	1	0	2	0																						
2	ppu_public	61	9220120	129	0	0.0	stat_sample	3	02	00	E0	00	00	0.0	1	0	2	0																						
2	ppu_public	61	9220286	129	176	88.0	mode3_enter	3	02	00	E0	00	00	88.0	1	0	2	0																						
2	ppu_public	61	9220280	129	84	42.0	stat_sample	3	03	00	E0	00	00	42.0	1	0	2	0																						
2	ppu_public	61	9220630	129	520	260.0	mode0_enter	0	03	00	E0	00	00	260.0	1	0	2	0																						
2	ppu_public	61	9220624	129	257	128.5	stat_sample	0	00	00	E0	00	00	128.5	1	0	2	0																						
2	ppu_public	61	9221024	130	0	0.0	stat_sample	2	00	00	E0	00	00	0.0	1	0	2	0																						
2	ppu_public	61	9221024	130	2	1.0	mode2_irq_prepare	0	00	00	E0	00	00	1.0	1	0	2	0																						
2	ppu_public	61	9221032	130	0	0.0	stat_sample	2	02	00	E0	00	00	0.0	1	0	2	0																						
2	ppu_public	61	9221030	130	8	4.0	mode2_enter	2	02	00	E0	00	00	4.0	1	0	2	0																						
2	ppu_public	61	9221032	130	0	0.0	stat_sample	3	02	00	E0	00	00	0.0	1	0	2	0																						
2	ppu_public	61	9221198	130	176	88.0	mode3_enter	3	02	00	E0	00	00	88.0	1	0	2	0																						
2	ppu_public	61	9221192	130	84	42.0	stat_sample	3	03	00	E0	00	00	42.0	1	0	2	0																						
2	ppu_public	61	9221542	130	520	260.0	mode0_enter	0	03	00	E0	00	00	260.0	1	0	2	0																						
2	ppu_public	61	9221536	130	257	128.5	stat_sample	0	00	00	E0	00	00	128.5	1	0	2	0																						
2	ppu_public	61	9221936	131	0	0.0	stat_sample	2	00	00	E0	00	00	0.0	1	0	2	0																						
2	ppu_public	61	9221936	131	2	1.0	mode2_irq_prepare	0	00	00	E0	00	00	1.0	1	0	2	0																						
2	ppu_public	61	9221944	131	0	0.0	stat_sample	2	02	00	E0	00	00	0.0	1	0	2	0																						
2	ppu_public	61	9221942	131	8	4.0	mode2_enter	2	02	00	E0	00	00	4.0	1	0	2	0																						
2	ppu_public	61	9221944	131	0	0.0	stat_sample	3	02	00	E0	00	00	0.0	1	0	2	0																						
2	ppu_public	61	9222110	131	176	88.0	mode3_enter	3	02	00	E0	00	00	88.0	1	0	2	0																						
2	ppu_public	61	9222104	131	84	42.0	stat_sample	3	03	00	E0	00	00	42.0	1	0	2	0																						
2	ppu_public	61	9222454	131	520	260.0	mode0_enter	0	03	00	E0	00	00	260.0	1	0	2	0																						
2	ppu_public	61	9222448	131	257	128.5	stat_sample	0	00	00	E0	00	00	128.5	1	0	2	0																						
2	ppu_public	61	9222848	132	0	0.0	stat_sample	2	00	00	E0	00	00	0.0	1	0	2	0																						
2	ppu_public	61	9222848	132	2	1.0	mode2_irq_prepare	0	00	00	E0	00	00	1.0	1	0	2	0																						
2	ppu_public	61	9222856	132	0	0.0	stat_sample	2	02	00	E0	00	00	0.0	1	0	2	0																						
2	ppu_public	61	9222854	132	8	4.0	mode2_enter	2	02	00	E0	00	00	4.0	1	0	2	0																						
2	ppu_public	61	9222856	132	0	0.0	stat_sample	3	02	00	E0	00	00	0.0	1	0	2	0																						
2	ppu_public	61	9223022	132	176	88.0	mode3_enter	3	02	00	E0	00	00	88.0	1	0	2	0																						
2	ppu_public	61	9223016	132	84	42.0	stat_sample	3	03	00	E0	00	00	42.0	1	0	2	0																						
2	ppu_public	61	9223366	132	520	260.0	mode0_enter	0	03	00	E0	00	00	260.0	1	0	2	0																						
2	ppu_public	61	9223360	132	257	128.5	stat_sample	0	00	00	E0	00	00	128.5	1	0	2	0																						
2	ppu_public	61	9223760	133	0	0.0	stat_sample	2	00	00	E0	00	00	0.0	1	0	2	0																						
2	ppu_public	61	9223760	133	2	1.0	mode2_irq_prepare	0	00	00	E0	00	00	1.0	1	0	2	0																						
2	ppu_public	61	9223768	133	0	0.0	stat_sample	2	02	00	E0	00	00	0.0	1	0	2	0																						
2	ppu_public	61	9223766	133	8	4.0	mode2_enter	2	02	00	E0	00	00	4.0	1	0	2	0																						
2	ppu_public	61	9223768	133	0	0.0	stat_sample	3	02	00	E0	00	00	0.0	1	0	2	0																						
2	ppu_public	61	9223934	133	176	88.0	mode3_enter	3	02	00	E0	00	00	88.0	1	0	2	0																						
2	ppu_public	61	9223928	133	84	42.0	stat_sample	3	03	00	E0	00	00	42.0	1	0	2	0																						
2	ppu_public	61	9224278	133	520	260.0	mode0_enter	0	03	00	E0	00	00	260.0	1	0	2	0																						
2	ppu_public	61	9224272	133	257	128.5	stat_sample	0	00	00	E0	00	00	128.5	1	0	2	0																						
2	ppu_public	61	9224672	134	0	0.0	stat_sample	2	00	00	E0	00	00	0.0	1	0	2	0																						
2	ppu_public	61	9224672	134	2	1.0	mode2_irq_prepare	0	00	00	E0	00	00	1.0	1	0	2	0																						
2	ppu_public	61	9224680	134	0	0.0	stat_sample	2	02	00	E0	00	00	0.0	1	0	2	0																						
2	ppu_public	61	9224678	134	8	4.0	mode2_enter	2	02	00	E0	00	00	4.0	1	0	2	0																						
2	ppu_public	61	9224680	134	0	0.0	stat_sample	3	02	00	E0	00	00	0.0	1	0	2	0																						
2	ppu_public	61	9224846	134	176	88.0	mode3_enter	3	02	00	E0	00	00	88.0	1	0	2	0																						
2	ppu_public	61	9224840	134	84	42.0	stat_sample	3	03	00	E0	00	00	42.0	1	0	2	0																						
2	ppu_public	61	9225190	134	520	260.0	mode0_enter	0	03	00	E0	00	00	260.0	1	0	2	0																						
2	ppu_public	61	9225184	134	257	128.5	stat_sample	0	00	00	E0	00	00	128.5	1	0	2	0																						
2	ppu_public	61	9225584	135	0	0.0	stat_sample	2	00	00	E0	00	00	0.0	1	0	2	0																						
2	ppu_public	61	9225584	135	2	1.0	mode2_irq_prepare	0	00	00	E0	00	00	1.0	1	0	2	0																						
2	ppu_public	61	9225592	135	0	0.0	stat_sample	2	02	00	E0	00	00	0.0	1	0	2	0																						
2	ppu_public	61	9225590	135	8	4.0	mode2_enter	2	02	00	E0	00	00	4.0	1	0	2	0																						
2	ppu_public	61	9225592	135	0	0.0	stat_sample	3	02	00	E0	00	00	0.0	1	0	2	0																						
2	ppu_public	61	9225758	135	176	88.0	mode3_enter	3	02	00	E0	00	00	88.0	1	0	2	0																						
2	ppu_public	61	9225752	135	84	42.0	stat_sample	3	03	00	E0	00	00	42.0	1	0	2	0																						
2	ppu_public	61	9226102	135	520	260.0	mode0_enter	0	03	00	E0	00	00	260.0	1	0	2	0																						
2	ppu_public	61	9226096	135	257	128.5	stat_sample	0	00	00	E0	00	00	128.5	1	0	2	0																						
2	ppu_public	61	9226496	136	0	0.0	stat_sample	2	00	00	E0	00	00	0.0	1	0	2	0																						
2	ppu_public	61	9226496	136	2	1.0	mode2_irq_prepare	0	00	00	E0	00	00	1.0	1	0	2	0																						
2	ppu_public	61	9226504	136	0	0.0	stat_sample	2	02	00	E0	00	00	0.0	1	0	2	0																						
2	ppu_public	61	9226502	136	8	4.0	mode2_enter	2	02	00	E0	00	00	4.0	1	0	2	0																						
2	ppu_public	61	9226504	136	0	0.0	stat_sample	3	02	00	E0	00	00	0.0	1	0	2	0																						
2	ppu_public	61	9226670	136	176	88.0	mode3_enter	3	02	00	E0	00	00	88.0	1	0	2	0																						
2	ppu_public	61	9226664	136	84	42.0	stat_sample	3	03	00	E0	00	00	42.0	1	0	2	0																						
2	ppu_public	61	9227014	136	520	260.0	mode0_enter	0	03	00	E0	00	00	260.0	1	0	2	0																						
2	ppu_public	61	9227008	136	257	128.5	stat_sample	0	00	00	E0	00	00	128.5	1	0	2	0																						
2	ppu_public	61	9227408	137	0	0.0	stat_sample	2	00	00	E0	00	00	0.0	1	0	2	0																						
2	ppu_public	61	9227408	137	2	1.0	mode2_irq_prepare	0	00	00	E0	00	00	1.0	1	0	2	0																						
2	ppu_public	61	9227416	137	0	0.0	stat_sample	2	02	00	E0	00	00	0.0	1	0	2	0																						
2	ppu_public	61	9227414	137	8	4.0	mode2_enter	2	02	00	E0	00	00	4.0	1	0	2	0																						
2	ppu_public	61	9227416	137	0	0.0	stat_sample	3	02	00	E0	00	00	0.0	1	0	2	0																						
2	ppu_public	61	9227582	137	176	88.0	mode3_enter	3	02	00	E0	00	00	88.0	1	0	2	0																						
2	ppu_public	61	9227576	137	84	42.0	stat_sample	3	03	00	E0	00	00	42.0	1	0	2	0																						
2	ppu_public	61	9227926	137	520	260.0	mode0_enter	0	03	00	E0	00	00	260.0	1	0	2	0																						
2	ppu_public	61	9227920	137	257	128.5	stat_sample	0	00	00	E0	00	00	128.5	1	0	2	0																						
2	ppu_public	61	9228320	138	0	0.0	stat_sample	2	00	00	E0	00	00	0.0	1	0	2	0																						
2	ppu_public	61	9228320	138	2	1.0	mode2_irq_prepare	0	00	00	E0	00	00	1.0	1	0	2	0																						
2	ppu_public	61	9228328	138	0	0.0	stat_sample	2	02	00	E0	00	00	0.0	1	0	2	0																						
2	ppu_public	61	9228326	138	8	4.0	mode2_enter	2	02	00	E0	00	00	4.0	1	0	2	0																						
2	ppu_public	61	9228328	138	0	0.0	stat_sample	3	02	00	E0	00	00	0.0	1	0	2	0																						
2	ppu_public	61	9228494	138	176	88.0	mode3_enter	3	02	00	E0	00	00	88.0	1	0	2	0																						
2	ppu_public	61	9228488	138	84	42.0	stat_sample	3	03	00	E0	00	00	42.0	1	0	2	0																						
2	ppu_public	61	9228838	138	520	260.0	mode0_enter	0	03	00	E0	00	00	260.0	1	0	2	0																						
2	ppu_public	61	9228832	138	257	128.5	stat_sample	0	00	00	E0	00	00	128.5	1	0	2	0																						
2	ppu_public	61	9229232	139	0	0.0	stat_sample	2	00	00	E0	00	00	0.0	1	0	2	0																						
2	ppu_public	61	9229232	139	2	1.0	mode2_irq_prepare	0	00	00	E0	00	00	1.0	1	0	2	0																						
2	ppu_public	61	9229240	139	0	0.0	stat_sample	2	02	00	E0	00	00	0.0	1	0	2	0																						
2	ppu_public	61	9229238	139	8	4.0	mode2_enter	2	02	00	E0	00	00	4.0	1	0	2	0																						
2	ppu_public	61	9229240	139	0	0.0	stat_sample	3	02	00	E0	00	00	0.0	1	0	2	0																						
2	ppu_public	61	9229406	139	176	88.0	mode3_enter	3	02	00	E0	00	00	88.0	1	0	2	0																						
2	ppu_public	61	9229400	139	84	42.0	stat_sample	3	03	00	E0	00	00	42.0	1	0	2	0																						
2	ppu_public	61	9229750	139	520	260.0	mode0_enter	0	03	00	E0	00	00	260.0	1	0	2	0																						
2	ppu_public	61	9229744	139	257	128.5	stat_sample	0	00	00	E0	00	00	128.5	1	0	2	0																						
2	ppu_public	61	9230144	140	0	0.0	stat_sample	2	00	00	E0	00	00	0.0	1	0	2	0																						
2	ppu_public	61	9230144	140	2	1.0	mode2_irq_prepare	0	00	00	E0	00	00	1.0	1	0	2	0																						
2	ppu_public	61	9230152	140	0	0.0	stat_sample	2	02	00	E0	00	00	0.0	1	0	2	0																						
2	ppu_public	61	9230150	140	8	4.0	mode2_enter	2	02	00	E0	00	00	4.0	1	0	2	0																						
2	ppu_public	61	9230152	140	0	0.0	stat_sample	3	02	00	E0	00	00	0.0	1	0	2	0																						
2	ppu_public	61	9230318	140	176	88.0	mode3_enter	3	02	00	E0	00	00	88.0	1	0	2	0																						
2	ppu_public	61	9230312	140	84	42.0	stat_sample	3	03	00	E0	00	00	42.0	1	0	2	0																						
2	ppu_public	61	9230662	140	520	260.0	mode0_enter	0	03	00	E0	00	00	260.0	1	0	2	0																						
2	ppu_public	61	9230656	140	257	128.5	stat_sample	0	00	00	E0	00	00	128.5	1	0	2	0																						
2	ppu_public	61	9231056	141	0	0.0	stat_sample	2	00	00	E0	00	00	0.0	1	0	2	0																						
2	ppu_public	61	9231056	141	2	1.0	mode2_irq_prepare	0	00	00	E0	00	00	1.0	1	0	2	0																						
2	ppu_public	61	9231064	141	0	0.0	stat_sample	2	02	00	E0	00	00	0.0	1	0	2	0																						
2	ppu_public	61	9231062	141	8	4.0	mode2_enter	2	02	00	E0	00	00	4.0	1	0	2	0																						
2	ppu_public	61	9231064	141	0	0.0	stat_sample	3	02	00	E0	00	00	0.0	1	0	2	0																						
2	ppu_public	61	9231230	141	176	88.0	mode3_enter	3	02	00	E0	00	00	88.0	1	0	2	0																						
2	ppu_public	61	9231224	141	84	42.0	stat_sample	3	03	00	E0	00	00	42.0	1	0	2	0																						
2	ppu_public	61	9231574	141	520	260.0	mode0_enter	0	03	00	E0	00	00	260.0	1	0	2	0																						
2	ppu_public	61	9231568	141	257	128.5	stat_sample	0	00	00	E0	00	00	128.5	1	0	2	0																						
2	ppu_public	61	9231968	142	0	0.0	stat_sample	2	00	00	E0	00	00	0.0	1	0	2	0																						
2	ppu_public	61	9231968	142	2	1.0	mode2_irq_prepare	0	00	00	E0	00	00	1.0	1	0	2	0																						
2	ppu_public	61	9231976	142	0	0.0	stat_sample	2	02	00	E0	00	00	0.0	1	0	2	0																						
2	ppu_public	61	9231974	142	8	4.0	mode2_enter	2	02	00	E0	00	00	4.0	1	0	2	0																						
2	ppu_public	61	9231976	142	0	0.0	stat_sample	3	02	00	E0	00	00	0.0	1	0	2	0																						
2	ppu_public	61	9232142	142	176	88.0	mode3_enter	3	02	00	E0	00	00	88.0	1	0	2	0																						
2	ppu_public	61	9232136	142	84	42.0	stat_sample	3	03	00	E0	00	00	42.0	1	0	2	0																						
2	ppu_public	61	9232486	142	520	260.0	mode0_enter	0	03	00	E0	00	00	260.0	1	0	2	0																						
2	ppu_public	61	9232480	142	257	128.5	stat_sample	0	00	00	E0	00	00	128.5	1	0	2	0																						
2	ppu_public	61	9232880	143	0	0.0	stat_sample	2	00	00	E0	00	00	0.0	1	0	2	0																						
2	ppu_public	61	9232880	143	2	1.0	mode2_irq_prepare	0	00	00	E0	00	00	1.0	1	0	2	0																						
2	ppu_public	61	9232888	143	0	0.0	stat_sample	2	02	00	E0	00	00	0.0	1	0	2	0																						
2	ppu_public	61	9232886	143	8	4.0	mode2_enter	2	02	00	E0	00	00	4.0	1	0	2	0																						
2	ppu_public	61	9232888	143	0	0.0	stat_sample	3	02	00	E0	00	00	0.0	1	0	2	0																						
2	ppu_public	61	9233054	143	176	88.0	mode3_enter	3	02	00	E0	00	00	88.0	1	0	2	0																						
2	ppu_public	61	9233048	143	84	42.0	stat_sample	3	03	00	E0	00	00	42.0	1	0	2	0																						
2	ppu_public	61	9233398	143	520	260.0	mode0_enter	0	03	00	E0	00	00	260.0	1	0	2	0																						
2	ppu_public	61	9233392	143	257	128.5	stat_sample	0	00	00	E0	00	00	128.5	1	0	2	0																						
2	ppu_public	61	9233792	144	0	0.0	stat_sample	0	00	00	E0	00	00	0.0	1	0	2	0																						
2	ppu_public	61	9233800	144	0	0.0	stat_sample	0	00	00	E0	00	00	0.0	1	0	2	0																						
2	ppu_public	61	9233800	144	0	0.0	stat_sample	1	01	00	E1	00	00	0.0	1	0	2	0																						
2	ppu_public	61	9232884	144	6	3.0	frame_vblank	1	01	00	E1	00	00	3.0	1	1	2	0																						
2	ppu_public	61	9232884	144	6	3.0	vblank_irq_edge	1	01	00	E1	00	00	3.0	1	1	2	0																						
2	cpu	61	9233952	144	1074	537.0	write	1	01		E1	00	00	537.0	1		2	0				FFFB	00					00	00	91	00	00		READ_OLD	9233952	537.0				
2	cpu	61	9233960	144	1082	541.0	write	1	01		E1	00	00	541.0	1		2	0				FFFA	C7					00	00	91	00	00		READ_OLD	9233960	541.0				
2	cpu	61	9233984	144	1106	553.0	write	1	01		E1	00	00	553.0	1		2	0				FFF9	99					00	00	91	00	00		READ_OLD	9233984	553.0				
2	cpu	61	9233992	144	1114	557.0	write	1	01		E1	00	00	557.0	1		2	0				FFF8	03					00	00	91	00	00		READ_OLD	9233992	557.0				
2	cpu	61	9234050	144	1172	586.0	write	1	01		E0	00	00	586.0	1		2	0				FF0F	E0					00	00	91	00	00		WRITE_CPU	9234050	586.0				
2	ppu_public	61	9234704	145	0	0.0	stat_sample	1	01	00	E0	00	00	0.0	1	0	2	0																						
2	ppu_public	61	9234712	145	0	0.0	stat_sample	1	01	00	E0	00	00	0.0	1	0	2	0																						
2	ppu_public	61	9235616	146	0	0.0	stat_sample	1	01	00	E0	00	00	0.0	1	0	2	0																						
2	ppu_public	61	9235624	146	0	0.0	stat_sample	1	01	00	E0	00	00	0.0	1	0	2	0																						
2	ppu_public	61	9236528	147	0	0.0	stat_sample	1	01	00	E0	00	00	0.0	1	0	2	0																						
2	ppu_public	61	9236536	147	0	0.0	stat_sample	1	01	00	E0	00	00	0.0	1	0	2	0																						
2	ppu_public	61	9237440	148	0	0.0	stat_sample	1	01	00	E0	00	00	0.0	1	0	2	0																						
2	ppu_public	61	9237448	148	0	0.0	stat_sample	1	01	00	E0	00	00	0.0	1	0	2	0																						
2	ppu_public	61	9238352	149	0	0.0	stat_sample	1	01	00	E0	00	00	0.0	1	0	2	0																						
2	ppu_public	61	9238360	149	0	0.0	stat_sample	1	01	00	E0	00	00	0.0	1	0	2	0																						
2	ppu_public	61	9239264	150	0	0.0	stat_sample	1	01	00	E0	00	00	0.0	1	0	2	0																						
2	ppu_public	61	9239272	150	0	0.0	stat_sample	1	01	00	E0	00	00	0.0	1	0	2	0																						
2	ppu_public	61	9240176	151	0	0.0	stat_sample	1	01	00	E0	00	00	0.0	1	0	2	0																						
2	ppu_public	61	9240184	151	0	0.0	stat_sample	1	01	00	E0	00	00	0.0	1	0	2	0																						
2	ppu_public	61	9241088	152	0	0.0	stat_sample	1	01	00	E0	00	00	0.0	1	0	2	0																						
2	ppu_public	61	9241096	152	0	0.0	stat_sample	1	01	00	E0	00	00	0.0	1	0	2	0																						
2	ppu_public	61	9242000	153	0	0.0	stat_sample	1	01	00	E0	00	00	0.0	1	0	2	0																						
2	ppu_public	61	9242008	153	0	0.0	stat_sample	1	01	00	E0	00	00	0.0	1	0	2	0																						
2	ppu_public	61	9242016	153	0	0.0	stat_sample	1	01	00	E0	00	00	0.0	1	0	2	0																						
2	ppu_public	61	9242024	153	0	0.0	stat_sample	1	05	00	E0	00	00	0.0	1	0	2	0																						
2	ppu_public	61	9242912	0	0	0.0	stat_sample	1	04	00	E0	00	00	0.0	1	0	2	0																						
2	ppu_public	62	9242912	0	2	1.0	mode2_irq_prepare	0	04	00	E0	00	00	1.0	1	0	2	0																						
2	ppu_public	61	9242920	0	0	0.0	stat_sample	2	06	00	E0	00	00	0.0	1	0	2	0																						
2	ppu_public	62	9242918	0	8	4.0	mode2_enter	2	06	00	E0	00	00	4.0	1	0	2	0																						
2	ppu_public	61	9242920	0	0	0.0	stat_sample	3	06	00	E0	00	00	0.0	1	0	2	0																						
2	ppu_public	61	9243086	0	176	88.0	mode3_enter_line0	3	06	00	E0	00	00	88.0	1	0	2	0																						
2	ppu_public	61	9243080	0	84	42.0	stat_sample	3	07	00	E0	00	00	42.0	1	0	2	0																						
2	ppu_public	61	9243430	0	520	260.0	mode0_enter	0	07	00	E0	00	00	260.0	1	0	2	0																						
