schema	kind	frame	raw_tick	ly	line_tick	dot	event	mode	stat	stat_sources	if	ie	lyc	line_dot	lcd_on	irq_edge	model	double_speed	state	x	screen_x	addr	byte	raw_color	palette_kind	palette_reg	palette_value	io_scy	io_scx	io_lcdc	io_wx	io_wy	pos	conflict	write_visible_tick	write_visible_dot	state_block	vram_bank	state_len	state_data
2	ppu_public	60	8962528	0	257	128.5	stat_sample	0	04	00	E0	00	00	128.5	1	0	2	0																						
2	ppu_public	60	8962928	1	0	0.0	stat_sample	2	00	00	E0	00	00	0.0	1	0	2	0																						
2	ppu_public	60	8962928	1	2	1.0	mode2_irq_prepare	0	00	00	E0	00	00	1.0	1	0	2	0																						
2	ppu_public	60	8962936	1	0	0.0	stat_sample	2	02	00	E0	00	00	0.0	1	0	2	0																						
2	ppu_public	60	8962934	1	8	4.0	mode2_enter	2	02	00	E0	00	00	4.0	1	0	2	0																						
2	ppu_public	60	8962936	1	0	0.0	stat_sample	3	02	00	E0	00	00	0.0	1	0	2	0																						
2	ppu_public	60	8963102	1	176	88.0	mode3_enter	3	02	00	E0	00	00	88.0	1	0	2	0																						
2	ppu_public	60	8963096	1	84	42.0	stat_sample	3	03	00	E0	00	00	42.0	1	0	2	0																						
2	ppu_public	60	8963446	1	520	260.0	mode0_enter	0	03	00	E0	00	00	260.0	1	0	2	0																						
2	ppu_public	60	8963440	1	257	128.5	stat_sample	0	00	00	E0	00	00	128.5	1	0	2	0																						
2	ppu_public	60	8963840	2	0	0.0	stat_sample	2	00	00	E0	00	00	0.0	1	0	2	0																						
2	ppu_public	60	8963840	2	2	1.0	mode2_irq_prepare	0	00	00	E0	00	00	1.0	1	0	2	0																						
2	ppu_public	60	8963848	2	0	0.0	stat_sample	2	02	00	E0	00	00	0.0	1	0	2	0																						
2	ppu_public	60	8963846	2	8	4.0	mode2_enter	2	02	00	E0	00	00	4.0	1	0	2	0																						
2	ppu_public	60	8963848	2	0	0.0	stat_sample	3	02	00	E0	00	00	0.0	1	0	2	0																						
2	ppu_public	60	8964014	2	176	88.0	mode3_enter	3	02	00	E0	00	00	88.0	1	0	2	0																						
2	ppu_public	60	8964008	2	84	42.0	stat_sample	3	03	00	E0	00	00	42.0	1	0	2	0																						
2	ppu_public	60	8964358	2	520	260.0	mode0_enter	0	03	00	E0	00	00	260.0	1	0	2	0																						
2	ppu_public	60	8964352	2	257	128.5	stat_sample	0	00	00	E0	00	00	128.5	1	0	2	0																						
2	ppu_public	60	8964752	3	0	0.0	stat_sample	2	00	00	E0	00	00	0.0	1	0	2	0																						
2	ppu_public	60	8964752	3	2	1.0	mode2_irq_prepare	0	00	00	E0	00	00	1.0	1	0	2	0																						
2	ppu_public	60	8964760	3	0	0.0	stat_sample	2	02	00	E0	00	00	0.0	1	0	2	0																						
2	ppu_public	60	8964758	3	8	4.0	mode2_enter	2	02	00	E0	00	00	4.0	1	0	2	0																						
2	ppu_public	60	8964760	3	0	0.0	stat_sample	3	02	00	E0	00	00	0.0	1	0	2	0																						
2	ppu_public	60	8964926	3	176	88.0	mode3_enter	3	02	00	E0	00	00	88.0	1	0	2	0																						
2	ppu_public	60	8964920	3	84	42.0	stat_sample	3	03	00	E0	00	00	42.0	1	0	2	0																						
2	ppu_public	60	8965270	3	520	260.0	mode0_enter	0	03	00	E0	00	00	260.0	1	0	2	0																						
2	ppu_public	60	8965264	3	257	128.5	stat_sample	0	00	00	E0	00	00	128.5	1	0	2	0																						
2	ppu_public	60	8965664	4	0	0.0	stat_sample	2	00	00	E0	00	00	0.0	1	0	2	0																						
2	ppu_public	60	8965664	4	2	1.0	mode2_irq_prepare	0	00	00	E0	00	00	1.0	1	0	2	0																						
2	ppu_public	60	8965672	4	0	0.0	stat_sample	2	02	00	E0	00	00	0.0	1	0	2	0																						
2	ppu_public	60	8965670	4	8	4.0	mode2_enter	2	02	00	E0	00	00	4.0	1	0	2	0																						
2	ppu_public	60	8965672	4	0	0.0	stat_sample	3	02	00	E0	00	00	0.0	1	0	2	0																						
2	ppu_public	60	8965838	4	176	88.0	mode3_enter	3	02	00	E0	00	00	88.0	1	0	2	0																						
2	ppu_public	60	8965832	4	84	42.0	stat_sample	3	03	00	E0	00	00	42.0	1	0	2	0																						
2	ppu_public	60	8966182	4	520	260.0	mode0_enter	0	03	00	E0	00	00	260.0	1	0	2	0																						
2	ppu_public	60	8966176	4	257	128.5	stat_sample	0	00	00	E0	00	00	128.5	1	0	2	0																						
2	ppu_public	60	8966576	5	0	0.0	stat_sample	2	00	00	E0	00	00	0.0	1	0	2	0																						
2	ppu_public	60	8966576	5	2	1.0	mode2_irq_prepare	0	00	00	E0	00	00	1.0	1	0	2	0																						
2	ppu_public	60	8966584	5	0	0.0	stat_sample	2	02	00	E0	00	00	0.0	1	0	2	0																						
2	ppu_public	60	8966582	5	8	4.0	mode2_enter	2	02	00	E0	00	00	4.0	1	0	2	0																						
2	ppu_public	60	8966584	5	0	0.0	stat_sample	3	02	00	E0	00	00	0.0	1	0	2	0																						
2	ppu_public	60	8966750	5	176	88.0	mode3_enter	3	02	00	E0	00	00	88.0	1	0	2	0																						
2	ppu_public	60	8966744	5	84	42.0	stat_sample	3	03	00	E0	00	00	42.0	1	0	2	0																						
2	ppu_public	60	8967094	5	520	260.0	mode0_enter	0	03	00	E0	00	00	260.0	1	0	2	0																						
2	ppu_public	60	8967088	5	257	128.5	stat_sample	0	00	00	E0	00	00	128.5	1	0	2	0																						
2	ppu_public	60	8967488	6	0	0.0	stat_sample	2	00	00	E0	00	00	0.0	1	0	2	0																						
2	ppu_public	60	8967488	6	2	1.0	mode2_irq_prepare	0	00	00	E0	00	00	1.0	1	0	2	0																						
2	ppu_public	60	8967496	6	0	0.0	stat_sample	2	02	00	E0	00	00	0.0	1	0	2	0																						
2	ppu_public	60	8967494	6	8	4.0	mode2_enter	2	02	00	E0	00	00	4.0	1	0	2	0																						
2	ppu_public	60	8967496	6	0	0.0	stat_sample	3	02	00	E0	00	00	0.0	1	0	2	0																						
2	ppu_public	60	8967662	6	176	88.0	mode3_enter	3	02	00	E0	00	00	88.0	1	0	2	0																						
2	ppu_public	60	8967656	6	84	42.0	stat_sample	3	03	00	E0	00	00	42.0	1	0	2	0																						
2	ppu_public	60	8968006	6	520	260.0	mode0_enter	0	03	00	E0	00	00	260.0	1	0	2	0																						
2	ppu_public	60	8968000	6	257	128.5	stat_sample	0	00	00	E0	00	00	128.5	1	0	2	0																						
2	ppu_public	60	8968400	7	0	0.0	stat_sample	2	00	00	E0	00	00	0.0	1	0	2	0																						
2	ppu_public	60	8968400	7	2	1.0	mode2_irq_prepare	0	00	00	E0	00	00	1.0	1	0	2	0																						
2	ppu_public	60	8968408	7	0	0.0	stat_sample	2	02	00	E0	00	00	0.0	1	0	2	0																						
2	ppu_public	60	8968406	7	8	4.0	mode2_enter	2	02	00	E0	00	00	4.0	1	0	2	0																						
2	ppu_public	60	8968408	7	0	0.0	stat_sample	3	02	00	E0	00	00	0.0	1	0	2	0																						
2	ppu_public	60	8968574	7	176	88.0	mode3_enter	3	02	00	E0	00	00	88.0	1	0	2	0																						
2	ppu_public	60	8968568	7	84	42.0	stat_sample	3	03	00	E0	00	00	42.0	1	0	2	0																						
2	ppu_public	60	8968918	7	520	260.0	mode0_enter	0	03	00	E0	00	00	260.0	1	0	2	0																						
2	ppu_public	60	8968912	7	257	128.5	stat_sample	0	00	00	E0	00	00	128.5	1	0	2	0																						
2	ppu_public	60	8969312	8	0	0.0	stat_sample	2	00	00	E0	00	00	0.0	1	0	2	0																						
2	ppu_public	60	8969312	8	2	1.0	mode2_irq_prepare	0	00	00	E0	00	00	1.0	1	0	2	0																						
2	ppu_public	60	8969320	8	0	0.0	stat_sample	2	02	00	E0	00	00	0.0	1	0	2	0																						
2	ppu_public	60	8969318	8	8	4.0	mode2_enter	2	02	00	E0	00	00	4.0	1	0	2	0																						
2	ppu_public	60	8969320	8	0	0.0	stat_sample	3	02	00	E0	00	00	0.0	1	0	2	0																						
2	ppu_public	60	8969486	8	176	88.0	mode3_enter	3	02	00	E0	00	00	88.0	1	0	2	0																						
2	ppu_public	60	8969480	8	84	42.0	stat_sample	3	03	00	E0	00	00	42.0	1	0	2	0																						
2	ppu_public	60	8969830	8	520	260.0	mode0_enter	0	03	00	E0	00	00	260.0	1	0	2	0																						
2	ppu_public	60	8969824	8	257	128.5	stat_sample	0	00	00	E0	00	00	128.5	1	0	2	0																						
2	ppu_public	60	8970224	9	0	0.0	stat_sample	2	00	00	E0	00	00	0.0	1	0	2	0																						
2	ppu_public	60	8970224	9	2	1.0	mode2_irq_prepare	0	00	00	E0	00	00	1.0	1	0	2	0																						
2	ppu_public	60	8970232	9	0	0.0	stat_sample	2	02	00	E0	00	00	0.0	1	0	2	0																						
2	ppu_public	60	8970230	9	8	4.0	mode2_enter	2	02	00	E0	00	00	4.0	1	0	2	0																						
2	ppu_public	60	8970232	9	0	0.0	stat_sample	3	02	00	E0	00	00	0.0	1	0	2	0																						
2	ppu_public	60	8970398	9	176	88.0	mode3_enter	3	02	00	E0	00	00	88.0	1	0	2	0																						
2	ppu_public	60	8970392	9	84	42.0	stat_sample	3	03	00	E0	00	00	42.0	1	0	2	0																						
2	ppu_public	60	8970742	9	520	260.0	mode0_enter	0	03	00	E0	00	00	260.0	1	0	2	0																						
2	ppu_public	60	8970736	9	257	128.5	stat_sample	0	00	00	E0	00	00	128.5	1	0	2	0																						
2	ppu_public	60	8971136	10	0	0.0	stat_sample	2	00	00	E0	00	00	0.0	1	0	2	0																						
2	ppu_public	60	8971136	10	2	1.0	mode2_irq_prepare	0	00	00	E0	00	00	1.0	1	0	2	0																						
2	ppu_public	60	8971144	10	0	0.0	stat_sample	2	02	00	E0	00	00	0.0	1	0	2	0																						
2	ppu_public	60	8971142	10	8	4.0	mode2_enter	2	02	00	E0	00	00	4.0	1	0	2	0																						
2	ppu_public	60	8971144	10	0	0.0	stat_sample	3	02	00	E0	00	00	0.0	1	0	2	0																						
2	ppu_public	60	8971310	10	176	88.0	mode3_enter	3	02	00	E0	00	00	88.0	1	0	2	0																						
2	ppu_public	60	8971304	10	84	42.0	stat_sample	3	03	00	E0	00	00	42.0	1	0	2	0																						
2	ppu_public	60	8971654	10	520	260.0	mode0_enter	0	03	00	E0	00	00	260.0	1	0	2	0																						
2	ppu_public	60	8971648	10	257	128.5	stat_sample	0	00	00	E0	00	00	128.5	1	0	2	0																						
2	ppu_public	60	8972048	11	0	0.0	stat_sample	2	00	00	E0	00	00	0.0	1	0	2	0																						
2	ppu_public	60	8972048	11	2	1.0	mode2_irq_prepare	0	00	00	E0	00	00	1.0	1	0	2	0																						
2	ppu_public	60	8972056	11	0	0.0	stat_sample	2	02	00	E0	00	00	0.0	1	0	2	0																						
2	ppu_public	60	8972054	11	8	4.0	mode2_enter	2	02	00	E0	00	00	4.0	1	0	2	0																						
2	ppu_public	60	8972056	11	0	0.0	stat_sample	3	02	00	E0	00	00	0.0	1	0	2	0																						
2	ppu_public	60	8972222	11	176	88.0	mode3_enter	3	02	00	E0	00	00	88.0	1	0	2	0																						
2	ppu_public	60	8972216	11	84	42.0	stat_sample	3	03	00	E0	00	00	42.0	1	0	2	0																						
2	ppu_public	60	8972566	11	520	260.0	mode0_enter	0	03	00	E0	00	00	260.0	1	0	2	0																						
2	ppu_public	60	8972560	11	257	128.5	stat_sample	0	00	00	E0	00	00	128.5	1	0	2	0																						
2	ppu_public	60	8972960	12	0	0.0	stat_sample	2	00	00	E0	00	00	0.0	1	0	2	0																						
2	ppu_public	60	8972960	12	2	1.0	mode2_irq_prepare	0	00	00	E0	00	00	1.0	1	0	2	0																						
2	ppu_public	60	8972968	12	0	0.0	stat_sample	2	02	00	E0	00	00	0.0	1	0	2	0																						
2	ppu_public	60	8972966	12	8	4.0	mode2_enter	2	02	00	E0	00	00	4.0	1	0	2	0																						
2	ppu_public	60	8972968	12	0	0.0	stat_sample	3	02	00	E0	00	00	0.0	1	0	2	0																						
2	ppu_public	60	8973134	12	176	88.0	mode3_enter	3	02	00	E0	00	00	88.0	1	0	2	0																						
2	ppu_public	60	8973128	12	84	42.0	stat_sample	3	03	00	E0	00	00	42.0	1	0	2	0																						
2	ppu_public	60	8973478	12	520	260.0	mode0_enter	0	03	00	E0	00	00	260.0	1	0	2	0																						
2	ppu_public	60	8973472	12	257	128.5	stat_sample	0	00	00	E0	00	00	128.5	1	0	2	0																						
2	ppu_public	60	8973872	13	0	0.0	stat_sample	2	00	00	E0	00	00	0.0	1	0	2	0																						
2	ppu_public	60	8973872	13	2	1.0	mode2_irq_prepare	0	00	00	E0	00	00	1.0	1	0	2	0																						
2	ppu_public	60	8973880	13	0	0.0	stat_sample	2	02	00	E0	00	00	0.0	1	0	2	0																						
2	ppu_public	60	8973878	13	8	4.0	mode2_enter	2	02	00	E0	00	00	4.0	1	0	2	0																						
2	ppu_public	60	8973880	13	0	0.0	stat_sample	3	02	00	E0	00	00	0.0	1	0	2	0																						
2	ppu_public	60	8974046	13	176	88.0	mode3_enter	3	02	00	E0	00	00	88.0	1	0	2	0																						
2	ppu_public	60	8974040	13	84	42.0	stat_sample	3	03	00	E0	00	00	42.0	1	0	2	0																						
2	ppu_public	60	8974390	13	520	260.0	mode0_enter	0	03	00	E0	00	00	260.0	1	0	2	0																						
2	ppu_public	60	8974384	13	257	128.5	stat_sample	0	00	00	E0	00	00	128.5	1	0	2	0																						
2	ppu_public	60	8974784	14	0	0.0	stat_sample	2	00	00	E0	00	00	0.0	1	0	2	0																						
2	ppu_public	60	8974784	14	2	1.0	mode2_irq_prepare	0	00	00	E0	00	00	1.0	1	0	2	0																						
2	ppu_public	60	8974792	14	0	0.0	stat_sample	2	02	00	E0	00	00	0.0	1	0	2	0																						
2	ppu_public	60	8974790	14	8	4.0	mode2_enter	2	02	00	E0	00	00	4.0	1	0	2	0																						
2	ppu_public	60	8974792	14	0	0.0	stat_sample	3	02	00	E0	00	00	0.0	1	0	2	0																						
2	ppu_public	60	8974958	14	176	88.0	mode3_enter	3	02	00	E0	00	00	88.0	1	0	2	0																						
2	ppu_public	60	8974952	14	84	42.0	stat_sample	3	03	00	E0	00	00	42.0	1	0	2	0																						
2	ppu_public	60	8975302	14	520	260.0	mode0_enter	0	03	00	E0	00	00	260.0	1	0	2	0																						
2	ppu_public	60	8975296	14	257	128.5	stat_sample	0	00	00	E0	00	00	128.5	1	0	2	0																						
2	ppu_public	60	8975696	15	0	0.0	stat_sample	2	00	00	E0	00	00	0.0	1	0	2	0																						
2	ppu_public	60	8975696	15	2	1.0	mode2_irq_prepare	0	00	00	E0	00	00	1.0	1	0	2	0																						
2	ppu_public	60	8975704	15	0	0.0	stat_sample	2	02	00	E0	00	00	0.0	1	0	2	0																						
2	ppu_public	60	8975702	15	8	4.0	mode2_enter	2	02	00	E0	00	00	4.0	1	0	2	0																						
2	ppu_public	60	8975704	15	0	0.0	stat_sample	3	02	00	E0	00	00	0.0	1	0	2	0																						
2	ppu_public	60	8975870	15	176	88.0	mode3_enter	3	02	00	E0	00	00	88.0	1	0	2	0																						
2	ppu_public	60	8975864	15	84	42.0	stat_sample	3	03	00	E0	00	00	42.0	1	0	2	0																						
2	ppu_public	60	8976214	15	520	260.0	mode0_enter	0	03	00	E0	00	00	260.0	1	0	2	0																						
2	ppu_public	60	8976208	15	257	128.5	stat_sample	0	00	00	E0	00	00	128.5	1	0	2	0																						
2	ppu_public	60	8976608	16	0	0.0	stat_sample	2	00	00	E0	00	00	0.0	1	0	2	0																						
2	ppu_public	60	8976608	16	2	1.0	mode2_irq_prepare	0	00	00	E0	00	00	1.0	1	0	2	0																						
2	ppu_public	60	8976616	16	0	0.0	stat_sample	2	02	00	E0	00	00	0.0	1	0	2	0																						
2	ppu_public	60	8976614	16	8	4.0	mode2_enter	2	02	00	E0	00	00	4.0	1	0	2	0																						
2	ppu_public	60	8976616	16	0	0.0	stat_sample	3	02	00	E0	00	00	0.0	1	0	2	0																						
2	ppu_public	60	8976782	16	176	88.0	mode3_enter	3	02	00	E0	00	00	88.0	1	0	2	0																						
2	ppu_public	60	8976776	16	84	42.0	stat_sample	3	03	00	E0	00	00	42.0	1	0	2	0																						
2	ppu_public	60	8977126	16	520	260.0	mode0_enter	0	03	00	E0	00	00	260.0	1	0	2	0																						
2	ppu_public	60	8977120	16	257	128.5	stat_sample	0	00	00	E0	00	00	128.5	1	0	2	0																						
2	ppu_public	60	8977520	17	0	0.0	stat_sample	2	00	00	E0	00	00	0.0	1	0	2	0																						
2	ppu_public	60	8977520	17	2	1.0	mode2_irq_prepare	0	00	00	E0	00	00	1.0	1	0	2	0																						
2	ppu_public	60	8977528	17	0	0.0	stat_sample	2	02	00	E0	00	00	0.0	1	0	2	0																						
2	ppu_public	60	8977526	17	8	4.0	mode2_enter	2	02	00	E0	00	00	4.0	1	0	2	0																						
2	ppu_public	60	8977528	17	0	0.0	stat_sample	3	02	00	E0	00	00	0.0	1	0	2	0																						
2	ppu_public	60	8977694	17	176	88.0	mode3_enter	3	02	00	E0	00	00	88.0	1	0	2	0																						
2	ppu_public	60	8977688	17	84	42.0	stat_sample	3	03	00	E0	00	00	42.0	1	0	2	0																						
2	ppu_public	60	8978038	17	520	260.0	mode0_enter	0	03	00	E0	00	00	260.0	1	0	2	0																						
2	ppu_public	60	8978032	17	257	128.5	stat_sample	0	00	00	E0	00	00	128.5	1	0	2	0																						
2	ppu_public	60	8978432	18	0	0.0	stat_sample	2	00	00	E0	00	00	0.0	1	0	2	0																						
2	ppu_public	60	8978432	18	2	1.0	mode2_irq_prepare	0	00	00	E0	00	00	1.0	1	0	2	0																						
2	ppu_public	60	8978440	18	0	0.0	stat_sample	2	02	00	E0	00	00	0.0	1	0	2	0																						
2	ppu_public	60	8978438	18	8	4.0	mode2_enter	2	02	00	E0	00	00	4.0	1	0	2	0																						
2	ppu_public	60	8978440	18	0	0.0	stat_sample	3	02	00	E0	00	00	0.0	1	0	2	0																						
2	ppu_public	60	8978606	18	176	88.0	mode3_enter	3	02	00	E0	00	00	88.0	1	0	2	0																						
2	ppu_public	60	8978600	18	84	42.0	stat_sample	3	03	00	E0	00	00	42.0	1	0	2	0																						
2	ppu_public	60	8978950	18	520	260.0	mode0_enter	0	03	00	E0	00	00	260.0	1	0	2	0																						
2	ppu_public	60	8978944	18	257	128.5	stat_sample	0	00	00	E0	00	00	128.5	1	0	2	0																						
2	ppu_public	60	8979344	19	0	0.0	stat_sample	2	00	00	E0	00	00	0.0	1	0	2	0																						
2	ppu_public	60	8979344	19	2	1.0	mode2_irq_prepare	0	00	00	E0	00	00	1.0	1	0	2	0																						
2	ppu_public	60	8979352	19	0	0.0	stat_sample	2	02	00	E0	00	00	0.0	1	0	2	0																						
2	ppu_public	60	8979350	19	8	4.0	mode2_enter	2	02	00	E0	00	00	4.0	1	0	2	0																						
2	ppu_public	60	8979352	19	0	0.0	stat_sample	3	02	00	E0	00	00	0.0	1	0	2	0																						
2	ppu_public	60	8979518	19	176	88.0	mode3_enter	3	02	00	E0	00	00	88.0	1	0	2	0																						
2	ppu_public	60	8979512	19	84	42.0	stat_sample	3	03	00	E0	00	00	42.0	1	0	2	0																						
2	ppu_public	60	8979862	19	520	260.0	mode0_enter	0	03	00	E0	00	00	260.0	1	0	2	0																						
2	ppu_public	60	8979856	19	257	128.5	stat_sample	0	00	00	E0	00	00	128.5	1	0	2	0																						
2	ppu_public	60	8980256	20	0	0.0	stat_sample	2	00	00	E0	00	00	0.0	1	0	2	0																						
2	ppu_public	60	8980256	20	2	1.0	mode2_irq_prepare	0	00	00	E0	00	00	1.0	1	0	2	0																						
2	ppu_public	60	8980264	20	0	0.0	stat_sample	2	02	00	E0	00	00	0.0	1	0	2	0																						
2	ppu_public	60	8980262	20	8	4.0	mode2_enter	2	02	00	E0	00	00	4.0	1	0	2	0																						
2	ppu_public	60	8980264	20	0	0.0	stat_sample	3	02	00	E0	00	00	0.0	1	0	2	0																						
2	ppu_public	60	8980430	20	176	88.0	mode3_enter	3	02	00	E0	00	00	88.0	1	0	2	0																						
2	ppu_public	60	8980424	20	84	42.0	stat_sample	3	03	00	E0	00	00	42.0	1	0	2	0																						
2	ppu_public	60	8980774	20	520	260.0	mode0_enter	0	03	00	E0	00	00	260.0	1	0	2	0																						
2	ppu_public	60	8980768	20	257	128.5	stat_sample	0	00	00	E0	00	00	128.5	1	0	2	0																						
2	ppu_public	60	8981168	21	0	0.0	stat_sample	2	00	00	E0	00	00	0.0	1	0	2	0																						
2	ppu_public	60	8981168	21	2	1.0	mode2_irq_prepare	0	00	00	E0	00	00	1.0	1	0	2	0																						
2	ppu_public	60	8981176	21	0	0.0	stat_sample	2	02	00	E0	00	00	0.0	1	0	2	0																						
2	ppu_public	60	8981174	21	8	4.0	mode2_enter	2	02	00	E0	00	00	4.0	1	0	2	0																						
2	ppu_public	60	8981176	21	0	0.0	stat_sample	3	02	00	E0	00	00	0.0	1	0	2	0																						
2	ppu_public	60	8981342	21	176	88.0	mode3_enter	3	02	00	E0	00	00	88.0	1	0	2	0																						
2	ppu_public	60	8981336	21	84	42.0	stat_sample	3	03	00	E0	00	00	42.0	1	0	2	0																						
2	ppu_public	60	8981686	21	520	260.0	mode0_enter	0	03	00	E0	00	00	260.0	1	0	2	0																						
2	ppu_public	60	8981680	21	257	128.5	stat_sample	0	00	00	E0	00	00	128.5	1	0	2	0																						
2	ppu_public	60	8982080	22	0	0.0	stat_sample	2	00	00	E0	00	00	0.0	1	0	2	0																						
2	ppu_public	60	8982080	22	2	1.0	mode2_irq_prepare	0	00	00	E0	00	00	1.0	1	0	2	0																						
2	ppu_public	60	8982088	22	0	0.0	stat_sample	2	02	00	E0	00	00	0.0	1	0	2	0																						
2	ppu_public	60	8982086	22	8	4.0	mode2_enter	2	02	00	E0	00	00	4.0	1	0	2	0																						
2	ppu_public	60	8982088	22	0	0.0	stat_sample	3	02	00	E0	00	00	0.0	1	0	2	0																						
2	ppu_public	60	8982254	22	176	88.0	mode3_enter	3	02	00	E0	00	00	88.0	1	0	2	0																						
2	ppu_public	60	8982248	22	84	42.0	stat_sample	3	03	00	E0	00	00	42.0	1	0	2	0																						
2	ppu_public	60	8982598	22	520	260.0	mode0_enter	0	03	00	E0	00	00	260.0	1	0	2	0																						
2	ppu_public	60	8982592	22	257	128.5	stat_sample	0	00	00	E0	00	00	128.5	1	0	2	0																						
2	ppu_public	60	8982992	23	0	0.0	stat_sample	2	00	00	E0	00	00	0.0	1	0	2	0																						
2	ppu_public	60	8982992	23	2	1.0	mode2_irq_prepare	0	00	00	E0	00	00	1.0	1	0	2	0																						
2	ppu_public	60	8983000	23	0	0.0	stat_sample	2	02	00	E0	00	00	0.0	1	0	2	0																						
2	ppu_public	60	8982998	23	8	4.0	mode2_enter	2	02	00	E0	00	00	4.0	1	0	2	0																						
2	ppu_public	60	8983000	23	0	0.0	stat_sample	3	02	00	E0	00	00	0.0	1	0	2	0																						
2	ppu_public	60	8983166	23	176	88.0	mode3_enter	3	02	00	E0	00	00	88.0	1	0	2	0																						
2	ppu_public	60	8983160	23	84	42.0	stat_sample	3	03	00	E0	00	00	42.0	1	0	2	0																						
2	ppu_public	60	8983510	23	520	260.0	mode0_enter	0	03	00	E0	00	00	260.0	1	0	2	0																						
2	ppu_public	60	8983504	23	257	128.5	stat_sample	0	00	00	E0	00	00	128.5	1	0	2	0																						
2	ppu_public	60	8983904	24	0	0.0	stat_sample	2	00	00	E0	00	00	0.0	1	0	2	0																						
2	ppu_public	60	8983904	24	2	1.0	mode2_irq_prepare	0	00	00	E0	00	00	1.0	1	0	2	0																						
2	ppu_public	60	8983912	24	0	0.0	stat_sample	2	02	00	E0	00	00	0.0	1	0	2	0																						
2	ppu_public	60	8983910	24	8	4.0	mode2_enter	2	02	00	E0	00	00	4.0	1	0	2	0																						
2	ppu_public	60	8983912	24	0	0.0	stat_sample	3	02	00	E0	00	00	0.0	1	0	2	0																						
2	ppu_public	60	8984078	24	176	88.0	mode3_enter	3	02	00	E0	00	00	88.0	1	0	2	0																						
2	ppu_public	60	8984072	24	84	42.0	stat_sample	3	03	00	E0	00	00	42.0	1	0	2	0																						
2	ppu_public	60	8984422	24	520	260.0	mode0_enter	0	03	00	E0	00	00	260.0	1	0	2	0																						
2	ppu_public	60	8984416	24	257	128.5	stat_sample	0	00	00	E0	00	00	128.5	1	0	2	0																						
2	ppu_public	60	8984816	25	0	0.0	stat_sample	2	00	00	E0	00	00	0.0	1	0	2	0																						
2	ppu_public	60	8984816	25	2	1.0	mode2_irq_prepare	0	00	00	E0	00	00	1.0	1	0	2	0																						
2	ppu_public	60	8984824	25	0	0.0	stat_sample	2	02	00	E0	00	00	0.0	1	0	2	0																						
2	ppu_public	60	8984822	25	8	4.0	mode2_enter	2	02	00	E0	00	00	4.0	1	0	2	0																						
2	ppu_public	60	8984824	25	0	0.0	stat_sample	3	02	00	E0	00	00	0.0	1	0	2	0																						
2	ppu_public	60	8984990	25	176	88.0	mode3_enter	3	02	00	E0	00	00	88.0	1	0	2	0																						
2	ppu_public	60	8984984	25	84	42.0	stat_sample	3	03	00	E0	00	00	42.0	1	0	2	0																						
2	ppu_public	60	8985334	25	520	260.0	mode0_enter	0	03	00	E0	00	00	260.0	1	0	2	0																						
2	ppu_public	60	8985328	25	257	128.5	stat_sample	0	00	00	E0	00	00	128.5	1	0	2	0																						
2	ppu_public	60	8985728	26	0	0.0	stat_sample	2	00	00	E0	00	00	0.0	1	0	2	0																						
2	ppu_public	60	8985728	26	2	1.0	mode2_irq_prepare	0	00	00	E0	00	00	1.0	1	0	2	0																						
2	ppu_public	60	8985736	26	0	0.0	stat_sample	2	02	00	E0	00	00	0.0	1	0	2	0																						
2	ppu_public	60	8985734	26	8	4.0	mode2_enter	2	02	00	E0	00	00	4.0	1	0	2	0																						
2	ppu_public	60	8985736	26	0	0.0	stat_sample	3	02	00	E0	00	00	0.0	1	0	2	0																						
2	ppu_public	60	8985902	26	176	88.0	mode3_enter	3	02	00	E0	00	00	88.0	1	0	2	0																						
2	ppu_public	60	8985896	26	84	42.0	stat_sample	3	03	00	E0	00	00	42.0	1	0	2	0																						
2	ppu_public	60	8986246	26	520	260.0	mode0_enter	0	03	00	E0	00	00	260.0	1	0	2	0																						
2	ppu_public	60	8986240	26	257	128.5	stat_sample	0	00	00	E0	00	00	128.5	1	0	2	0																						
2	ppu_public	60	8986640	27	0	0.0	stat_sample	2	00	00	E0	00	00	0.0	1	0	2	0																						
2	ppu_public	60	8986640	27	2	1.0	mode2_irq_prepare	0	00	00	E0	00	00	1.0	1	0	2	0																						
2	ppu_public	60	8986648	27	0	0.0	stat_sample	2	02	00	E0	00	00	0.0	1	0	2	0																						
2	ppu_public	60	8986646	27	8	4.0	mode2_enter	2	02	00	E0	00	00	4.0	1	0	2	0																						
2	ppu_public	60	8986648	27	0	0.0	stat_sample	3	02	00	E0	00	00	0.0	1	0	2	0																						
2	ppu_public	60	8986814	27	176	88.0	mode3_enter	3	02	00	E0	00	00	88.0	1	0	2	0																						
2	ppu_public	60	8986808	27	84	42.0	stat_sample	3	03	00	E0	00	00	42.0	1	0	2	0																						
2	ppu_public	60	8987158	27	520	260.0	mode0_enter	0	03	00	E0	00	00	260.0	1	0	2	0																						
2	ppu_public	60	8987152	27	257	128.5	stat_sample	0	00	00	E0	00	00	128.5	1	0	2	0																						
2	ppu_public	60	8987552	28	0	0.0	stat_sample	2	00	00	E0	00	00	0.0	1	0	2	0																						
2	ppu_public	60	8987552	28	2	1.0	mode2_irq_prepare	0	00	00	E0	00	00	1.0	1	0	2	0																						
2	ppu_public	60	8987560	28	0	0.0	stat_sample	2	02	00	E0	00	00	0.0	1	0	2	0																						
2	ppu_public	60	8987558	28	8	4.0	mode2_enter	2	02	00	E0	00	00	4.0	1	0	2	0																						
2	ppu_public	60	8987560	28	0	0.0	stat_sample	3	02	00	E0	00	00	0.0	1	0	2	0																						
2	ppu_public	60	8987726	28	176	88.0	mode3_enter	3	02	00	E0	00	00	88.0	1	0	2	0																						
2	ppu_public	60	8987720	28	84	42.0	stat_sample	3	03	00	E0	00	00	42.0	1	0	2	0																						
2	ppu_public	60	8988070	28	520	260.0	mode0_enter	0	03	00	E0	00	00	260.0	1	0	2	0																						
2	ppu_public	60	8988064	28	257	128.5	stat_sample	0	00	00	E0	00	00	128.5	1	0	2	0																						
2	ppu_public	60	8988464	29	0	0.0	stat_sample	2	00	00	E0	00	00	0.0	1	0	2	0																						
2	ppu_public	60	8988464	29	2	1.0	mode2_irq_prepare	0	00	00	E0	00	00	1.0	1	0	2	0																						
2	ppu_public	60	8988472	29	0	0.0	stat_sample	2	02	00	E0	00	00	0.0	1	0	2	0																						
2	ppu_public	60	8988470	29	8	4.0	mode2_enter	2	02	00	E0	00	00	4.0	1	0	2	0																						
2	ppu_public	60	8988472	29	0	0.0	stat_sample	3	02	00	E0	00	00	0.0	1	0	2	0																						
2	ppu_public	60	8988638	29	176	88.0	mode3_enter	3	02	00	E0	00	00	88.0	1	0	2	0																						
2	ppu_public	60	8988632	29	84	42.0	stat_sample	3	03	00	E0	00	00	42.0	1	0	2	0																						
2	ppu_public	60	8988982	29	520	260.0	mode0_enter	0	03	00	E0	00	00	260.0	1	0	2	0																						
2	ppu_public	60	8988976	29	257	128.5	stat_sample	0	00	00	E0	00	00	128.5	1	0	2	0																						
2	ppu_public	60	8989376	30	0	0.0	stat_sample	2	00	00	E0	00	00	0.0	1	0	2	0																						
2	ppu_public	60	8989376	30	2	1.0	mode2_irq_prepare	0	00	00	E0	00	00	1.0	1	0	2	0																						
2	ppu_public	60	8989384	30	0	0.0	stat_sample	2	02	00	E0	00	00	0.0	1	0	2	0																						
2	ppu_public	60	8989382	30	8	4.0	mode2_enter	2	02	00	E0	00	00	4.0	1	0	2	0																						
2	ppu_public	60	8989384	30	0	0.0	stat_sample	3	02	00	E0	00	00	0.0	1	0	2	0																						
2	ppu_public	60	8989550	30	176	88.0	mode3_enter	3	02	00	E0	00	00	88.0	1	0	2	0																						
2	ppu_public	60	8989544	30	84	42.0	stat_sample	3	03	00	E0	00	00	42.0	1	0	2	0																						
2	ppu_public	60	8989894	30	520	260.0	mode0_enter	0	03	00	E0	00	00	260.0	1	0	2	0																						
2	ppu_public	60	8989888	30	257	128.5	stat_sample	0	00	00	E0	00	00	128.5	1	0	2	0																						
2	ppu_public	60	8990288	31	0	0.0	stat_sample	2	00	00	E0	00	00	0.0	1	0	2	0																						
2	ppu_public	60	8990288	31	2	1.0	mode2_irq_prepare	0	00	00	E0	00	00	1.0	1	0	2	0																						
2	ppu_public	60	8990296	31	0	0.0	stat_sample	2	02	00	E0	00	00	0.0	1	0	2	0																						
2	ppu_public	60	8990294	31	8	4.0	mode2_enter	2	02	00	E0	00	00	4.0	1	0	2	0																						
2	ppu_public	60	8990296	31	0	0.0	stat_sample	3	02	00	E0	00	00	0.0	1	0	2	0																						
2	ppu_public	60	8990462	31	176	88.0	mode3_enter	3	02	00	E0	00	00	88.0	1	0	2	0																						
2	ppu_public	60	8990456	31	84	42.0	stat_sample	3	03	00	E0	00	00	42.0	1	0	2	0																						
2	ppu_public	60	8990806	31	520	260.0	mode0_enter	0	03	00	E0	00	00	260.0	1	0	2	0																						
2	ppu_public	60	8990800	31	257	128.5	stat_sample	0	00	00	E0	00	00	128.5	1	0	2	0																						
2	ppu_public	60	8991200	32	0	0.0	stat_sample	2	00	00	E0	00	00	0.0	1	0	2	0																						
2	ppu_public	60	8991200	32	2	1.0	mode2_irq_prepare	0	00	00	E0	00	00	1.0	1	0	2	0																						
2	ppu_public	60	8991208	32	0	0.0	stat_sample	2	02	00	E0	00	00	0.0	1	0	2	0																						
2	ppu_public	60	8991206	32	8	4.0	mode2_enter	2	02	00	E0	00	00	4.0	1	0	2	0																						
2	ppu_public	60	8991208	32	0	0.0	stat_sample	3	02	00	E0	00	00	0.0	1	0	2	0																						
2	ppu_public	60	8991374	32	176	88.0	mode3_enter	3	02	00	E0	00	00	88.0	1	0	2	0																						
2	ppu_public	60	8991368	32	84	42.0	stat_sample	3	03	00	E0	00	00	42.0	1	0	2	0																						
2	ppu_public	60	8991718	32	520	260.0	mode0_enter	0	03	00	E0	00	00	260.0	1	0	2	0																						
2	ppu_public	60	8991712	32	257	128.5	stat_sample	0	00	00	E0	00	00	128.5	1	0	2	0																						
2	ppu_public	60	8992112	33	0	0.0	stat_sample	2	00	00	E0	00	00	0.0	1	0	2	0																						
2	ppu_public	60	8992112	33	2	1.0	mode2_irq_prepare	0	00	00	E0	00	00	1.0	1	0	2	0																						
2	ppu_public	60	8992120	33	0	0.0	stat_sample	2	02	00	E0	00	00	0.0	1	0	2	0																						
2	ppu_public	60	8992118	33	8	4.0	mode2_enter	2	02	00	E0	00	00	4.0	1	0	2	0																						
2	ppu_public	60	8992120	33	0	0.0	stat_sample	3	02	00	E0	00	00	0.0	1	0	2	0																						
2	ppu_public	60	8992286	33	176	88.0	mode3_enter	3	02	00	E0	00	00	88.0	1	0	2	0																						
2	ppu_public	60	8992280	33	84	42.0	stat_sample	3	03	00	E0	00	00	42.0	1	0	2	0																						
2	ppu_public	60	8992630	33	520	260.0	mode0_enter	0	03	00	E0	00	00	260.0	1	0	2	0																						
2	ppu_public	60	8992624	33	257	128.5	stat_sample	0	00	00	E0	00	00	128.5	1	0	2	0																						
2	ppu_public	60	8993024	34	0	0.0	stat_sample	2	00	00	E0	00	00	0.0	1	0	2	0																						
2	ppu_public	60	8993024	34	2	1.0	mode2_irq_prepare	0	00	00	E0	00	00	1.0	1	0	2	0																						
2	ppu_public	60	8993032	34	0	0.0	stat_sample	2	02	00	E0	00	00	0.0	1	0	2	0																						
2	ppu_public	60	8993030	34	8	4.0	mode2_enter	2	02	00	E0	00	00	4.0	1	0	2	0																						
2	ppu_public	60	8993032	34	0	0.0	stat_sample	3	02	00	E0	00	00	0.0	1	0	2	0																						
2	ppu_public	60	8993198	34	176	88.0	mode3_enter	3	02	00	E0	00	00	88.0	1	0	2	0																						
2	ppu_public	60	8993192	34	84	42.0	stat_sample	3	03	00	E0	00	00	42.0	1	0	2	0																						
2	ppu_public	60	8993542	34	520	260.0	mode0_enter	0	03	00	E0	00	00	260.0	1	0	2	0																						
2	ppu_public	60	8993536	34	257	128.5	stat_sample	0	00	00	E0	00	00	128.5	1	0	2	0																						
2	ppu_public	60	8993936	35	0	0.0	stat_sample	2	00	00	E0	00	00	0.0	1	0	2	0																						
2	ppu_public	60	8993936	35	2	1.0	mode2_irq_prepare	0	00	00	E0	00	00	1.0	1	0	2	0																						
2	ppu_public	60	8993944	35	0	0.0	stat_sample	2	02	00	E0	00	00	0.0	1	0	2	0																						
2	ppu_public	60	8993942	35	8	4.0	mode2_enter	2	02	00	E0	00	00	4.0	1	0	2	0																						
2	ppu_public	60	8993944	35	0	0.0	stat_sample	3	02	00	E0	00	00	0.0	1	0	2	0																						
2	ppu_public	60	8994110	35	176	88.0	mode3_enter	3	02	00	E0	00	00	88.0	1	0	2	0																						
2	ppu_public	60	8994104	35	84	42.0	stat_sample	3	03	00	E0	00	00	42.0	1	0	2	0																						
2	ppu_public	60	8994454	35	520	260.0	mode0_enter	0	03	00	E0	00	00	260.0	1	0	2	0																						
2	ppu_public	60	8994448	35	257	128.5	stat_sample	0	00	00	E0	00	00	128.5	1	0	2	0																						
2	ppu_public	60	8994848	36	0	0.0	stat_sample	2	00	00	E0	00	00	0.0	1	0	2	0																						
2	ppu_public	60	8994848	36	2	1.0	mode2_irq_prepare	0	00	00	E0	00	00	1.0	1	0	2	0																						
2	ppu_public	60	8994856	36	0	0.0	stat_sample	2	02	00	E0	00	00	0.0	1	0	2	0																						
2	ppu_public	60	8994854	36	8	4.0	mode2_enter	2	02	00	E0	00	00	4.0	1	0	2	0																						
2	ppu_public	60	8994856	36	0	0.0	stat_sample	3	02	00	E0	00	00	0.0	1	0	2	0																						
2	ppu_public	60	8995022	36	176	88.0	mode3_enter	3	02	00	E0	00	00	88.0	1	0	2	0																						
2	ppu_public	60	8995016	36	84	42.0	stat_sample	3	03	00	E0	00	00	42.0	1	0	2	0																						
2	ppu_public	60	8995366	36	520	260.0	mode0_enter	0	03	00	E0	00	00	260.0	1	0	2	0																						
2	ppu_public	60	8995360	36	257	128.5	stat_sample	0	00	00	E0	00	00	128.5	1	0	2	0																						
2	ppu_public	60	8995760	37	0	0.0	stat_sample	2	00	00	E0	00	00	0.0	1	0	2	0																						
2	ppu_public	60	8995760	37	2	1.0	mode2_irq_prepare	0	00	00	E0	00	00	1.0	1	0	2	0																						
2	ppu_public	60	8995768	37	0	0.0	stat_sample	2	02	00	E0	00	00	0.0	1	0	2	0																						
2	ppu_public	60	8995766	37	8	4.0	mode2_enter	2	02	00	E0	00	00	4.0	1	0	2	0																						
2	ppu_public	60	8995768	37	0	0.0	stat_sample	3	02	00	E0	00	00	0.0	1	0	2	0																						
2	ppu_public	60	8995934	37	176	88.0	mode3_enter	3	02	00	E0	00	00	88.0	1	0	2	0																						
2	ppu_public	60	8995928	37	84	42.0	stat_sample	3	03	00	E0	00	00	42.0	1	0	2	0																						
2	ppu_public	60	8996278	37	520	260.0	mode0_enter	0	03	00	E0	00	00	260.0	1	0	2	0																						
2	ppu_public	60	8996272	37	257	128.5	stat_sample	0	00	00	E0	00	00	128.5	1	0	2	0																						
2	ppu_public	60	8996672	38	0	0.0	stat_sample	2	00	00	E0	00	00	0.0	1	0	2	0																						
2	ppu_public	60	8996672	38	2	1.0	mode2_irq_prepare	0	00	00	E0	00	00	1.0	1	0	2	0																						
2	ppu_public	60	8996680	38	0	0.0	stat_sample	2	02	00	E0	00	00	0.0	1	0	2	0																						
2	ppu_public	60	8996678	38	8	4.0	mode2_enter	2	02	00	E0	00	00	4.0	1	0	2	0																						
2	ppu_public	60	8996680	38	0	0.0	stat_sample	3	02	00	E0	00	00	0.0	1	0	2	0																						
2	ppu_public	60	8996846	38	176	88.0	mode3_enter	3	02	00	E0	00	00	88.0	1	0	2	0																						
2	ppu_public	60	8996840	38	84	42.0	stat_sample	3	03	00	E0	00	00	42.0	1	0	2	0																						
2	ppu_public	60	8997190	38	520	260.0	mode0_enter	0	03	00	E0	00	00	260.0	1	0	2	0																						
2	ppu_public	60	8997184	38	257	128.5	stat_sample	0	00	00	E0	00	00	128.5	1	0	2	0																						
2	ppu_public	60	8997584	39	0	0.0	stat_sample	2	00	00	E0	00	00	0.0	1	0	2	0																						
2	ppu_public	60	8997584	39	2	1.0	mode2_irq_prepare	0	00	00	E0	00	00	1.0	1	0	2	0																						
2	ppu_public	60	8997592	39	0	0.0	stat_sample	2	02	00	E0	00	00	0.0	1	0	2	0																						
2	ppu_public	60	8997590	39	8	4.0	mode2_enter	2	02	00	E0	00	00	4.0	1	0	2	0																						
2	ppu_public	60	8997592	39	0	0.0	stat_sample	3	02	00	E0	00	00	0.0	1	0	2	0																						
2	ppu_public	60	8997758	39	176	88.0	mode3_enter	3	02	00	E0	00	00	88.0	1	0	2	0																						
2	ppu_public	60	8997752	39	84	42.0	stat_sample	3	03	00	E0	00	00	42.0	1	0	2	0																						
2	ppu_public	60	8998102	39	520	260.0	mode0_enter	0	03	00	E0	00	00	260.0	1	0	2	0																						
2	ppu_public	60	8998096	39	257	128.5	stat_sample	0	00	00	E0	00	00	128.5	1	0	2	0																						
2	ppu_public	60	8998496	40	0	0.0	stat_sample	2	00	00	E0	00	00	0.0	1	0	2	0																						
2	ppu_public	60	8998496	40	2	1.0	mode2_irq_prepare	0	00	00	E0	00	00	1.0	1	0	2	0																						
2	ppu_public	60	8998504	40	0	0.0	stat_sample	2	02	00	E0	00	00	0.0	1	0	2	0																						
2	ppu_public	60	8998502	40	8	4.0	mode2_enter	2	02	00	E0	00	00	4.0	1	0	2	0																						
2	ppu_public	60	8998504	40	0	0.0	stat_sample	3	02	00	E0	00	00	0.0	1	0	2	0																						
2	ppu_public	60	8998670	40	176	88.0	mode3_enter	3	02	00	E0	00	00	88.0	1	0	2	0																						
2	ppu_public	60	8998664	40	84	42.0	stat_sample	3	03	00	E0	00	00	42.0	1	0	2	0																						
2	ppu_public	60	8999014	40	520	260.0	mode0_enter	0	03	00	E0	00	00	260.0	1	0	2	0																						
2	ppu_public	60	8999008	40	257	128.5	stat_sample	0	00	00	E0	00	00	128.5	1	0	2	0																						
2	ppu_public	60	8999408	41	0	0.0	stat_sample	2	00	00	E0	00	00	0.0	1	0	2	0																						
2	ppu_public	60	8999408	41	2	1.0	mode2_irq_prepare	0	00	00	E0	00	00	1.0	1	0	2	0																						
2	ppu_public	60	8999416	41	0	0.0	stat_sample	2	02	00	E0	00	00	0.0	1	0	2	0																						
2	ppu_public	60	8999414	41	8	4.0	mode2_enter	2	02	00	E0	00	00	4.0	1	0	2	0																						
2	ppu_public	60	8999416	41	0	0.0	stat_sample	3	02	00	E0	00	00	0.0	1	0	2	0																						
2	ppu_public	60	8999582	41	176	88.0	mode3_enter	3	02	00	E0	00	00	88.0	1	0	2	0																						
2	ppu_public	60	8999576	41	84	42.0	stat_sample	3	03	00	E0	00	00	42.0	1	0	2	0																						
2	ppu_public	60	8999926	41	520	260.0	mode0_enter	0	03	00	E0	00	00	260.0	1	0	2	0																						
2	ppu_public	60	8999920	41	257	128.5	stat_sample	0	00	00	E0	00	00	128.5	1	0	2	0																						
2	ppu_public	60	9000320	42	0	0.0	stat_sample	2	00	00	E0	00	00	0.0	1	0	2	0																						
2	ppu_public	60	9000320	42	2	1.0	mode2_irq_prepare	0	00	00	E0	00	00	1.0	1	0	2	0																						
2	ppu_public	60	9000328	42	0	0.0	stat_sample	2	02	00	E0	00	00	0.0	1	0	2	0																						
2	ppu_public	60	9000326	42	8	4.0	mode2_enter	2	02	00	E0	00	00	4.0	1	0	2	0																						
2	ppu_public	60	9000328	42	0	0.0	stat_sample	3	02	00	E0	00	00	0.0	1	0	2	0																						
2	ppu_public	60	9000494	42	176	88.0	mode3_enter	3	02	00	E0	00	00	88.0	1	0	2	0																						
2	ppu_public	60	9000488	42	84	42.0	stat_sample	3	03	00	E0	00	00	42.0	1	0	2	0																						
2	ppu_public	60	9000838	42	520	260.0	mode0_enter	0	03	00	E0	00	00	260.0	1	0	2	0																						
2	ppu_public	60	9000832	42	257	128.5	stat_sample	0	00	00	E0	00	00	128.5	1	0	2	0																						
2	ppu_public	60	9001232	43	0	0.0	stat_sample	2	00	00	E0	00	00	0.0	1	0	2	0																						
2	ppu_public	60	9001232	43	2	1.0	mode2_irq_prepare	0	00	00	E0	00	00	1.0	1	0	2	0																						
2	ppu_public	60	9001240	43	0	0.0	stat_sample	2	02	00	E0	00	00	0.0	1	0	2	0																						
2	ppu_public	60	9001238	43	8	4.0	mode2_enter	2	02	00	E0	00	00	4.0	1	0	2	0																						
2	ppu_public	60	9001240	43	0	0.0	stat_sample	3	02	00	E0	00	00	0.0	1	0	2	0																						
2	ppu_public	60	9001406	43	176	88.0	mode3_enter	3	02	00	E0	00	00	88.0	1	0	2	0																						
2	ppu_public	60	9001400	43	84	42.0	stat_sample	3	03	00	E0	00	00	42.0	1	0	2	0																						
2	ppu_public	60	9001750	43	520	260.0	mode0_enter	0	03	00	E0	00	00	260.0	1	0	2	0																						
2	ppu_public	60	9001744	43	257	128.5	stat_sample	0	00	00	E0	00	00	128.5	1	0	2	0																						
2	ppu_public	60	9002144	44	0	0.0	stat_sample	2	00	00	E0	00	00	0.0	1	0	2	0																						
2	ppu_public	60	9002144	44	2	1.0	mode2_irq_prepare	0	00	00	E0	00	00	1.0	1	0	2	0																						
2	ppu_public	60	9002152	44	0	0.0	stat_sample	2	02	00	E0	00	00	0.0	1	0	2	0																						
2	ppu_public	60	9002150	44	8	4.0	mode2_enter	2	02	00	E0	00	00	4.0	1	0	2	0																						
2	ppu_public	60	9002152	44	0	0.0	stat_sample	3	02	00	E0	00	00	0.0	1	0	2	0																						
2	ppu_public	60	9002318	44	176	88.0	mode3_enter	3	02	00	E0	00	00	88.0	1	0	2	0																						
2	ppu_public	60	9002312	44	84	42.0	stat_sample	3	03	00	E0	00	00	42.0	1	0	2	0																						
2	ppu_public	60	9002662	44	520	260.0	mode0_enter	0	03	00	E0	00	00	260.0	1	0	2	0																						
2	ppu_public	60	9002656	44	257	128.5	stat_sample	0	00	00	E0	00	00	128.5	1	0	2	0																						
2	ppu_public	60	9003056	45	0	0.0	stat_sample	2	00	00	E0	00	00	0.0	1	0	2	0																						
2	ppu_public	60	9003056	45	2	1.0	mode2_irq_prepare	0	00	00	E0	00	00	1.0	1	0	2	0																						
2	ppu_public	60	9003064	45	0	0.0	stat_sample	2	02	00	E0	00	00	0.0	1	0	2	0																						
2	ppu_public	60	9003062	45	8	4.0	mode2_enter	2	02	00	E0	00	00	4.0	1	0	2	0																						
2	ppu_public	60	9003064	45	0	0.0	stat_sample	3	02	00	E0	00	00	0.0	1	0	2	0																						
2	ppu_public	60	9003230	45	176	88.0	mode3_enter	3	02	00	E0	00	00	88.0	1	0	2	0																						
2	ppu_public	60	9003224	45	84	42.0	stat_sample	3	03	00	E0	00	00	42.0	1	0	2	0																						
2	ppu_public	60	9003574	45	520	260.0	mode0_enter	0	03	00	E0	00	00	260.0	1	0	2	0																						
2	ppu_public	60	9003568	45	257	128.5	stat_sample	0	00	00	E0	00	00	128.5	1	0	2	0																						
2	ppu_public	60	9003968	46	0	0.0	stat_sample	2	00	00	E0	00	00	0.0	1	0	2	0																						
2	ppu_public	60	9003968	46	2	1.0	mode2_irq_prepare	0	00	00	E0	00	00	1.0	1	0	2	0																						
2	ppu_public	60	9003976	46	0	0.0	stat_sample	2	02	00	E0	00	00	0.0	1	0	2	0																						
2	ppu_public	60	9003974	46	8	4.0	mode2_enter	2	02	00	E0	00	00	4.0	1	0	2	0																						
2	ppu_public	60	9003976	46	0	0.0	stat_sample	3	02	00	E0	00	00	0.0	1	0	2	0																						
2	ppu_public	60	9004142	46	176	88.0	mode3_enter	3	02	00	E0	00	00	88.0	1	0	2	0																						
2	ppu_public	60	9004136	46	84	42.0	stat_sample	3	03	00	E0	00	00	42.0	1	0	2	0																						
2	ppu_public	60	9004486	46	520	260.0	mode0_enter	0	03	00	E0	00	00	260.0	1	0	2	0																						
2	ppu_public	60	9004480	46	257	128.5	stat_sample	0	00	00	E0	00	00	128.5	1	0	2	0																						
2	ppu_public	60	9004880	47	0	0.0	stat_sample	2	00	00	E0	00	00	0.0	1	0	2	0																						
2	ppu_public	60	9004880	47	2	1.0	mode2_irq_prepare	0	00	00	E0	00	00	1.0	1	0	2	0																						
2	ppu_public	60	9004888	47	0	0.0	stat_sample	2	02	00	E0	00	00	0.0	1	0	2	0																						
2	ppu_public	60	9004886	47	8	4.0	mode2_enter	2	02	00	E0	00	00	4.0	1	0	2	0																						
2	ppu_public	60	9004888	47	0	0.0	stat_sample	3	02	00	E0	00	00	0.0	1	0	2	0																						
2	ppu_public	60	9005054	47	176	88.0	mode3_enter	3	02	00	E0	00	00	88.0	1	0	2	0																						
2	ppu_public	60	9005048	47	84	42.0	stat_sample	3	03	00	E0	00	00	42.0	1	0	2	0																						
2	ppu_public	60	9005398	47	520	260.0	mode0_enter	0	03	00	E0	00	00	260.0	1	0	2	0																						
2	ppu_public	60	9005392	47	257	128.5	stat_sample	0	00	00	E0	00	00	128.5	1	0	2	0																						
2	ppu_public	60	9005792	48	0	0.0	stat_sample	2	00	00	E0	00	00	0.0	1	0	2	0																						
2	ppu_public	60	9005792	48	2	1.0	mode2_irq_prepare	0	00	00	E0	00	00	1.0	1	0	2	0																						
2	ppu_public	60	9005800	48	0	0.0	stat_sample	2	02	00	E0	00	00	0.0	1	0	2	0																						
2	ppu_public	60	9005798	48	8	4.0	mode2_enter	2	02	00	E0	00	00	4.0	1	0	2	0																						
2	ppu_public	60	9005800	48	0	0.0	stat_sample	3	02	00	E0	00	00	0.0	1	0	2	0																						
2	ppu_public	60	9005966	48	176	88.0	mode3_enter	3	02	00	E0	00	00	88.0	1	0	2	0																						
2	ppu_public	60	9005960	48	84	42.0	stat_sample	3	03	00	E0	00	00	42.0	1	0	2	0																						
2	ppu_public	60	9006310	48	520	260.0	mode0_enter	0	03	00	E0	00	00	260.0	1	0	2	0																						
2	ppu_public	60	9006304	48	257	128.5	stat_sample	0	00	00	E0	00	00	128.5	1	0	2	0																						
2	ppu_public	60	9006704	49	0	0.0	stat_sample	2	00	00	E0	00	00	0.0	1	0	2	0																						
2	ppu_public	60	9006704	49	2	1.0	mode2_irq_prepare	0	00	00	E0	00	00	1.0	1	0	2	0																						
2	ppu_public	60	9006712	49	0	0.0	stat_sample	2	02	00	E0	00	00	0.0	1	0	2	0																						
2	ppu_public	60	9006710	49	8	4.0	mode2_enter	2	02	00	E0	00	00	4.0	1	0	2	0																						
2	ppu_public	60	9006712	49	0	0.0	stat_sample	3	02	00	E0	00	00	0.0	1	0	2	0																						
2	ppu_public	60	9006878	49	176	88.0	mode3_enter	3	02	00	E0	00	00	88.0	1	0	2	0																						
2	ppu_public	60	9006872	49	84	42.0	stat_sample	3	03	00	E0	00	00	42.0	1	0	2	0																						
2	ppu_public	60	9007222	49	520	260.0	mode0_enter	0	03	00	E0	00	00	260.0	1	0	2	0																						
2	ppu_public	60	9007216	49	257	128.5	stat_sample	0	00	00	E0	00	00	128.5	1	0	2	0																						
2	ppu_public	60	9007616	50	0	0.0	stat_sample	2	00	00	E0	00	00	0.0	1	0	2	0																						
2	ppu_public	60	9007616	50	2	1.0	mode2_irq_prepare	0	00	00	E0	00	00	1.0	1	0	2	0																						
2	ppu_public	60	9007624	50	0	0.0	stat_sample	2	02	00	E0	00	00	0.0	1	0	2	0																						
2	ppu_public	60	9007622	50	8	4.0	mode2_enter	2	02	00	E0	00	00	4.0	1	0	2	0																						
2	ppu_public	60	9007624	50	0	0.0	stat_sample	3	02	00	E0	00	00	0.0	1	0	2	0																						
2	ppu_public	60	9007790	50	176	88.0	mode3_enter	3	02	00	E0	00	00	88.0	1	0	2	0																						
2	ppu_public	60	9007784	50	84	42.0	stat_sample	3	03	00	E0	00	00	42.0	1	0	2	0																						
2	ppu_public	60	9008134	50	520	260.0	mode0_enter	0	03	00	E0	00	00	260.0	1	0	2	0																						
2	ppu_public	60	9008128	50	257	128.5	stat_sample	0	00	00	E0	00	00	128.5	1	0	2	0																						
2	ppu_public	60	9008528	51	0	0.0	stat_sample	2	00	00	E0	00	00	0.0	1	0	2	0																						
2	ppu_public	60	9008528	51	2	1.0	mode2_irq_prepare	0	00	00	E0	00	00	1.0	1	0	2	0																						
2	ppu_public	60	9008536	51	0	0.0	stat_sample	2	02	00	E0	00	00	0.0	1	0	2	0																						
2	ppu_public	60	9008534	51	8	4.0	mode2_enter	2	02	00	E0	00	00	4.0	1	0	2	0																						
2	ppu_public	60	9008536	51	0	0.0	stat_sample	3	02	00	E0	00	00	0.0	1	0	2	0																						
2	ppu_public	60	9008702	51	176	88.0	mode3_enter	3	02	00	E0	00	00	88.0	1	0	2	0																						
2	ppu_public	60	9008696	51	84	42.0	stat_sample	3	03	00	E0	00	00	42.0	1	0	2	0																						
2	ppu_public	60	9009046	51	520	260.0	mode0_enter	0	03	00	E0	00	00	260.0	1	0	2	0																						
2	ppu_public	60	9009040	51	257	128.5	stat_sample	0	00	00	E0	00	00	128.5	1	0	2	0																						
2	ppu_public	60	9009440	52	0	0.0	stat_sample	2	00	00	E0	00	00	0.0	1	0	2	0																						
2	ppu_public	60	9009440	52	2	1.0	mode2_irq_prepare	0	00	00	E0	00	00	1.0	1	0	2	0																						
2	ppu_public	60	9009448	52	0	0.0	stat_sample	2	02	00	E0	00	00	0.0	1	0	2	0																						
2	ppu_public	60	9009446	52	8	4.0	mode2_enter	2	02	00	E0	00	00	4.0	1	0	2	0																						
2	ppu_public	60	9009448	52	0	0.0	stat_sample	3	02	00	E0	00	00	0.0	1	0	2	0																						
2	ppu_public	60	9009614	52	176	88.0	mode3_enter	3	02	00	E0	00	00	88.0	1	0	2	0																						
2	ppu_public	60	9009608	52	84	42.0	stat_sample	3	03	00	E0	00	00	42.0	1	0	2	0																						
2	ppu_public	60	9009958	52	520	260.0	mode0_enter	0	03	00	E0	00	00	260.0	1	0	2	0																						
2	ppu_public	60	9009952	52	257	128.5	stat_sample	0	00	00	E0	00	00	128.5	1	0	2	0																						
2	ppu_public	60	9010352	53	0	0.0	stat_sample	2	00	00	E0	00	00	0.0	1	0	2	0																						
2	ppu_public	60	9010352	53	2	1.0	mode2_irq_prepare	0	00	00	E0	00	00	1.0	1	0	2	0																						
2	ppu_public	60	9010360	53	0	0.0	stat_sample	2	02	00	E0	00	00	0.0	1	0	2	0																						
2	ppu_public	60	9010358	53	8	4.0	mode2_enter	2	02	00	E0	00	00	4.0	1	0	2	0																						
2	ppu_public	60	9010360	53	0	0.0	stat_sample	3	02	00	E0	00	00	0.0	1	0	2	0																						
2	ppu_public	60	9010526	53	176	88.0	mode3_enter	3	02	00	E0	00	00	88.0	1	0	2	0																						
2	ppu_public	60	9010520	53	84	42.0	stat_sample	3	03	00	E0	00	00	42.0	1	0	2	0																						
2	ppu_public	60	9010870	53	520	260.0	mode0_enter	0	03	00	E0	00	00	260.0	1	0	2	0																						
2	ppu_public	60	9010864	53	257	128.5	stat_sample	0	00	00	E0	00	00	128.5	1	0	2	0																						
2	ppu_public	60	9011264	54	0	0.0	stat_sample	2	00	00	E0	00	00	0.0	1	0	2	0																						
2	ppu_public	60	9011264	54	2	1.0	mode2_irq_prepare	0	00	00	E0	00	00	1.0	1	0	2	0																						
2	ppu_public	60	9011272	54	0	0.0	stat_sample	2	02	00	E0	00	00	0.0	1	0	2	0																						
2	ppu_public	60	9011270	54	8	4.0	mode2_enter	2	02	00	E0	00	00	4.0	1	0	2	0																						
2	ppu_public	60	9011272	54	0	0.0	stat_sample	3	02	00	E0	00	00	0.0	1	0	2	0																						
2	ppu_public	60	9011438	54	176	88.0	mode3_enter	3	02	00	E0	00	00	88.0	1	0	2	0																						
2	ppu_public	60	9011432	54	84	42.0	stat_sample	3	03	00	E0	00	00	42.0	1	0	2	0																						
2	ppu_public	60	9011782	54	520	260.0	mode0_enter	0	03	00	E0	00	00	260.0	1	0	2	0																						
2	ppu_public	60	9011776	54	257	128.5	stat_sample	0	00	00	E0	00	00	128.5	1	0	2	0																						
2	ppu_public	60	9012176	55	0	0.0	stat_sample	2	00	00	E0	00	00	0.0	1	0	2	0																						
2	ppu_public	60	9012176	55	2	1.0	mode2_irq_prepare	0	00	00	E0	00	00	1.0	1	0	2	0																						
2	ppu_public	60	9012184	55	0	0.0	stat_sample	2	02	00	E0	00	00	0.0	1	0	2	0																						
2	ppu_public	60	9012182	55	8	4.0	mode2_enter	2	02	00	E0	00	00	4.0	1	0	2	0																						
2	ppu_public	60	9012184	55	0	0.0	stat_sample	3	02	00	E0	00	00	0.0	1	0	2	0																						
2	ppu_public	60	9012350	55	176	88.0	mode3_enter	3	02	00	E0	00	00	88.0	1	0	2	0																						
2	ppu_public	60	9012344	55	84	42.0	stat_sample	3	03	00	E0	00	00	42.0	1	0	2	0																						
2	ppu_public	60	9012694	55	520	260.0	mode0_enter	0	03	00	E0	00	00	260.0	1	0	2	0																						
2	ppu_public	60	9012688	55	257	128.5	stat_sample	0	00	00	E0	00	00	128.5	1	0	2	0																						
2	ppu_public	60	9013088	56	0	0.0	stat_sample	2	00	00	E0	00	00	0.0	1	0	2	0																						
2	ppu_public	60	9013088	56	2	1.0	mode2_irq_prepare	0	00	00	E0	00	00	1.0	1	0	2	0																						
2	ppu_public	60	9013096	56	0	0.0	stat_sample	2	02	00	E0	00	00	0.0	1	0	2	0																						
2	ppu_public	60	9013094	56	8	4.0	mode2_enter	2	02	00	E0	00	00	4.0	1	0	2	0																						
2	ppu_public	60	9013096	56	0	0.0	stat_sample	3	02	00	E0	00	00	0.0	1	0	2	0																						
2	ppu_public	60	9013262	56	176	88.0	mode3_enter	3	02	00	E0	00	00	88.0	1	0	2	0																						
2	ppu_public	60	9013256	56	84	42.0	stat_sample	3	03	00	E0	00	00	42.0	1	0	2	0																						
2	ppu_public	60	9013606	56	520	260.0	mode0_enter	0	03	00	E0	00	00	260.0	1	0	2	0																						
2	ppu_public	60	9013600	56	257	128.5	stat_sample	0	00	00	E0	00	00	128.5	1	0	2	0																						
2	ppu_public	60	9014000	57	0	0.0	stat_sample	2	00	00	E0	00	00	0.0	1	0	2	0																						
2	ppu_public	60	9014000	57	2	1.0	mode2_irq_prepare	0	00	00	E0	00	00	1.0	1	0	2	0																						
2	ppu_public	60	9014008	57	0	0.0	stat_sample	2	02	00	E0	00	00	0.0	1	0	2	0																						
2	ppu_public	60	9014006	57	8	4.0	mode2_enter	2	02	00	E0	00	00	4.0	1	0	2	0																						
2	ppu_public	60	9014008	57	0	0.0	stat_sample	3	02	00	E0	00	00	0.0	1	0	2	0																						
2	ppu_public	60	9014174	57	176	88.0	mode3_enter	3	02	00	E0	00	00	88.0	1	0	2	0																						
2	ppu_public	60	9014168	57	84	42.0	stat_sample	3	03	00	E0	00	00	42.0	1	0	2	0																						
2	ppu_public	60	9014518	57	520	260.0	mode0_enter	0	03	00	E0	00	00	260.0	1	0	2	0																						
2	ppu_public	60	9014512	57	257	128.5	stat_sample	0	00	00	E0	00	00	128.5	1	0	2	0																						
2	ppu_public	60	9014912	58	0	0.0	stat_sample	2	00	00	E0	00	00	0.0	1	0	2	0																						
2	ppu_public	60	9014912	58	2	1.0	mode2_irq_prepare	0	00	00	E0	00	00	1.0	1	0	2	0																						
2	ppu_public	60	9014920	58	0	0.0	stat_sample	2	02	00	E0	00	00	0.0	1	0	2	0																						
2	ppu_public	60	9014918	58	8	4.0	mode2_enter	2	02	00	E0	00	00	4.0	1	0	2	0																						
2	ppu_public	60	9014920	58	0	0.0	stat_sample	3	02	00	E0	00	00	0.0	1	0	2	0																						
2	ppu_public	60	9015086	58	176	88.0	mode3_enter	3	02	00	E0	00	00	88.0	1	0	2	0																						
2	ppu_public	60	9015080	58	84	42.0	stat_sample	3	03	00	E0	00	00	42.0	1	0	2	0																						
2	ppu_public	60	9015430	58	520	260.0	mode0_enter	0	03	00	E0	00	00	260.0	1	0	2	0																						
2	ppu_public	60	9015424	58	257	128.5	stat_sample	0	00	00	E0	00	00	128.5	1	0	2	0																						
2	ppu_public	60	9015824	59	0	0.0	stat_sample	2	00	00	E0	00	00	0.0	1	0	2	0																						
2	ppu_public	60	9015824	59	2	1.0	mode2_irq_prepare	0	00	00	E0	00	00	1.0	1	0	2	0																						
2	ppu_public	60	9015832	59	0	0.0	stat_sample	2	02	00	E0	00	00	0.0	1	0	2	0																						
2	ppu_public	60	9015830	59	8	4.0	mode2_enter	2	02	00	E0	00	00	4.0	1	0	2	0																						
2	ppu_public	60	9015832	59	0	0.0	stat_sample	3	02	00	E0	00	00	0.0	1	0	2	0																						
2	ppu_public	60	9015998	59	176	88.0	mode3_enter	3	02	00	E0	00	00	88.0	1	0	2	0																						
2	ppu_public	60	9015992	59	84	42.0	stat_sample	3	03	00	E0	00	00	42.0	1	0	2	0																						
2	ppu_public	60	9016342	59	520	260.0	mode0_enter	0	03	00	E0	00	00	260.0	1	0	2	0																						
2	ppu_public	60	9016336	59	257	128.5	stat_sample	0	00	00	E0	00	00	128.5	1	0	2	0																						
2	ppu_public	60	9016736	60	0	0.0	stat_sample	2	00	00	E0	00	00	0.0	1	0	2	0																						
2	ppu_public	60	9016736	60	2	1.0	mode2_irq_prepare	0	00	00	E0	00	00	1.0	1	0	2	0																						
2	ppu_public	60	9016744	60	0	0.0	stat_sample	2	02	00	E0	00	00	0.0	1	0	2	0																						
2	ppu_public	60	9016742	60	8	4.0	mode2_enter	2	02	00	E0	00	00	4.0	1	0	2	0																						
2	ppu_public	60	9016744	60	0	0.0	stat_sample	3	02	00	E0	00	00	0.0	1	0	2	0																						
2	ppu_public	60	9016910	60	176	88.0	mode3_enter	3	02	00	E0	00	00	88.0	1	0	2	0																						
2	ppu_public	60	9016904	60	84	42.0	stat_sample	3	03	00	E0	00	00	42.0	1	0	2	0																						
2	ppu_public	60	9017254	60	520	260.0	mode0_enter	0	03	00	E0	00	00	260.0	1	0	2	0																						
2	ppu_public	60	9017248	60	257	128.5	stat_sample	0	00	00	E0	00	00	128.5	1	0	2	0																						
2	ppu_public	60	9017648	61	0	0.0	stat_sample	2	00	00	E0	00	00	0.0	1	0	2	0																						
2	ppu_public	60	9017648	61	2	1.0	mode2_irq_prepare	0	00	00	E0	00	00	1.0	1	0	2	0																						
2	ppu_public	60	9017656	61	0	0.0	stat_sample	2	02	00	E0	00	00	0.0	1	0	2	0																						
2	ppu_public	60	9017654	61	8	4.0	mode2_enter	2	02	00	E0	00	00	4.0	1	0	2	0																						
2	ppu_public	60	9017656	61	0	0.0	stat_sample	3	02	00	E0	00	00	0.0	1	0	2	0																						
2	ppu_public	60	9017822	61	176	88.0	mode3_enter	3	02	00	E0	00	00	88.0	1	0	2	0																						
2	ppu_public	60	9017816	61	84	42.0	stat_sample	3	03	00	E0	00	00	42.0	1	0	2	0																						
2	ppu_public	60	9018166	61	520	260.0	mode0_enter	0	03	00	E0	00	00	260.0	1	0	2	0																						
2	ppu_public	60	9018160	61	257	128.5	stat_sample	0	00	00	E0	00	00	128.5	1	0	2	0																						
2	ppu_public	60	9018560	62	0	0.0	stat_sample	2	00	00	E0	00	00	0.0	1	0	2	0																						
2	ppu_public	60	9018560	62	2	1.0	mode2_irq_prepare	0	00	00	E0	00	00	1.0	1	0	2	0																						
2	ppu_public	60	9018568	62	0	0.0	stat_sample	2	02	00	E0	00	00	0.0	1	0	2	0																						
2	ppu_public	60	9018566	62	8	4.0	mode2_enter	2	02	00	E0	00	00	4.0	1	0	2	0																						
2	ppu_public	60	9018568	62	0	0.0	stat_sample	3	02	00	E0	00	00	0.0	1	0	2	0																						
2	ppu_public	60	9018734	62	176	88.0	mode3_enter	3	02	00	E0	00	00	88.0	1	0	2	0																						
2	ppu_public	60	9018728	62	84	42.0	stat_sample	3	03	00	E0	00	00	42.0	1	0	2	0																						
2	ppu_public	60	9019078	62	520	260.0	mode0_enter	0	03	00	E0	00	00	260.0	1	0	2	0																						
2	ppu_public	60	9019072	62	257	128.5	stat_sample	0	00	00	E0	00	00	128.5	1	0	2	0																						
2	ppu_public	60	9019472	63	0	0.0	stat_sample	2	00	00	E0	00	00	0.0	1	0	2	0																						
2	ppu_public	60	9019472	63	2	1.0	mode2_irq_prepare	0	00	00	E0	00	00	1.0	1	0	2	0																						
2	ppu_public	60	9019480	63	0	0.0	stat_sample	2	02	00	E0	00	00	0.0	1	0	2	0																						
2	ppu_public	60	9019478	63	8	4.0	mode2_enter	2	02	00	E0	00	00	4.0	1	0	2	0																						
2	ppu_public	60	9019480	63	0	0.0	stat_sample	3	02	00	E0	00	00	0.0	1	0	2	0																						
2	ppu_public	60	9019646	63	176	88.0	mode3_enter	3	02	00	E0	00	00	88.0	1	0	2	0																						
2	ppu_public	60	9019640	63	84	42.0	stat_sample	3	03	00	E0	00	00	42.0	1	0	2	0																						
2	ppu_public	60	9019990	63	520	260.0	mode0_enter	0	03	00	E0	00	00	260.0	1	0	2	0																						
2	ppu_public	60	9019984	63	257	128.5	stat_sample	0	00	00	E0	00	00	128.5	1	0	2	0																						
2	ppu_public	60	9020384	64	0	0.0	stat_sample	2	00	00	E0	00	00	0.0	1	0	2	0																						
2	ppu_public	60	9020384	64	2	1.0	mode2_irq_prepare	0	00	00	E0	00	00	1.0	1	0	2	0																						
2	ppu_public	60	9020392	64	0	0.0	stat_sample	2	02	00	E0	00	00	0.0	1	0	2	0																						
2	ppu_public	60	9020390	64	8	4.0	mode2_enter	2	02	00	E0	00	00	4.0	1	0	2	0																						
2	ppu_public	60	9020392	64	0	0.0	stat_sample	3	02	00	E0	00	00	0.0	1	0	2	0																						
2	ppu_public	60	9020558	64	176	88.0	mode3_enter	3	02	00	E0	00	00	88.0	1	0	2	0																						
2	ppu_public	60	9020552	64	84	42.0	stat_sample	3	03	00	E0	00	00	42.0	1	0	2	0																						
2	ppu_public	60	9020902	64	520	260.0	mode0_enter	0	03	00	E0	00	00	260.0	1	0	2	0																						
2	ppu_public	60	9020896	64	257	128.5	stat_sample	0	00	00	E0	00	00	128.5	1	0	2	0																						
2	ppu_public	60	9021296	65	0	0.0	stat_sample	2	00	00	E0	00	00	0.0	1	0	2	0																						
2	ppu_public	60	9021296	65	2	1.0	mode2_irq_prepare	0	00	00	E0	00	00	1.0	1	0	2	0																						
2	ppu_public	60	9021304	65	0	0.0	stat_sample	2	02	00	E0	00	00	0.0	1	0	2	0																						
2	ppu_public	60	9021302	65	8	4.0	mode2_enter	2	02	00	E0	00	00	4.0	1	0	2	0																						
2	ppu_public	60	9021304	65	0	0.0	stat_sample	3	02	00	E0	00	00	0.0	1	0	2	0																						
2	ppu_public	60	9021470	65	176	88.0	mode3_enter	3	02	00	E0	00	00	88.0	1	0	2	0																						
2	ppu_public	60	9021464	65	84	42.0	stat_sample	3	03	00	E0	00	00	42.0	1	0	2	0																						
2	ppu_public	60	9021814	65	520	260.0	mode0_enter	0	03	00	E0	00	00	260.0	1	0	2	0																						
2	ppu_public	60	9021808	65	257	128.5	stat_sample	0	00	00	E0	00	00	128.5	1	0	2	0																						
2	ppu_public	60	9022208	66	0	0.0	stat_sample	2	00	00	E0	00	00	0.0	1	0	2	0																						
2	ppu_public	60	9022208	66	2	1.0	mode2_irq_prepare	0	00	00	E0	00	00	1.0	1	0	2	0																						
2	ppu_public	60	9022216	66	0	0.0	stat_sample	2	02	00	E0	00	00	0.0	1	0	2	0																						
2	ppu_public	60	9022214	66	8	4.0	mode2_enter	2	02	00	E0	00	00	4.0	1	0	2	0																						
2	ppu_public	60	9022216	66	0	0.0	stat_sample	3	02	00	E0	00	00	0.0	1	0	2	0																						
2	ppu_public	60	9022382	66	176	88.0	mode3_enter	3	02	00	E0	00	00	88.0	1	0	2	0																						
2	ppu_public	60	9022376	66	84	42.0	stat_sample	3	03	00	E0	00	00	42.0	1	0	2	0																						
2	ppu_public	60	9022726	66	520	260.0	mode0_enter	0	03	00	E0	00	00	260.0	1	0	2	0																						
2	ppu_public	60	9022720	66	257	128.5	stat_sample	0	00	00	E0	00	00	128.5	1	0	2	0																						
2	ppu_public	60	9023120	67	0	0.0	stat_sample	2	00	00	E0	00	00	0.0	1	0	2	0																						
2	ppu_public	60	9023120	67	2	1.0	mode2_irq_prepare	0	00	00	E0	00	00	1.0	1	0	2	0																						
2	ppu_public	60	9023128	67	0	0.0	stat_sample	2	02	00	E0	00	00	0.0	1	0	2	0																						
2	ppu_public	60	9023126	67	8	4.0	mode2_enter	2	02	00	E0	00	00	4.0	1	0	2	0																						
2	ppu_public	60	9023128	67	0	0.0	stat_sample	3	02	00	E0	00	00	0.0	1	0	2	0																						
2	ppu_public	60	9023294	67	176	88.0	mode3_enter	3	02	00	E0	00	00	88.0	1	0	2	0																						
2	ppu_public	60	9023288	67	84	42.0	stat_sample	3	03	00	E0	00	00	42.0	1	0	2	0																						
2	ppu_public	60	9023638	67	520	260.0	mode0_enter	0	03	00	E0	00	00	260.0	1	0	2	0																						
2	ppu_public	60	9023632	67	257	128.5	stat_sample	0	00	00	E0	00	00	128.5	1	0	2	0																						
2	ppu_public	60	9024032	68	0	0.0	stat_sample	2	00	00	E0	00	00	0.0	1	0	2	0																						
2	ppu_public	60	9024032	68	2	1.0	mode2_irq_prepare	0	00	00	E0	00	00	1.0	1	0	2	0																						
2	ppu_public	60	9024040	68	0	0.0	stat_sample	2	02	00	E0	00	00	0.0	1	0	2	0																						
2	ppu_public	60	9024038	68	8	4.0	mode2_enter	2	02	00	E0	00	00	4.0	1	0	2	0																						
2	ppu_public	60	9024040	68	0	0.0	stat_sample	3	02	00	E0	00	00	0.0	1	0	2	0																						
2	ppu_public	60	9024206	68	176	88.0	mode3_enter	3	02	00	E0	00	00	88.0	1	0	2	0																						
2	ppu_public	60	9024200	68	84	42.0	stat_sample	3	03	00	E0	00	00	42.0	1	0	2	0																						
2	ppu_public	60	9024550	68	520	260.0	mode0_enter	0	03	00	E0	00	00	260.0	1	0	2	0																						
2	ppu_public	60	9024544	68	257	128.5	stat_sample	0	00	00	E0	00	00	128.5	1	0	2	0																						
2	ppu_public	60	9024944	69	0	0.0	stat_sample	2	00	00	E0	00	00	0.0	1	0	2	0																						
2	ppu_public	60	9024944	69	2	1.0	mode2_irq_prepare	0	00	00	E0	00	00	1.0	1	0	2	0																						
2	ppu_public	60	9024952	69	0	0.0	stat_sample	2	02	00	E0	00	00	0.0	1	0	2	0																						
2	ppu_public	60	9024950	69	8	4.0	mode2_enter	2	02	00	E0	00	00	4.0	1	0	2	0																						
2	ppu_public	60	9024952	69	0	0.0	stat_sample	3	02	00	E0	00	00	0.0	1	0	2	0																						
2	ppu_public	60	9025118	69	176	88.0	mode3_enter	3	02	00	E0	00	00	88.0	1	0	2	0																						
2	ppu_public	60	9025112	69	84	42.0	stat_sample	3	03	00	E0	00	00	42.0	1	0	2	0																						
2	ppu_public	60	9025462	69	520	260.0	mode0_enter	0	03	00	E0	00	00	260.0	1	0	2	0																						
2	ppu_public	60	9025456	69	257	128.5	stat_sample	0	00	00	E0	00	00	128.5	1	0	2	0																						
2	ppu_public	60	9025856	70	0	0.0	stat_sample	2	00	00	E0	00	00	0.0	1	0	2	0																						
2	ppu_public	60	9025856	70	2	1.0	mode2_irq_prepare	0	00	00	E0	00	00	1.0	1	0	2	0																						
2	ppu_public	60	9025864	70	0	0.0	stat_sample	2	02	00	E0	00	00	0.0	1	0	2	0																						
2	ppu_public	60	9025862	70	8	4.0	mode2_enter	2	02	00	E0	00	00	4.0	1	0	2	0																						
2	ppu_public	60	9025864	70	0	0.0	stat_sample	3	02	00	E0	00	00	0.0	1	0	2	0																						
2	ppu_public	60	9026030	70	176	88.0	mode3_enter	3	02	00	E0	00	00	88.0	1	0	2	0																						
2	ppu_public	60	9026024	70	84	42.0	stat_sample	3	03	00	E0	00	00	42.0	1	0	2	0																						
2	ppu_public	60	9026374	70	520	260.0	mode0_enter	0	03	00	E0	00	00	260.0	1	0	2	0																						
2	ppu_public	60	9026368	70	257	128.5	stat_sample	0	00	00	E0	00	00	128.5	1	0	2	0																						
2	ppu_public	60	9026768	71	0	0.0	stat_sample	2	00	00	E0	00	00	0.0	1	0	2	0																						
2	ppu_public	60	9026768	71	2	1.0	mode2_irq_prepare	0	00	00	E0	00	00	1.0	1	0	2	0																						
2	ppu_public	60	9026776	71	0	0.0	stat_sample	2	02	00	E0	00	00	0.0	1	0	2	0																						
2	ppu_public	60	9026774	71	8	4.0	mode2_enter	2	02	00	E0	00	00	4.0	1	0	2	0																						
2	ppu_public	60	9026776	71	0	0.0	stat_sample	3	02	00	E0	00	00	0.0	1	0	2	0																						
2	ppu_public	60	9026942	71	176	88.0	mode3_enter	3	02	00	E0	00	00	88.0	1	0	2	0																						
2	ppu_public	60	9026936	71	84	42.0	stat_sample	3	03	00	E0	00	00	42.0	1	0	2	0																						
2	ppu_public	60	9027286	71	520	260.0	mode0_enter	0	03	00	E0	00	00	260.0	1	0	2	0																						
2	ppu_public	60	9027280	71	257	128.5	stat_sample	0	00	00	E0	00	00	128.5	1	0	2	0																						
2	ppu_public	60	9027680	72	0	0.0	stat_sample	2	00	00	E0	00	00	0.0	1	0	2	0																						
2	ppu_public	60	9027680	72	2	1.0	mode2_irq_prepare	0	00	00	E0	00	00	1.0	1	0	2	0																						
2	ppu_public	60	9027688	72	0	0.0	stat_sample	2	02	00	E0	00	00	0.0	1	0	2	0																						
2	ppu_public	60	9027686	72	8	4.0	mode2_enter	2	02	00	E0	00	00	4.0	1	0	2	0																						
2	ppu_public	60	9027688	72	0	0.0	stat_sample	3	02	00	E0	00	00	0.0	1	0	2	0																						
2	ppu_public	60	9027854	72	176	88.0	mode3_enter	3	02	00	E0	00	00	88.0	1	0	2	0																						
2	ppu_public	60	9027848	72	84	42.0	stat_sample	3	03	00	E0	00	00	42.0	1	0	2	0																						
2	ppu_public	60	9028198	72	520	260.0	mode0_enter	0	03	00	E0	00	00	260.0	1	0	2	0																						
2	ppu_public	60	9028192	72	257	128.5	stat_sample	0	00	00	E0	00	00	128.5	1	0	2	0																						
2	ppu_public	60	9028592	73	0	0.0	stat_sample	2	00	00	E0	00	00	0.0	1	0	2	0																						
2	ppu_public	60	9028592	73	2	1.0	mode2_irq_prepare	0	00	00	E0	00	00	1.0	1	0	2	0																						
2	ppu_public	60	9028600	73	0	0.0	stat_sample	2	02	00	E0	00	00	0.0	1	0	2	0																						
2	ppu_public	60	9028598	73	8	4.0	mode2_enter	2	02	00	E0	00	00	4.0	1	0	2	0																						
2	ppu_public	60	9028600	73	0	0.0	stat_sample	3	02	00	E0	00	00	0.0	1	0	2	0																						
2	ppu_public	60	9028766	73	176	88.0	mode3_enter	3	02	00	E0	00	00	88.0	1	0	2	0																						
2	ppu_public	60	9028760	73	84	42.0	stat_sample	3	03	00	E0	00	00	42.0	1	0	2	0																						
2	ppu_public	60	9029110	73	520	260.0	mode0_enter	0	03	00	E0	00	00	260.0	1	0	2	0																						
2	ppu_public	60	9029104	73	257	128.5	stat_sample	0	00	00	E0	00	00	128.5	1	0	2	0																						
2	ppu_public	60	9029504	74	0	0.0	stat_sample	2	00	00	E0	00	00	0.0	1	0	2	0																						
2	ppu_public	60	9029504	74	2	1.0	mode2_irq_prepare	0	00	00	E0	00	00	1.0	1	0	2	0																						
2	ppu_public	60	9029512	74	0	0.0	stat_sample	2	02	00	E0	00	00	0.0	1	0	2	0																						
2	ppu_public	60	9029510	74	8	4.0	mode2_enter	2	02	00	E0	00	00	4.0	1	0	2	0																						
2	ppu_public	60	9029512	74	0	0.0	stat_sample	3	02	00	E0	00	00	0.0	1	0	2	0																						
2	ppu_public	60	9029678	74	176	88.0	mode3_enter	3	02	00	E0	00	00	88.0	1	0	2	0																						
2	ppu_public	60	9029672	74	84	42.0	stat_sample	3	03	00	E0	00	00	42.0	1	0	2	0																						
2	ppu_public	60	9030022	74	520	260.0	mode0_enter	0	03	00	E0	00	00	260.0	1	0	2	0																						
2	ppu_public	60	9030016	74	257	128.5	stat_sample	0	00	00	E0	00	00	128.5	1	0	2	0																						
2	ppu_public	60	9030416	75	0	0.0	stat_sample	2	00	00	E0	00	00	0.0	1	0	2	0																						
2	ppu_public	60	9030416	75	2	1.0	mode2_irq_prepare	0	00	00	E0	00	00	1.0	1	0	2	0																						
2	ppu_public	60	9030424	75	0	0.0	stat_sample	2	02	00	E0	00	00	0.0	1	0	2	0																						
2	ppu_public	60	9030422	75	8	4.0	mode2_enter	2	02	00	E0	00	00	4.0	1	0	2	0																						
2	ppu_public	60	9030424	75	0	0.0	stat_sample	3	02	00	E0	00	00	0.0	1	0	2	0																						
2	ppu_public	60	9030590	75	176	88.0	mode3_enter	3	02	00	E0	00	00	88.0	1	0	2	0																						
2	ppu_public	60	9030584	75	84	42.0	stat_sample	3	03	00	E0	00	00	42.0	1	0	2	0																						
2	ppu_public	60	9030934	75	520	260.0	mode0_enter	0	03	00	E0	00	00	260.0	1	0	2	0																						
2	ppu_public	60	9030928	75	257	128.5	stat_sample	0	00	00	E0	00	00	128.5	1	0	2	0																						
2	ppu_public	60	9031328	76	0	0.0	stat_sample	2	00	00	E0	00	00	0.0	1	0	2	0																						
2	ppu_public	60	9031328	76	2	1.0	mode2_irq_prepare	0	00	00	E0	00	00	1.0	1	0	2	0																						
2	ppu_public	60	9031336	76	0	0.0	stat_sample	2	02	00	E0	00	00	0.0	1	0	2	0																						
2	ppu_public	60	9031334	76	8	4.0	mode2_enter	2	02	00	E0	00	00	4.0	1	0	2	0																						
2	ppu_public	60	9031336	76	0	0.0	stat_sample	3	02	00	E0	00	00	0.0	1	0	2	0																						
2	ppu_public	60	9031502	76	176	88.0	mode3_enter	3	02	00	E0	00	00	88.0	1	0	2	0																						
2	ppu_public	60	9031496	76	84	42.0	stat_sample	3	03	00	E0	00	00	42.0	1	0	2	0																						
2	ppu_public	60	9031846	76	520	260.0	mode0_enter	0	03	00	E0	00	00	260.0	1	0	2	0																						
2	ppu_public	60	9031840	76	257	128.5	stat_sample	0	00	00	E0	00	00	128.5	1	0	2	0																						
2	ppu_public	60	9032240	77	0	0.0	stat_sample	2	00	00	E0	00	00	0.0	1	0	2	0																						
2	ppu_public	60	9032240	77	2	1.0	mode2_irq_prepare	0	00	00	E0	00	00	1.0	1	0	2	0																						
2	ppu_public	60	9032248	77	0	0.0	stat_sample	2	02	00	E0	00	00	0.0	1	0	2	0																						
2	ppu_public	60	9032246	77	8	4.0	mode2_enter	2	02	00	E0	00	00	4.0	1	0	2	0																						
2	ppu_public	60	9032248	77	0	0.0	stat_sample	3	02	00	E0	00	00	0.0	1	0	2	0																						
2	ppu_public	60	9032414	77	176	88.0	mode3_enter	3	02	00	E0	00	00	88.0	1	0	2	0																						
2	ppu_public	60	9032408	77	84	42.0	stat_sample	3	03	00	E0	00	00	42.0	1	0	2	0																						
2	ppu_public	60	9032758	77	520	260.0	mode0_enter	0	03	00	E0	00	00	260.0	1	0	2	0																						
2	ppu_public	60	9032752	77	257	128.5	stat_sample	0	00	00	E0	00	00	128.5	1	0	2	0																						
2	ppu_public	60	9033152	78	0	0.0	stat_sample	2	00	00	E0	00	00	0.0	1	0	2	0																						
2	ppu_public	60	9033152	78	2	1.0	mode2_irq_prepare	0	00	00	E0	00	00	1.0	1	0	2	0																						
2	ppu_public	60	9033160	78	0	0.0	stat_sample	2	02	00	E0	00	00	0.0	1	0	2	0																						
2	ppu_public	60	9033158	78	8	4.0	mode2_enter	2	02	00	E0	00	00	4.0	1	0	2	0																						
2	ppu_public	60	9033160	78	0	0.0	stat_sample	3	02	00	E0	00	00	0.0	1	0	2	0																						
2	ppu_public	60	9033326	78	176	88.0	mode3_enter	3	02	00	E0	00	00	88.0	1	0	2	0																						
2	ppu_public	60	9033320	78	84	42.0	stat_sample	3	03	00	E0	00	00	42.0	1	0	2	0																						
2	ppu_public	60	9033670	78	520	260.0	mode0_enter	0	03	00	E0	00	00	260.0	1	0	2	0																						
2	ppu_public	60	9033664	78	257	128.5	stat_sample	0	00	00	E0	00	00	128.5	1	0	2	0																						
2	ppu_public	60	9034064	79	0	0.0	stat_sample	2	00	00	E0	00	00	0.0	1	0	2	0																						
2	ppu_public	60	9034064	79	2	1.0	mode2_irq_prepare	0	00	00	E0	00	00	1.0	1	0	2	0																						
2	ppu_public	60	9034072	79	0	0.0	stat_sample	2	02	00	E0	00	00	0.0	1	0	2	0																						
2	ppu_public	60	9034070	79	8	4.0	mode2_enter	2	02	00	E0	00	00	4.0	1	0	2	0																						
2	ppu_public	60	9034072	79	0	0.0	stat_sample	3	02	00	E0	00	00	0.0	1	0	2	0																						
2	ppu_public	60	9034238	79	176	88.0	mode3_enter	3	02	00	E0	00	00	88.0	1	0	2	0																						
2	ppu_public	60	9034232	79	84	42.0	stat_sample	3	03	00	E0	00	00	42.0	1	0	2	0																						
2	ppu_public	60	9034582	79	520	260.0	mode0_enter	0	03	00	E0	00	00	260.0	1	0	2	0																						
2	ppu_public	60	9034576	79	257	128.5	stat_sample	0	00	00	E0	00	00	128.5	1	0	2	0																						
2	ppu_public	60	9034976	80	0	0.0	stat_sample	2	00	00	E0	00	00	0.0	1	0	2	0																						
2	ppu_public	60	9034976	80	2	1.0	mode2_irq_prepare	0	00	00	E0	00	00	1.0	1	0	2	0																						
2	ppu_public	60	9034984	80	0	0.0	stat_sample	2	02	00	E0	00	00	0.0	1	0	2	0																						
2	ppu_public	60	9034982	80	8	4.0	mode2_enter	2	02	00	E0	00	00	4.0	1	0	2	0																						
2	ppu_public	60	9034984	80	0	0.0	stat_sample	3	02	00	E0	00	00	0.0	1	0	2	0																						
2	ppu_public	60	9035150	80	176	88.0	mode3_enter	3	02	00	E0	00	00	88.0	1	0	2	0																						
2	ppu_public	60	9035144	80	84	42.0	stat_sample	3	03	00	E0	00	00	42.0	1	0	2	0																						
2	ppu_public	60	9035494	80	520	260.0	mode0_enter	0	03	00	E0	00	00	260.0	1	0	2	0																						
2	ppu_public	60	9035488	80	257	128.5	stat_sample	0	00	00	E0	00	00	128.5	1	0	2	0																						
2	ppu_public	60	9035888	81	0	0.0	stat_sample	2	00	00	E0	00	00	0.0	1	0	2	0																						
2	ppu_public	60	9035888	81	2	1.0	mode2_irq_prepare	0	00	00	E0	00	00	1.0	1	0	2	0																						
2	ppu_public	60	9035896	81	0	0.0	stat_sample	2	02	00	E0	00	00	0.0	1	0	2	0																						
2	ppu_public	60	9035894	81	8	4.0	mode2_enter	2	02	00	E0	00	00	4.0	1	0	2	0																						
2	ppu_public	60	9035896	81	0	0.0	stat_sample	3	02	00	E0	00	00	0.0	1	0	2	0																						
2	ppu_public	60	9036062	81	176	88.0	mode3_enter	3	02	00	E0	00	00	88.0	1	0	2	0																						
2	ppu_public	60	9036056	81	84	42.0	stat_sample	3	03	00	E0	00	00	42.0	1	0	2	0																						
2	ppu_public	60	9036406	81	520	260.0	mode0_enter	0	03	00	E0	00	00	260.0	1	0	2	0																						
2	ppu_public	60	9036400	81	257	128.5	stat_sample	0	00	00	E0	00	00	128.5	1	0	2	0																						
2	ppu_public	60	9036800	82	0	0.0	stat_sample	2	00	00	E0	00	00	0.0	1	0	2	0																						
2	ppu_public	60	9036800	82	2	1.0	mode2_irq_prepare	0	00	00	E0	00	00	1.0	1	0	2	0																						
2	ppu_public	60	9036808	82	0	0.0	stat_sample	2	02	00	E0	00	00	0.0	1	0	2	0																						
2	ppu_public	60	9036806	82	8	4.0	mode2_enter	2	02	00	E0	00	00	4.0	1	0	2	0																						
2	ppu_public	60	9036808	82	0	0.0	stat_sample	3	02	00	E0	00	00	0.0	1	0	2	0																						
2	ppu_public	60	9036974	82	176	88.0	mode3_enter	3	02	00	E0	00	00	88.0	1	0	2	0																						
2	ppu_public	60	9036968	82	84	42.0	stat_sample	3	03	00	E0	00	00	42.0	1	0	2	0																						
2	ppu_public	60	9037318	82	520	260.0	mode0_enter	0	03	00	E0	00	00	260.0	1	0	2	0																						
2	ppu_public	60	9037312	82	257	128.5	stat_sample	0	00	00	E0	00	00	128.5	1	0	2	0																						
2	ppu_public	60	9037712	83	0	0.0	stat_sample	2	00	00	E0	00	00	0.0	1	0	2	0																						
2	ppu_public	60	9037712	83	2	1.0	mode2_irq_prepare	0	00	00	E0	00	00	1.0	1	0	2	0																						
2	ppu_public	60	9037720	83	0	0.0	stat_sample	2	02	00	E0	00	00	0.0	1	0	2	0																						
2	ppu_public	60	9037718	83	8	4.0	mode2_enter	2	02	00	E0	00	00	4.0	1	0	2	0																						
2	ppu_public	60	9037720	83	0	0.0	stat_sample	3	02	00	E0	00	00	0.0	1	0	2	0																						
2	ppu_public	60	9037886	83	176	88.0	mode3_enter	3	02	00	E0	00	00	88.0	1	0	2	0																						
2	ppu_public	60	9037880	83	84	42.0	stat_sample	3	03	00	E0	00	00	42.0	1	0	2	0																						
2	ppu_public	60	9038230	83	520	260.0	mode0_enter	0	03	00	E0	00	00	260.0	1	0	2	0																						
2	ppu_public	60	9038224	83	257	128.5	stat_sample	0	00	00	E0	00	00	128.5	1	0	2	0																						
2	ppu_public	60	9038624	84	0	0.0	stat_sample	2	00	00	E0	00	00	0.0	1	0	2	0																						
2	ppu_public	60	9038624	84	2	1.0	mode2_irq_prepare	0	00	00	E0	00	00	1.0	1	0	2	0																						
2	ppu_public	60	9038632	84	0	0.0	stat_sample	2	02	00	E0	00	00	0.0	1	0	2	0																						
2	ppu_public	60	9038630	84	8	4.0	mode2_enter	2	02	00	E0	00	00	4.0	1	0	2	0																						
2	ppu_public	60	9038632	84	0	0.0	stat_sample	3	02	00	E0	00	00	0.0	1	0	2	0																						
2	ppu_public	60	9038798	84	176	88.0	mode3_enter	3	02	00	E0	00	00	88.0	1	0	2	0																						
2	ppu_public	60	9038792	84	84	42.0	stat_sample	3	03	00	E0	00	00	42.0	1	0	2	0																						
2	ppu_public	60	9039142	84	520	260.0	mode0_enter	0	03	00	E0	00	00	260.0	1	0	2	0																						
2	ppu_public	60	9039136	84	257	128.5	stat_sample	0	00	00	E0	00	00	128.5	1	0	2	0																						
2	ppu_public	60	9039536	85	0	0.0	stat_sample	2	00	00	E0	00	00	0.0	1	0	2	0																						
2	ppu_public	60	9039536	85	2	1.0	mode2_irq_prepare	0	00	00	E0	00	00	1.0	1	0	2	0																						
2	ppu_public	60	9039544	85	0	0.0	stat_sample	2	02	00	E0	00	00	0.0	1	0	2	0																						
2	ppu_public	60	9039542	85	8	4.0	mode2_enter	2	02	00	E0	00	00	4.0	1	0	2	0																						
2	ppu_public	60	9039544	85	0	0.0	stat_sample	3	02	00	E0	00	00	0.0	1	0	2	0																						
2	ppu_public	60	9039710	85	176	88.0	mode3_enter	3	02	00	E0	00	00	88.0	1	0	2	0																						
2	ppu_public	60	9039704	85	84	42.0	stat_sample	3	03	00	E0	00	00	42.0	1	0	2	0																						
2	ppu_public	60	9040054	85	520	260.0	mode0_enter	0	03	00	E0	00	00	260.0	1	0	2	0																						
2	ppu_public	60	9040048	85	257	128.5	stat_sample	0	00	00	E0	00	00	128.5	1	0	2	0																						
2	ppu_public	60	9040448	86	0	0.0	stat_sample	2	00	00	E0	00	00	0.0	1	0	2	0																						
2	ppu_public	60	9040448	86	2	1.0	mode2_irq_prepare	0	00	00	E0	00	00	1.0	1	0	2	0																						
2	ppu_public	60	9040456	86	0	0.0	stat_sample	2	02	00	E0	00	00	0.0	1	0	2	0																						
2	ppu_public	60	9040454	86	8	4.0	mode2_enter	2	02	00	E0	00	00	4.0	1	0	2	0																						
2	ppu_public	60	9040456	86	0	0.0	stat_sample	3	02	00	E0	00	00	0.0	1	0	2	0																						
2	ppu_public	60	9040622	86	176	88.0	mode3_enter	3	02	00	E0	00	00	88.0	1	0	2	0																						
2	ppu_public	60	9040616	86	84	42.0	stat_sample	3	03	00	E0	00	00	42.0	1	0	2	0																						
2	ppu_public	60	9040966	86	520	260.0	mode0_enter	0	03	00	E0	00	00	260.0	1	0	2	0																						
2	ppu_public	60	9040960	86	257	128.5	stat_sample	0	00	00	E0	00	00	128.5	1	0	2	0																						
2	ppu_public	60	9041360	87	0	0.0	stat_sample	2	00	00	E0	00	00	0.0	1	0	2	0																						
2	ppu_public	60	9041360	87	2	1.0	mode2_irq_prepare	0	00	00	E0	00	00	1.0	1	0	2	0																						
2	ppu_public	60	9041368	87	0	0.0	stat_sample	2	02	00	E0	00	00	0.0	1	0	2	0																						
2	ppu_public	60	9041366	87	8	4.0	mode2_enter	2	02	00	E0	00	00	4.0	1	0	2	0																						
2	ppu_public	60	9041368	87	0	0.0	stat_sample	3	02	00	E0	00	00	0.0	1	0	2	0																						
2	ppu_public	60	9041534	87	176	88.0	mode3_enter	3	02	00	E0	00	00	88.0	1	0	2	0																						
2	ppu_public	60	9041528	87	84	42.0	stat_sample	3	03	00	E0	00	00	42.0	1	0	2	0																						
2	ppu_public	60	9041878	87	520	260.0	mode0_enter	0	03	00	E0	00	00	260.0	1	0	2	0																						
2	ppu_public	60	9041872	87	257	128.5	stat_sample	0	00	00	E0	00	00	128.5	1	0	2	0																						
2	ppu_public	60	9042272	88	0	0.0	stat_sample	2	00	00	E0	00	00	0.0	1	0	2	0																						
2	ppu_public	60	9042272	88	2	1.0	mode2_irq_prepare	0	00	00	E0	00	00	1.0	1	0	2	0																						
2	ppu_public	60	9042280	88	0	0.0	stat_sample	2	02	00	E0	00	00	0.0	1	0	2	0																						
2	ppu_public	60	9042278	88	8	4.0	mode2_enter	2	02	00	E0	00	00	4.0	1	0	2	0																						
2	ppu_public	60	9042280	88	0	0.0	stat_sample	3	02	00	E0	00	00	0.0	1	0	2	0																						
2	ppu_public	60	9042446	88	176	88.0	mode3_enter	3	02	00	E0	00	00	88.0	1	0	2	0																						
2	ppu_public	60	9042440	88	84	42.0	stat_sample	3	03	00	E0	00	00	42.0	1	0	2	0																						
2	ppu_public	60	9042790	88	520	260.0	mode0_enter	0	03	00	E0	00	00	260.0	1	0	2	0																						
2	ppu_public	60	9042784	88	257	128.5	stat_sample	0	00	00	E0	00	00	128.5	1	0	2	0																						
2	ppu_public	60	9043184	89	0	0.0	stat_sample	2	00	00	E0	00	00	0.0	1	0	2	0																						
2	ppu_public	60	9043184	89	2	1.0	mode2_irq_prepare	0	00	00	E0	00	00	1.0	1	0	2	0																						
2	ppu_public	60	9043192	89	0	0.0	stat_sample	2	02	00	E0	00	00	0.0	1	0	2	0																						
2	ppu_public	60	9043190	89	8	4.0	mode2_enter	2	02	00	E0	00	00	4.0	1	0	2	0																						
2	ppu_public	60	9043192	89	0	0.0	stat_sample	3	02	00	E0	00	00	0.0	1	0	2	0																						
2	ppu_public	60	9043358	89	176	88.0	mode3_enter	3	02	00	E0	00	00	88.0	1	0	2	0																						
2	ppu_public	60	9043352	89	84	42.0	stat_sample	3	03	00	E0	00	00	42.0	1	0	2	0																						
2	ppu_public	60	9043702	89	520	260.0	mode0_enter	0	03	00	E0	00	00	260.0	1	0	2	0																						
2	ppu_public	60	9043696	89	257	128.5	stat_sample	0	00	00	E0	00	00	128.5	1	0	2	0																						
2	ppu_public	60	9044096	90	0	0.0	stat_sample	2	00	00	E0	00	00	0.0	1	0	2	0																						
2	ppu_public	60	9044096	90	2	1.0	mode2_irq_prepare	0	00	00	E0	00	00	1.0	1	0	2	0																						
2	ppu_public	60	9044104	90	0	0.0	stat_sample	2	02	00	E0	00	00	0.0	1	0	2	0																						
2	ppu_public	60	9044102	90	8	4.0	mode2_enter	2	02	00	E0	00	00	4.0	1	0	2	0																						
2	ppu_public	60	9044104	90	0	0.0	stat_sample	3	02	00	E0	00	00	0.0	1	0	2	0																						
2	ppu_public	60	9044270	90	176	88.0	mode3_enter	3	02	00	E0	00	00	88.0	1	0	2	0																						
2	ppu_public	60	9044264	90	84	42.0	stat_sample	3	03	00	E0	00	00	42.0	1	0	2	0																						
2	ppu_public	60	9044614	90	520	260.0	mode0_enter	0	03	00	E0	00	00	260.0	1	0	2	0																						
2	ppu_public	60	9044608	90	257	128.5	stat_sample	0	00	00	E0	00	00	128.5	1	0	2	0																						
2	ppu_public	60	9045008	91	0	0.0	stat_sample	2	00	00	E0	00	00	0.0	1	0	2	0																						
2	ppu_public	60	9045008	91	2	1.0	mode2_irq_prepare	0	00	00	E0	00	00	1.0	1	0	2	0																						
2	ppu_public	60	9045016	91	0	0.0	stat_sample	2	02	00	E0	00	00	0.0	1	0	2	0																						
2	ppu_public	60	9045014	91	8	4.0	mode2_enter	2	02	00	E0	00	00	4.0	1	0	2	0																						
2	ppu_public	60	9045016	91	0	0.0	stat_sample	3	02	00	E0	00	00	0.0	1	0	2	0																						
2	ppu_public	60	9045182	91	176	88.0	mode3_enter	3	02	00	E0	00	00	88.0	1	0	2	0																						
2	ppu_public	60	9045176	91	84	42.0	stat_sample	3	03	00	E0	00	00	42.0	1	0	2	0																						
2	ppu_public	60	9045526	91	520	260.0	mode0_enter	0	03	00	E0	00	00	260.0	1	0	2	0																						
2	ppu_public	60	9045520	91	257	128.5	stat_sample	0	00	00	E0	00	00	128.5	1	0	2	0																						
2	ppu_public	60	9045920	92	0	0.0	stat_sample	2	00	00	E0	00	00	0.0	1	0	2	0																						
2	ppu_public	60	9045920	92	2	1.0	mode2_irq_prepare	0	00	00	E0	00	00	1.0	1	0	2	0																						
2	ppu_public	60	9045928	92	0	0.0	stat_sample	2	02	00	E0	00	00	0.0	1	0	2	0																						
2	ppu_public	60	9045926	92	8	4.0	mode2_enter	2	02	00	E0	00	00	4.0	1	0	2	0																						
2	ppu_public	60	9045928	92	0	0.0	stat_sample	3	02	00	E0	00	00	0.0	1	0	2	0																						
2	ppu_public	60	9046094	92	176	88.0	mode3_enter	3	02	00	E0	00	00	88.0	1	0	2	0																						
2	ppu_public	60	9046088	92	84	42.0	stat_sample	3	03	00	E0	00	00	42.0	1	0	2	0																						
2	ppu_public	60	9046438	92	520	260.0	mode0_enter	0	03	00	E0	00	00	260.0	1	0	2	0																						
2	ppu_public	60	9046432	92	257	128.5	stat_sample	0	00	00	E0	00	00	128.5	1	0	2	0																						
2	ppu_public	60	9046832	93	0	0.0	stat_sample	2	00	00	E0	00	00	0.0	1	0	2	0																						
2	ppu_public	60	9046832	93	2	1.0	mode2_irq_prepare	0	00	00	E0	00	00	1.0	1	0	2	0																						
2	ppu_public	60	9046840	93	0	0.0	stat_sample	2	02	00	E0	00	00	0.0	1	0	2	0																						
2	ppu_public	60	9046838	93	8	4.0	mode2_enter	2	02	00	E0	00	00	4.0	1	0	2	0																						
2	ppu_public	60	9046840	93	0	0.0	stat_sample	3	02	00	E0	00	00	0.0	1	0	2	0																						
2	ppu_public	60	9047006	93	176	88.0	mode3_enter	3	02	00	E0	00	00	88.0	1	0	2	0																						
2	ppu_public	60	9047000	93	84	42.0	stat_sample	3	03	00	E0	00	00	42.0	1	0	2	0																						
2	ppu_public	60	9047350	93	520	260.0	mode0_enter	0	03	00	E0	00	00	260.0	1	0	2	0																						
2	ppu_public	60	9047344	93	257	128.5	stat_sample	0	00	00	E0	00	00	128.5	1	0	2	0																						
2	ppu_public	60	9047744	94	0	0.0	stat_sample	2	00	00	E0	00	00	0.0	1	0	2	0																						
2	ppu_public	60	9047744	94	2	1.0	mode2_irq_prepare	0	00	00	E0	00	00	1.0	1	0	2	0																						
2	ppu_public	60	9047752	94	0	0.0	stat_sample	2	02	00	E0	00	00	0.0	1	0	2	0																						
2	ppu_public	60	9047750	94	8	4.0	mode2_enter	2	02	00	E0	00	00	4.0	1	0	2	0																						
2	ppu_public	60	9047752	94	0	0.0	stat_sample	3	02	00	E0	00	00	0.0	1	0	2	0																						
2	ppu_public	60	9047918	94	176	88.0	mode3_enter	3	02	00	E0	00	00	88.0	1	0	2	0																						
2	ppu_public	60	9047912	94	84	42.0	stat_sample	3	03	00	E0	00	00	42.0	1	0	2	0																						
2	ppu_public	60	9048262	94	520	260.0	mode0_enter	0	03	00	E0	00	00	260.0	1	0	2	0																						
2	ppu_public	60	9048256	94	257	128.5	stat_sample	0	00	00	E0	00	00	128.5	1	0	2	0																						
2	ppu_public	60	9048656	95	0	0.0	stat_sample	2	00	00	E0	00	00	0.0	1	0	2	0																						
2	ppu_public	60	9048656	95	2	1.0	mode2_irq_prepare	0	00	00	E0	00	00	1.0	1	0	2	0																						
2	ppu_public	60	9048664	95	0	0.0	stat_sample	2	02	00	E0	00	00	0.0	1	0	2	0																						
2	ppu_public	60	9048662	95	8	4.0	mode2_enter	2	02	00	E0	00	00	4.0	1	0	2	0																						
2	ppu_public	60	9048664	95	0	0.0	stat_sample	3	02	00	E0	00	00	0.0	1	0	2	0																						
2	ppu_public	60	9048830	95	176	88.0	mode3_enter	3	02	00	E0	00	00	88.0	1	0	2	0																						
2	ppu_public	60	9048824	95	84	42.0	stat_sample	3	03	00	E0	00	00	42.0	1	0	2	0																						
2	ppu_public	60	9049174	95	520	260.0	mode0_enter	0	03	00	E0	00	00	260.0	1	0	2	0																						
2	ppu_public	60	9049168	95	257	128.5	stat_sample	0	00	00	E0	00	00	128.5	1	0	2	0																						
2	ppu_public	60	9049568	96	0	0.0	stat_sample	2	00	00	E0	00	00	0.0	1	0	2	0																						
2	ppu_public	60	9049568	96	2	1.0	mode2_irq_prepare	0	00	00	E0	00	00	1.0	1	0	2	0																						
2	ppu_public	60	9049576	96	0	0.0	stat_sample	2	02	00	E0	00	00	0.0	1	0	2	0																						
2	ppu_public	60	9049574	96	8	4.0	mode2_enter	2	02	00	E0	00	00	4.0	1	0	2	0																						
2	ppu_public	60	9049576	96	0	0.0	stat_sample	3	02	00	E0	00	00	0.0	1	0	2	0																						
2	ppu_public	60	9049742	96	176	88.0	mode3_enter	3	02	00	E0	00	00	88.0	1	0	2	0																						
2	ppu_public	60	9049736	96	84	42.0	stat_sample	3	03	00	E0	00	00	42.0	1	0	2	0																						
2	ppu_public	60	9050086	96	520	260.0	mode0_enter	0	03	00	E0	00	00	260.0	1	0	2	0																						
2	ppu_public	60	9050080	96	257	128.5	stat_sample	0	00	00	E0	00	00	128.5	1	0	2	0																						
2	ppu_public	60	9050480	97	0	0.0	stat_sample	2	00	00	E0	00	00	0.0	1	0	2	0																						
2	ppu_public	60	9050480	97	2	1.0	mode2_irq_prepare	0	00	00	E0	00	00	1.0	1	0	2	0																						
2	ppu_public	60	9050488	97	0	0.0	stat_sample	2	02	00	E0	00	00	0.0	1	0	2	0																						
2	ppu_public	60	9050486	97	8	4.0	mode2_enter	2	02	00	E0	00	00	4.0	1	0	2	0																						
2	ppu_public	60	9050488	97	0	0.0	stat_sample	3	02	00	E0	00	00	0.0	1	0	2	0																						
2	ppu_public	60	9050654	97	176	88.0	mode3_enter	3	02	00	E0	00	00	88.0	1	0	2	0																						
2	ppu_public	60	9050648	97	84	42.0	stat_sample	3	03	00	E0	00	00	42.0	1	0	2	0																						
2	ppu_public	60	9050998	97	520	260.0	mode0_enter	0	03	00	E0	00	00	260.0	1	0	2	0																						
2	ppu_public	60	9050992	97	257	128.5	stat_sample	0	00	00	E0	00	00	128.5	1	0	2	0																						
2	ppu_public	60	9051392	98	0	0.0	stat_sample	2	00	00	E0	00	00	0.0	1	0	2	0																						
2	ppu_public	60	9051392	98	2	1.0	mode2_irq_prepare	0	00	00	E0	00	00	1.0	1	0	2	0																						
2	ppu_public	60	9051400	98	0	0.0	stat_sample	2	02	00	E0	00	00	0.0	1	0	2	0																						
2	ppu_public	60	9051398	98	8	4.0	mode2_enter	2	02	00	E0	00	00	4.0	1	0	2	0																						
2	ppu_public	60	9051400	98	0	0.0	stat_sample	3	02	00	E0	00	00	0.0	1	0	2	0																						
2	ppu_public	60	9051566	98	176	88.0	mode3_enter	3	02	00	E0	00	00	88.0	1	0	2	0																						
2	ppu_public	60	9051560	98	84	42.0	stat_sample	3	03	00	E0	00	00	42.0	1	0	2	0																						
2	ppu_public	60	9051910	98	520	260.0	mode0_enter	0	03	00	E0	00	00	260.0	1	0	2	0																						
2	ppu_public	60	9051904	98	257	128.5	stat_sample	0	00	00	E0	00	00	128.5	1	0	2	0																						
2	ppu_public	60	9052304	99	0	0.0	stat_sample	2	00	00	E0	00	00	0.0	1	0	2	0																						
2	ppu_public	60	9052304	99	2	1.0	mode2_irq_prepare	0	00	00	E0	00	00	1.0	1	0	2	0																						
2	ppu_public	60	9052312	99	0	0.0	stat_sample	2	02	00	E0	00	00	0.0	1	0	2	0																						
2	ppu_public	60	9052310	99	8	4.0	mode2_enter	2	02	00	E0	00	00	4.0	1	0	2	0																						
2	ppu_public	60	9052312	99	0	0.0	stat_sample	3	02	00	E0	00	00	0.0	1	0	2	0																						
2	ppu_public	60	9052478	99	176	88.0	mode3_enter	3	02	00	E0	00	00	88.0	1	0	2	0																						
2	ppu_public	60	9052472	99	84	42.0	stat_sample	3	03	00	E0	00	00	42.0	1	0	2	0																						
2	ppu_public	60	9052822	99	520	260.0	mode0_enter	0	03	00	E0	00	00	260.0	1	0	2	0																						
2	ppu_public	60	9052816	99	257	128.5	stat_sample	0	00	00	E0	00	00	128.5	1	0	2	0																						
2	ppu_public	60	9053216	100	0	0.0	stat_sample	2	00	00	E0	00	00	0.0	1	0	2	0																						
2	ppu_public	60	9053216	100	2	1.0	mode2_irq_prepare	0	00	00	E0	00	00	1.0	1	0	2	0																						
2	ppu_public	60	9053224	100	0	0.0	stat_sample	2	02	00	E0	00	00	0.0	1	0	2	0																						
2	ppu_public	60	9053222	100	8	4.0	mode2_enter	2	02	00	E0	00	00	4.0	1	0	2	0																						
2	ppu_public	60	9053224	100	0	0.0	stat_sample	3	02	00	E0	00	00	0.0	1	0	2	0																						
2	ppu_public	60	9053390	100	176	88.0	mode3_enter	3	02	00	E0	00	00	88.0	1	0	2	0																						
2	ppu_public	60	9053384	100	84	42.0	stat_sample	3	03	00	E0	00	00	42.0	1	0	2	0																						
2	ppu_public	60	9053734	100	520	260.0	mode0_enter	0	03	00	E0	00	00	260.0	1	0	2	0																						
2	ppu_public	60	9053728	100	257	128.5	stat_sample	0	00	00	E0	00	00	128.5	1	0	2	0																						
2	ppu_public	60	9054128	101	0	0.0	stat_sample	2	00	00	E0	00	00	0.0	1	0	2	0																						
2	ppu_public	60	9054128	101	2	1.0	mode2_irq_prepare	0	00	00	E0	00	00	1.0	1	0	2	0																						
2	ppu_public	60	9054136	101	0	0.0	stat_sample	2	02	00	E0	00	00	0.0	1	0	2	0																						
2	ppu_public	60	9054134	101	8	4.0	mode2_enter	2	02	00	E0	00	00	4.0	1	0	2	0																						
2	ppu_public	60	9054136	101	0	0.0	stat_sample	3	02	00	E0	00	00	0.0	1	0	2	0																						
2	ppu_public	60	9054302	101	176	88.0	mode3_enter	3	02	00	E0	00	00	88.0	1	0	2	0																						
2	ppu_public	60	9054296	101	84	42.0	stat_sample	3	03	00	E0	00	00	42.0	1	0	2	0																						
2	ppu_public	60	9054646	101	520	260.0	mode0_enter	0	03	00	E0	00	00	260.0	1	0	2	0																						
2	ppu_public	60	9054640	101	257	128.5	stat_sample	0	00	00	E0	00	00	128.5	1	0	2	0																						
2	ppu_public	60	9055040	102	0	0.0	stat_sample	2	00	00	E0	00	00	0.0	1	0	2	0																						
2	ppu_public	60	9055040	102	2	1.0	mode2_irq_prepare	0	00	00	E0	00	00	1.0	1	0	2	0																						
2	ppu_public	60	9055048	102	0	0.0	stat_sample	2	02	00	E0	00	00	0.0	1	0	2	0																						
2	ppu_public	60	9055046	102	8	4.0	mode2_enter	2	02	00	E0	00	00	4.0	1	0	2	0																						
2	ppu_public	60	9055048	102	0	0.0	stat_sample	3	02	00	E0	00	00	0.0	1	0	2	0																						
2	ppu_public	60	9055214	102	176	88.0	mode3_enter	3	02	00	E0	00	00	88.0	1	0	2	0																						
2	ppu_public	60	9055208	102	84	42.0	stat_sample	3	03	00	E0	00	00	42.0	1	0	2	0																						
2	ppu_public	60	9055558	102	520	260.0	mode0_enter	0	03	00	E0	00	00	260.0	1	0	2	0																						
2	ppu_public	60	9055552	102	257	128.5	stat_sample	0	00	00	E0	00	00	128.5	1	0	2	0																						
2	ppu_public	60	9055952	103	0	0.0	stat_sample	2	00	00	E0	00	00	0.0	1	0	2	0																						
2	ppu_public	60	9055952	103	2	1.0	mode2_irq_prepare	0	00	00	E0	00	00	1.0	1	0	2	0																						
2	ppu_public	60	9055960	103	0	0.0	stat_sample	2	02	00	E0	00	00	0.0	1	0	2	0																						
2	ppu_public	60	9055958	103	8	4.0	mode2_enter	2	02	00	E0	00	00	4.0	1	0	2	0																						
2	ppu_public	60	9055960	103	0	0.0	stat_sample	3	02	00	E0	00	00	0.0	1	0	2	0																						
2	ppu_public	60	9056126	103	176	88.0	mode3_enter	3	02	00	E0	00	00	88.0	1	0	2	0																						
2	ppu_public	60	9056120	103	84	42.0	stat_sample	3	03	00	E0	00	00	42.0	1	0	2	0																						
2	ppu_public	60	9056470	103	520	260.0	mode0_enter	0	03	00	E0	00	00	260.0	1	0	2	0																						
2	ppu_public	60	9056464	103	257	128.5	stat_sample	0	00	00	E0	00	00	128.5	1	0	2	0																						
2	ppu_public	60	9056864	104	0	0.0	stat_sample	2	00	00	E0	00	00	0.0	1	0	2	0																						
2	ppu_public	60	9056864	104	2	1.0	mode2_irq_prepare	0	00	00	E0	00	00	1.0	1	0	2	0																						
2	ppu_public	60	9056872	104	0	0.0	stat_sample	2	02	00	E0	00	00	0.0	1	0	2	0																						
2	ppu_public	60	9056870	104	8	4.0	mode2_enter	2	02	00	E0	00	00	4.0	1	0	2	0																						
2	ppu_public	60	9056872	104	0	0.0	stat_sample	3	02	00	E0	00	00	0.0	1	0	2	0																						
2	ppu_public	60	9057038	104	176	88.0	mode3_enter	3	02	00	E0	00	00	88.0	1	0	2	0																						
2	ppu_public	60	9057032	104	84	42.0	stat_sample	3	03	00	E0	00	00	42.0	1	0	2	0																						
2	ppu_public	60	9057382	104	520	260.0	mode0_enter	0	03	00	E0	00	00	260.0	1	0	2	0																						
2	ppu_public	60	9057376	104	257	128.5	stat_sample	0	00	00	E0	00	00	128.5	1	0	2	0																						
2	ppu_public	60	9057776	105	0	0.0	stat_sample	2	00	00	E0	00	00	0.0	1	0	2	0																						
2	ppu_public	60	9057776	105	2	1.0	mode2_irq_prepare	0	00	00	E0	00	00	1.0	1	0	2	0																						
2	ppu_public	60	9057784	105	0	0.0	stat_sample	2	02	00	E0	00	00	0.0	1	0	2	0																						
2	ppu_public	60	9057782	105	8	4.0	mode2_enter	2	02	00	E0	00	00	4.0	1	0	2	0																						
2	ppu_public	60	9057784	105	0	0.0	stat_sample	3	02	00	E0	00	00	0.0	1	0	2	0																						
2	ppu_public	60	9057950	105	176	88.0	mode3_enter	3	02	00	E0	00	00	88.0	1	0	2	0																						
2	ppu_public	60	9057944	105	84	42.0	stat_sample	3	03	00	E0	00	00	42.0	1	0	2	0																						
2	ppu_public	60	9058294	105	520	260.0	mode0_enter	0	03	00	E0	00	00	260.0	1	0	2	0																						
2	ppu_public	60	9058288	105	257	128.5	stat_sample	0	00	00	E0	00	00	128.5	1	0	2	0																						
2	ppu_public	60	9058688	106	0	0.0	stat_sample	2	00	00	E0	00	00	0.0	1	0	2	0																						
2	ppu_public	60	9058688	106	2	1.0	mode2_irq_prepare	0	00	00	E0	00	00	1.0	1	0	2	0																						
2	ppu_public	60	9058696	106	0	0.0	stat_sample	2	02	00	E0	00	00	0.0	1	0	2	0																						
2	ppu_public	60	9058694	106	8	4.0	mode2_enter	2	02	00	E0	00	00	4.0	1	0	2	0																						
2	ppu_public	60	9058696	106	0	0.0	stat_sample	3	02	00	E0	00	00	0.0	1	0	2	0																						
2	ppu_public	60	9058862	106	176	88.0	mode3_enter	3	02	00	E0	00	00	88.0	1	0	2	0																						
2	ppu_public	60	9058856	106	84	42.0	stat_sample	3	03	00	E0	00	00	42.0	1	0	2	0																						
2	ppu_public	60	9059206	106	520	260.0	mode0_enter	0	03	00	E0	00	00	260.0	1	0	2	0																						
2	ppu_public	60	9059200	106	257	128.5	stat_sample	0	00	00	E0	00	00	128.5	1	0	2	0																						
2	ppu_public	60	9059600	107	0	0.0	stat_sample	2	00	00	E0	00	00	0.0	1	0	2	0																						
2	ppu_public	60	9059600	107	2	1.0	mode2_irq_prepare	0	00	00	E0	00	00	1.0	1	0	2	0																						
2	ppu_public	60	9059608	107	0	0.0	stat_sample	2	02	00	E0	00	00	0.0	1	0	2	0																						
2	ppu_public	60	9059606	107	8	4.0	mode2_enter	2	02	00	E0	00	00	4.0	1	0	2	0																						
2	ppu_public	60	9059608	107	0	0.0	stat_sample	3	02	00	E0	00	00	0.0	1	0	2	0																						
2	ppu_public	60	9059774	107	176	88.0	mode3_enter	3	02	00	E0	00	00	88.0	1	0	2	0																						
2	ppu_public	60	9059768	107	84	42.0	stat_sample	3	03	00	E0	00	00	42.0	1	0	2	0																						
2	ppu_public	60	9060118	107	520	260.0	mode0_enter	0	03	00	E0	00	00	260.0	1	0	2	0																						
2	ppu_public	60	9060112	107	257	128.5	stat_sample	0	00	00	E0	00	00	128.5	1	0	2	0																						
2	ppu_public	60	9060512	108	0	0.0	stat_sample	2	00	00	E0	00	00	0.0	1	0	2	0																						
2	ppu_public	60	9060512	108	2	1.0	mode2_irq_prepare	0	00	00	E0	00	00	1.0	1	0	2	0																						
2	ppu_public	60	9060520	108	0	0.0	stat_sample	2	02	00	E0	00	00	0.0	1	0	2	0																						
2	ppu_public	60	9060518	108	8	4.0	mode2_enter	2	02	00	E0	00	00	4.0	1	0	2	0																						
2	ppu_public	60	9060520	108	0	0.0	stat_sample	3	02	00	E0	00	00	0.0	1	0	2	0																						
2	ppu_public	60	9060686	108	176	88.0	mode3_enter	3	02	00	E0	00	00	88.0	1	0	2	0																						
2	ppu_public	60	9060680	108	84	42.0	stat_sample	3	03	00	E0	00	00	42.0	1	0	2	0																						
2	ppu_public	60	9061030	108	520	260.0	mode0_enter	0	03	00	E0	00	00	260.0	1	0	2	0																						
2	ppu_public	60	9061024	108	257	128.5	stat_sample	0	00	00	E0	00	00	128.5	1	0	2	0																						
2	ppu_public	60	9061424	109	0	0.0	stat_sample	2	00	00	E0	00	00	0.0	1	0	2	0																						
2	ppu_public	60	9061424	109	2	1.0	mode2_irq_prepare	0	00	00	E0	00	00	1.0	1	0	2	0																						
2	ppu_public	60	9061432	109	0	0.0	stat_sample	2	02	00	E0	00	00	0.0	1	0	2	0																						
2	ppu_public	60	9061430	109	8	4.0	mode2_enter	2	02	00	E0	00	00	4.0	1	0	2	0																						
2	ppu_public	60	9061432	109	0	0.0	stat_sample	3	02	00	E0	00	00	0.0	1	0	2	0																						
2	ppu_public	60	9061598	109	176	88.0	mode3_enter	3	02	00	E0	00	00	88.0	1	0	2	0																						
2	ppu_public	60	9061592	109	84	42.0	stat_sample	3	03	00	E0	00	00	42.0	1	0	2	0																						
2	ppu_public	60	9061942	109	520	260.0	mode0_enter	0	03	00	E0	00	00	260.0	1	0	2	0																						
2	ppu_public	60	9061936	109	257	128.5	stat_sample	0	00	00	E0	00	00	128.5	1	0	2	0																						
2	ppu_public	60	9062336	110	0	0.0	stat_sample	2	00	00	E0	00	00	0.0	1	0	2	0																						
2	ppu_public	60	9062336	110	2	1.0	mode2_irq_prepare	0	00	00	E0	00	00	1.0	1	0	2	0																						
2	ppu_public	60	9062344	110	0	0.0	stat_sample	2	02	00	E0	00	00	0.0	1	0	2	0																						
2	ppu_public	60	9062342	110	8	4.0	mode2_enter	2	02	00	E0	00	00	4.0	1	0	2	0																						
2	ppu_public	60	9062344	110	0	0.0	stat_sample	3	02	00	E0	00	00	0.0	1	0	2	0																						
2	ppu_public	60	9062510	110	176	88.0	mode3_enter	3	02	00	E0	00	00	88.0	1	0	2	0																						
2	ppu_public	60	9062504	110	84	42.0	stat_sample	3	03	00	E0	00	00	42.0	1	0	2	0																						
2	ppu_public	60	9062854	110	520	260.0	mode0_enter	0	03	00	E0	00	00	260.0	1	0	2	0																						
2	ppu_public	60	9062848	110	257	128.5	stat_sample	0	00	00	E0	00	00	128.5	1	0	2	0																						
2	ppu_public	60	9063248	111	0	0.0	stat_sample	2	00	00	E0	00	00	0.0	1	0	2	0																						
2	ppu_public	60	9063248	111	2	1.0	mode2_irq_prepare	0	00	00	E0	00	00	1.0	1	0	2	0																						
2	ppu_public	60	9063256	111	0	0.0	stat_sample	2	02	00	E0	00	00	0.0	1	0	2	0																						
2	ppu_public	60	9063254	111	8	4.0	mode2_enter	2	02	00	E0	00	00	4.0	1	0	2	0																						
2	ppu_public	60	9063256	111	0	0.0	stat_sample	3	02	00	E0	00	00	0.0	1	0	2	0																						
2	ppu_public	60	9063422	111	176	88.0	mode3_enter	3	02	00	E0	00	00	88.0	1	0	2	0																						
2	ppu_public	60	9063416	111	84	42.0	stat_sample	3	03	00	E0	00	00	42.0	1	0	2	0																						
2	ppu_public	60	9063766	111	520	260.0	mode0_enter	0	03	00	E0	00	00	260.0	1	0	2	0																						
2	ppu_public	60	9063760	111	257	128.5	stat_sample	0	00	00	E0	00	00	128.5	1	0	2	0																						
2	ppu_public	60	9064160	112	0	0.0	stat_sample	2	00	00	E0	00	00	0.0	1	0	2	0																						
2	ppu_public	60	9064160	112	2	1.0	mode2_irq_prepare	0	00	00	E0	00	00	1.0	1	0	2	0																						
2	ppu_public	60	9064168	112	0	0.0	stat_sample	2	02	00	E0	00	00	0.0	1	0	2	0																						
2	ppu_public	60	9064166	112	8	4.0	mode2_enter	2	02	00	E0	00	00	4.0	1	0	2	0																						
2	ppu_public	60	9064168	112	0	0.0	stat_sample	3	02	00	E0	00	00	0.0	1	0	2	0																						
2	ppu_public	60	9064334	112	176	88.0	mode3_enter	3	02	00	E0	00	00	88.0	1	0	2	0																						
2	ppu_public	60	9064328	112	84	42.0	stat_sample	3	03	00	E0	00	00	42.0	1	0	2	0																						
2	ppu_public	60	9064678	112	520	260.0	mode0_enter	0	03	00	E0	00	00	260.0	1	0	2	0																						
2	ppu_public	60	9064672	112	257	128.5	stat_sample	0	00	00	E0	00	00	128.5	1	0	2	0																						
2	ppu_public	60	9065072	113	0	0.0	stat_sample	2	00	00	E0	00	00	0.0	1	0	2	0																						
2	ppu_public	60	9065072	113	2	1.0	mode2_irq_prepare	0	00	00	E0	00	00	1.0	1	0	2	0																						
2	ppu_public	60	9065080	113	0	0.0	stat_sample	2	02	00	E0	00	00	0.0	1	0	2	0																						
2	ppu_public	60	9065078	113	8	4.0	mode2_enter	2	02	00	E0	00	00	4.0	1	0	2	0																						
2	ppu_public	60	9065080	113	0	0.0	stat_sample	3	02	00	E0	00	00	0.0	1	0	2	0																						
2	ppu_public	60	9065246	113	176	88.0	mode3_enter	3	02	00	E0	00	00	88.0	1	0	2	0																						
2	ppu_public	60	9065240	113	84	42.0	stat_sample	3	03	00	E0	00	00	42.0	1	0	2	0																						
2	ppu_public	60	9065590	113	520	260.0	mode0_enter	0	03	00	E0	00	00	260.0	1	0	2	0																						
2	ppu_public	60	9065584	113	257	128.5	stat_sample	0	00	00	E0	00	00	128.5	1	0	2	0																						
2	ppu_public	60	9065984	114	0	0.0	stat_sample	2	00	00	E0	00	00	0.0	1	0	2	0																						
2	ppu_public	60	9065984	114	2	1.0	mode2_irq_prepare	0	00	00	E0	00	00	1.0	1	0	2	0																						
2	ppu_public	60	9065992	114	0	0.0	stat_sample	2	02	00	E0	00	00	0.0	1	0	2	0																						
2	ppu_public	60	9065990	114	8	4.0	mode2_enter	2	02	00	E0	00	00	4.0	1	0	2	0																						
2	ppu_public	60	9065992	114	0	0.0	stat_sample	3	02	00	E0	00	00	0.0	1	0	2	0																						
2	ppu_public	60	9066158	114	176	88.0	mode3_enter	3	02	00	E0	00	00	88.0	1	0	2	0																						
2	ppu_public	60	9066152	114	84	42.0	stat_sample	3	03	00	E0	00	00	42.0	1	0	2	0																						
2	ppu_public	60	9066502	114	520	260.0	mode0_enter	0	03	00	E0	00	00	260.0	1	0	2	0																						
2	ppu_public	60	9066496	114	257	128.5	stat_sample	0	00	00	E0	00	00	128.5	1	0	2	0																						
2	ppu_public	60	9066896	115	0	0.0	stat_sample	2	00	00	E0	00	00	0.0	1	0	2	0																						
2	ppu_public	60	9066896	115	2	1.0	mode2_irq_prepare	0	00	00	E0	00	00	1.0	1	0	2	0																						
2	ppu_public	60	9066904	115	0	0.0	stat_sample	2	02	00	E0	00	00	0.0	1	0	2	0																						
2	ppu_public	60	9066902	115	8	4.0	mode2_enter	2	02	00	E0	00	00	4.0	1	0	2	0																						
2	ppu_public	60	9066904	115	0	0.0	stat_sample	3	02	00	E0	00	00	0.0	1	0	2	0																						
2	ppu_public	60	9067070	115	176	88.0	mode3_enter	3	02	00	E0	00	00	88.0	1	0	2	0																						
2	ppu_public	60	9067064	115	84	42.0	stat_sample	3	03	00	E0	00	00	42.0	1	0	2	0																						
2	ppu_public	60	9067414	115	520	260.0	mode0_enter	0	03	00	E0	00	00	260.0	1	0	2	0																						
2	ppu_public	60	9067408	115	257	128.5	stat_sample	0	00	00	E0	00	00	128.5	1	0	2	0																						
2	ppu_public	60	9067808	116	0	0.0	stat_sample	2	00	00	E0	00	00	0.0	1	0	2	0																						
2	ppu_public	60	9067808	116	2	1.0	mode2_irq_prepare	0	00	00	E0	00	00	1.0	1	0	2	0																						
2	ppu_public	60	9067816	116	0	0.0	stat_sample	2	02	00	E0	00	00	0.0	1	0	2	0																						
2	ppu_public	60	9067814	116	8	4.0	mode2_enter	2	02	00	E0	00	00	4.0	1	0	2	0																						
2	ppu_public	60	9067816	116	0	0.0	stat_sample	3	02	00	E0	00	00	0.0	1	0	2	0																						
2	ppu_public	60	9067982	116	176	88.0	mode3_enter	3	02	00	E0	00	00	88.0	1	0	2	0																						
2	ppu_public	60	9067976	116	84	42.0	stat_sample	3	03	00	E0	00	00	42.0	1	0	2	0																						
2	ppu_public	60	9068326	116	520	260.0	mode0_enter	0	03	00	E0	00	00	260.0	1	0	2	0																						
2	ppu_public	60	9068320	116	257	128.5	stat_sample	0	00	00	E0	00	00	128.5	1	0	2	0																						
2	ppu_public	60	9068720	117	0	0.0	stat_sample	2	00	00	E0	00	00	0.0	1	0	2	0																						
2	ppu_public	60	9068720	117	2	1.0	mode2_irq_prepare	0	00	00	E0	00	00	1.0	1	0	2	0																						
2	ppu_public	60	9068728	117	0	0.0	stat_sample	2	02	00	E0	00	00	0.0	1	0	2	0																						
2	ppu_public	60	9068726	117	8	4.0	mode2_enter	2	02	00	E0	00	00	4.0	1	0	2	0																						
2	ppu_public	60	9068728	117	0	0.0	stat_sample	3	02	00	E0	00	00	0.0	1	0	2	0																						
2	ppu_public	60	9068894	117	176	88.0	mode3_enter	3	02	00	E0	00	00	88.0	1	0	2	0																						
2	ppu_public	60	9068888	117	84	42.0	stat_sample	3	03	00	E0	00	00	42.0	1	0	2	0																						
2	ppu_public	60	9069238	117	520	260.0	mode0_enter	0	03	00	E0	00	00	260.0	1	0	2	0																						
2	ppu_public	60	9069232	117	257	128.5	stat_sample	0	00	00	E0	00	00	128.5	1	0	2	0																						
2	ppu_public	60	9069632	118	0	0.0	stat_sample	2	00	00	E0	00	00	0.0	1	0	2	0																						
2	ppu_public	60	9069632	118	2	1.0	mode2_irq_prepare	0	00	00	E0	00	00	1.0	1	0	2	0																						
2	ppu_public	60	9069640	118	0	0.0	stat_sample	2	02	00	E0	00	00	0.0	1	0	2	0																						
2	ppu_public	60	9069638	118	8	4.0	mode2_enter	2	02	00	E0	00	00	4.0	1	0	2	0																						
2	ppu_public	60	9069640	118	0	0.0	stat_sample	3	02	00	E0	00	00	0.0	1	0	2	0																						
2	ppu_public	60	9069806	118	176	88.0	mode3_enter	3	02	00	E0	00	00	88.0	1	0	2	0																						
2	ppu_public	60	9069800	118	84	42.0	stat_sample	3	03	00	E0	00	00	42.0	1	0	2	0																						
2	ppu_public	60	9070150	118	520	260.0	mode0_enter	0	03	00	E0	00	00	260.0	1	0	2	0																						
2	ppu_public	60	9070144	118	257	128.5	stat_sample	0	00	00	E0	00	00	128.5	1	0	2	0																						
2	ppu_public	60	9070544	119	0	0.0	stat_sample	2	00	00	E0	00	00	0.0	1	0	2	0																						
2	ppu_public	60	9070544	119	2	1.0	mode2_irq_prepare	0	00	00	E0	00	00	1.0	1	0	2	0																						
2	ppu_public	60	9070552	119	0	0.0	stat_sample	2	02	00	E0	00	00	0.0	1	0	2	0																						
2	ppu_public	60	9070550	119	8	4.0	mode2_enter	2	02	00	E0	00	00	4.0	1	0	2	0																						
2	ppu_public	60	9070552	119	0	0.0	stat_sample	3	02	00	E0	00	00	0.0	1	0	2	0																						
2	ppu_public	60	9070718	119	176	88.0	mode3_enter	3	02	00	E0	00	00	88.0	1	0	2	0																						
2	ppu_public	60	9070712	119	84	42.0	stat_sample	3	03	00	E0	00	00	42.0	1	0	2	0																						
2	ppu_public	60	9071062	119	520	260.0	mode0_enter	0	03	00	E0	00	00	260.0	1	0	2	0																						
2	ppu_public	60	9071056	119	257	128.5	stat_sample	0	00	00	E0	00	00	128.5	1	0	2	0																						
2	ppu_public	60	9071456	120	0	0.0	stat_sample	2	00	00	E0	00	00	0.0	1	0	2	0																						
2	ppu_public	60	9071456	120	2	1.0	mode2_irq_prepare	0	00	00	E0	00	00	1.0	1	0	2	0																						
2	ppu_public	60	9071464	120	0	0.0	stat_sample	2	02	00	E0	00	00	0.0	1	0	2	0																						
2	ppu_public	60	9071462	120	8	4.0	mode2_enter	2	02	00	E0	00	00	4.0	1	0	2	0																						
2	ppu_public	60	9071464	120	0	0.0	stat_sample	3	02	00	E0	00	00	0.0	1	0	2	0																						
2	ppu_public	60	9071630	120	176	88.0	mode3_enter	3	02	00	E0	00	00	88.0	1	0	2	0																						
2	ppu_public	60	9071624	120	84	42.0	stat_sample	3	03	00	E0	00	00	42.0	1	0	2	0																						
2	ppu_public	60	9071974	120	520	260.0	mode0_enter	0	03	00	E0	00	00	260.0	1	0	2	0																						
2	ppu_public	60	9071968	120	257	128.5	stat_sample	0	00	00	E0	00	00	128.5	1	0	2	0																						
2	ppu_public	60	9072368	121	0	0.0	stat_sample	2	00	00	E0	00	00	0.0	1	0	2	0																						
2	ppu_public	60	9072368	121	2	1.0	mode2_irq_prepare	0	00	00	E0	00	00	1.0	1	0	2	0																						
2	ppu_public	60	9072376	121	0	0.0	stat_sample	2	02	00	E0	00	00	0.0	1	0	2	0																						
2	ppu_public	60	9072374	121	8	4.0	mode2_enter	2	02	00	E0	00	00	4.0	1	0	2	0																						
2	ppu_public	60	9072376	121	0	0.0	stat_sample	3	02	00	E0	00	00	0.0	1	0	2	0																						
2	ppu_public	60	9072542	121	176	88.0	mode3_enter	3	02	00	E0	00	00	88.0	1	0	2	0																						
2	ppu_public	60	9072536	121	84	42.0	stat_sample	3	03	00	E0	00	00	42.0	1	0	2	0																						
2	ppu_public	60	9072886	121	520	260.0	mode0_enter	0	03	00	E0	00	00	260.0	1	0	2	0																						
2	ppu_public	60	9072880	121	257	128.5	stat_sample	0	00	00	E0	00	00	128.5	1	0	2	0																						
2	ppu_public	60	9073280	122	0	0.0	stat_sample	2	00	00	E0	00	00	0.0	1	0	2	0																						
2	ppu_public	60	9073280	122	2	1.0	mode2_irq_prepare	0	00	00	E0	00	00	1.0	1	0	2	0																						
2	ppu_public	60	9073288	122	0	0.0	stat_sample	2	02	00	E0	00	00	0.0	1	0	2	0																						
2	ppu_public	60	9073286	122	8	4.0	mode2_enter	2	02	00	E0	00	00	4.0	1	0	2	0																						
2	ppu_public	60	9073288	122	0	0.0	stat_sample	3	02	00	E0	00	00	0.0	1	0	2	0																						
2	ppu_public	60	9073454	122	176	88.0	mode3_enter	3	02	00	E0	00	00	88.0	1	0	2	0																						
2	ppu_public	60	9073448	122	84	42.0	stat_sample	3	03	00	E0	00	00	42.0	1	0	2	0																						
2	ppu_public	60	9073798	122	520	260.0	mode0_enter	0	03	00	E0	00	00	260.0	1	0	2	0																						
2	ppu_public	60	9073792	122	257	128.5	stat_sample	0	00	00	E0	00	00	128.5	1	0	2	0																						
2	ppu_public	60	9074192	123	0	0.0	stat_sample	2	00	00	E0	00	00	0.0	1	0	2	0																						
2	ppu_public	60	9074192	123	2	1.0	mode2_irq_prepare	0	00	00	E0	00	00	1.0	1	0	2	0																						
2	ppu_public	60	9074200	123	0	0.0	stat_sample	2	02	00	E0	00	00	0.0	1	0	2	0																						
2	ppu_public	60	9074198	123	8	4.0	mode2_enter	2	02	00	E0	00	00	4.0	1	0	2	0																						
2	ppu_public	60	9074200	123	0	0.0	stat_sample	3	02	00	E0	00	00	0.0	1	0	2	0																						
2	ppu_public	60	9074366	123	176	88.0	mode3_enter	3	02	00	E0	00	00	88.0	1	0	2	0																						
2	ppu_public	60	9074360	123	84	42.0	stat_sample	3	03	00	E0	00	00	42.0	1	0	2	0																						
2	ppu_public	60	9074710	123	520	260.0	mode0_enter	0	03	00	E0	00	00	260.0	1	0	2	0																						
2	ppu_public	60	9074704	123	257	128.5	stat_sample	0	00	00	E0	00	00	128.5	1	0	2	0																						
2	ppu_public	60	9075104	124	0	0.0	stat_sample	2	00	00	E0	00	00	0.0	1	0	2	0																						
2	ppu_public	60	9075104	124	2	1.0	mode2_irq_prepare	0	00	00	E0	00	00	1.0	1	0	2	0																						
2	ppu_public	60	9075112	124	0	0.0	stat_sample	2	02	00	E0	00	00	0.0	1	0	2	0																						
2	ppu_public	60	9075110	124	8	4.0	mode2_enter	2	02	00	E0	00	00	4.0	1	0	2	0																						
2	ppu_public	60	9075112	124	0	0.0	stat_sample	3	02	00	E0	00	00	0.0	1	0	2	0																						
2	ppu_public	60	9075278	124	176	88.0	mode3_enter	3	02	00	E0	00	00	88.0	1	0	2	0																						
2	ppu_public	60	9075272	124	84	42.0	stat_sample	3	03	00	E0	00	00	42.0	1	0	2	0																						
2	ppu_public	60	9075622	124	520	260.0	mode0_enter	0	03	00	E0	00	00	260.0	1	0	2	0																						
2	ppu_public	60	9075616	124	257	128.5	stat_sample	0	00	00	E0	00	00	128.5	1	0	2	0																						
2	ppu_public	60	9076016	125	0	0.0	stat_sample	2	00	00	E0	00	00	0.0	1	0	2	0																						
2	ppu_public	60	9076016	125	2	1.0	mode2_irq_prepare	0	00	00	E0	00	00	1.0	1	0	2	0																						
2	ppu_public	60	9076024	125	0	0.0	stat_sample	2	02	00	E0	00	00	0.0	1	0	2	0																						
2	ppu_public	60	9076022	125	8	4.0	mode2_enter	2	02	00	E0	00	00	4.0	1	0	2	0																						
2	ppu_public	60	9076024	125	0	0.0	stat_sample	3	02	00	E0	00	00	0.0	1	0	2	0																						
2	ppu_public	60	9076190	125	176	88.0	mode3_enter	3	02	00	E0	00	00	88.0	1	0	2	0																						
2	ppu_public	60	9076184	125	84	42.0	stat_sample	3	03	00	E0	00	00	42.0	1	0	2	0																						
2	ppu_public	60	9076534	125	520	260.0	mode0_enter	0	03	00	E0	00	00	260.0	1	0	2	0																						
2	ppu_public	60	9076528	125	257	128.5	stat_sample	0	00	00	E0	00	00	128.5	1	0	2	0																						
2	ppu_public	60	9076928	126	0	0.0	stat_sample	2	00	00	E0	00	00	0.0	1	0	2	0																						
2	ppu_public	60	9076928	126	2	1.0	mode2_irq_prepare	0	00	00	E0	00	00	1.0	1	0	2	0																						
2	ppu_public	60	9076936	126	0	0.0	stat_sample	2	02	00	E0	00	00	0.0	1	0	2	0																						
2	ppu_public	60	9076934	126	8	4.0	mode2_enter	2	02	00	E0	00	00	4.0	1	0	2	0																						
2	ppu_public	60	9076936	126	0	0.0	stat_sample	3	02	00	E0	00	00	0.0	1	0	2	0																						
2	ppu_public	60	9077102	126	176	88.0	mode3_enter	3	02	00	E0	00	00	88.0	1	0	2	0																						
2	ppu_public	60	9077096	126	84	42.0	stat_sample	3	03	00	E0	00	00	42.0	1	0	2	0																						
2	ppu_public	60	9077446	126	520	260.0	mode0_enter	0	03	00	E0	00	00	260.0	1	0	2	0																						
2	ppu_public	60	9077440	126	257	128.5	stat_sample	0	00	00	E0	00	00	128.5	1	0	2	0																						
2	ppu_public	60	9077840	127	0	0.0	stat_sample	2	00	00	E0	00	00	0.0	1	0	2	0																						
2	ppu_public	60	9077840	127	2	1.0	mode2_irq_prepare	0	00	00	E0	00	00	1.0	1	0	2	0																						
2	ppu_public	60	9077848	127	0	0.0	stat_sample	2	02	00	E0	00	00	0.0	1	0	2	0																						
2	ppu_public	60	9077846	127	8	4.0	mode2_enter	2	02	00	E0	00	00	4.0	1	0	2	0																						
2	ppu_public	60	9077848	127	0	0.0	stat_sample	3	02	00	E0	00	00	0.0	1	0	2	0																						
2	ppu_public	60	9078014	127	176	88.0	mode3_enter	3	02	00	E0	00	00	88.0	1	0	2	0																						
2	ppu_public	60	9078008	127	84	42.0	stat_sample	3	03	00	E0	00	00	42.0	1	0	2	0																						
2	ppu_public	60	9078358	127	520	260.0	mode0_enter	0	03	00	E0	00	00	260.0	1	0	2	0																						
2	ppu_public	60	9078352	127	257	128.5	stat_sample	0	00	00	E0	00	00	128.5	1	0	2	0																						
2	ppu_public	60	9078752	128	0	0.0	stat_sample	2	00	00	E0	00	00	0.0	1	0	2	0																						
2	ppu_public	60	9078752	128	2	1.0	mode2_irq_prepare	0	00	00	E0	00	00	1.0	1	0	2	0																						
2	ppu_public	60	9078760	128	0	0.0	stat_sample	2	02	00	E0	00	00	0.0	1	0	2	0																						
2	ppu_public	60	9078758	128	8	4.0	mode2_enter	2	02	00	E0	00	00	4.0	1	0	2	0																						
2	ppu_public	60	9078760	128	0	0.0	stat_sample	3	02	00	E0	00	00	0.0	1	0	2	0																						
2	ppu_public	60	9078926	128	176	88.0	mode3_enter	3	02	00	E0	00	00	88.0	1	0	2	0																						
2	ppu_public	60	9078920	128	84	42.0	stat_sample	3	03	00	E0	00	00	42.0	1	0	2	0																						
2	ppu_public	60	9079270	128	520	260.0	mode0_enter	0	03	00	E0	00	00	260.0	1	0	2	0																						
2	ppu_public	60	9079264	128	257	128.5	stat_sample	0	00	00	E0	00	00	128.5	1	0	2	0																						
2	ppu_public	60	9079664	129	0	0.0	stat_sample	2	00	00	E0	00	00	0.0	1	0	2	0																						
2	ppu_public	60	9079664	129	2	1.0	mode2_irq_prepare	0	00	00	E0	00	00	1.0	1	0	2	0																						
2	ppu_public	60	9079672	129	0	0.0	stat_sample	2	02	00	E0	00	00	0.0	1	0	2	0																						
2	ppu_public	60	9079670	129	8	4.0	mode2_enter	2	02	00	E0	00	00	4.0	1	0	2	0																						
2	ppu_public	60	9079672	129	0	0.0	stat_sample	3	02	00	E0	00	00	0.0	1	0	2	0																						
2	ppu_public	60	9079838	129	176	88.0	mode3_enter	3	02	00	E0	00	00	88.0	1	0	2	0																						
2	ppu_public	60	9079832	129	84	42.0	stat_sample	3	03	00	E0	00	00	42.0	1	0	2	0																						
2	ppu_public	60	9080182	129	520	260.0	mode0_enter	0	03	00	E0	00	00	260.0	1	0	2	0																						
2	ppu_public	60	9080176	129	257	128.5	stat_sample	0	00	00	E0	00	00	128.5	1	0	2	0																						
2	ppu_public	60	9080576	130	0	0.0	stat_sample	2	00	00	E0	00	00	0.0	1	0	2	0																						
2	ppu_public	60	9080576	130	2	1.0	mode2_irq_prepare	0	00	00	E0	00	00	1.0	1	0	2	0																						
2	ppu_public	60	9080584	130	0	0.0	stat_sample	2	02	00	E0	00	00	0.0	1	0	2	0																						
2	ppu_public	60	9080582	130	8	4.0	mode2_enter	2	02	00	E0	00	00	4.0	1	0	2	0																						
2	ppu_public	60	9080584	130	0	0.0	stat_sample	3	02	00	E0	00	00	0.0	1	0	2	0																						
2	ppu_public	60	9080750	130	176	88.0	mode3_enter	3	02	00	E0	00	00	88.0	1	0	2	0																						
2	ppu_public	60	9080744	130	84	42.0	stat_sample	3	03	00	E0	00	00	42.0	1	0	2	0																						
2	ppu_public	60	9081094	130	520	260.0	mode0_enter	0	03	00	E0	00	00	260.0	1	0	2	0																						
2	ppu_public	60	9081088	130	257	128.5	stat_sample	0	00	00	E0	00	00	128.5	1	0	2	0																						
2	ppu_public	60	9081488	131	0	0.0	stat_sample	2	00	00	E0	00	00	0.0	1	0	2	0																						
2	ppu_public	60	9081488	131	2	1.0	mode2_irq_prepare	0	00	00	E0	00	00	1.0	1	0	2	0																						
2	ppu_public	60	9081496	131	0	0.0	stat_sample	2	02	00	E0	00	00	0.0	1	0	2	0																						
2	ppu_public	60	9081494	131	8	4.0	mode2_enter	2	02	00	E0	00	00	4.0	1	0	2	0																						
2	ppu_public	60	9081496	131	0	0.0	stat_sample	3	02	00	E0	00	00	0.0	1	0	2	0																						
2	ppu_public	60	9081662	131	176	88.0	mode3_enter	3	02	00	E0	00	00	88.0	1	0	2	0																						
2	ppu_public	60	9081656	131	84	42.0	stat_sample	3	03	00	E0	00	00	42.0	1	0	2	0																						
2	ppu_public	60	9082006	131	520	260.0	mode0_enter	0	03	00	E0	00	00	260.0	1	0	2	0																						
2	ppu_public	60	9082000	131	257	128.5	stat_sample	0	00	00	E0	00	00	128.5	1	0	2	0																						
2	ppu_public	60	9082400	132	0	0.0	stat_sample	2	00	00	E0	00	00	0.0	1	0	2	0																						
2	ppu_public	60	9082400	132	2	1.0	mode2_irq_prepare	0	00	00	E0	00	00	1.0	1	0	2	0																						
2	ppu_public	60	9082408	132	0	0.0	stat_sample	2	02	00	E0	00	00	0.0	1	0	2	0																						
2	ppu_public	60	9082406	132	8	4.0	mode2_enter	2	02	00	E0	00	00	4.0	1	0	2	0																						
2	ppu_public	60	9082408	132	0	0.0	stat_sample	3	02	00	E0	00	00	0.0	1	0	2	0																						
2	ppu_public	60	9082574	132	176	88.0	mode3_enter	3	02	00	E0	00	00	88.0	1	0	2	0																						
2	ppu_public	60	9082568	132	84	42.0	stat_sample	3	03	00	E0	00	00	42.0	1	0	2	0																						
2	ppu_public	60	9082918	132	520	260.0	mode0_enter	0	03	00	E0	00	00	260.0	1	0	2	0																						
2	ppu_public	60	9082912	132	257	128.5	stat_sample	0	00	00	E0	00	00	128.5	1	0	2	0																						
2	ppu_public	60	9083312	133	0	0.0	stat_sample	2	00	00	E0	00	00	0.0	1	0	2	0																						
2	ppu_public	60	9083312	133	2	1.0	mode2_irq_prepare	0	00	00	E0	00	00	1.0	1	0	2	0																						
2	ppu_public	60	9083320	133	0	0.0	stat_sample	2	02	00	E0	00	00	0.0	1	0	2	0																						
2	ppu_public	60	9083318	133	8	4.0	mode2_enter	2	02	00	E0	00	00	4.0	1	0	2	0																						
2	ppu_public	60	9083320	133	0	0.0	stat_sample	3	02	00	E0	00	00	0.0	1	0	2	0																						
2	ppu_public	60	9083486	133	176	88.0	mode3_enter	3	02	00	E0	00	00	88.0	1	0	2	0																						
2	ppu_public	60	9083480	133	84	42.0	stat_sample	3	03	00	E0	00	00	42.0	1	0	2	0																						
2	ppu_public	60	9083830	133	520	260.0	mode0_enter	0	03	00	E0	00	00	260.0	1	0	2	0																						
2	ppu_public	60	9083824	133	257	128.5	stat_sample	0	00	00	E0	00	00	128.5	1	0	2	0																						
2	ppu_public	60	9084224	134	0	0.0	stat_sample	2	00	00	E0	00	00	0.0	1	0	2	0																						
2	ppu_public	60	9084224	134	2	1.0	mode2_irq_prepare	0	00	00	E0	00	00	1.0	1	0	2	0																						
2	ppu_public	60	9084232	134	0	0.0	stat_sample	2	02	00	E0	00	00	0.0	1	0	2	0																						
2	ppu_public	60	9084230	134	8	4.0	mode2_enter	2	02	00	E0	00	00	4.0	1	0	2	0																						
2	ppu_public	60	9084232	134	0	0.0	stat_sample	3	02	00	E0	00	00	0.0	1	0	2	0																						
2	ppu_public	60	9084398	134	176	88.0	mode3_enter	3	02	00	E0	00	00	88.0	1	0	2	0																						
2	ppu_public	60	9084392	134	84	42.0	stat_sample	3	03	00	E0	00	00	42.0	1	0	2	0																						
2	ppu_public	60	9084742	134	520	260.0	mode0_enter	0	03	00	E0	00	00	260.0	1	0	2	0																						
2	ppu_public	60	9084736	134	257	128.5	stat_sample	0	00	00	E0	00	00	128.5	1	0	2	0																						
2	ppu_public	60	9085136	135	0	0.0	stat_sample	2	00	00	E0	00	00	0.0	1	0	2	0																						
2	ppu_public	60	9085136	135	2	1.0	mode2_irq_prepare	0	00	00	E0	00	00	1.0	1	0	2	0																						
2	ppu_public	60	9085144	135	0	0.0	stat_sample	2	02	00	E0	00	00	0.0	1	0	2	0																						
2	ppu_public	60	9085142	135	8	4.0	mode2_enter	2	02	00	E0	00	00	4.0	1	0	2	0																						
2	ppu_public	60	9085144	135	0	0.0	stat_sample	3	02	00	E0	00	00	0.0	1	0	2	0																						
2	ppu_public	60	9085310	135	176	88.0	mode3_enter	3	02	00	E0	00	00	88.0	1	0	2	0																						
2	ppu_public	60	9085304	135	84	42.0	stat_sample	3	03	00	E0	00	00	42.0	1	0	2	0																						
2	ppu_public	60	9085654	135	520	260.0	mode0_enter	0	03	00	E0	00	00	260.0	1	0	2	0																						
2	ppu_public	60	9085648	135	257	128.5	stat_sample	0	00	00	E0	00	00	128.5	1	0	2	0																						
2	ppu_public	60	9086048	136	0	0.0	stat_sample	2	00	00	E0	00	00	0.0	1	0	2	0																						
2	ppu_public	60	9086048	136	2	1.0	mode2_irq_prepare	0	00	00	E0	00	00	1.0	1	0	2	0																						
2	ppu_public	60	9086056	136	0	0.0	stat_sample	2	02	00	E0	00	00	0.0	1	0	2	0																						
2	ppu_public	60	9086054	136	8	4.0	mode2_enter	2	02	00	E0	00	00	4.0	1	0	2	0																						
2	ppu_public	60	9086056	136	0	0.0	stat_sample	3	02	00	E0	00	00	0.0	1	0	2	0																						
2	ppu_public	60	9086222	136	176	88.0	mode3_enter	3	02	00	E0	00	00	88.0	1	0	2	0																						
2	ppu_public	60	9086216	136	84	42.0	stat_sample	3	03	00	E0	00	00	42.0	1	0	2	0																						
2	ppu_public	60	9086566	136	520	260.0	mode0_enter	0	03	00	E0	00	00	260.0	1	0	2	0																						
2	ppu_public	60	9086560	136	257	128.5	stat_sample	0	00	00	E0	00	00	128.5	1	0	2	0																						
2	ppu_public	60	9086960	137	0	0.0	stat_sample	2	00	00	E0	00	00	0.0	1	0	2	0																						
2	ppu_public	60	9086960	137	2	1.0	mode2_irq_prepare	0	00	00	E0	00	00	1.0	1	0	2	0																						
2	ppu_public	60	9086968	137	0	0.0	stat_sample	2	02	00	E0	00	00	0.0	1	0	2	0																						
2	ppu_public	60	9086966	137	8	4.0	mode2_enter	2	02	00	E0	00	00	4.0	1	0	2	0																						
2	ppu_public	60	9086968	137	0	0.0	stat_sample	3	02	00	E0	00	00	0.0	1	0	2	0																						
2	ppu_public	60	9087134	137	176	88.0	mode3_enter	3	02	00	E0	00	00	88.0	1	0	2	0																						
2	ppu_public	60	9087128	137	84	42.0	stat_sample	3	03	00	E0	00	00	42.0	1	0	2	0																						
2	ppu_public	60	9087478	137	520	260.0	mode0_enter	0	03	00	E0	00	00	260.0	1	0	2	0																						
2	ppu_public	60	9087472	137	257	128.5	stat_sample	0	00	00	E0	00	00	128.5	1	0	2	0																						
2	ppu_public	60	9087872	138	0	0.0	stat_sample	2	00	00	E0	00	00	0.0	1	0	2	0																						
2	ppu_public	60	9087872	138	2	1.0	mode2_irq_prepare	0	00	00	E0	00	00	1.0	1	0	2	0																						
2	ppu_public	60	9087880	138	0	0.0	stat_sample	2	02	00	E0	00	00	0.0	1	0	2	0																						
2	ppu_public	60	9087878	138	8	4.0	mode2_enter	2	02	00	E0	00	00	4.0	1	0	2	0																						
2	ppu_public	60	9087880	138	0	0.0	stat_sample	3	02	00	E0	00	00	0.0	1	0	2	0																						
2	ppu_public	60	9088046	138	176	88.0	mode3_enter	3	02	00	E0	00	00	88.0	1	0	2	0																						
2	ppu_public	60	9088040	138	84	42.0	stat_sample	3	03	00	E0	00	00	42.0	1	0	2	0																						
2	ppu_public	60	9088390	138	520	260.0	mode0_enter	0	03	00	E0	00	00	260.0	1	0	2	0																						
2	ppu_public	60	9088384	138	257	128.5	stat_sample	0	00	00	E0	00	00	128.5	1	0	2	0																						
2	ppu_public	60	9088784	139	0	0.0	stat_sample	2	00	00	E0	00	00	0.0	1	0	2	0																						
2	ppu_public	60	9088784	139	2	1.0	mode2_irq_prepare	0	00	00	E0	00	00	1.0	1	0	2	0																						
2	ppu_public	60	9088792	139	0	0.0	stat_sample	2	02	00	E0	00	00	0.0	1	0	2	0																						
2	ppu_public	60	9088790	139	8	4.0	mode2_enter	2	02	00	E0	00	00	4.0	1	0	2	0																						
2	ppu_public	60	9088792	139	0	0.0	stat_sample	3	02	00	E0	00	00	0.0	1	0	2	0																						
2	ppu_public	60	9088958	139	176	88.0	mode3_enter	3	02	00	E0	00	00	88.0	1	0	2	0																						
2	ppu_public	60	9088952	139	84	42.0	stat_sample	3	03	00	E0	00	00	42.0	1	0	2	0																						
2	ppu_public	60	9089302	139	520	260.0	mode0_enter	0	03	00	E0	00	00	260.0	1	0	2	0																						
2	ppu_public	60	9089296	139	257	128.5	stat_sample	0	00	00	E0	00	00	128.5	1	0	2	0																						
2	ppu_public	60	9089696	140	0	0.0	stat_sample	2	00	00	E0	00	00	0.0	1	0	2	0																						
2	ppu_public	60	9089696	140	2	1.0	mode2_irq_prepare	0	00	00	E0	00	00	1.0	1	0	2	0																						
2	ppu_public	60	9089704	140	0	0.0	stat_sample	2	02	00	E0	00	00	0.0	1	0	2	0																						
2	ppu_public	60	9089702	140	8	4.0	mode2_enter	2	02	00	E0	00	00	4.0	1	0	2	0																						
2	ppu_public	60	9089704	140	0	0.0	stat_sample	3	02	00	E0	00	00	0.0	1	0	2	0																						
2	ppu_public	60	9089870	140	176	88.0	mode3_enter	3	02	00	E0	00	00	88.0	1	0	2	0																						
2	ppu_public	60	9089864	140	84	42.0	stat_sample	3	03	00	E0	00	00	42.0	1	0	2	0																						
2	ppu_public	60	9090214	140	520	260.0	mode0_enter	0	03	00	E0	00	00	260.0	1	0	2	0																						
2	ppu_public	60	9090208	140	257	128.5	stat_sample	0	00	00	E0	00	00	128.5	1	0	2	0																						
2	ppu_public	60	9090608	141	0	0.0	stat_sample	2	00	00	E0	00	00	0.0	1	0	2	0																						
2	ppu_public	60	9090608	141	2	1.0	mode2_irq_prepare	0	00	00	E0	00	00	1.0	1	0	2	0																						
2	ppu_public	60	9090616	141	0	0.0	stat_sample	2	02	00	E0	00	00	0.0	1	0	2	0																						
2	ppu_public	60	9090614	141	8	4.0	mode2_enter	2	02	00	E0	00	00	4.0	1	0	2	0																						
2	ppu_public	60	9090616	141	0	0.0	stat_sample	3	02	00	E0	00	00	0.0	1	0	2	0																						
2	ppu_public	60	9090782	141	176	88.0	mode3_enter	3	02	00	E0	00	00	88.0	1	0	2	0																						
2	ppu_public	60	9090776	141	84	42.0	stat_sample	3	03	00	E0	00	00	42.0	1	0	2	0																						
2	ppu_public	60	9091126	141	520	260.0	mode0_enter	0	03	00	E0	00	00	260.0	1	0	2	0																						
2	ppu_public	60	9091120	141	257	128.5	stat_sample	0	00	00	E0	00	00	128.5	1	0	2	0																						
2	ppu_public	60	9091520	142	0	0.0	stat_sample	2	00	00	E0	00	00	0.0	1	0	2	0																						
2	ppu_public	60	9091520	142	2	1.0	mode2_irq_prepare	0	00	00	E0	00	00	1.0	1	0	2	0																						
2	ppu_public	60	9091528	142	0	0.0	stat_sample	2	02	00	E0	00	00	0.0	1	0	2	0																						
2	ppu_public	60	9091526	142	8	4.0	mode2_enter	2	02	00	E0	00	00	4.0	1	0	2	0																						
2	ppu_public	60	9091528	142	0	0.0	stat_sample	3	02	00	E0	00	00	0.0	1	0	2	0																						
2	ppu_public	60	9091694	142	176	88.0	mode3_enter	3	02	00	E0	00	00	88.0	1	0	2	0																						
2	ppu_public	60	9091688	142	84	42.0	stat_sample	3	03	00	E0	00	00	42.0	1	0	2	0																						
2	ppu_public	60	9092038	142	520	260.0	mode0_enter	0	03	00	E0	00	00	260.0	1	0	2	0																						
2	ppu_public	60	9092032	142	257	128.5	stat_sample	0	00	00	E0	00	00	128.5	1	0	2	0																						
2	ppu_public	60	9092432	143	0	0.0	stat_sample	2	00	00	E0	00	00	0.0	1	0	2	0																						
2	ppu_public	60	9092432	143	2	1.0	mode2_irq_prepare	0	00	00	E0	00	00	1.0	1	0	2	0																						
2	ppu_public	60	9092440	143	0	0.0	stat_sample	2	02	00	E0	00	00	0.0	1	0	2	0																						
2	ppu_public	60	9092438	143	8	4.0	mode2_enter	2	02	00	E0	00	00	4.0	1	0	2	0																						
2	ppu_public	60	9092440	143	0	0.0	stat_sample	3	02	00	E0	00	00	0.0	1	0	2	0																						
2	ppu_public	60	9092606	143	176	88.0	mode3_enter	3	02	00	E0	00	00	88.0	1	0	2	0																						
2	ppu_public	60	9092600	143	84	42.0	stat_sample	3	03	00	E0	00	00	42.0	1	0	2	0																						
2	ppu_public	60	9092950	143	520	260.0	mode0_enter	0	03	00	E0	00	00	260.0	1	0	2	0																						
2	ppu_public	60	9092944	143	257	128.5	stat_sample	0	00	00	E0	00	00	128.5	1	0	2	0																						
2	ppu_public	60	9093344	144	0	0.0	stat_sample	0	00	00	E0	00	00	0.0	1	0	2	0																						
2	ppu_public	60	9093352	144	0	0.0	stat_sample	0	00	00	E0	00	00	0.0	1	0	2	0																						
2	ppu_public	60	9093352	144	0	0.0	stat_sample	1	01	00	E1	00	00	0.0	1	0	2	0																						
2	ppu_public	60	9092436	144	6	3.0	frame_vblank	1	01	00	E1	00	00	3.0	1	1	2	0																						
2	ppu_public	60	9092436	144	6	3.0	vblank_irq_edge	1	01	00	E1	00	00	3.0	1	1	2	0																						
2	cpu	60	9093528	144	1098	549.0	write	1	01		E1	00	00	549.0	1		2	0				FFFB	00					00	00	91	00	00		READ_OLD	9093528	549.0				
2	cpu	60	9093536	144	1106	553.0	write	1	01		E1	00	00	553.0	1		2	0				FFFA	C7					00	00	91	00	00		READ_OLD	9093536	553.0				
2	cpu	60	9093560	144	1130	565.0	write	1	01		E1	00	00	565.0	1		2	0				FFF9	99					00	00	91	00	00		READ_OLD	9093560	565.0				
2	cpu	60	9093568	144	1138	569.0	write	1	01		E1	00	00	569.0	1		2	0				FFF8	03					00	00	91	00	00		READ_OLD	9093568	569.0				
2	cpu	60	9093626	144	1196	598.0	write	1	01		E0	00	00	598.0	1		2	0				FF0F	E0					00	00	91	00	00		WRITE_CPU	9093626	598.0				
2	initial_state	60	9094264	145	8	4.0		1	01		E0	00	00	4.0	1		2	0				FF40	91																	
2	initial_state	60	9094264	145	8	4.0		1	01		E0	00	00	4.0	1		2	0				FF41	01																	
2	initial_state	60	9094264	145	8	4.0		1	01		E0	00	00	4.0	1		2	0				FF42	00																	
2	initial_state	60	9094264	145	8	4.0		1	01		E0	00	00	4.0	1		2	0				FF43	00																	
2	initial_state	60	9094264	145	8	4.0		1	01		E0	00	00	4.0	1		2	0				FF45	00																	
2	cpu	60	9094264	145	8	4.0	write	1	01		E0	00	00	8.0	1		2	0				FF40	91					00	00	91	00	00		READ_OLD	9094264	4.0				
2	ppu_public	60	9094256	145	0	0.0	stat_sample	1	01	00	E0	00	00	0.0	1	0	2	0																						
2	ppu_public	60	9094264	145	0	0.0	stat_sample	1	01	00	E0	00	00	0.0	1	0	2	0																						
2	ppu_public	60	9095168	146	0	0.0	stat_sample	1	01	00	E0	00	00	0.0	1	0	2	0																						
2	ppu_public	60	9095176	146	0	0.0	stat_sample	1	01	00	E0	00	00	0.0	1	0	2	0																						
2	ppu_public	60	9096080	147	0	0.0	stat_sample	1	01	00	E0	00	00	0.0	1	0	2	0																						
2	ppu_public	60	9096088	147	0	0.0	stat_sample	1	01	00	E0	00	00	0.0	1	0	2	0																						
2	ppu_public	60	9096992	148	0	0.0	stat_sample	1	01	00	E0	00	00	0.0	1	0	2	0																						
2	ppu_public	60	9097000	148	0	0.0	stat_sample	1	01	00	E0	00	00	0.0	1	0	2	0																						
2	ppu_public	60	9097904	149	0	0.0	stat_sample	1	01	00	E0	00	00	0.0	1	0	2	0																						
2	ppu_public	60	9097912	149	0	0.0	stat_sample	1	01	00	E0	00	00	0.0	1	0	2	0																						
2	ppu_public	60	9098816	150	0	0.0	stat_sample	1	01	00	E0	00	00	0.0	1	0	2	0																						
2	ppu_public	60	9098824	150	0	0.0	stat_sample	1	01	00	E0	00	00	0.0	1	0	2	0																						
2	ppu_public	60	9099728	151	0	0.0	stat_sample	1	01	00	E0	00	00	0.0	1	0	2	0																						
2	ppu_public	60	9099736	151	0	0.0	stat_sample	1	01	00	E0	00	00	0.0	1	0	2	0																						
2	ppu_public	60	9100640	152	0	0.0	stat_sample	1	01	00	E0	00	00	0.0	1	0	2	0																						
2	ppu_public	60	9100648	152	0	0.0	stat_sample	1	01	00	E0	00	00	0.0	1	0	2	0																						
2	ppu_public	60	9101552	153	0	0.0	stat_sample	1	01	00	E0	00	00	0.0	1	0	2	0																						
2	ppu_public	60	9101560	153	0	0.0	stat_sample	1	01	00	E0	00	00	0.0	1	0	2	0																						
2	ppu_public	60	9101568	153	0	0.0	stat_sample	1	01	00	E0	00	00	0.0	1	0	2	0																						
2	ppu_public	60	9101576	153	0	0.0	stat_sample	1	05	00	E0	00	00	0.0	1	0	2	0																						
2	ppu_public	60	9102464	0	0	0.0	stat_sample	1	04	00	E0	00	00	0.0	1	0	2	0																						
2	ppu_public	61	9102464	0	2	1.0	mode2_irq_prepare	0	04	00	E0	00	00	1.0	1	0	2	0																						
2	ppu_public	60	9102472	0	0	0.0	stat_sample	2	06	00	E0	00	00	0.0	1	0	2	0																						
2	ppu_public	61	9102470	0	8	4.0	mode2_enter	2	06	00	E0	00	00	4.0	1	0	2	0																						
2	ppu_public	60	9102472	0	0	0.0	stat_sample	3	06	00	E0	00	00	0.0	1	0	2	0																						
2	ppu_public	60	9102638	0	176	88.0	mode3_enter_line0	3	06	00	E0	00	00	88.0	1	0	2	0																						
2	ppu_public	60	9102632	0	84	42.0	stat_sample	3	07	00	E0	00	00	42.0	1	0	2	0																						
2	ppu_public	60	9102982	0	520	260.0	mode0_enter	0	07	00	E0	00	00	260.0	1	0	2	0																						
2	ppu_public	61	9102976	0	257	128.5	stat_sample	0	04	00	E0	00	00	128.5	1	0	2	0																						
2	ppu_public	61	9103376	1	0	0.0	stat_sample	2	00	00	E0	00	00	0.0	1	0	2	0																						
2	ppu_public	61	9103376	1	2	1.0	mode2_irq_prepare	0	00	00	E0	00	00	1.0	1	0	2	0																						
2	ppu_public	61	9103384	1	0	0.0	stat_sample	2	02	00	E0	00	00	0.0	1	0	2	0																						
2	ppu_public	61	9103382	1	8	4.0	mode2_enter	2	02	00	E0	00	00	4.0	1	0	2	0																						
2	ppu_public	61	9103384	1	0	0.0	stat_sample	3	02	00	E0	00	00	0.0	1	0	2	0																						
2	ppu_public	61	9103550	1	176	88.0	mode3_enter	3	02	00	E0	00	00	88.0	1	0	2	0																						
2	ppu_public	61	9103544	1	84	42.0	stat_sample	3	03	00	E0	00	00	42.0	1	0	2	0																						
2	ppu_public	61	9103894	1	520	260.0	mode0_enter	0	03	00	E0	00	00	260.0	1	0	2	0																						
2	ppu_public	61	9103888	1	257	128.5	stat_sample	0	00	00	E0	00	00	128.5	1	0	2	0																						
2	ppu_public	61	9104288	2	0	0.0	stat_sample	2	00	00	E0	00	00	0.0	1	0	2	0																						
2	ppu_public	61	9104288	2	2	1.0	mode2_irq_prepare	0	00	00	E0	00	00	1.0	1	0	2	0																						
2	ppu_public	61	9104296	2	0	0.0	stat_sample	2	02	00	E0	00	00	0.0	1	0	2	0																						
2	ppu_public	61	9104294	2	8	4.0	mode2_enter	2	02	00	E0	00	00	4.0	1	0	2	0																						
2	ppu_public	61	9104296	2	0	0.0	stat_sample	3	02	00	E0	00	00	0.0	1	0	2	0																						
2	ppu_public	61	9104462	2	176	88.0	mode3_enter	3	02	00	E0	00	00	88.0	1	0	2	0																						
2	ppu_public	61	9104456	2	84	42.0	stat_sample	3	03	00	E0	00	00	42.0	1	0	2	0																						
2	ppu_public	61	9104806	2	520	260.0	mode0_enter	0	03	00	E0	00	00	260.0	1	0	2	0																						
2	ppu_public	61	9104800	2	257	128.5	stat_sample	0	00	00	E0	00	00	128.5	1	0	2	0																						
2	ppu_public	61	9105200	3	0	0.0	stat_sample	2	00	00	E0	00	00	0.0	1	0	2	0																						
2	ppu_public	61	9105200	3	2	1.0	mode2_irq_prepare	0	00	00	E0	00	00	1.0	1	0	2	0																						
2	ppu_public	61	9105208	3	0	0.0	stat_sample	2	02	00	E0	00	00	0.0	1	0	2	0																						
2	ppu_public	61	9105206	3	8	4.0	mode2_enter	2	02	00	E0	00	00	4.0	1	0	2	0																						
2	ppu_public	61	9105208	3	0	0.0	stat_sample	3	02	00	E0	00	00	0.0	1	0	2	0																						
2	ppu_public	61	9105374	3	176	88.0	mode3_enter	3	02	00	E0	00	00	88.0	1	0	2	0																						
2	ppu_public	61	9105368	3	84	42.0	stat_sample	3	03	00	E0	00	00	42.0	1	0	2	0																						
2	ppu_public	61	9105718	3	520	260.0	mode0_enter	0	03	00	E0	00	00	260.0	1	0	2	0																						
2	ppu_public	61	9105712	3	257	128.5	stat_sample	0	00	00	E0	00	00	128.5	1	0	2	0																						
2	ppu_public	61	9106112	4	0	0.0	stat_sample	2	00	00	E0	00	00	0.0	1	0	2	0																						
2	ppu_public	61	9106112	4	2	1.0	mode2_irq_prepare	0	00	00	E0	00	00	1.0	1	0	2	0																						
2	ppu_public	61	9106120	4	0	0.0	stat_sample	2	02	00	E0	00	00	0.0	1	0	2	0																						
2	ppu_public	61	9106118	4	8	4.0	mode2_enter	2	02	00	E0	00	00	4.0	1	0	2	0																						
2	ppu_public	61	9106120	4	0	0.0	stat_sample	3	02	00	E0	00	00	0.0	1	0	2	0																						
2	ppu_public	61	9106286	4	176	88.0	mode3_enter	3	02	00	E0	00	00	88.0	1	0	2	0																						
2	ppu_public	61	9106280	4	84	42.0	stat_sample	3	03	00	E0	00	00	42.0	1	0	2	0																						
2	ppu_public	61	9106630	4	520	260.0	mode0_enter	0	03	00	E0	00	00	260.0	1	0	2	0																						
2	ppu_public	61	9106624	4	257	128.5	stat_sample	0	00	00	E0	00	00	128.5	1	0	2	0																						
2	ppu_public	61	9107024	5	0	0.0	stat_sample	2	00	00	E0	00	00	0.0	1	0	2	0																						
2	ppu_public	61	9107024	5	2	1.0	mode2_irq_prepare	0	00	00	E0	00	00	1.0	1	0	2	0																						
2	ppu_public	61	9107032	5	0	0.0	stat_sample	2	02	00	E0	00	00	0.0	1	0	2	0																						
2	ppu_public	61	9107030	5	8	4.0	mode2_enter	2	02	00	E0	00	00	4.0	1	0	2	0																						
2	ppu_public	61	9107032	5	0	0.0	stat_sample	3	02	00	E0	00	00	0.0	1	0	2	0																						
2	ppu_public	61	9107198	5	176	88.0	mode3_enter	3	02	00	E0	00	00	88.0	1	0	2	0																						
2	ppu_public	61	9107192	5	84	42.0	stat_sample	3	03	00	E0	00	00	42.0	1	0	2	0																						
2	ppu_public	61	9107542	5	520	260.0	mode0_enter	0	03	00	E0	00	00	260.0	1	0	2	0																						
2	ppu_public	61	9107536	5	257	128.5	stat_sample	0	00	00	E0	00	00	128.5	1	0	2	0																						
2	ppu_public	61	9107936	6	0	0.0	stat_sample	2	00	00	E0	00	00	0.0	1	0	2	0																						
2	ppu_public	61	9107936	6	2	1.0	mode2_irq_prepare	0	00	00	E0	00	00	1.0	1	0	2	0																						
2	ppu_public	61	9107944	6	0	0.0	stat_sample	2	02	00	E0	00	00	0.0	1	0	2	0																						
2	ppu_public	61	9107942	6	8	4.0	mode2_enter	2	02	00	E0	00	00	4.0	1	0	2	0																						
2	ppu_public	61	9107944	6	0	0.0	stat_sample	3	02	00	E0	00	00	0.0	1	0	2	0																						
2	ppu_public	61	9108110	6	176	88.0	mode3_enter	3	02	00	E0	00	00	88.0	1	0	2	0																						
2	ppu_public	61	9108104	6	84	42.0	stat_sample	3	03	00	E0	00	00	42.0	1	0	2	0																						
2	ppu_public	61	9108454	6	520	260.0	mode0_enter	0	03	00	E0	00	00	260.0	1	0	2	0																						
2	ppu_public	61	9108448	6	257	128.5	stat_sample	0	00	00	E0	00	00	128.5	1	0	2	0																						
2	ppu_public	61	9108848	7	0	0.0	stat_sample	2	00	00	E0	00	00	0.0	1	0	2	0																						
2	ppu_public	61	9108848	7	2	1.0	mode2_irq_prepare	0	00	00	E0	00	00	1.0	1	0	2	0																						
2	ppu_public	61	9108856	7	0	0.0	stat_sample	2	02	00	E0	00	00	0.0	1	0	2	0																						
2	ppu_public	61	9108854	7	8	4.0	mode2_enter	2	02	00	E0	00	00	4.0	1	0	2	0																						
2	ppu_public	61	9108856	7	0	0.0	stat_sample	3	02	00	E0	00	00	0.0	1	0	2	0																						
2	ppu_public	61	9109022	7	176	88.0	mode3_enter	3	02	00	E0	00	00	88.0	1	0	2	0																						
2	ppu_public	61	9109016	7	84	42.0	stat_sample	3	03	00	E0	00	00	42.0	1	0	2	0																						
2	ppu_public	61	9109366	7	520	260.0	mode0_enter	0	03	00	E0	00	00	260.0	1	0	2	0																						
2	ppu_public	61	9109360	7	257	128.5	stat_sample	0	00	00	E0	00	00	128.5	1	0	2	0																						
2	ppu_public	61	9109760	8	0	0.0	stat_sample	2	00	00	E0	00	00	0.0	1	0	2	0																						
2	ppu_public	61	9109760	8	2	1.0	mode2_irq_prepare	0	00	00	E0	00	00	1.0	1	0	2	0																						
2	ppu_public	61	9109768	8	0	0.0	stat_sample	2	02	00	E0	00	00	0.0	1	0	2	0																						
2	ppu_public	61	9109766	8	8	4.0	mode2_enter	2	02	00	E0	00	00	4.0	1	0	2	0																						
2	ppu_public	61	9109768	8	0	0.0	stat_sample	3	02	00	E0	00	00	0.0	1	0	2	0																						
2	ppu_public	61	9109934	8	176	88.0	mode3_enter	3	02	00	E0	00	00	88.0	1	0	2	0																						
2	ppu_public	61	9109928	8	84	42.0	stat_sample	3	03	00	E0	00	00	42.0	1	0	2	0																						
2	ppu_public	61	9110278	8	520	260.0	mode0_enter	0	03	00	E0	00	00	260.0	1	0	2	0																						
2	ppu_public	61	9110272	8	257	128.5	stat_sample	0	00	00	E0	00	00	128.5	1	0	2	0																						
2	ppu_public	61	9110672	9	0	0.0	stat_sample	2	00	00	E0	00	00	0.0	1	0	2	0																						
2	ppu_public	61	9110672	9	2	1.0	mode2_irq_prepare	0	00	00	E0	00	00	1.0	1	0	2	0																						
2	ppu_public	61	9110680	9	0	0.0	stat_sample	2	02	00	E0	00	00	0.0	1	0	2	0																						
2	ppu_public	61	9110678	9	8	4.0	mode2_enter	2	02	00	E0	00	00	4.0	1	0	2	0																						
2	ppu_public	61	9110680	9	0	0.0	stat_sample	3	02	00	E0	00	00	0.0	1	0	2	0																						
2	ppu_public	61	9110846	9	176	88.0	mode3_enter	3	02	00	E0	00	00	88.0	1	0	2	0																						
2	ppu_public	61	9110840	9	84	42.0	stat_sample	3	03	00	E0	00	00	42.0	1	0	2	0																						
2	ppu_public	61	9111190	9	520	260.0	mode0_enter	0	03	00	E0	00	00	260.0	1	0	2	0																						
2	ppu_public	61	9111184	9	257	128.5	stat_sample	0	00	00	E0	00	00	128.5	1	0	2	0																						
2	ppu_public	61	9111584	10	0	0.0	stat_sample	2	00	00	E0	00	00	0.0	1	0	2	0																						
2	ppu_public	61	9111584	10	2	1.0	mode2_irq_prepare	0	00	00	E0	00	00	1.0	1	0	2	0																						
2	ppu_public	61	9111592	10	0	0.0	stat_sample	2	02	00	E0	00	00	0.0	1	0	2	0																						
2	ppu_public	61	9111590	10	8	4.0	mode2_enter	2	02	00	E0	00	00	4.0	1	0	2	0																						
2	ppu_public	61	9111592	10	0	0.0	stat_sample	3	02	00	E0	00	00	0.0	1	0	2	0																						
2	ppu_public	61	9111758	10	176	88.0	mode3_enter	3	02	00	E0	00	00	88.0	1	0	2	0																						
2	ppu_public	61	9111752	10	84	42.0	stat_sample	3	03	00	E0	00	00	42.0	1	0	2	0																						
2	ppu_public	61	9112102	10	520	260.0	mode0_enter	0	03	00	E0	00	00	260.0	1	0	2	0																						
2	ppu_public	61	9112096	10	257	128.5	stat_sample	0	00	00	E0	00	00	128.5	1	0	2	0																						
2	ppu_public	61	9112496	11	0	0.0	stat_sample	2	00	00	E0	00	00	0.0	1	0	2	0																						
2	ppu_public	61	9112496	11	2	1.0	mode2_irq_prepare	0	00	00	E0	00	00	1.0	1	0	2	0																						
2	ppu_public	61	9112504	11	0	0.0	stat_sample	2	02	00	E0	00	00	0.0	1	0	2	0																						
2	ppu_public	61	9112502	11	8	4.0	mode2_enter	2	02	00	E0	00	00	4.0	1	0	2	0																						
2	ppu_public	61	9112504	11	0	0.0	stat_sample	3	02	00	E0	00	00	0.0	1	0	2	0																						
2	ppu_public	61	9112670	11	176	88.0	mode3_enter	3	02	00	E0	00	00	88.0	1	0	2	0																						
2	ppu_public	61	9112664	11	84	42.0	stat_sample	3	03	00	E0	00	00	42.0	1	0	2	0																						
2	ppu_public	61	9113014	11	520	260.0	mode0_enter	0	03	00	E0	00	00	260.0	1	0	2	0																						
2	ppu_public	61	9113008	11	257	128.5	stat_sample	0	00	00	E0	00	00	128.5	1	0	2	0																						
2	ppu_public	61	9113408	12	0	0.0	stat_sample	2	00	00	E0	00	00	0.0	1	0	2	0																						
2	ppu_public	61	9113408	12	2	1.0	mode2_irq_prepare	0	00	00	E0	00	00	1.0	1	0	2	0																						
2	ppu_public	61	9113416	12	0	0.0	stat_sample	2	02	00	E0	00	00	0.0	1	0	2	0																						
2	ppu_public	61	9113414	12	8	4.0	mode2_enter	2	02	00	E0	00	00	4.0	1	0	2	0																						
2	ppu_public	61	9113416	12	0	0.0	stat_sample	3	02	00	E0	00	00	0.0	1	0	2	0																						
2	ppu_public	61	9113582	12	176	88.0	mode3_enter	3	02	00	E0	00	00	88.0	1	0	2	0																						
2	ppu_public	61	9113576	12	84	42.0	stat_sample	3	03	00	E0	00	00	42.0	1	0	2	0																						
2	ppu_public	61	9113926	12	520	260.0	mode0_enter	0	03	00	E0	00	00	260.0	1	0	2	0																						
2	ppu_public	61	9113920	12	257	128.5	stat_sample	0	00	00	E0	00	00	128.5	1	0	2	0																						
2	ppu_public	61	9114320	13	0	0.0	stat_sample	2	00	00	E0	00	00	0.0	1	0	2	0																						
2	ppu_public	61	9114320	13	2	1.0	mode2_irq_prepare	0	00	00	E0	00	00	1.0	1	0	2	0																						
2	ppu_public	61	9114328	13	0	0.0	stat_sample	2	02	00	E0	00	00	0.0	1	0	2	0																						
2	ppu_public	61	9114326	13	8	4.0	mode2_enter	2	02	00	E0	00	00	4.0	1	0	2	0																						
2	ppu_public	61	9114328	13	0	0.0	stat_sample	3	02	00	E0	00	00	0.0	1	0	2	0																						
2	ppu_public	61	9114494	13	176	88.0	mode3_enter	3	02	00	E0	00	00	88.0	1	0	2	0																						
2	ppu_public	61	9114488	13	84	42.0	stat_sample	3	03	00	E0	00	00	42.0	1	0	2	0																						
2	ppu_public	61	9114838	13	520	260.0	mode0_enter	0	03	00	E0	00	00	260.0	1	0	2	0																						
2	ppu_public	61	9114832	13	257	128.5	stat_sample	0	00	00	E0	00	00	128.5	1	0	2	0																						
2	ppu_public	61	9115232	14	0	0.0	stat_sample	2	00	00	E0	00	00	0.0	1	0	2	0																						
2	ppu_public	61	9115232	14	2	1.0	mode2_irq_prepare	0	00	00	E0	00	00	1.0	1	0	2	0																						
2	ppu_public	61	9115240	14	0	0.0	stat_sample	2	02	00	E0	00	00	0.0	1	0	2	0																						
2	ppu_public	61	9115238	14	8	4.0	mode2_enter	2	02	00	E0	00	00	4.0	1	0	2	0																						
2	ppu_public	61	9115240	14	0	0.0	stat_sample	3	02	00	E0	00	00	0.0	1	0	2	0																						
2	ppu_public	61	9115406	14	176	88.0	mode3_enter	3	02	00	E0	00	00	88.0	1	0	2	0																						
2	ppu_public	61	9115400	14	84	42.0	stat_sample	3	03	00	E0	00	00	42.0	1	0	2	0																						
2	ppu_public	61	9115750	14	520	260.0	mode0_enter	0	03	00	E0	00	00	260.0	1	0	2	0																						
2	ppu_public	61	9115744	14	257	128.5	stat_sample	0	00	00	E0	00	00	128.5	1	0	2	0																						
2	ppu_public	61	9116144	15	0	0.0	stat_sample	2	00	00	E0	00	00	0.0	1	0	2	0																						
2	ppu_public	61	9116144	15	2	1.0	mode2_irq_prepare	0	00	00	E0	00	00	1.0	1	0	2	0																						
2	ppu_public	61	9116152	15	0	0.0	stat_sample	2	02	00	E0	00	00	0.0	1	0	2	0																						
2	ppu_public	61	9116150	15	8	4.0	mode2_enter	2	02	00	E0	00	00	4.0	1	0	2	0																						
2	ppu_public	61	9116152	15	0	0.0	stat_sample	3	02	00	E0	00	00	0.0	1	0	2	0																						
2	ppu_public	61	9116318	15	176	88.0	mode3_enter	3	02	00	E0	00	00	88.0	1	0	2	0																						
2	ppu_public	61	9116312	15	84	42.0	stat_sample	3	03	00	E0	00	00	42.0	1	0	2	0																						
2	ppu_public	61	9116662	15	520	260.0	mode0_enter	0	03	00	E0	00	00	260.0	1	0	2	0																						
2	ppu_public	61	9116656	15	257	128.5	stat_sample	0	00	00	E0	00	00	128.5	1	0	2	0																						
2	ppu_public	61	9117056	16	0	0.0	stat_sample	2	00	00	E0	00	00	0.0	1	0	2	0																						
2	ppu_public	61	9117056	16	2	1.0	mode2_irq_prepare	0	00	00	E0	00	00	1.0	1	0	2	0																						
2	ppu_public	61	9117064	16	0	0.0	stat_sample	2	02	00	E0	00	00	0.0	1	0	2	0																						
2	ppu_public	61	9117062	16	8	4.0	mode2_enter	2	02	00	E0	00	00	4.0	1	0	2	0																						
2	ppu_public	61	9117064	16	0	0.0	stat_sample	3	02	00	E0	00	00	0.0	1	0	2	0																						
2	ppu_public	61	9117230	16	176	88.0	mode3_enter	3	02	00	E0	00	00	88.0	1	0	2	0																						
2	ppu_public	61	9117224	16	84	42.0	stat_sample	3	03	00	E0	00	00	42.0	1	0	2	0																						
2	ppu_public	61	9117574	16	520	260.0	mode0_enter	0	03	00	E0	00	00	260.0	1	0	2	0																						
2	ppu_public	61	9117568	16	257	128.5	stat_sample	0	00	00	E0	00	00	128.5	1	0	2	0																						
2	ppu_public	61	9117968	17	0	0.0	stat_sample	2	00	00	E0	00	00	0.0	1	0	2	0																						
2	ppu_public	61	9117968	17	2	1.0	mode2_irq_prepare	0	00	00	E0	00	00	1.0	1	0	2	0																						
2	ppu_public	61	9117976	17	0	0.0	stat_sample	2	02	00	E0	00	00	0.0	1	0	2	0																						
2	ppu_public	61	9117974	17	8	4.0	mode2_enter	2	02	00	E0	00	00	4.0	1	0	2	0																						
2	ppu_public	61	9117976	17	0	0.0	stat_sample	3	02	00	E0	00	00	0.0	1	0	2	0																						
2	ppu_public	61	9118142	17	176	88.0	mode3_enter	3	02	00	E0	00	00	88.0	1	0	2	0																						
2	ppu_public	61	9118136	17	84	42.0	stat_sample	3	03	00	E0	00	00	42.0	1	0	2	0																						
2	ppu_public	61	9118486	17	520	260.0	mode0_enter	0	03	00	E0	00	00	260.0	1	0	2	0																						
2	ppu_public	61	9118480	17	257	128.5	stat_sample	0	00	00	E0	00	00	128.5	1	0	2	0																						
2	ppu_public	61	9118880	18	0	0.0	stat_sample	2	00	00	E0	00	00	0.0	1	0	2	0																						
2	ppu_public	61	9118880	18	2	1.0	mode2_irq_prepare	0	00	00	E0	00	00	1.0	1	0	2	0																						
2	ppu_public	61	9118888	18	0	0.0	stat_sample	2	02	00	E0	00	00	0.0	1	0	2	0																						
2	ppu_public	61	9118886	18	8	4.0	mode2_enter	2	02	00	E0	00	00	4.0	1	0	2	0																						
2	ppu_public	61	9118888	18	0	0.0	stat_sample	3	02	00	E0	00	00	0.0	1	0	2	0																						
2	ppu_public	61	9119054	18	176	88.0	mode3_enter	3	02	00	E0	00	00	88.0	1	0	2	0																						
2	ppu_public	61	9119048	18	84	42.0	stat_sample	3	03	00	E0	00	00	42.0	1	0	2	0																						
2	ppu_public	61	9119398	18	520	260.0	mode0_enter	0	03	00	E0	00	00	260.0	1	0	2	0																						
2	ppu_public	61	9119392	18	257	128.5	stat_sample	0	00	00	E0	00	00	128.5	1	0	2	0																						
2	ppu_public	61	9119792	19	0	0.0	stat_sample	2	00	00	E0	00	00	0.0	1	0	2	0																						
2	ppu_public	61	9119792	19	2	1.0	mode2_irq_prepare	0	00	00	E0	00	00	1.0	1	0	2	0																						
2	ppu_public	61	9119800	19	0	0.0	stat_sample	2	02	00	E0	00	00	0.0	1	0	2	0																						
2	ppu_public	61	9119798	19	8	4.0	mode2_enter	2	02	00	E0	00	00	4.0	1	0	2	0																						
2	ppu_public	61	9119800	19	0	0.0	stat_sample	3	02	00	E0	00	00	0.0	1	0	2	0																						
2	ppu_public	61	9119966	19	176	88.0	mode3_enter	3	02	00	E0	00	00	88.0	1	0	2	0																						
2	ppu_public	61	9119960	19	84	42.0	stat_sample	3	03	00	E0	00	00	42.0	1	0	2	0																						
2	ppu_public	61	9120310	19	520	260.0	mode0_enter	0	03	00	E0	00	00	260.0	1	0	2	0																						
2	ppu_public	61	9120304	19	257	128.5	stat_sample	0	00	00	E0	00	00	128.5	1	0	2	0																						
2	ppu_public	61	9120704	20	0	0.0	stat_sample	2	00	00	E0	00	00	0.0	1	0	2	0																						
2	ppu_public	61	9120704	20	2	1.0	mode2_irq_prepare	0	00	00	E0	00	00	1.0	1	0	2	0																						
2	ppu_public	61	9120712	20	0	0.0	stat_sample	2	02	00	E0	00	00	0.0	1	0	2	0																						
2	ppu_public	61	9120710	20	8	4.0	mode2_enter	2	02	00	E0	00	00	4.0	1	0	2	0																						
2	ppu_public	61	9120712	20	0	0.0	stat_sample	3	02	00	E0	00	00	0.0	1	0	2	0																						
2	ppu_public	61	9120878	20	176	88.0	mode3_enter	3	02	00	E0	00	00	88.0	1	0	2	0																						
2	ppu_public	61	9120872	20	84	42.0	stat_sample	3	03	00	E0	00	00	42.0	1	0	2	0																						
2	ppu_public	61	9121222	20	520	260.0	mode0_enter	0	03	00	E0	00	00	260.0	1	0	2	0																						
2	ppu_public	61	9121216	20	257	128.5	stat_sample	0	00	00	E0	00	00	128.5	1	0	2	0																						
2	ppu_public	61	9121616	21	0	0.0	stat_sample	2	00	00	E0	00	00	0.0	1	0	2	0																						
2	ppu_public	61	9121616	21	2	1.0	mode2_irq_prepare	0	00	00	E0	00	00	1.0	1	0	2	0																						
2	ppu_public	61	9121624	21	0	0.0	stat_sample	2	02	00	E0	00	00	0.0	1	0	2	0																						
2	ppu_public	61	9121622	21	8	4.0	mode2_enter	2	02	00	E0	00	00	4.0	1	0	2	0																						
2	ppu_public	61	9121624	21	0	0.0	stat_sample	3	02	00	E0	00	00	0.0	1	0	2	0																						
2	ppu_public	61	9121790	21	176	88.0	mode3_enter	3	02	00	E0	00	00	88.0	1	0	2	0																						
2	ppu_public	61	9121784	21	84	42.0	stat_sample	3	03	00	E0	00	00	42.0	1	0	2	0																						
2	ppu_public	61	9122134	21	520	260.0	mode0_enter	0	03	00	E0	00	00	260.0	1	0	2	0																						
2	ppu_public	61	9122128	21	257	128.5	stat_sample	0	00	00	E0	00	00	128.5	1	0	2	0																						
2	ppu_public	61	9122528	22	0	0.0	stat_sample	2	00	00	E0	00	00	0.0	1	0	2	0																						
2	ppu_public	61	9122528	22	2	1.0	mode2_irq_prepare	0	00	00	E0	00	00	1.0	1	0	2	0																						
2	ppu_public	61	9122536	22	0	0.0	stat_sample	2	02	00	E0	00	00	0.0	1	0	2	0																						
2	ppu_public	61	9122534	22	8	4.0	mode2_enter	2	02	00	E0	00	00	4.0	1	0	2	0																						
2	ppu_public	61	9122536	22	0	0.0	stat_sample	3	02	00	E0	00	00	0.0	1	0	2	0																						
2	ppu_public	61	9122702	22	176	88.0	mode3_enter	3	02	00	E0	00	00	88.0	1	0	2	0																						
2	ppu_public	61	9122696	22	84	42.0	stat_sample	3	03	00	E0	00	00	42.0	1	0	2	0																						
2	ppu_public	61	9123046	22	520	260.0	mode0_enter	0	03	00	E0	00	00	260.0	1	0	2	0																						
2	ppu_public	61	9123040	22	257	128.5	stat_sample	0	00	00	E0	00	00	128.5	1	0	2	0																						
2	ppu_public	61	9123440	23	0	0.0	stat_sample	2	00	00	E0	00	00	0.0	1	0	2	0																						
2	ppu_public	61	9123440	23	2	1.0	mode2_irq_prepare	0	00	00	E0	00	00	1.0	1	0	2	0																						
2	ppu_public	61	9123448	23	0	0.0	stat_sample	2	02	00	E0	00	00	0.0	1	0	2	0																						
2	ppu_public	61	9123446	23	8	4.0	mode2_enter	2	02	00	E0	00	00	4.0	1	0	2	0																						
2	ppu_public	61	9123448	23	0	0.0	stat_sample	3	02	00	E0	00	00	0.0	1	0	2	0																						
2	ppu_public	61	9123614	23	176	88.0	mode3_enter	3	02	00	E0	00	00	88.0	1	0	2	0																						
2	ppu_public	61	9123608	23	84	42.0	stat_sample	3	03	00	E0	00	00	42.0	1	0	2	0																						
2	ppu_public	61	9123958	23	520	260.0	mode0_enter	0	03	00	E0	00	00	260.0	1	0	2	0																						
2	ppu_public	61	9123952	23	257	128.5	stat_sample	0	00	00	E0	00	00	128.5	1	0	2	0																						
2	ppu_public	61	9124352	24	0	0.0	stat_sample	2	00	00	E0	00	00	0.0	1	0	2	0																						
2	ppu_public	61	9124352	24	2	1.0	mode2_irq_prepare	0	00	00	E0	00	00	1.0	1	0	2	0																						
2	ppu_public	61	9124360	24	0	0.0	stat_sample	2	02	00	E0	00	00	0.0	1	0	2	0																						
2	ppu_public	61	9124358	24	8	4.0	mode2_enter	2	02	00	E0	00	00	4.0	1	0	2	0																						
2	ppu_public	61	9124360	24	0	0.0	stat_sample	3	02	00	E0	00	00	0.0	1	0	2	0																						
2	ppu_public	61	9124526	24	176	88.0	mode3_enter	3	02	00	E0	00	00	88.0	1	0	2	0																						
2	ppu_public	61	9124520	24	84	42.0	stat_sample	3	03	00	E0	00	00	42.0	1	0	2	0																						
2	ppu_public	61	9124870	24	520	260.0	mode0_enter	0	03	00	E0	00	00	260.0	1	0	2	0																						
2	ppu_public	61	9124864	24	257	128.5	stat_sample	0	00	00	E0	00	00	128.5	1	0	2	0																						
2	ppu_public	61	9125264	25	0	0.0	stat_sample	2	00	00	E0	00	00	0.0	1	0	2	0																						
2	ppu_public	61	9125264	25	2	1.0	mode2_irq_prepare	0	00	00	E0	00	00	1.0	1	0	2	0																						
2	ppu_public	61	9125272	25	0	0.0	stat_sample	2	02	00	E0	00	00	0.0	1	0	2	0																						
2	ppu_public	61	9125270	25	8	4.0	mode2_enter	2	02	00	E0	00	00	4.0	1	0	2	0																						
2	ppu_public	61	9125272	25	0	0.0	stat_sample	3	02	00	E0	00	00	0.0	1	0	2	0																						
2	ppu_public	61	9125438	25	176	88.0	mode3_enter	3	02	00	E0	00	00	88.0	1	0	2	0																						
2	ppu_public	61	9125432	25	84	42.0	stat_sample	3	03	00	E0	00	00	42.0	1	0	2	0																						
2	ppu_public	61	9125782	25	520	260.0	mode0_enter	0	03	00	E0	00	00	260.0	1	0	2	0																						
2	ppu_public	61	9125776	25	257	128.5	stat_sample	0	00	00	E0	00	00	128.5	1	0	2	0																						
2	ppu_public	61	9126176	26	0	0.0	stat_sample	2	00	00	E0	00	00	0.0	1	0	2	0																						
2	ppu_public	61	9126176	26	2	1.0	mode2_irq_prepare	0	00	00	E0	00	00	1.0	1	0	2	0																						
2	ppu_public	61	9126184	26	0	0.0	stat_sample	2	02	00	E0	00	00	0.0	1	0	2	0																						
2	ppu_public	61	9126182	26	8	4.0	mode2_enter	2	02	00	E0	00	00	4.0	1	0	2	0																						
2	ppu_public	61	9126184	26	0	0.0	stat_sample	3	02	00	E0	00	00	0.0	1	0	2	0																						
2	ppu_public	61	9126350	26	176	88.0	mode3_enter	3	02	00	E0	00	00	88.0	1	0	2	0																						
2	ppu_public	61	9126344	26	84	42.0	stat_sample	3	03	00	E0	00	00	42.0	1	0	2	0																						
2	ppu_public	61	9126694	26	520	260.0	mode0_enter	0	03	00	E0	00	00	260.0	1	0	2	0																						
2	ppu_public	61	9126688	26	257	128.5	stat_sample	0	00	00	E0	00	00	128.5	1	0	2	0																						
2	ppu_public	61	9127088	27	0	0.0	stat_sample	2	00	00	E0	00	00	0.0	1	0	2	0																						
2	ppu_public	61	9127088	27	2	1.0	mode2_irq_prepare	0	00	00	E0	00	00	1.0	1	0	2	0																						
2	ppu_public	61	9127096	27	0	0.0	stat_sample	2	02	00	E0	00	00	0.0	1	0	2	0																						
2	ppu_public	61	9127094	27	8	4.0	mode2_enter	2	02	00	E0	00	00	4.0	1	0	2	0																						
2	ppu_public	61	9127096	27	0	0.0	stat_sample	3	02	00	E0	00	00	0.0	1	0	2	0																						
2	ppu_public	61	9127262	27	176	88.0	mode3_enter	3	02	00	E0	00	00	88.0	1	0	2	0																						
2	ppu_public	61	9127256	27	84	42.0	stat_sample	3	03	00	E0	00	00	42.0	1	0	2	0																						
2	ppu_public	61	9127606	27	520	260.0	mode0_enter	0	03	00	E0	00	00	260.0	1	0	2	0																						
2	ppu_public	61	9127600	27	257	128.5	stat_sample	0	00	00	E0	00	00	128.5	1	0	2	0																						
2	ppu_public	61	9128000	28	0	0.0	stat_sample	2	00	00	E0	00	00	0.0	1	0	2	0																						
2	ppu_public	61	9128000	28	2	1.0	mode2_irq_prepare	0	00	00	E0	00	00	1.0	1	0	2	0																						
2	ppu_public	61	9128008	28	0	0.0	stat_sample	2	02	00	E0	00	00	0.0	1	0	2	0																						
2	ppu_public	61	9128006	28	8	4.0	mode2_enter	2	02	00	E0	00	00	4.0	1	0	2	0																						
2	ppu_public	61	9128008	28	0	0.0	stat_sample	3	02	00	E0	00	00	0.0	1	0	2	0																						
2	ppu_public	61	9128174	28	176	88.0	mode3_enter	3	02	00	E0	00	00	88.0	1	0	2	0																						
2	ppu_public	61	9128168	28	84	42.0	stat_sample	3	03	00	E0	00	00	42.0	1	0	2	0																						
2	ppu_public	61	9128518	28	520	260.0	mode0_enter	0	03	00	E0	00	00	260.0	1	0	2	0																						
2	ppu_public	61	9128512	28	257	128.5	stat_sample	0	00	00	E0	00	00	128.5	1	0	2	0																						
2	ppu_public	61	9128912	29	0	0.0	stat_sample	2	00	00	E0	00	00	0.0	1	0	2	0																						
2	ppu_public	61	9128912	29	2	1.0	mode2_irq_prepare	0	00	00	E0	00	00	1.0	1	0	2	0																						
2	ppu_public	61	9128920	29	0	0.0	stat_sample	2	02	00	E0	00	00	0.0	1	0	2	0																						
2	ppu_public	61	9128918	29	8	4.0	mode2_enter	2	02	00	E0	00	00	4.0	1	0	2	0																						
2	ppu_public	61	9128920	29	0	0.0	stat_sample	3	02	00	E0	00	00	0.0	1	0	2	0																						
2	ppu_public	61	9129086	29	176	88.0	mode3_enter	3	02	00	E0	00	00	88.0	1	0	2	0																						
2	ppu_public	61	9129080	29	84	42.0	stat_sample	3	03	00	E0	00	00	42.0	1	0	2	0																						
2	ppu_public	61	9129430	29	520	260.0	mode0_enter	0	03	00	E0	00	00	260.0	1	0	2	0																						
2	ppu_public	61	9129424	29	257	128.5	stat_sample	0	00	00	E0	00	00	128.5	1	0	2	0																						
2	ppu_public	61	9129824	30	0	0.0	stat_sample	2	00	00	E0	00	00	0.0	1	0	2	0																						
2	ppu_public	61	9129824	30	2	1.0	mode2_irq_prepare	0	00	00	E0	00	00	1.0	1	0	2	0																						
2	ppu_public	61	9129832	30	0	0.0	stat_sample	2	02	00	E0	00	00	0.0	1	0	2	0																						
2	ppu_public	61	9129830	30	8	4.0	mode2_enter	2	02	00	E0	00	00	4.0	1	0	2	0																						
2	ppu_public	61	9129832	30	0	0.0	stat_sample	3	02	00	E0	00	00	0.0	1	0	2	0																						
2	ppu_public	61	9129998	30	176	88.0	mode3_enter	3	02	00	E0	00	00	88.0	1	0	2	0																						
2	ppu_public	61	9129992	30	84	42.0	stat_sample	3	03	00	E0	00	00	42.0	1	0	2	0																						
2	ppu_public	61	9130342	30	520	260.0	mode0_enter	0	03	00	E0	00	00	260.0	1	0	2	0																						
2	ppu_public	61	9130336	30	257	128.5	stat_sample	0	00	00	E0	00	00	128.5	1	0	2	0																						
2	ppu_public	61	9130736	31	0	0.0	stat_sample	2	00	00	E0	00	00	0.0	1	0	2	0																						
2	ppu_public	61	9130736	31	2	1.0	mode2_irq_prepare	0	00	00	E0	00	00	1.0	1	0	2	0																						
2	ppu_public	61	9130744	31	0	0.0	stat_sample	2	02	00	E0	00	00	0.0	1	0	2	0																						
2	ppu_public	61	9130742	31	8	4.0	mode2_enter	2	02	00	E0	00	00	4.0	1	0	2	0																						
2	ppu_public	61	9130744	31	0	0.0	stat_sample	3	02	00	E0	00	00	0.0	1	0	2	0																						
2	ppu_public	61	9130910	31	176	88.0	mode3_enter	3	02	00	E0	00	00	88.0	1	0	2	0																						
2	ppu_public	61	9130904	31	84	42.0	stat_sample	3	03	00	E0	00	00	42.0	1	0	2	0																						
2	ppu_public	61	9131254	31	520	260.0	mode0_enter	0	03	00	E0	00	00	260.0	1	0	2	0																						
2	ppu_public	61	9131248	31	257	128.5	stat_sample	0	00	00	E0	00	00	128.5	1	0	2	0																						
2	ppu_public	61	9131648	32	0	0.0	stat_sample	2	00	00	E0	00	00	0.0	1	0	2	0																						
2	ppu_public	61	9131648	32	2	1.0	mode2_irq_prepare	0	00	00	E0	00	00	1.0	1	0	2	0																						
2	ppu_public	61	9131656	32	0	0.0	stat_sample	2	02	00	E0	00	00	0.0	1	0	2	0																						
2	ppu_public	61	9131654	32	8	4.0	mode2_enter	2	02	00	E0	00	00	4.0	1	0	2	0																						
2	ppu_public	61	9131656	32	0	0.0	stat_sample	3	02	00	E0	00	00	0.0	1	0	2	0																						
2	ppu_public	61	9131822	32	176	88.0	mode3_enter	3	02	00	E0	00	00	88.0	1	0	2	0																						
2	ppu_public	61	9131816	32	84	42.0	stat_sample	3	03	00	E0	00	00	42.0	1	0	2	0																						
2	ppu_public	61	9132166	32	520	260.0	mode0_enter	0	03	00	E0	00	00	260.0	1	0	2	0																						
2	ppu_public	61	9132160	32	257	128.5	stat_sample	0	00	00	E0	00	00	128.5	1	0	2	0																						
2	ppu_public	61	9132560	33	0	0.0	stat_sample	2	00	00	E0	00	00	0.0	1	0	2	0																						
2	ppu_public	61	9132560	33	2	1.0	mode2_irq_prepare	0	00	00	E0	00	00	1.0	1	0	2	0																						
2	ppu_public	61	9132568	33	0	0.0	stat_sample	2	02	00	E0	00	00	0.0	1	0	2	0																						
2	ppu_public	61	9132566	33	8	4.0	mode2_enter	2	02	00	E0	00	00	4.0	1	0	2	0																						
2	ppu_public	61	9132568	33	0	0.0	stat_sample	3	02	00	E0	00	00	0.0	1	0	2	0																						
2	ppu_public	61	9132734	33	176	88.0	mode3_enter	3	02	00	E0	00	00	88.0	1	0	2	0																						
2	ppu_public	61	9132728	33	84	42.0	stat_sample	3	03	00	E0	00	00	42.0	1	0	2	0																						
2	ppu_public	61	9133078	33	520	260.0	mode0_enter	0	03	00	E0	00	00	260.0	1	0	2	0																						
2	ppu_public	61	9133072	33	257	128.5	stat_sample	0	00	00	E0	00	00	128.5	1	0	2	0																						
2	ppu_public	61	9133472	34	0	0.0	stat_sample	2	00	00	E0	00	00	0.0	1	0	2	0																						
2	ppu_public	61	9133472	34	2	1.0	mode2_irq_prepare	0	00	00	E0	00	00	1.0	1	0	2	0																						
2	ppu_public	61	9133480	34	0	0.0	stat_sample	2	02	00	E0	00	00	0.0	1	0	2	0																						
2	ppu_public	61	9133478	34	8	4.0	mode2_enter	2	02	00	E0	00	00	4.0	1	0	2	0																						
2	ppu_public	61	9133480	34	0	0.0	stat_sample	3	02	00	E0	00	00	0.0	1	0	2	0																						
2	ppu_public	61	9133646	34	176	88.0	mode3_enter	3	02	00	E0	00	00	88.0	1	0	2	0																						
2	ppu_public	61	9133640	34	84	42.0	stat_sample	3	03	00	E0	00	00	42.0	1	0	2	0																						
2	ppu_public	61	9133990	34	520	260.0	mode0_enter	0	03	00	E0	00	00	260.0	1	0	2	0																						
2	ppu_public	61	9133984	34	257	128.5	stat_sample	0	00	00	E0	00	00	128.5	1	0	2	0																						
2	ppu_public	61	9134384	35	0	0.0	stat_sample	2	00	00	E0	00	00	0.0	1	0	2	0																						
2	ppu_public	61	9134384	35	2	1.0	mode2_irq_prepare	0	00	00	E0	00	00	1.0	1	0	2	0																						
2	ppu_public	61	9134392	35	0	0.0	stat_sample	2	02	00	E0	00	00	0.0	1	0	2	0																						
2	ppu_public	61	9134390	35	8	4.0	mode2_enter	2	02	00	E0	00	00	4.0	1	0	2	0																						
2	ppu_public	61	9134392	35	0	0.0	stat_sample	3	02	00	E0	00	00	0.0	1	0	2	0																						
2	ppu_public	61	9134558	35	176	88.0	mode3_enter	3	02	00	E0	00	00	88.0	1	0	2	0																						
2	ppu_public	61	9134552	35	84	42.0	stat_sample	3	03	00	E0	00	00	42.0	1	0	2	0																						
2	ppu_public	61	9134902	35	520	260.0	mode0_enter	0	03	00	E0	00	00	260.0	1	0	2	0																						
2	ppu_public	61	9134896	35	257	128.5	stat_sample	0	00	00	E0	00	00	128.5	1	0	2	0																						
2	ppu_public	61	9135296	36	0	0.0	stat_sample	2	00	00	E0	00	00	0.0	1	0	2	0																						
2	ppu_public	61	9135296	36	2	1.0	mode2_irq_prepare	0	00	00	E0	00	00	1.0	1	0	2	0																						
2	ppu_public	61	9135304	36	0	0.0	stat_sample	2	02	00	E0	00	00	0.0	1	0	2	0																						
2	ppu_public	61	9135302	36	8	4.0	mode2_enter	2	02	00	E0	00	00	4.0	1	0	2	0																						
2	ppu_public	61	9135304	36	0	0.0	stat_sample	3	02	00	E0	00	00	0.0	1	0	2	0																						
2	ppu_public	61	9135470	36	176	88.0	mode3_enter	3	02	00	E0	00	00	88.0	1	0	2	0																						
2	ppu_public	61	9135464	36	84	42.0	stat_sample	3	03	00	E0	00	00	42.0	1	0	2	0																						
2	ppu_public	61	9135814	36	520	260.0	mode0_enter	0	03	00	E0	00	00	260.0	1	0	2	0																						
2	ppu_public	61	9135808	36	257	128.5	stat_sample	0	00	00	E0	00	00	128.5	1	0	2	0																						
2	ppu_public	61	9136208	37	0	0.0	stat_sample	2	00	00	E0	00	00	0.0	1	0	2	0																						
2	ppu_public	61	9136208	37	2	1.0	mode2_irq_prepare	0	00	00	E0	00	00	1.0	1	0	2	0																						
2	ppu_public	61	9136216	37	0	0.0	stat_sample	2	02	00	E0	00	00	0.0	1	0	2	0																						
2	ppu_public	61	9136214	37	8	4.0	mode2_enter	2	02	00	E0	00	00	4.0	1	0	2	0																						
2	ppu_public	61	9136216	37	0	0.0	stat_sample	3	02	00	E0	00	00	0.0	1	0	2	0																						
2	ppu_public	61	9136382	37	176	88.0	mode3_enter	3	02	00	E0	00	00	88.0	1	0	2	0																						
2	ppu_public	61	9136376	37	84	42.0	stat_sample	3	03	00	E0	00	00	42.0	1	0	2	0																						
2	ppu_public	61	9136726	37	520	260.0	mode0_enter	0	03	00	E0	00	00	260.0	1	0	2	0																						
2	ppu_public	61	9136720	37	257	128.5	stat_sample	0	00	00	E0	00	00	128.5	1	0	2	0																						
2	ppu_public	61	9137120	38	0	0.0	stat_sample	2	00	00	E0	00	00	0.0	1	0	2	0																						
2	ppu_public	61	9137120	38	2	1.0	mode2_irq_prepare	0	00	00	E0	00	00	1.0	1	0	2	0																						
2	ppu_public	61	9137128	38	0	0.0	stat_sample	2	02	00	E0	00	00	0.0	1	0	2	0																						
2	ppu_public	61	9137126	38	8	4.0	mode2_enter	2	02	00	E0	00	00	4.0	1	0	2	0																						
2	ppu_public	61	9137128	38	0	0.0	stat_sample	3	02	00	E0	00	00	0.0	1	0	2	0																						
2	ppu_public	61	9137294	38	176	88.0	mode3_enter	3	02	00	E0	00	00	88.0	1	0	2	0																						
2	ppu_public	61	9137288	38	84	42.0	stat_sample	3	03	00	E0	00	00	42.0	1	0	2	0																						
2	ppu_public	61	9137638	38	520	260.0	mode0_enter	0	03	00	E0	00	00	260.0	1	0	2	0																						
2	ppu_public	61	9137632	38	257	128.5	stat_sample	0	00	00	E0	00	00	128.5	1	0	2	0																						
2	ppu_public	61	9138032	39	0	0.0	stat_sample	2	00	00	E0	00	00	0.0	1	0	2	0																						
2	ppu_public	61	9138032	39	2	1.0	mode2_irq_prepare	0	00	00	E0	00	00	1.0	1	0	2	0																						
2	ppu_public	61	9138040	39	0	0.0	stat_sample	2	02	00	E0	00	00	0.0	1	0	2	0																						
2	ppu_public	61	9138038	39	8	4.0	mode2_enter	2	02	00	E0	00	00	4.0	1	0	2	0																						
2	ppu_public	61	9138040	39	0	0.0	stat_sample	3	02	00	E0	00	00	0.0	1	0	2	0																						
2	ppu_public	61	9138206	39	176	88.0	mode3_enter	3	02	00	E0	00	00	88.0	1	0	2	0																						
2	ppu_public	61	9138200	39	84	42.0	stat_sample	3	03	00	E0	00	00	42.0	1	0	2	0																						
2	ppu_public	61	9138550	39	520	260.0	mode0_enter	0	03	00	E0	00	00	260.0	1	0	2	0																						
2	ppu_public	61	9138544	39	257	128.5	stat_sample	0	00	00	E0	00	00	128.5	1	0	2	0																						
2	ppu_public	61	9138944	40	0	0.0	stat_sample	2	00	00	E0	00	00	0.0	1	0	2	0																						
2	ppu_public	61	9138944	40	2	1.0	mode2_irq_prepare	0	00	00	E0	00	00	1.0	1	0	2	0																						
2	ppu_public	61	9138952	40	0	0.0	stat_sample	2	02	00	E0	00	00	0.0	1	0	2	0																						
2	ppu_public	61	9138950	40	8	4.0	mode2_enter	2	02	00	E0	00	00	4.0	1	0	2	0																						
2	ppu_public	61	9138952	40	0	0.0	stat_sample	3	02	00	E0	00	00	0.0	1	0	2	0																						
2	ppu_public	61	9139118	40	176	88.0	mode3_enter	3	02	00	E0	00	00	88.0	1	0	2	0																						
2	ppu_public	61	9139112	40	84	42.0	stat_sample	3	03	00	E0	00	00	42.0	1	0	2	0																						
2	ppu_public	61	9139462	40	520	260.0	mode0_enter	0	03	00	E0	00	00	260.0	1	0	2	0																						
2	ppu_public	61	9139456	40	257	128.5	stat_sample	0	00	00	E0	00	00	128.5	1	0	2	0																						
2	ppu_public	61	9139856	41	0	0.0	stat_sample	2	00	00	E0	00	00	0.0	1	0	2	0																						
2	ppu_public	61	9139856	41	2	1.0	mode2_irq_prepare	0	00	00	E0	00	00	1.0	1	0	2	0																						
2	ppu_public	61	9139864	41	0	0.0	stat_sample	2	02	00	E0	00	00	0.0	1	0	2	0																						
2	ppu_public	61	9139862	41	8	4.0	mode2_enter	2	02	00	E0	00	00	4.0	1	0	2	0																						
2	ppu_public	61	9139864	41	0	0.0	stat_sample	3	02	00	E0	00	00	0.0	1	0	2	0																						
2	ppu_public	61	9140030	41	176	88.0	mode3_enter	3	02	00	E0	00	00	88.0	1	0	2	0																						
2	ppu_public	61	9140024	41	84	42.0	stat_sample	3	03	00	E0	00	00	42.0	1	0	2	0																						
2	ppu_public	61	9140374	41	520	260.0	mode0_enter	0	03	00	E0	00	00	260.0	1	0	2	0																						
2	ppu_public	61	9140368	41	257	128.5	stat_sample	0	00	00	E0	00	00	128.5	1	0	2	0																						
2	ppu_public	61	9140768	42	0	0.0	stat_sample	2	00	00	E0	00	00	0.0	1	0	2	0																						
2	ppu_public	61	9140768	42	2	1.0	mode2_irq_prepare	0	00	00	E0	00	00	1.0	1	0	2	0																						
2	ppu_public	61	9140776	42	0	0.0	stat_sample	2	02	00	E0	00	00	0.0	1	0	2	0																						
2	ppu_public	61	9140774	42	8	4.0	mode2_enter	2	02	00	E0	00	00	4.0	1	0	2	0																						
2	ppu_public	61	9140776	42	0	0.0	stat_sample	3	02	00	E0	00	00	0.0	1	0	2	0																						
2	ppu_public	61	9140942	42	176	88.0	mode3_enter	3	02	00	E0	00	00	88.0	1	0	2	0																						
2	ppu_public	61	9140936	42	84	42.0	stat_sample	3	03	00	E0	00	00	42.0	1	0	2	0																						
2	ppu_public	61	9141286	42	520	260.0	mode0_enter	0	03	00	E0	00	00	260.0	1	0	2	0																						
2	ppu_public	61	9141280	42	257	128.5	stat_sample	0	00	00	E0	00	00	128.5	1	0	2	0																						
2	ppu_public	61	9141680	43	0	0.0	stat_sample	2	00	00	E0	00	00	0.0	1	0	2	0																						
2	ppu_public	61	9141680	43	2	1.0	mode2_irq_prepare	0	00	00	E0	00	00	1.0	1	0	2	0																						
2	ppu_public	61	9141688	43	0	0.0	stat_sample	2	02	00	E0	00	00	0.0	1	0	2	0																						
2	ppu_public	61	9141686	43	8	4.0	mode2_enter	2	02	00	E0	00	00	4.0	1	0	2	0																						
2	ppu_public	61	9141688	43	0	0.0	stat_sample	3	02	00	E0	00	00	0.0	1	0	2	0																						
2	ppu_public	61	9141854	43	176	88.0	mode3_enter	3	02	00	E0	00	00	88.0	1	0	2	0																						
2	ppu_public	61	9141848	43	84	42.0	stat_sample	3	03	00	E0	00	00	42.0	1	0	2	0																						
2	ppu_public	61	9142198	43	520	260.0	mode0_enter	0	03	00	E0	00	00	260.0	1	0	2	0																						
2	ppu_public	61	9142192	43	257	128.5	stat_sample	0	00	00	E0	00	00	128.5	1	0	2	0																						
2	ppu_public	61	9142592	44	0	0.0	stat_sample	2	00	00	E0	00	00	0.0	1	0	2	0																						
2	ppu_public	61	9142592	44	2	1.0	mode2_irq_prepare	0	00	00	E0	00	00	1.0	1	0	2	0																						
2	ppu_public	61	9142600	44	0	0.0	stat_sample	2	02	00	E0	00	00	0.0	1	0	2	0																						
2	ppu_public	61	9142598	44	8	4.0	mode2_enter	2	02	00	E0	00	00	4.0	1	0	2	0																						
2	ppu_public	61	9142600	44	0	0.0	stat_sample	3	02	00	E0	00	00	0.0	1	0	2	0																						
2	ppu_public	61	9142766	44	176	88.0	mode3_enter	3	02	00	E0	00	00	88.0	1	0	2	0																						
2	ppu_public	61	9142760	44	84	42.0	stat_sample	3	03	00	E0	00	00	42.0	1	0	2	0																						
2	ppu_public	61	9143110	44	520	260.0	mode0_enter	0	03	00	E0	00	00	260.0	1	0	2	0																						
2	ppu_public	61	9143104	44	257	128.5	stat_sample	0	00	00	E0	00	00	128.5	1	0	2	0																						
2	ppu_public	61	9143504	45	0	0.0	stat_sample	2	00	00	E0	00	00	0.0	1	0	2	0																						
2	ppu_public	61	9143504	45	2	1.0	mode2_irq_prepare	0	00	00	E0	00	00	1.0	1	0	2	0																						
2	ppu_public	61	9143512	45	0	0.0	stat_sample	2	02	00	E0	00	00	0.0	1	0	2	0																						
2	ppu_public	61	9143510	45	8	4.0	mode2_enter	2	02	00	E0	00	00	4.0	1	0	2	0																						
2	ppu_public	61	9143512	45	0	0.0	stat_sample	3	02	00	E0	00	00	0.0	1	0	2	0																						
2	ppu_public	61	9143678	45	176	88.0	mode3_enter	3	02	00	E0	00	00	88.0	1	0	2	0																						
2	ppu_public	61	9143672	45	84	42.0	stat_sample	3	03	00	E0	00	00	42.0	1	0	2	0																						
2	ppu_public	61	9144022	45	520	260.0	mode0_enter	0	03	00	E0	00	00	260.0	1	0	2	0																						
2	ppu_public	61	9144016	45	257	128.5	stat_sample	0	00	00	E0	00	00	128.5	1	0	2	0																						
2	ppu_public	61	9144416	46	0	0.0	stat_sample	2	00	00	E0	00	00	0.0	1	0	2	0																						
2	ppu_public	61	9144416	46	2	1.0	mode2_irq_prepare	0	00	00	E0	00	00	1.0	1	0	2	0																						
2	ppu_public	61	9144424	46	0	0.0	stat_sample	2	02	00	E0	00	00	0.0	1	0	2	0																						
2	ppu_public	61	9144422	46	8	4.0	mode2_enter	2	02	00	E0	00	00	4.0	1	0	2	0																						
2	ppu_public	61	9144424	46	0	0.0	stat_sample	3	02	00	E0	00	00	0.0	1	0	2	0																						
2	ppu_public	61	9144590	46	176	88.0	mode3_enter	3	02	00	E0	00	00	88.0	1	0	2	0																						
2	ppu_public	61	9144584	46	84	42.0	stat_sample	3	03	00	E0	00	00	42.0	1	0	2	0																						
2	ppu_public	61	9144934	46	520	260.0	mode0_enter	0	03	00	E0	00	00	260.0	1	0	2	0																						
2	ppu_public	61	9144928	46	257	128.5	stat_sample	0	00	00	E0	00	00	128.5	1	0	2	0																						
2	ppu_public	61	9145328	47	0	0.0	stat_sample	2	00	00	E0	00	00	0.0	1	0	2	0																						
2	ppu_public	61	9145328	47	2	1.0	mode2_irq_prepare	0	00	00	E0	00	00	1.0	1	0	2	0																						
2	ppu_public	61	9145336	47	0	0.0	stat_sample	2	02	00	E0	00	00	0.0	1	0	2	0																						
2	ppu_public	61	9145334	47	8	4.0	mode2_enter	2	02	00	E0	00	00	4.0	1	0	2	0																						
2	ppu_public	61	9145336	47	0	0.0	stat_sample	3	02	00	E0	00	00	0.0	1	0	2	0																						
2	ppu_public	61	9145502	47	176	88.0	mode3_enter	3	02	00	E0	00	00	88.0	1	0	2	0																						
2	ppu_public	61	9145496	47	84	42.0	stat_sample	3	03	00	E0	00	00	42.0	1	0	2	0																						
2	ppu_public	61	9145846	47	520	260.0	mode0_enter	0	03	00	E0	00	00	260.0	1	0	2	0																						
2	ppu_public	61	9145840	47	257	128.5	stat_sample	0	00	00	E0	00	00	128.5	1	0	2	0																						
2	ppu_public	61	9146240	48	0	0.0	stat_sample	2	00	00	E0	00	00	0.0	1	0	2	0																						
2	ppu_public	61	9146240	48	2	1.0	mode2_irq_prepare	0	00	00	E0	00	00	1.0	1	0	2	0																						
2	ppu_public	61	9146248	48	0	0.0	stat_sample	2	02	00	E0	00	00	0.0	1	0	2	0																						
2	ppu_public	61	9146246	48	8	4.0	mode2_enter	2	02	00	E0	00	00	4.0	1	0	2	0																						
2	ppu_public	61	9146248	48	0	0.0	stat_sample	3	02	00	E0	00	00	0.0	1	0	2	0																						
2	ppu_public	61	9146414	48	176	88.0	mode3_enter	3	02	00	E0	00	00	88.0	1	0	2	0																						
2	ppu_public	61	9146408	48	84	42.0	stat_sample	3	03	00	E0	00	00	42.0	1	0	2	0																						
2	ppu_public	61	9146758	48	520	260.0	mode0_enter	0	03	00	E0	00	00	260.0	1	0	2	0																						
2	ppu_public	61	9146752	48	257	128.5	stat_sample	0	00	00	E0	00	00	128.5	1	0	2	0																						
2	ppu_public	61	9147152	49	0	0.0	stat_sample	2	00	00	E0	00	00	0.0	1	0	2	0																						
2	ppu_public	61	9147152	49	2	1.0	mode2_irq_prepare	0	00	00	E0	00	00	1.0	1	0	2	0																						
2	ppu_public	61	9147160	49	0	0.0	stat_sample	2	02	00	E0	00	00	0.0	1	0	2	0																						
2	ppu_public	61	9147158	49	8	4.0	mode2_enter	2	02	00	E0	00	00	4.0	1	0	2	0																						
2	ppu_public	61	9147160	49	0	0.0	stat_sample	3	02	00	E0	00	00	0.0	1	0	2	0																						
2	ppu_public	61	9147326	49	176	88.0	mode3_enter	3	02	00	E0	00	00	88.0	1	0	2	0																						
2	ppu_public	61	9147320	49	84	42.0	stat_sample	3	03	00	E0	00	00	42.0	1	0	2	0																						
2	ppu_public	61	9147670	49	520	260.0	mode0_enter	0	03	00	E0	00	00	260.0	1	0	2	0																						
2	ppu_public	61	9147664	49	257	128.5	stat_sample	0	00	00	E0	00	00	128.5	1	0	2	0																						
2	ppu_public	61	9148064	50	0	0.0	stat_sample	2	00	00	E0	00	00	0.0	1	0	2	0																						
2	ppu_public	61	9148064	50	2	1.0	mode2_irq_prepare	0	00	00	E0	00	00	1.0	1	0	2	0																						
2	ppu_public	61	9148072	50	0	0.0	stat_sample	2	02	00	E0	00	00	0.0	1	0	2	0																						
2	ppu_public	61	9148070	50	8	4.0	mode2_enter	2	02	00	E0	00	00	4.0	1	0	2	0																						
2	ppu_public	61	9148072	50	0	0.0	stat_sample	3	02	00	E0	00	00	0.0	1	0	2	0																						
2	ppu_public	61	9148238	50	176	88.0	mode3_enter	3	02	00	E0	00	00	88.0	1	0	2	0																						
2	ppu_public	61	9148232	50	84	42.0	stat_sample	3	03	00	E0	00	00	42.0	1	0	2	0																						
2	ppu_public	61	9148582	50	520	260.0	mode0_enter	0	03	00	E0	00	00	260.0	1	0	2	0																						
2	ppu_public	61	9148576	50	257	128.5	stat_sample	0	00	00	E0	00	00	128.5	1	0	2	0																						
2	ppu_public	61	9148976	51	0	0.0	stat_sample	2	00	00	E0	00	00	0.0	1	0	2	0																						
2	ppu_public	61	9148976	51	2	1.0	mode2_irq_prepare	0	00	00	E0	00	00	1.0	1	0	2	0																						
2	ppu_public	61	9148984	51	0	0.0	stat_sample	2	02	00	E0	00	00	0.0	1	0	2	0																						
2	ppu_public	61	9148982	51	8	4.0	mode2_enter	2	02	00	E0	00	00	4.0	1	0	2	0																						
2	ppu_public	61	9148984	51	0	0.0	stat_sample	3	02	00	E0	00	00	0.0	1	0	2	0																						
2	ppu_public	61	9149150	51	176	88.0	mode3_enter	3	02	00	E0	00	00	88.0	1	0	2	0																						
2	ppu_public	61	9149144	51	84	42.0	stat_sample	3	03	00	E0	00	00	42.0	1	0	2	0																						
2	ppu_public	61	9149494	51	520	260.0	mode0_enter	0	03	00	E0	00	00	260.0	1	0	2	0																						
2	ppu_public	61	9149488	51	257	128.5	stat_sample	0	00	00	E0	00	00	128.5	1	0	2	0																						
2	ppu_public	61	9149888	52	0	0.0	stat_sample	2	00	00	E0	00	00	0.0	1	0	2	0																						
2	ppu_public	61	9149888	52	2	1.0	mode2_irq_prepare	0	00	00	E0	00	00	1.0	1	0	2	0																						
2	ppu_public	61	9149896	52	0	0.0	stat_sample	2	02	00	E0	00	00	0.0	1	0	2	0																						
2	ppu_public	61	9149894	52	8	4.0	mode2_enter	2	02	00	E0	00	00	4.0	1	0	2	0																						
2	ppu_public	61	9149896	52	0	0.0	stat_sample	3	02	00	E0	00	00	0.0	1	0	2	0																						
2	ppu_public	61	9150062	52	176	88.0	mode3_enter	3	02	00	E0	00	00	88.0	1	0	2	0																						
2	ppu_public	61	9150056	52	84	42.0	stat_sample	3	03	00	E0	00	00	42.0	1	0	2	0																						
2	ppu_public	61	9150406	52	520	260.0	mode0_enter	0	03	00	E0	00	00	260.0	1	0	2	0																						
2	ppu_public	61	9150400	52	257	128.5	stat_sample	0	00	00	E0	00	00	128.5	1	0	2	0																						
2	ppu_public	61	9150800	53	0	0.0	stat_sample	2	00	00	E0	00	00	0.0	1	0	2	0																						
2	ppu_public	61	9150800	53	2	1.0	mode2_irq_prepare	0	00	00	E0	00	00	1.0	1	0	2	0																						
2	ppu_public	61	9150808	53	0	0.0	stat_sample	2	02	00	E0	00	00	0.0	1	0	2	0																						
2	ppu_public	61	9150806	53	8	4.0	mode2_enter	2	02	00	E0	00	00	4.0	1	0	2	0																						
2	ppu_public	61	9150808	53	0	0.0	stat_sample	3	02	00	E0	00	00	0.0	1	0	2	0																						
2	ppu_public	61	9150974	53	176	88.0	mode3_enter	3	02	00	E0	00	00	88.0	1	0	2	0																						
2	ppu_public	61	9150968	53	84	42.0	stat_sample	3	03	00	E0	00	00	42.0	1	0	2	0																						
2	ppu_public	61	9151318	53	520	260.0	mode0_enter	0	03	00	E0	00	00	260.0	1	0	2	0																						
2	ppu_public	61	9151312	53	257	128.5	stat_sample	0	00	00	E0	00	00	128.5	1	0	2	0																						
2	ppu_public	61	9151712	54	0	0.0	stat_sample	2	00	00	E0	00	00	0.0	1	0	2	0																						
2	ppu_public	61	9151712	54	2	1.0	mode2_irq_prepare	0	00	00	E0	00	00	1.0	1	0	2	0																						
2	ppu_public	61	9151720	54	0	0.0	stat_sample	2	02	00	E0	00	00	0.0	1	0	2	0																						
2	ppu_public	61	9151718	54	8	4.0	mode2_enter	2	02	00	E0	00	00	4.0	1	0	2	0																						
2	ppu_public	61	9151720	54	0	0.0	stat_sample	3	02	00	E0	00	00	0.0	1	0	2	0																						
2	ppu_public	61	9151886	54	176	88.0	mode3_enter	3	02	00	E0	00	00	88.0	1	0	2	0																						
2	ppu_public	61	9151880	54	84	42.0	stat_sample	3	03	00	E0	00	00	42.0	1	0	2	0																						
2	ppu_public	61	9152230	54	520	260.0	mode0_enter	0	03	00	E0	00	00	260.0	1	0	2	0																						
2	ppu_public	61	9152224	54	257	128.5	stat_sample	0	00	00	E0	00	00	128.5	1	0	2	0																						
2	ppu_public	61	9152624	55	0	0.0	stat_sample	2	00	00	E0	00	00	0.0	1	0	2	0																						
2	ppu_public	61	9152624	55	2	1.0	mode2_irq_prepare	0	00	00	E0	00	00	1.0	1	0	2	0																						
2	ppu_public	61	9152632	55	0	0.0	stat_sample	2	02	00	E0	00	00	0.0	1	0	2	0																						
2	ppu_public	61	9152630	55	8	4.0	mode2_enter	2	02	00	E0	00	00	4.0	1	0	2	0																						
2	ppu_public	61	9152632	55	0	0.0	stat_sample	3	02	00	E0	00	00	0.0	1	0	2	0																						
2	ppu_public	61	9152798	55	176	88.0	mode3_enter	3	02	00	E0	00	00	88.0	1	0	2	0																						
2	ppu_public	61	9152792	55	84	42.0	stat_sample	3	03	00	E0	00	00	42.0	1	0	2	0																						
2	ppu_public	61	9153142	55	520	260.0	mode0_enter	0	03	00	E0	00	00	260.0	1	0	2	0																						
2	ppu_public	61	9153136	55	257	128.5	stat_sample	0	00	00	E0	00	00	128.5	1	0	2	0																						
2	ppu_public	61	9153536	56	0	0.0	stat_sample	2	00	00	E0	00	00	0.0	1	0	2	0																						
2	ppu_public	61	9153536	56	2	1.0	mode2_irq_prepare	0	00	00	E0	00	00	1.0	1	0	2	0																						
2	ppu_public	61	9153544	56	0	0.0	stat_sample	2	02	00	E0	00	00	0.0	1	0	2	0																						
2	ppu_public	61	9153542	56	8	4.0	mode2_enter	2	02	00	E0	00	00	4.0	1	0	2	0																						
2	ppu_public	61	9153544	56	0	0.0	stat_sample	3	02	00	E0	00	00	0.0	1	0	2	0																						
2	ppu_public	61	9153710	56	176	88.0	mode3_enter	3	02	00	E0	00	00	88.0	1	0	2	0																						
2	ppu_public	61	9153704	56	84	42.0	stat_sample	3	03	00	E0	00	00	42.0	1	0	2	0																						
2	ppu_public	61	9154054	56	520	260.0	mode0_enter	0	03	00	E0	00	00	260.0	1	0	2	0																						
2	ppu_public	61	9154048	56	257	128.5	stat_sample	0	00	00	E0	00	00	128.5	1	0	2	0																						
2	ppu_public	61	9154448	57	0	0.0	stat_sample	2	00	00	E0	00	00	0.0	1	0	2	0																						
2	ppu_public	61	9154448	57	2	1.0	mode2_irq_prepare	0	00	00	E0	00	00	1.0	1	0	2	0																						
2	ppu_public	61	9154456	57	0	0.0	stat_sample	2	02	00	E0	00	00	0.0	1	0	2	0																						
2	ppu_public	61	9154454	57	8	4.0	mode2_enter	2	02	00	E0	00	00	4.0	1	0	2	0																						
2	ppu_public	61	9154456	57	0	0.0	stat_sample	3	02	00	E0	00	00	0.0	1	0	2	0																						
2	ppu_public	61	9154622	57	176	88.0	mode3_enter	3	02	00	E0	00	00	88.0	1	0	2	0																						
2	ppu_public	61	9154616	57	84	42.0	stat_sample	3	03	00	E0	00	00	42.0	1	0	2	0																						
2	ppu_public	61	9154966	57	520	260.0	mode0_enter	0	03	00	E0	00	00	260.0	1	0	2	0																						
2	ppu_public	61	9154960	57	257	128.5	stat_sample	0	00	00	E0	00	00	128.5	1	0	2	0																						
2	ppu_public	61	9155360	58	0	0.0	stat_sample	2	00	00	E0	00	00	0.0	1	0	2	0																						
2	ppu_public	61	9155360	58	2	1.0	mode2_irq_prepare	0	00	00	E0	00	00	1.0	1	0	2	0																						
2	ppu_public	61	9155368	58	0	0.0	stat_sample	2	02	00	E0	00	00	0.0	1	0	2	0																						
2	ppu_public	61	9155366	58	8	4.0	mode2_enter	2	02	00	E0	00	00	4.0	1	0	2	0																						
2	ppu_public	61	9155368	58	0	0.0	stat_sample	3	02	00	E0	00	00	0.0	1	0	2	0																						
2	ppu_public	61	9155534	58	176	88.0	mode3_enter	3	02	00	E0	00	00	88.0	1	0	2	0																						
2	ppu_public	61	9155528	58	84	42.0	stat_sample	3	03	00	E0	00	00	42.0	1	0	2	0																						
2	ppu_public	61	9155878	58	520	260.0	mode0_enter	0	03	00	E0	00	00	260.0	1	0	2	0																						
2	ppu_public	61	9155872	58	257	128.5	stat_sample	0	00	00	E0	00	00	128.5	1	0	2	0																						
2	ppu_public	61	9156272	59	0	0.0	stat_sample	2	00	00	E0	00	00	0.0	1	0	2	0																						
2	ppu_public	61	9156272	59	2	1.0	mode2_irq_prepare	0	00	00	E0	00	00	1.0	1	0	2	0																						
2	ppu_public	61	9156280	59	0	0.0	stat_sample	2	02	00	E0	00	00	0.0	1	0	2	0																						
2	ppu_public	61	9156278	59	8	4.0	mode2_enter	2	02	00	E0	00	00	4.0	1	0	2	0																						
2	ppu_public	61	9156280	59	0	0.0	stat_sample	3	02	00	E0	00	00	0.0	1	0	2	0																						
2	ppu_public	61	9156446	59	176	88.0	mode3_enter	3	02	00	E0	00	00	88.0	1	0	2	0																						
2	ppu_public	61	9156440	59	84	42.0	stat_sample	3	03	00	E0	00	00	42.0	1	0	2	0																						
2	ppu_public	61	9156790	59	520	260.0	mode0_enter	0	03	00	E0	00	00	260.0	1	0	2	0																						
2	ppu_public	61	9156784	59	257	128.5	stat_sample	0	00	00	E0	00	00	128.5	1	0	2	0																						
2	ppu_public	61	9157184	60	0	0.0	stat_sample	2	00	00	E0	00	00	0.0	1	0	2	0																						
2	ppu_public	61	9157184	60	2	1.0	mode2_irq_prepare	0	00	00	E0	00	00	1.0	1	0	2	0																						
2	ppu_public	61	9157192	60	0	0.0	stat_sample	2	02	00	E0	00	00	0.0	1	0	2	0																						
2	ppu_public	61	9157190	60	8	4.0	mode2_enter	2	02	00	E0	00	00	4.0	1	0	2	0																						
2	ppu_public	61	9157192	60	0	0.0	stat_sample	3	02	00	E0	00	00	0.0	1	0	2	0																						
2	ppu_public	61	9157358	60	176	88.0	mode3_enter	3	02	00	E0	00	00	88.0	1	0	2	0																						
2	ppu_public	61	9157352	60	84	42.0	stat_sample	3	03	00	E0	00	00	42.0	1	0	2	0																						
2	ppu_public	61	9157702	60	520	260.0	mode0_enter	0	03	00	E0	00	00	260.0	1	0	2	0																						
2	ppu_public	61	9157696	60	257	128.5	stat_sample	0	00	00	E0	00	00	128.5	1	0	2	0																						
2	ppu_public	61	9158096	61	0	0.0	stat_sample	2	00	00	E0	00	00	0.0	1	0	2	0																						
2	ppu_public	61	9158096	61	2	1.0	mode2_irq_prepare	0	00	00	E0	00	00	1.0	1	0	2	0																						
2	ppu_public	61	9158104	61	0	0.0	stat_sample	2	02	00	E0	00	00	0.0	1	0	2	0																						
2	ppu_public	61	9158102	61	8	4.0	mode2_enter	2	02	00	E0	00	00	4.0	1	0	2	0																						
2	ppu_public	61	9158104	61	0	0.0	stat_sample	3	02	00	E0	00	00	0.0	1	0	2	0																						
2	ppu_public	61	9158270	61	176	88.0	mode3_enter	3	02	00	E0	00	00	88.0	1	0	2	0																						
2	ppu_public	61	9158264	61	84	42.0	stat_sample	3	03	00	E0	00	00	42.0	1	0	2	0																						
2	ppu_public	61	9158614	61	520	260.0	mode0_enter	0	03	00	E0	00	00	260.0	1	0	2	0																						
2	ppu_public	61	9158608	61	257	128.5	stat_sample	0	00	00	E0	00	00	128.5	1	0	2	0																						
2	ppu_public	61	9159008	62	0	0.0	stat_sample	2	00	00	E0	00	00	0.0	1	0	2	0																						
2	ppu_public	61	9159008	62	2	1.0	mode2_irq_prepare	0	00	00	E0	00	00	1.0	1	0	2	0																						
2	ppu_public	61	9159016	62	0	0.0	stat_sample	2	02	00	E0	00	00	0.0	1	0	2	0																						
2	ppu_public	61	9159014	62	8	4.0	mode2_enter	2	02	00	E0	00	00	4.0	1	0	2	0																						
2	ppu_public	61	9159016	62	0	0.0	stat_sample	3	02	00	E0	00	00	0.0	1	0	2	0																						
2	ppu_public	61	9159182	62	176	88.0	mode3_enter	3	02	00	E0	00	00	88.0	1	0	2	0																						
2	ppu_public	61	9159176	62	84	42.0	stat_sample	3	03	00	E0	00	00	42.0	1	0	2	0																						
2	ppu_public	61	9159526	62	520	260.0	mode0_enter	0	03	00	E0	00	00	260.0	1	0	2	0																						
2	ppu_public	61	9159520	62	257	128.5	stat_sample	0	00	00	E0	00	00	128.5	1	0	2	0																						
2	ppu_public	61	9159920	63	0	0.0	stat_sample	2	00	00	E0	00	00	0.0	1	0	2	0																						
2	ppu_public	61	9159920	63	2	1.0	mode2_irq_prepare	0	00	00	E0	00	00	1.0	1	0	2	0																						
2	ppu_public	61	9159928	63	0	0.0	stat_sample	2	02	00	E0	00	00	0.0	1	0	2	0																						
2	ppu_public	61	9159926	63	8	4.0	mode2_enter	2	02	00	E0	00	00	4.0	1	0	2	0																						
2	ppu_public	61	9159928	63	0	0.0	stat_sample	3	02	00	E0	00	00	0.0	1	0	2	0																						
2	ppu_public	61	9160094	63	176	88.0	mode3_enter	3	02	00	E0	00	00	88.0	1	0	2	0																						
2	ppu_public	61	9160088	63	84	42.0	stat_sample	3	03	00	E0	00	00	42.0	1	0	2	0																						
2	ppu_public	61	9160438	63	520	260.0	mode0_enter	0	03	00	E0	00	00	260.0	1	0	2	0																						
2	ppu_public	61	9160432	63	257	128.5	stat_sample	0	00	00	E0	00	00	128.5	1	0	2	0																						
2	ppu_public	61	9160832	64	0	0.0	stat_sample	2	00	00	E0	00	00	0.0	1	0	2	0																						
2	ppu_public	61	9160832	64	2	1.0	mode2_irq_prepare	0	00	00	E0	00	00	1.0	1	0	2	0																						
2	ppu_public	61	9160840	64	0	0.0	stat_sample	2	02	00	E0	00	00	0.0	1	0	2	0																						
2	ppu_public	61	9160838	64	8	4.0	mode2_enter	2	02	00	E0	00	00	4.0	1	0	2	0																						
2	ppu_public	61	9160840	64	0	0.0	stat_sample	3	02	00	E0	00	00	0.0	1	0	2	0																						
2	ppu_public	61	9161006	64	176	88.0	mode3_enter	3	02	00	E0	00	00	88.0	1	0	2	0																						
2	ppu_public	61	9161000	64	84	42.0	stat_sample	3	03	00	E0	00	00	42.0	1	0	2	0																						
2	ppu_public	61	9161350	64	520	260.0	mode0_enter	0	03	00	E0	00	00	260.0	1	0	2	0																						
2	ppu_public	61	9161344	64	257	128.5	stat_sample	0	00	00	E0	00	00	128.5	1	0	2	0																						
2	ppu_public	61	9161744	65	0	0.0	stat_sample	2	00	00	E0	00	00	0.0	1	0	2	0																						
2	ppu_public	61	9161744	65	2	1.0	mode2_irq_prepare	0	00	00	E0	00	00	1.0	1	0	2	0																						
2	ppu_public	61	9161752	65	0	0.0	stat_sample	2	02	00	E0	00	00	0.0	1	0	2	0																						
2	ppu_public	61	9161750	65	8	4.0	mode2_enter	2	02	00	E0	00	00	4.0	1	0	2	0																						
2	ppu_public	61	9161752	65	0	0.0	stat_sample	3	02	00	E0	00	00	0.0	1	0	2	0																						
2	ppu_public	61	9161918	65	176	88.0	mode3_enter	3	02	00	E0	00	00	88.0	1	0	2	0																						
2	ppu_public	61	9161912	65	84	42.0	stat_sample	3	03	00	E0	00	00	42.0	1	0	2	0																						
2	ppu_public	61	9162262	65	520	260.0	mode0_enter	0	03	00	E0	00	00	260.0	1	0	2	0																						
2	ppu_public	61	9162256	65	257	128.5	stat_sample	0	00	00	E0	00	00	128.5	1	0	2	0																						
2	ppu_public	61	9162656	66	0	0.0	stat_sample	2	00	00	E0	00	00	0.0	1	0	2	0																						
2	ppu_public	61	9162656	66	2	1.0	mode2_irq_prepare	0	00	00	E0	00	00	1.0	1	0	2	0																						
2	ppu_public	61	9162664	66	0	0.0	stat_sample	2	02	00	E0	00	00	0.0	1	0	2	0																						
2	ppu_public	61	9162662	66	8	4.0	mode2_enter	2	02	00	E0	00	00	4.0	1	0	2	0																						
2	ppu_public	61	9162664	66	0	0.0	stat_sample	3	02	00	E0	00	00	0.0	1	0	2	0																						
2	ppu_public	61	9162830	66	176	88.0	mode3_enter	3	02	00	E0	00	00	88.0	1	0	2	0																						
2	ppu_public	61	9162824	66	84	42.0	stat_sample	3	03	00	E0	00	00	42.0	1	0	2	0																						
2	ppu_public	61	9163174	66	520	260.0	mode0_enter	0	03	00	E0	00	00	260.0	1	0	2	0																						
2	ppu_public	61	9163168	66	257	128.5	stat_sample	0	00	00	E0	00	00	128.5	1	0	2	0																						
2	ppu_public	61	9163568	67	0	0.0	stat_sample	2	00	00	E0	00	00	0.0	1	0	2	0																						
2	ppu_public	61	9163568	67	2	1.0	mode2_irq_prepare	0	00	00	E0	00	00	1.0	1	0	2	0																						
2	ppu_public	61	9163576	67	0	0.0	stat_sample	2	02	00	E0	00	00	0.0	1	0	2	0																						
2	ppu_public	61	9163574	67	8	4.0	mode2_enter	2	02	00	E0	00	00	4.0	1	0	2	0																						
2	ppu_public	61	9163576	67	0	0.0	stat_sample	3	02	00	E0	00	00	0.0	1	0	2	0																						
2	ppu_public	61	9163742	67	176	88.0	mode3_enter	3	02	00	E0	00	00	88.0	1	0	2	0																						
2	ppu_public	61	9163736	67	84	42.0	stat_sample	3	03	00	E0	00	00	42.0	1	0	2	0																						
2	ppu_public	61	9164086	67	520	260.0	mode0_enter	0	03	00	E0	00	00	260.0	1	0	2	0																						
2	ppu_public	61	9164080	67	257	128.5	stat_sample	0	00	00	E0	00	00	128.5	1	0	2	0																						
2	ppu_public	61	9164480	68	0	0.0	stat_sample	2	00	00	E0	00	00	0.0	1	0	2	0																						
2	ppu_public	61	9164480	68	2	1.0	mode2_irq_prepare	0	00	00	E0	00	00	1.0	1	0	2	0																						
2	ppu_public	61	9164488	68	0	0.0	stat_sample	2	02	00	E0	00	00	0.0	1	0	2	0																						
2	ppu_public	61	9164486	68	8	4.0	mode2_enter	2	02	00	E0	00	00	4.0	1	0	2	0																						
2	ppu_public	61	9164488	68	0	0.0	stat_sample	3	02	00	E0	00	00	0.0	1	0	2	0																						
2	ppu_public	61	9164654	68	176	88.0	mode3_enter	3	02	00	E0	00	00	88.0	1	0	2	0																						
2	ppu_public	61	9164648	68	84	42.0	stat_sample	3	03	00	E0	00	00	42.0	1	0	2	0																						
2	ppu_public	61	9164998	68	520	260.0	mode0_enter	0	03	00	E0	00	00	260.0	1	0	2	0																						
2	ppu_public	61	9164992	68	257	128.5	stat_sample	0	00	00	E0	00	00	128.5	1	0	2	0																						
2	ppu_public	61	9165392	69	0	0.0	stat_sample	2	00	00	E0	00	00	0.0	1	0	2	0																						
2	ppu_public	61	9165392	69	2	1.0	mode2_irq_prepare	0	00	00	E0	00	00	1.0	1	0	2	0																						
2	ppu_public	61	9165400	69	0	0.0	stat_sample	2	02	00	E0	00	00	0.0	1	0	2	0																						
2	ppu_public	61	9165398	69	8	4.0	mode2_enter	2	02	00	E0	00	00	4.0	1	0	2	0																						
2	ppu_public	61	9165400	69	0	0.0	stat_sample	3	02	00	E0	00	00	0.0	1	0	2	0																						
2	ppu_public	61	9165566	69	176	88.0	mode3_enter	3	02	00	E0	00	00	88.0	1	0	2	0																						
2	ppu_public	61	9165560	69	84	42.0	stat_sample	3	03	00	E0	00	00	42.0	1	0	2	0																						
2	ppu_public	61	9165910	69	520	260.0	mode0_enter	0	03	00	E0	00	00	260.0	1	0	2	0																						
2	ppu_public	61	9165904	69	257	128.5	stat_sample	0	00	00	E0	00	00	128.5	1	0	2	0																						
2	ppu_public	61	9166304	70	0	0.0	stat_sample	2	00	00	E0	00	00	0.0	1	0	2	0																						
2	ppu_public	61	9166304	70	2	1.0	mode2_irq_prepare	0	00	00	E0	00	00	1.0	1	0	2	0																						
2	ppu_public	61	9166312	70	0	0.0	stat_sample	2	02	00	E0	00	00	0.0	1	0	2	0																						
2	ppu_public	61	9166310	70	8	4.0	mode2_enter	2	02	00	E0	00	00	4.0	1	0	2	0																						
2	ppu_public	61	9166312	70	0	0.0	stat_sample	3	02	00	E0	00	00	0.0	1	0	2	0																						
2	ppu_public	61	9166478	70	176	88.0	mode3_enter	3	02	00	E0	00	00	88.0	1	0	2	0																						
2	ppu_public	61	9166472	70	84	42.0	stat_sample	3	03	00	E0	00	00	42.0	1	0	2	0																						
2	ppu_public	61	9166822	70	520	260.0	mode0_enter	0	03	00	E0	00	00	260.0	1	0	2	0																						
2	ppu_public	61	9166816	70	257	128.5	stat_sample	0	00	00	E0	00	00	128.5	1	0	2	0																						
2	ppu_public	61	9167216	71	0	0.0	stat_sample	2	00	00	E0	00	00	0.0	1	0	2	0																						
2	ppu_public	61	9167216	71	2	1.0	mode2_irq_prepare	0	00	00	E0	00	00	1.0	1	0	2	0																						
2	ppu_public	61	9167224	71	0	0.0	stat_sample	2	02	00	E0	00	00	0.0	1	0	2	0																						
2	ppu_public	61	9167222	71	8	4.0	mode2_enter	2	02	00	E0	00	00	4.0	1	0	2	0																						
2	ppu_public	61	9167224	71	0	0.0	stat_sample	3	02	00	E0	00	00	0.0	1	0	2	0																						
2	ppu_public	61	9167390	71	176	88.0	mode3_enter	3	02	00	E0	00	00	88.0	1	0	2	0																						
2	ppu_public	61	9167384	71	84	42.0	stat_sample	3	03	00	E0	00	00	42.0	1	0	2	0																						
2	ppu_public	61	9167734	71	520	260.0	mode0_enter	0	03	00	E0	00	00	260.0	1	0	2	0																						
2	ppu_public	61	9167728	71	257	128.5	stat_sample	0	00	00	E0	00	00	128.5	1	0	2	0																						
2	ppu_public	61	9168128	72	0	0.0	stat_sample	2	00	00	E0	00	00	0.0	1	0	2	0																						
2	ppu_public	61	9168128	72	2	1.0	mode2_irq_prepare	0	00	00	E0	00	00	1.0	1	0	2	0																						
2	ppu_public	61	9168136	72	0	0.0	stat_sample	2	02	00	E0	00	00	0.0	1	0	2	0																						
2	ppu_public	61	9168134	72	8	4.0	mode2_enter	2	02	00	E0	00	00	4.0	1	0	2	0																						
2	ppu_public	61	9168136	72	0	0.0	stat_sample	3	02	00	E0	00	00	0.0	1	0	2	0																						
2	ppu_public	61	9168302	72	176	88.0	mode3_enter	3	02	00	E0	00	00	88.0	1	0	2	0																						
2	ppu_public	61	9168296	72	84	42.0	stat_sample	3	03	00	E0	00	00	42.0	1	0	2	0																						
2	ppu_public	61	9168646	72	520	260.0	mode0_enter	0	03	00	E0	00	00	260.0	1	0	2	0																						
2	ppu_public	61	9168640	72	257	128.5	stat_sample	0	00	00	E0	00	00	128.5	1	0	2	0																						
2	ppu_public	61	9169040	73	0	0.0	stat_sample	2	00	00	E0	00	00	0.0	1	0	2	0																						
2	ppu_public	61	9169040	73	2	1.0	mode2_irq_prepare	0	00	00	E0	00	00	1.0	1	0	2	0																						
2	ppu_public	61	9169048	73	0	0.0	stat_sample	2	02	00	E0	00	00	0.0	1	0	2	0																						
2	ppu_public	61	9169046	73	8	4.0	mode2_enter	2	02	00	E0	00	00	4.0	1	0	2	0																						
2	ppu_public	61	9169048	73	0	0.0	stat_sample	3	02	00	E0	00	00	0.0	1	0	2	0																						
2	ppu_public	61	9169214	73	176	88.0	mode3_enter	3	02	00	E0	00	00	88.0	1	0	2	0																						
2	ppu_public	61	9169208	73	84	42.0	stat_sample	3	03	00	E0	00	00	42.0	1	0	2	0																						
2	ppu_public	61	9169558	73	520	260.0	mode0_enter	0	03	00	E0	00	00	260.0	1	0	2	0																						
2	ppu_public	61	9169552	73	257	128.5	stat_sample	0	00	00	E0	00	00	128.5	1	0	2	0																						
2	ppu_public	61	9169952	74	0	0.0	stat_sample	2	00	00	E0	00	00	0.0	1	0	2	0																						
2	ppu_public	61	9169952	74	2	1.0	mode2_irq_prepare	0	00	00	E0	00	00	1.0	1	0	2	0																						
2	ppu_public	61	9169960	74	0	0.0	stat_sample	2	02	00	E0	00	00	0.0	1	0	2	0																						
2	ppu_public	61	9169958	74	8	4.0	mode2_enter	2	02	00	E0	00	00	4.0	1	0	2	0																						
2	ppu_public	61	9169960	74	0	0.0	stat_sample	3	02	00	E0	00	00	0.0	1	0	2	0																						
2	ppu_public	61	9170126	74	176	88.0	mode3_enter	3	02	00	E0	00	00	88.0	1	0	2	0																						
2	ppu_public	61	9170120	74	84	42.0	stat_sample	3	03	00	E0	00	00	42.0	1	0	2	0																						
2	ppu_public	61	9170470	74	520	260.0	mode0_enter	0	03	00	E0	00	00	260.0	1	0	2	0																						
2	ppu_public	61	9170464	74	257	128.5	stat_sample	0	00	00	E0	00	00	128.5	1	0	2	0																						
2	ppu_public	61	9170864	75	0	0.0	stat_sample	2	00	00	E0	00	00	0.0	1	0	2	0																						
2	ppu_public	61	9170864	75	2	1.0	mode2_irq_prepare	0	00	00	E0	00	00	1.0	1	0	2	0																						
2	ppu_public	61	9170872	75	0	0.0	stat_sample	2	02	00	E0	00	00	0.0	1	0	2	0																						
2	ppu_public	61	9170870	75	8	4.0	mode2_enter	2	02	00	E0	00	00	4.0	1	0	2	0																						
2	ppu_public	61	9170872	75	0	0.0	stat_sample	3	02	00	E0	00	00	0.0	1	0	2	0																						
2	ppu_public	61	9171038	75	176	88.0	mode3_enter	3	02	00	E0	00	00	88.0	1	0	2	0																						
2	ppu_public	61	9171032	75	84	42.0	stat_sample	3	03	00	E0	00	00	42.0	1	0	2	0																						
2	ppu_public	61	9171382	75	520	260.0	mode0_enter	0	03	00	E0	00	00	260.0	1	0	2	0																						
2	ppu_public	61	9171376	75	257	128.5	stat_sample	0	00	00	E0	00	00	128.5	1	0	2	0																						
2	ppu_public	61	9171776	76	0	0.0	stat_sample	2	00	00	E0	00	00	0.0	1	0	2	0																						
2	ppu_public	61	9171776	76	2	1.0	mode2_irq_prepare	0	00	00	E0	00	00	1.0	1	0	2	0																						
2	ppu_public	61	9171784	76	0	0.0	stat_sample	2	02	00	E0	00	00	0.0	1	0	2	0																						
2	ppu_public	61	9171782	76	8	4.0	mode2_enter	2	02	00	E0	00	00	4.0	1	0	2	0																						
2	ppu_public	61	9171784	76	0	0.0	stat_sample	3	02	00	E0	00	00	0.0	1	0	2	0																						
2	ppu_public	61	9171950	76	176	88.0	mode3_enter	3	02	00	E0	00	00	88.0	1	0	2	0																						
2	ppu_public	61	9171944	76	84	42.0	stat_sample	3	03	00	E0	00	00	42.0	1	0	2	0																						
2	ppu_public	61	9172294	76	520	260.0	mode0_enter	0	03	00	E0	00	00	260.0	1	0	2	0																						
2	ppu_public	61	9172288	76	257	128.5	stat_sample	0	00	00	E0	00	00	128.5	1	0	2	0																						
2	ppu_public	61	9172688	77	0	0.0	stat_sample	2	00	00	E0	00	00	0.0	1	0	2	0																						
2	ppu_public	61	9172688	77	2	1.0	mode2_irq_prepare	0	00	00	E0	00	00	1.0	1	0	2	0																						
2	ppu_public	61	9172696	77	0	0.0	stat_sample	2	02	00	E0	00	00	0.0	1	0	2	0																						
2	ppu_public	61	9172694	77	8	4.0	mode2_enter	2	02	00	E0	00	00	4.0	1	0	2	0																						
2	ppu_public	61	9172696	77	0	0.0	stat_sample	3	02	00	E0	00	00	0.0	1	0	2	0																						
2	ppu_public	61	9172862	77	176	88.0	mode3_enter	3	02	00	E0	00	00	88.0	1	0	2	0																						
2	ppu_public	61	9172856	77	84	42.0	stat_sample	3	03	00	E0	00	00	42.0	1	0	2	0																						
2	ppu_public	61	9173206	77	520	260.0	mode0_enter	0	03	00	E0	00	00	260.0	1	0	2	0																						
2	ppu_public	61	9173200	77	257	128.5	stat_sample	0	00	00	E0	00	00	128.5	1	0	2	0																						
2	ppu_public	61	9173600	78	0	0.0	stat_sample	2	00	00	E0	00	00	0.0	1	0	2	0																						
2	ppu_public	61	9173600	78	2	1.0	mode2_irq_prepare	0	00	00	E0	00	00	1.0	1	0	2	0																						
2	ppu_public	61	9173608	78	0	0.0	stat_sample	2	02	00	E0	00	00	0.0	1	0	2	0																						
2	ppu_public	61	9173606	78	8	4.0	mode2_enter	2	02	00	E0	00	00	4.0	1	0	2	0																						
2	ppu_public	61	9173608	78	0	0.0	stat_sample	3	02	00	E0	00	00	0.0	1	0	2	0																						
2	ppu_public	61	9173774	78	176	88.0	mode3_enter	3	02	00	E0	00	00	88.0	1	0	2	0																						
2	ppu_public	61	9173768	78	84	42.0	stat_sample	3	03	00	E0	00	00	42.0	1	0	2	0																						
2	ppu_public	61	9174118	78	520	260.0	mode0_enter	0	03	00	E0	00	00	260.0	1	0	2	0																						
2	ppu_public	61	9174112	78	257	128.5	stat_sample	0	00	00	E0	00	00	128.5	1	0	2	0																						
2	ppu_public	61	9174512	79	0	0.0	stat_sample	2	00	00	E0	00	00	0.0	1	0	2	0																						
2	ppu_public	61	9174512	79	2	1.0	mode2_irq_prepare	0	00	00	E0	00	00	1.0	1	0	2	0																						
2	ppu_public	61	9174520	79	0	0.0	stat_sample	2	02	00	E0	00	00	0.0	1	0	2	0																						
2	ppu_public	61	9174518	79	8	4.0	mode2_enter	2	02	00	E0	00	00	4.0	1	0	2	0																						
2	ppu_public	61	9174520	79	0	0.0	stat_sample	3	02	00	E0	00	00	0.0	1	0	2	0																						
2	ppu_public	61	9174686	79	176	88.0	mode3_enter	3	02	00	E0	00	00	88.0	1	0	2	0																						
2	ppu_public	61	9174680	79	84	42.0	stat_sample	3	03	00	E0	00	00	42.0	1	0	2	0																						
2	ppu_public	61	9175030	79	520	260.0	mode0_enter	0	03	00	E0	00	00	260.0	1	0	2	0																						
2	ppu_public	61	9175024	79	257	128.5	stat_sample	0	00	00	E0	00	00	128.5	1	0	2	0																						
2	ppu_public	61	9175424	80	0	0.0	stat_sample	2	00	00	E0	00	00	0.0	1	0	2	0																						
2	ppu_public	61	9175424	80	2	1.0	mode2_irq_prepare	0	00	00	E0	00	00	1.0	1	0	2	0																						
2	ppu_public	61	9175432	80	0	0.0	stat_sample	2	02	00	E0	00	00	0.0	1	0	2	0																						
2	ppu_public	61	9175430	80	8	4.0	mode2_enter	2	02	00	E0	00	00	4.0	1	0	2	0																						
2	ppu_public	61	9175432	80	0	0.0	stat_sample	3	02	00	E0	00	00	0.0	1	0	2	0																						
2	ppu_public	61	9175598	80	176	88.0	mode3_enter	3	02	00	E0	00	00	88.0	1	0	2	0																						
2	ppu_public	61	9175592	80	84	42.0	stat_sample	3	03	00	E0	00	00	42.0	1	0	2	0																						
2	ppu_public	61	9175942	80	520	260.0	mode0_enter	0	03	00	E0	00	00	260.0	1	0	2	0																						
2	ppu_public	61	9175936	80	257	128.5	stat_sample	0	00	00	E0	00	00	128.5	1	0	2	0																						
2	ppu_public	61	9176336	81	0	0.0	stat_sample	2	00	00	E0	00	00	0.0	1	0	2	0																						
2	ppu_public	61	9176336	81	2	1.0	mode2_irq_prepare	0	00	00	E0	00	00	1.0	1	0	2	0																						
2	ppu_public	61	9176344	81	0	0.0	stat_sample	2	02	00	E0	00	00	0.0	1	0	2	0																						
2	ppu_public	61	9176342	81	8	4.0	mode2_enter	2	02	00	E0	00	00	4.0	1	0	2	0																						
2	ppu_public	61	9176344	81	0	0.0	stat_sample	3	02	00	E0	00	00	0.0	1	0	2	0																						
2	ppu_public	61	9176510	81	176	88.0	mode3_enter	3	02	00	E0	00	00	88.0	1	0	2	0																						
2	ppu_public	61	9176504	81	84	42.0	stat_sample	3	03	00	E0	00	00	42.0	1	0	2	0																						
2	ppu_public	61	9176854	81	520	260.0	mode0_enter	0	03	00	E0	00	00	260.0	1	0	2	0																						
2	ppu_public	61	9176848	81	257	128.5	stat_sample	0	00	00	E0	00	00	128.5	1	0	2	0																						
2	ppu_public	61	9177248	82	0	0.0	stat_sample	2	00	00	E0	00	00	0.0	1	0	2	0																						
2	ppu_public	61	9177248	82	2	1.0	mode2_irq_prepare	0	00	00	E0	00	00	1.0	1	0	2	0																						
2	ppu_public	61	9177256	82	0	0.0	stat_sample	2	02	00	E0	00	00	0.0	1	0	2	0																						
2	ppu_public	61	9177254	82	8	4.0	mode2_enter	2	02	00	E0	00	00	4.0	1	0	2	0																						
2	ppu_public	61	9177256	82	0	0.0	stat_sample	3	02	00	E0	00	00	0.0	1	0	2	0																						
2	ppu_public	61	9177422	82	176	88.0	mode3_enter	3	02	00	E0	00	00	88.0	1	0	2	0																						
2	ppu_public	61	9177416	82	84	42.0	stat_sample	3	03	00	E0	00	00	42.0	1	0	2	0																						
2	ppu_public	61	9177766	82	520	260.0	mode0_enter	0	03	00	E0	00	00	260.0	1	0	2	0																						
2	ppu_public	61	9177760	82	257	128.5	stat_sample	0	00	00	E0	00	00	128.5	1	0	2	0																						
2	ppu_public	61	9178160	83	0	0.0	stat_sample	2	00	00	E0	00	00	0.0	1	0	2	0																						
2	ppu_public	61	9178160	83	2	1.0	mode2_irq_prepare	0	00	00	E0	00	00	1.0	1	0	2	0																						
2	ppu_public	61	9178168	83	0	0.0	stat_sample	2	02	00	E0	00	00	0.0	1	0	2	0																						
2	ppu_public	61	9178166	83	8	4.0	mode2_enter	2	02	00	E0	00	00	4.0	1	0	2	0																						
2	ppu_public	61	9178168	83	0	0.0	stat_sample	3	02	00	E0	00	00	0.0	1	0	2	0																						
2	ppu_public	61	9178334	83	176	88.0	mode3_enter	3	02	00	E0	00	00	88.0	1	0	2	0																						
2	ppu_public	61	9178328	83	84	42.0	stat_sample	3	03	00	E0	00	00	42.0	1	0	2	0																						
2	ppu_public	61	9178678	83	520	260.0	mode0_enter	0	03	00	E0	00	00	260.0	1	0	2	0																						
2	ppu_public	61	9178672	83	257	128.5	stat_sample	0	00	00	E0	00	00	128.5	1	0	2	0																						
2	ppu_public	61	9179072	84	0	0.0	stat_sample	2	00	00	E0	00	00	0.0	1	0	2	0																						
2	ppu_public	61	9179072	84	2	1.0	mode2_irq_prepare	0	00	00	E0	00	00	1.0	1	0	2	0																						
2	ppu_public	61	9179080	84	0	0.0	stat_sample	2	02	00	E0	00	00	0.0	1	0	2	0																						
2	ppu_public	61	9179078	84	8	4.0	mode2_enter	2	02	00	E0	00	00	4.0	1	0	2	0																						
2	ppu_public	61	9179080	84	0	0.0	stat_sample	3	02	00	E0	00	00	0.0	1	0	2	0																						
2	ppu_public	61	9179246	84	176	88.0	mode3_enter	3	02	00	E0	00	00	88.0	1	0	2	0																						
2	ppu_public	61	9179240	84	84	42.0	stat_sample	3	03	00	E0	00	00	42.0	1	0	2	0																						
2	ppu_public	61	9179590	84	520	260.0	mode0_enter	0	03	00	E0	00	00	260.0	1	0	2	0																						
2	ppu_public	61	9179584	84	257	128.5	stat_sample	0	00	00	E0	00	00	128.5	1	0	2	0																						
2	ppu_public	61	9179984	85	0	0.0	stat_sample	2	00	00	E0	00	00	0.0	1	0	2	0																						
2	ppu_public	61	9179984	85	2	1.0	mode2_irq_prepare	0	00	00	E0	00	00	1.0	1	0	2	0																						
2	ppu_public	61	9179992	85	0	0.0	stat_sample	2	02	00	E0	00	00	0.0	1	0	2	0																						
2	ppu_public	61	9179990	85	8	4.0	mode2_enter	2	02	00	E0	00	00	4.0	1	0	2	0																						
2	ppu_public	61	9179992	85	0	0.0	stat_sample	3	02	00	E0	00	00	0.0	1	0	2	0																						
2	ppu_public	61	9180158	85	176	88.0	mode3_enter	3	02	00	E0	00	00	88.0	1	0	2	0																						
2	ppu_public	61	9180152	85	84	42.0	stat_sample	3	03	00	E0	00	00	42.0	1	0	2	0																						
2	ppu_public	61	9180502	85	520	260.0	mode0_enter	0	03	00	E0	00	00	260.0	1	0	2	0																						
2	ppu_public	61	9180496	85	257	128.5	stat_sample	0	00	00	E0	00	00	128.5	1	0	2	0																						
2	ppu_public	61	9180896	86	0	0.0	stat_sample	2	00	00	E0	00	00	0.0	1	0	2	0																						
2	ppu_public	61	9180896	86	2	1.0	mode2_irq_prepare	0	00	00	E0	00	00	1.0	1	0	2	0																						
2	ppu_public	61	9180904	86	0	0.0	stat_sample	2	02	00	E0	00	00	0.0	1	0	2	0																						
2	ppu_public	61	9180902	86	8	4.0	mode2_enter	2	02	00	E0	00	00	4.0	1	0	2	0																						
2	ppu_public	61	9180904	86	0	0.0	stat_sample	3	02	00	E0	00	00	0.0	1	0	2	0																						
2	ppu_public	61	9181070	86	176	88.0	mode3_enter	3	02	00	E0	00	00	88.0	1	0	2	0																						
2	ppu_public	61	9181064	86	84	42.0	stat_sample	3	03	00	E0	00	00	42.0	1	0	2	0																						
2	ppu_public	61	9181414	86	520	260.0	mode0_enter	0	03	00	E0	00	00	260.0	1	0	2	0																						
2	ppu_public	61	9181408	86	257	128.5	stat_sample	0	00	00	E0	00	00	128.5	1	0	2	0																						
2	ppu_public	61	9181808	87	0	0.0	stat_sample	2	00	00	E0	00	00	0.0	1	0	2	0																						
2	ppu_public	61	9181808	87	2	1.0	mode2_irq_prepare	0	00	00	E0	00	00	1.0	1	0	2	0																						
2	ppu_public	61	9181816	87	0	0.0	stat_sample	2	02	00	E0	00	00	0.0	1	0	2	0																						
2	ppu_public	61	9181814	87	8	4.0	mode2_enter	2	02	00	E0	00	00	4.0	1	0	2	0																						
2	ppu_public	61	9181816	87	0	0.0	stat_sample	3	02	00	E0	00	00	0.0	1	0	2	0																						
2	ppu_public	61	9181982	87	176	88.0	mode3_enter	3	02	00	E0	00	00	88.0	1	0	2	0																						
2	ppu_public	61	9181976	87	84	42.0	stat_sample	3	03	00	E0	00	00	42.0	1	0	2	0																						
2	ppu_public	61	9182326	87	520	260.0	mode0_enter	0	03	00	E0	00	00	260.0	1	0	2	0																						
2	ppu_public	61	9182320	87	257	128.5	stat_sample	0	00	00	E0	00	00	128.5	1	0	2	0																						
2	ppu_public	61	9182720	88	0	0.0	stat_sample	2	00	00	E0	00	00	0.0	1	0	2	0																						
2	ppu_public	61	9182720	88	2	1.0	mode2_irq_prepare	0	00	00	E0	00	00	1.0	1	0	2	0																						
2	ppu_public	61	9182728	88	0	0.0	stat_sample	2	02	00	E0	00	00	0.0	1	0	2	0																						
2	ppu_public	61	9182726	88	8	4.0	mode2_enter	2	02	00	E0	00	00	4.0	1	0	2	0																						
2	ppu_public	61	9182728	88	0	0.0	stat_sample	3	02	00	E0	00	00	0.0	1	0	2	0																						
2	ppu_public	61	9182894	88	176	88.0	mode3_enter	3	02	00	E0	00	00	88.0	1	0	2	0																						
2	ppu_public	61	9182888	88	84	42.0	stat_sample	3	03	00	E0	00	00	42.0	1	0	2	0																						
2	ppu_public	61	9183238	88	520	260.0	mode0_enter	0	03	00	E0	00	00	260.0	1	0	2	0																						
2	ppu_public	61	9183232	88	257	128.5	stat_sample	0	00	00	E0	00	00	128.5	1	0	2	0																						
2	ppu_public	61	9183632	89	0	0.0	stat_sample	2	00	00	E0	00	00	0.0	1	0	2	0																						
2	ppu_public	61	9183632	89	2	1.0	mode2_irq_prepare	0	00	00	E0	00	00	1.0	1	0	2	0																						
2	ppu_public	61	9183640	89	0	0.0	stat_sample	2	02	00	E0	00	00	0.0	1	0	2	0																						
2	ppu_public	61	9183638	89	8	4.0	mode2_enter	2	02	00	E0	00	00	4.0	1	0	2	0																						
2	ppu_public	61	9183640	89	0	0.0	stat_sample	3	02	00	E0	00	00	0.0	1	0	2	0																						
2	ppu_public	61	9183806	89	176	88.0	mode3_enter	3	02	00	E0	00	00	88.0	1	0	2	0																						
2	ppu_public	61	9183800	89	84	42.0	stat_sample	3	03	00	E0	00	00	42.0	1	0	2	0																						
2	ppu_public	61	9184150	89	520	260.0	mode0_enter	0	03	00	E0	00	00	260.0	1	0	2	0																						
2	ppu_public	61	9184144	89	257	128.5	stat_sample	0	00	00	E0	00	00	128.5	1	0	2	0																						
2	ppu_public	61	9184544	90	0	0.0	stat_sample	2	00	00	E0	00	00	0.0	1	0	2	0																						
2	ppu_public	61	9184544	90	2	1.0	mode2_irq_prepare	0	00	00	E0	00	00	1.0	1	0	2	0																						
2	ppu_public	61	9184552	90	0	0.0	stat_sample	2	02	00	E0	00	00	0.0	1	0	2	0																						
2	ppu_public	61	9184550	90	8	4.0	mode2_enter	2	02	00	E0	00	00	4.0	1	0	2	0																						
2	ppu_public	61	9184552	90	0	0.0	stat_sample	3	02	00	E0	00	00	0.0	1	0	2	0																						
2	ppu_public	61	9184718	90	176	88.0	mode3_enter	3	02	00	E0	00	00	88.0	1	0	2	0																						
2	ppu_public	61	9184712	90	84	42.0	stat_sample	3	03	00	E0	00	00	42.0	1	0	2	0																						
2	ppu_public	61	9185062	90	520	260.0	mode0_enter	0	03	00	E0	00	00	260.0	1	0	2	0																						
2	ppu_public	61	9185056	90	257	128.5	stat_sample	0	00	00	E0	00	00	128.5	1	0	2	0																						
2	ppu_public	61	9185456	91	0	0.0	stat_sample	2	00	00	E0	00	00	0.0	1	0	2	0																						
2	ppu_public	61	9185456	91	2	1.0	mode2_irq_prepare	0	00	00	E0	00	00	1.0	1	0	2	0																						
2	ppu_public	61	9185464	91	0	0.0	stat_sample	2	02	00	E0	00	00	0.0	1	0	2	0																						
2	ppu_public	61	9185462	91	8	4.0	mode2_enter	2	02	00	E0	00	00	4.0	1	0	2	0																						
2	ppu_public	61	9185464	91	0	0.0	stat_sample	3	02	00	E0	00	00	0.0	1	0	2	0																						
2	ppu_public	61	9185630	91	176	88.0	mode3_enter	3	02	00	E0	00	00	88.0	1	0	2	0																						
2	ppu_public	61	9185624	91	84	42.0	stat_sample	3	03	00	E0	00	00	42.0	1	0	2	0																						
2	ppu_public	61	9185974	91	520	260.0	mode0_enter	0	03	00	E0	00	00	260.0	1	0	2	0																						
2	ppu_public	61	9185968	91	257	128.5	stat_sample	0	00	00	E0	00	00	128.5	1	0	2	0																						
2	ppu_public	61	9186368	92	0	0.0	stat_sample	2	00	00	E0	00	00	0.0	1	0	2	0																						
2	ppu_public	61	9186368	92	2	1.0	mode2_irq_prepare	0	00	00	E0	00	00	1.0	1	0	2	0																						
2	ppu_public	61	9186376	92	0	0.0	stat_sample	2	02	00	E0	00	00	0.0	1	0	2	0																						
2	ppu_public	61	9186374	92	8	4.0	mode2_enter	2	02	00	E0	00	00	4.0	1	0	2	0																						
2	ppu_public	61	9186376	92	0	0.0	stat_sample	3	02	00	E0	00	00	0.0	1	0	2	0																						
2	ppu_public	61	9186542	92	176	88.0	mode3_enter	3	02	00	E0	00	00	88.0	1	0	2	0																						
2	ppu_public	61	9186536	92	84	42.0	stat_sample	3	03	00	E0	00	00	42.0	1	0	2	0																						
2	ppu_public	61	9186886	92	520	260.0	mode0_enter	0	03	00	E0	00	00	260.0	1	0	2	0																						
2	ppu_public	61	9186880	92	257	128.5	stat_sample	0	00	00	E0	00	00	128.5	1	0	2	0																						
2	ppu_public	61	9187280	93	0	0.0	stat_sample	2	00	00	E0	00	00	0.0	1	0	2	0																						
2	ppu_public	61	9187280	93	2	1.0	mode2_irq_prepare	0	00	00	E0	00	00	1.0	1	0	2	0																						
2	ppu_public	61	9187288	93	0	0.0	stat_sample	2	02	00	E0	00	00	0.0	1	0	2	0																						
2	ppu_public	61	9187286	93	8	4.0	mode2_enter	2	02	00	E0	00	00	4.0	1	0	2	0																						
2	ppu_public	61	9187288	93	0	0.0	stat_sample	3	02	00	E0	00	00	0.0	1	0	2	0																						
2	ppu_public	61	9187454	93	176	88.0	mode3_enter	3	02	00	E0	00	00	88.0	1	0	2	0																						
2	ppu_public	61	9187448	93	84	42.0	stat_sample	3	03	00	E0	00	00	42.0	1	0	2	0																						
2	ppu_public	61	9187798	93	520	260.0	mode0_enter	0	03	00	E0	00	00	260.0	1	0	2	0																						
2	ppu_public	61	9187792	93	257	128.5	stat_sample	0	00	00	E0	00	00	128.5	1	0	2	0																						
2	ppu_public	61	9188192	94	0	0.0	stat_sample	2	00	00	E0	00	00	0.0	1	0	2	0																						
2	ppu_public	61	9188192	94	2	1.0	mode2_irq_prepare	0	00	00	E0	00	00	1.0	1	0	2	0																						
2	ppu_public	61	9188200	94	0	0.0	stat_sample	2	02	00	E0	00	00	0.0	1	0	2	0																						
2	ppu_public	61	9188198	94	8	4.0	mode2_enter	2	02	00	E0	00	00	4.0	1	0	2	0																						
2	ppu_public	61	9188200	94	0	0.0	stat_sample	3	02	00	E0	00	00	0.0	1	0	2	0																						
2	ppu_public	61	9188366	94	176	88.0	mode3_enter	3	02	00	E0	00	00	88.0	1	0	2	0																						
2	ppu_public	61	9188360	94	84	42.0	stat_sample	3	03	00	E0	00	00	42.0	1	0	2	0																						
2	ppu_public	61	9188710	94	520	260.0	mode0_enter	0	03	00	E0	00	00	260.0	1	0	2	0																						
2	ppu_public	61	9188704	94	257	128.5	stat_sample	0	00	00	E0	00	00	128.5	1	0	2	0																						
2	ppu_public	61	9189104	95	0	0.0	stat_sample	2	00	00	E0	00	00	0.0	1	0	2	0																						
2	ppu_public	61	9189104	95	2	1.0	mode2_irq_prepare	0	00	00	E0	00	00	1.0	1	0	2	0																						
2	ppu_public	61	9189112	95	0	0.0	stat_sample	2	02	00	E0	00	00	0.0	1	0	2	0																						
2	ppu_public	61	9189110	95	8	4.0	mode2_enter	2	02	00	E0	00	00	4.0	1	0	2	0																						
2	ppu_public	61	9189112	95	0	0.0	stat_sample	3	02	00	E0	00	00	0.0	1	0	2	0																						
2	ppu_public	61	9189278	95	176	88.0	mode3_enter	3	02	00	E0	00	00	88.0	1	0	2	0																						
2	ppu_public	61	9189272	95	84	42.0	stat_sample	3	03	00	E0	00	00	42.0	1	0	2	0																						
2	ppu_public	61	9189622	95	520	260.0	mode0_enter	0	03	00	E0	00	00	260.0	1	0	2	0																						
2	ppu_public	61	9189616	95	257	128.5	stat_sample	0	00	00	E0	00	00	128.5	1	0	2	0																						
2	ppu_public	61	9190016	96	0	0.0	stat_sample	2	00	00	E0	00	00	0.0	1	0	2	0																						
2	ppu_public	61	9190016	96	2	1.0	mode2_irq_prepare	0	00	00	E0	00	00	1.0	1	0	2	0																						
2	ppu_public	61	9190024	96	0	0.0	stat_sample	2	02	00	E0	00	00	0.0	1	0	2	0																						
2	ppu_public	61	9190022	96	8	4.0	mode2_enter	2	02	00	E0	00	00	4.0	1	0	2	0																						
2	ppu_public	61	9190024	96	0	0.0	stat_sample	3	02	00	E0	00	00	0.0	1	0	2	0																						
2	ppu_public	61	9190190	96	176	88.0	mode3_enter	3	02	00	E0	00	00	88.0	1	0	2	0																						
2	ppu_public	61	9190184	96	84	42.0	stat_sample	3	03	00	E0	00	00	42.0	1	0	2	0																						
2	ppu_public	61	9190534	96	520	260.0	mode0_enter	0	03	00	E0	00	00	260.0	1	0	2	0																						
2	ppu_public	61	9190528	96	257	128.5	stat_sample	0	00	00	E0	00	00	128.5	1	0	2	0																						
2	ppu_public	61	9190928	97	0	0.0	stat_sample	2	00	00	E0	00	00	0.0	1	0	2	0																						
2	ppu_public	61	9190928	97	2	1.0	mode2_irq_prepare	0	00	00	E0	00	00	1.0	1	0	2	0																						
2	ppu_public	61	9190936	97	0	0.0	stat_sample	2	02	00	E0	00	00	0.0	1	0	2	0																						
2	ppu_public	61	9190934	97	8	4.0	mode2_enter	2	02	00	E0	00	00	4.0	1	0	2	0																						
2	ppu_public	61	9190936	97	0	0.0	stat_sample	3	02	00	E0	00	00	0.0	1	0	2	0																						
2	ppu_public	61	9191102	97	176	88.0	mode3_enter	3	02	00	E0	00	00	88.0	1	0	2	0																						
2	ppu_public	61	9191096	97	84	42.0	stat_sample	3	03	00	E0	00	00	42.0	1	0	2	0																						
2	ppu_public	61	9191446	97	520	260.0	mode0_enter	0	03	00	E0	00	00	260.0	1	0	2	0																						
2	ppu_public	61	9191440	97	257	128.5	stat_sample	0	00	00	E0	00	00	128.5	1	0	2	0																						
2	ppu_public	61	9191840	98	0	0.0	stat_sample	2	00	00	E0	00	00	0.0	1	0	2	0																						
2	ppu_public	61	9191840	98	2	1.0	mode2_irq_prepare	0	00	00	E0	00	00	1.0	1	0	2	0																						
2	ppu_public	61	9191848	98	0	0.0	stat_sample	2	02	00	E0	00	00	0.0	1	0	2	0																						
2	ppu_public	61	9191846	98	8	4.0	mode2_enter	2	02	00	E0	00	00	4.0	1	0	2	0																						
2	ppu_public	61	9191848	98	0	0.0	stat_sample	3	02	00	E0	00	00	0.0	1	0	2	0																						
2	ppu_public	61	9192014	98	176	88.0	mode3_enter	3	02	00	E0	00	00	88.0	1	0	2	0																						
2	ppu_public	61	9192008	98	84	42.0	stat_sample	3	03	00	E0	00	00	42.0	1	0	2	0																						
2	ppu_public	61	9192358	98	520	260.0	mode0_enter	0	03	00	E0	00	00	260.0	1	0	2	0																						
2	ppu_public	61	9192352	98	257	128.5	stat_sample	0	00	00	E0	00	00	128.5	1	0	2	0																						
2	ppu_public	61	9192752	99	0	0.0	stat_sample	2	00	00	E0	00	00	0.0	1	0	2	0																						
2	ppu_public	61	9192752	99	2	1.0	mode2_irq_prepare	0	00	00	E0	00	00	1.0	1	0	2	0																						
2	ppu_public	61	9192760	99	0	0.0	stat_sample	2	02	00	E0	00	00	0.0	1	0	2	0																						
2	ppu_public	61	9192758	99	8	4.0	mode2_enter	2	02	00	E0	00	00	4.0	1	0	2	0																						
2	ppu_public	61	9192760	99	0	0.0	stat_sample	3	02	00	E0	00	00	0.0	1	0	2	0																						
2	ppu_public	61	9192926	99	176	88.0	mode3_enter	3	02	00	E0	00	00	88.0	1	0	2	0																						
2	ppu_public	61	9192920	99	84	42.0	stat_sample	3	03	00	E0	00	00	42.0	1	0	2	0																						
2	ppu_public	61	9193270	99	520	260.0	mode0_enter	0	03	00	E0	00	00	260.0	1	0	2	0																						
2	ppu_public	61	9193264	99	257	128.5	stat_sample	0	00	00	E0	00	00	128.5	1	0	2	0																						
2	ppu_public	61	9193664	100	0	0.0	stat_sample	2	00	00	E0	00	00	0.0	1	0	2	0																						
2	ppu_public	61	9193664	100	2	1.0	mode2_irq_prepare	0	00	00	E0	00	00	1.0	1	0	2	0																						
2	ppu_public	61	9193672	100	0	0.0	stat_sample	2	02	00	E0	00	00	0.0	1	0	2	0																						
2	ppu_public	61	9193670	100	8	4.0	mode2_enter	2	02	00	E0	00	00	4.0	1	0	2	0																						
2	ppu_public	61	9193672	100	0	0.0	stat_sample	3	02	00	E0	00	00	0.0	1	0	2	0																						
2	ppu_public	61	9193838	100	176	88.0	mode3_enter	3	02	00	E0	00	00	88.0	1	0	2	0																						
2	ppu_public	61	9193832	100	84	42.0	stat_sample	3	03	00	E0	00	00	42.0	1	0	2	0																						
2	ppu_public	61	9194182	100	520	260.0	mode0_enter	0	03	00	E0	00	00	260.0	1	0	2	0																						
2	ppu_public	61	9194176	100	257	128.5	stat_sample	0	00	00	E0	00	00	128.5	1	0	2	0																						
2	ppu_public	61	9194576	101	0	0.0	stat_sample	2	00	00	E0	00	00	0.0	1	0	2	0																						
2	ppu_public	61	9194576	101	2	1.0	mode2_irq_prepare	0	00	00	E0	00	00	1.0	1	0	2	0																						
2	ppu_public	61	9194584	101	0	0.0	stat_sample	2	02	00	E0	00	00	0.0	1	0	2	0																						
2	ppu_public	61	9194582	101	8	4.0	mode2_enter	2	02	00	E0	00	00	4.0	1	0	2	0																						
2	ppu_public	61	9194584	101	0	0.0	stat_sample	3	02	00	E0	00	00	0.0	1	0	2	0																						
2	ppu_public	61	9194750	101	176	88.0	mode3_enter	3	02	00	E0	00	00	88.0	1	0	2	0																						
2	ppu_public	61	9194744	101	84	42.0	stat_sample	3	03	00	E0	00	00	42.0	1	0	2	0																						
2	ppu_public	61	9195094	101	520	260.0	mode0_enter	0	03	00	E0	00	00	260.0	1	0	2	0																						
2	ppu_public	61	9195088	101	257	128.5	stat_sample	0	00	00	E0	00	00	128.5	1	0	2	0																						
2	ppu_public	61	9195488	102	0	0.0	stat_sample	2	00	00	E0	00	00	0.0	1	0	2	0																						
2	ppu_public	61	9195488	102	2	1.0	mode2_irq_prepare	0	00	00	E0	00	00	1.0	1	0	2	0																						
2	ppu_public	61	9195496	102	0	0.0	stat_sample	2	02	00	E0	00	00	0.0	1	0	2	0																						
2	ppu_public	61	9195494	102	8	4.0	mode2_enter	2	02	00	E0	00	00	4.0	1	0	2	0																						
2	ppu_public	61	9195496	102	0	0.0	stat_sample	3	02	00	E0	00	00	0.0	1	0	2	0																						
2	ppu_public	61	9195662	102	176	88.0	mode3_enter	3	02	00	E0	00	00	88.0	1	0	2	0																						
2	ppu_public	61	9195656	102	84	42.0	stat_sample	3	03	00	E0	00	00	42.0	1	0	2	0																						
2	ppu_public	61	9196006	102	520	260.0	mode0_enter	0	03	00	E0	00	00	260.0	1	0	2	0																						
2	ppu_public	61	9196000	102	257	128.5	stat_sample	0	00	00	E0	00	00	128.5	1	0	2	0																						
2	ppu_public	61	9196400	103	0	0.0	stat_sample	2	00	00	E0	00	00	0.0	1	0	2	0																						
2	ppu_public	61	9196400	103	2	1.0	mode2_irq_prepare	0	00	00	E0	00	00	1.0	1	0	2	0																						
2	ppu_public	61	9196408	103	0	0.0	stat_sample	2	02	00	E0	00	00	0.0	1	0	2	0																						
2	ppu_public	61	9196406	103	8	4.0	mode2_enter	2	02	00	E0	00	00	4.0	1	0	2	0																						
2	ppu_public	61	9196408	103	0	0.0	stat_sample	3	02	00	E0	00	00	0.0	1	0	2	0																						
2	ppu_public	61	9196574	103	176	88.0	mode3_enter	3	02	00	E0	00	00	88.0	1	0	2	0																						
2	ppu_public	61	9196568	103	84	42.0	stat_sample	3	03	00	E0	00	00	42.0	1	0	2	0																						
2	ppu_public	61	9196918	103	520	260.0	mode0_enter	0	03	00	E0	00	00	260.0	1	0	2	0																						
2	ppu_public	61	9196912	103	257	128.5	stat_sample	0	00	00	E0	00	00	128.5	1	0	2	0																						
2	ppu_public	61	9197312	104	0	0.0	stat_sample	2	00	00	E0	00	00	0.0	1	0	2	0																						
2	ppu_public	61	9197312	104	2	1.0	mode2_irq_prepare	0	00	00	E0	00	00	1.0	1	0	2	0																						
2	ppu_public	61	9197320	104	0	0.0	stat_sample	2	02	00	E0	00	00	0.0	1	0	2	0																						
2	ppu_public	61	9197318	104	8	4.0	mode2_enter	2	02	00	E0	00	00	4.0	1	0	2	0																						
2	ppu_public	61	9197320	104	0	0.0	stat_sample	3	02	00	E0	00	00	0.0	1	0	2	0																						
2	ppu_public	61	9197486	104	176	88.0	mode3_enter	3	02	00	E0	00	00	88.0	1	0	2	0																						
2	ppu_public	61	9197480	104	84	42.0	stat_sample	3	03	00	E0	00	00	42.0	1	0	2	0																						
2	ppu_public	61	9197830	104	520	260.0	mode0_enter	0	03	00	E0	00	00	260.0	1	0	2	0																						
2	ppu_public	61	9197824	104	257	128.5	stat_sample	0	00	00	E0	00	00	128.5	1	0	2	0																						
2	ppu_public	61	9198224	105	0	0.0	stat_sample	2	00	00	E0	00	00	0.0	1	0	2	0																						
2	ppu_public	61	9198224	105	2	1.0	mode2_irq_prepare	0	00	00	E0	00	00	1.0	1	0	2	0																						
2	ppu_public	61	9198232	105	0	0.0	stat_sample	2	02	00	E0	00	00	0.0	1	0	2	0																						
2	ppu_public	61	9198230	105	8	4.0	mode2_enter	2	02	00	E0	00	00	4.0	1	0	2	0																						
2	ppu_public	61	9198232	105	0	0.0	stat_sample	3	02	00	E0	00	00	0.0	1	0	2	0																						
2	ppu_public	61	9198398	105	176	88.0	mode3_enter	3	02	00	E0	00	00	88.0	1	0	2	0																						
2	ppu_public	61	9198392	105	84	42.0	stat_sample	3	03	00	E0	00	00	42.0	1	0	2	0																						
2	ppu_public	61	9198742	105	520	260.0	mode0_enter	0	03	00	E0	00	00	260.0	1	0	2	0																						
2	ppu_public	61	9198736	105	257	128.5	stat_sample	0	00	00	E0	00	00	128.5	1	0	2	0																						
2	ppu_public	61	9199136	106	0	0.0	stat_sample	2	00	00	E0	00	00	0.0	1	0	2	0																						
2	ppu_public	61	9199136	106	2	1.0	mode2_irq_prepare	0	00	00	E0	00	00	1.0	1	0	2	0																						
2	ppu_public	61	9199144	106	0	0.0	stat_sample	2	02	00	E0	00	00	0.0	1	0	2	0																						
2	ppu_public	61	9199142	106	8	4.0	mode2_enter	2	02	00	E0	00	00	4.0	1	0	2	0																						
2	ppu_public	61	9199144	106	0	0.0	stat_sample	3	02	00	E0	00	00	0.0	1	0	2	0																						
2	ppu_public	61	9199310	106	176	88.0	mode3_enter	3	02	00	E0	00	00	88.0	1	0	2	0																						
2	ppu_public	61	9199304	106	84	42.0	stat_sample	3	03	00	E0	00	00	42.0	1	0	2	0																						
2	ppu_public	61	9199654	106	520	260.0	mode0_enter	0	03	00	E0	00	00	260.0	1	0	2	0																						
2	ppu_public	61	9199648	106	257	128.5	stat_sample	0	00	00	E0	00	00	128.5	1	0	2	0																						
2	ppu_public	61	9200048	107	0	0.0	stat_sample	2	00	00	E0	00	00	0.0	1	0	2	0																						
2	ppu_public	61	9200048	107	2	1.0	mode2_irq_prepare	0	00	00	E0	00	00	1.0	1	0	2	0																						
2	ppu_public	61	9200056	107	0	0.0	stat_sample	2	02	00	E0	00	00	0.0	1	0	2	0																						
2	ppu_public	61	9200054	107	8	4.0	mode2_enter	2	02	00	E0	00	00	4.0	1	0	2	0																						
2	ppu_public	61	9200056	107	0	0.0	stat_sample	3	02	00	E0	00	00	0.0	1	0	2	0																						
2	ppu_public	61	9200222	107	176	88.0	mode3_enter	3	02	00	E0	00	00	88.0	1	0	2	0																						
2	ppu_public	61	9200216	107	84	42.0	stat_sample	3	03	00	E0	00	00	42.0	1	0	2	0																						
2	ppu_public	61	9200566	107	520	260.0	mode0_enter	0	03	00	E0	00	00	260.0	1	0	2	0																						
2	ppu_public	61	9200560	107	257	128.5	stat_sample	0	00	00	E0	00	00	128.5	1	0	2	0																						
2	ppu_public	61	9200960	108	0	0.0	stat_sample	2	00	00	E0	00	00	0.0	1	0	2	0																						
2	ppu_public	61	9200960	108	2	1.0	mode2_irq_prepare	0	00	00	E0	00	00	1.0	1	0	2	0																						
2	ppu_public	61	9200968	108	0	0.0	stat_sample	2	02	00	E0	00	00	0.0	1	0	2	0																						
2	ppu_public	61	9200966	108	8	4.0	mode2_enter	2	02	00	E0	00	00	4.0	1	0	2	0																						
2	ppu_public	61	9200968	108	0	0.0	stat_sample	3	02	00	E0	00	00	0.0	1	0	2	0																						
2	ppu_public	61	9201134	108	176	88.0	mode3_enter	3	02	00	E0	00	00	88.0	1	0	2	0																						
2	ppu_public	61	9201128	108	84	42.0	stat_sample	3	03	00	E0	00	00	42.0	1	0	2	0																						
2	ppu_public	61	9201478	108	520	260.0	mode0_enter	0	03	00	E0	00	00	260.0	1	0	2	0																						
2	ppu_public	61	9201472	108	257	128.5	stat_sample	0	00	00	E0	00	00	128.5	1	0	2	0																						
2	ppu_public	61	9201872	109	0	0.0	stat_sample	2	00	00	E0	00	00	0.0	1	0	2	0																						
2	ppu_public	61	9201872	109	2	1.0	mode2_irq_prepare	0	00	00	E0	00	00	1.0	1	0	2	0																						
2	ppu_public	61	9201880	109	0	0.0	stat_sample	2	02	00	E0	00	00	0.0	1	0	2	0																						
2	ppu_public	61	9201878	109	8	4.0	mode2_enter	2	02	00	E0	00	00	4.0	1	0	2	0																						
2	ppu_public	61	9201880	109	0	0.0	stat_sample	3	02	00	E0	00	00	0.0	1	0	2	0																						
2	ppu_public	61	9202046	109	176	88.0	mode3_enter	3	02	00	E0	00	00	88.0	1	0	2	0																						
2	ppu_public	61	9202040	109	84	42.0	stat_sample	3	03	00	E0	00	00	42.0	1	0	2	0																						
2	ppu_public	61	9202390	109	520	260.0	mode0_enter	0	03	00	E0	00	00	260.0	1	0	2	0																						
2	ppu_public	61	9202384	109	257	128.5	stat_sample	0	00	00	E0	00	00	128.5	1	0	2	0																						
2	ppu_public	61	9202784	110	0	0.0	stat_sample	2	00	00	E0	00	00	0.0	1	0	2	0																						
2	ppu_public	61	9202784	110	2	1.0	mode2_irq_prepare	0	00	00	E0	00	00	1.0	1	0	2	0																						
2	ppu_public	61	9202792	110	0	0.0	stat_sample	2	02	00	E0	00	00	0.0	1	0	2	0																						
2	ppu_public	61	9202790	110	8	4.0	mode2_enter	2	02	00	E0	00	00	4.0	1	0	2	0																						
2	ppu_public	61	9202792	110	0	0.0	stat_sample	3	02	00	E0	00	00	0.0	1	0	2	0																						
2	ppu_public	61	9202958	110	176	88.0	mode3_enter	3	02	00	E0	00	00	88.0	1	0	2	0																						
2	ppu_public	61	9202952	110	84	42.0	stat_sample	3	03	00	E0	00	00	42.0	1	0	2	0																						
2	ppu_public	61	9203302	110	520	260.0	mode0_enter	0	03	00	E0	00	00	260.0	1	0	2	0																						
2	ppu_public	61	9203296	110	257	128.5	stat_sample	0	00	00	E0	00	00	128.5	1	0	2	0																						
2	ppu_public	61	9203696	111	0	0.0	stat_sample	2	00	00	E0	00	00	0.0	1	0	2	0																						
2	ppu_public	61	9203696	111	2	1.0	mode2_irq_prepare	0	00	00	E0	00	00	1.0	1	0	2	0																						
2	ppu_public	61	9203704	111	0	0.0	stat_sample	2	02	00	E0	00	00	0.0	1	0	2	0																						
2	ppu_public	61	9203702	111	8	4.0	mode2_enter	2	02	00	E0	00	00	4.0	1	0	2	0																						
2	ppu_public	61	9203704	111	0	0.0	stat_sample	3	02	00	E0	00	00	0.0	1	0	2	0																						
2	ppu_public	61	9203870	111	176	88.0	mode3_enter	3	02	00	E0	00	00	88.0	1	0	2	0																						
2	ppu_public	61	9203864	111	84	42.0	stat_sample	3	03	00	E0	00	00	42.0	1	0	2	0																						
2	ppu_public	61	9204214	111	520	260.0	mode0_enter	0	03	00	E0	00	00	260.0	1	0	2	0																						
2	ppu_public	61	9204208	111	257	128.5	stat_sample	0	00	00	E0	00	00	128.5	1	0	2	0																						
2	ppu_public	61	9204608	112	0	0.0	stat_sample	2	00	00	E0	00	00	0.0	1	0	2	0																						
2	ppu_public	61	9204608	112	2	1.0	mode2_irq_prepare	0	00	00	E0	00	00	1.0	1	0	2	0																						
2	ppu_public	61	9204616	112	0	0.0	stat_sample	2	02	00	E0	00	00	0.0	1	0	2	0																						
2	ppu_public	61	9204614	112	8	4.0	mode2_enter	2	02	00	E0	00	00	4.0	1	0	2	0																						
2	ppu_public	61	9204616	112	0	0.0	stat_sample	3	02	00	E0	00	00	0.0	1	0	2	0																						
2	ppu_public	61	9204782	112	176	88.0	mode3_enter	3	02	00	E0	00	00	88.0	1	0	2	0																						
2	ppu_public	61	9204776	112	84	42.0	stat_sample	3	03	00	E0	00	00	42.0	1	0	2	0																						
2	ppu_public	61	9205126	112	520	260.0	mode0_enter	0	03	00	E0	00	00	260.0	1	0	2	0																						
2	ppu_public	61	9205120	112	257	128.5	stat_sample	0	00	00	E0	00	00	128.5	1	0	2	0																						
2	ppu_public	61	9205520	113	0	0.0	stat_sample	2	00	00	E0	00	00	0.0	1	0	2	0																						
2	ppu_public	61	9205520	113	2	1.0	mode2_irq_prepare	0	00	00	E0	00	00	1.0	1	0	2	0																						
2	ppu_public	61	9205528	113	0	0.0	stat_sample	2	02	00	E0	00	00	0.0	1	0	2	0																						
2	ppu_public	61	9205526	113	8	4.0	mode2_enter	2	02	00	E0	00	00	4.0	1	0	2	0																						
2	ppu_public	61	9205528	113	0	0.0	stat_sample	3	02	00	E0	00	00	0.0	1	0	2	0																						
2	ppu_public	61	9205694	113	176	88.0	mode3_enter	3	02	00	E0	00	00	88.0	1	0	2	0																						
2	ppu_public	61	9205688	113	84	42.0	stat_sample	3	03	00	E0	00	00	42.0	1	0	2	0																						
2	ppu_public	61	9206038	113	520	260.0	mode0_enter	0	03	00	E0	00	00	260.0	1	0	2	0																						
2	ppu_public	61	9206032	113	257	128.5	stat_sample	0	00	00	E0	00	00	128.5	1	0	2	0																						
2	ppu_public	61	9206432	114	0	0.0	stat_sample	2	00	00	E0	00	00	0.0	1	0	2	0																						
2	ppu_public	61	9206432	114	2	1.0	mode2_irq_prepare	0	00	00	E0	00	00	1.0	1	0	2	0																						
2	ppu_public	61	9206440	114	0	0.0	stat_sample	2	02	00	E0	00	00	0.0	1	0	2	0																						
2	ppu_public	61	9206438	114	8	4.0	mode2_enter	2	02	00	E0	00	00	4.0	1	0	2	0																						
2	ppu_public	61	9206440	114	0	0.0	stat_sample	3	02	00	E0	00	00	0.0	1	0	2	0																						
2	ppu_public	61	9206606	114	176	88.0	mode3_enter	3	02	00	E0	00	00	88.0	1	0	2	0																						
2	ppu_public	61	9206600	114	84	42.0	stat_sample	3	03	00	E0	00	00	42.0	1	0	2	0																						
2	ppu_public	61	9206950	114	520	260.0	mode0_enter	0	03	00	E0	00	00	260.0	1	0	2	0																						
2	ppu_public	61	9206944	114	257	128.5	stat_sample	0	00	00	E0	00	00	128.5	1	0	2	0																						
2	ppu_public	61	9207344	115	0	0.0	stat_sample	2	00	00	E0	00	00	0.0	1	0	2	0																						
2	ppu_public	61	9207344	115	2	1.0	mode2_irq_prepare	0	00	00	E0	00	00	1.0	1	0	2	0																						
2	ppu_public	61	9207352	115	0	0.0	stat_sample	2	02	00	E0	00	00	0.0	1	0	2	0																						
2	ppu_public	61	9207350	115	8	4.0	mode2_enter	2	02	00	E0	00	00	4.0	1	0	2	0																						
2	ppu_public	61	9207352	115	0	0.0	stat_sample	3	02	00	E0	00	00	0.0	1	0	2	0																						
2	ppu_public	61	9207518	115	176	88.0	mode3_enter	3	02	00	E0	00	00	88.0	1	0	2	0																						
2	ppu_public	61	9207512	115	84	42.0	stat_sample	3	03	00	E0	00	00	42.0	1	0	2	0																						
2	ppu_public	61	9207862	115	520	260.0	mode0_enter	0	03	00	E0	00	00	260.0	1	0	2	0																						
2	ppu_public	61	9207856	115	257	128.5	stat_sample	0	00	00	E0	00	00	128.5	1	0	2	0																						
2	ppu_public	61	9208256	116	0	0.0	stat_sample	2	00	00	E0	00	00	0.0	1	0	2	0																						
2	ppu_public	61	9208256	116	2	1.0	mode2_irq_prepare	0	00	00	E0	00	00	1.0	1	0	2	0																						
2	ppu_public	61	9208264	116	0	0.0	stat_sample	2	02	00	E0	00	00	0.0	1	0	2	0																						
2	ppu_public	61	9208262	116	8	4.0	mode2_enter	2	02	00	E0	00	00	4.0	1	0	2	0																						
2	ppu_public	61	9208264	116	0	0.0	stat_sample	3	02	00	E0	00	00	0.0	1	0	2	0																						
2	ppu_public	61	9208430	116	176	88.0	mode3_enter	3	02	00	E0	00	00	88.0	1	0	2	0																						
2	ppu_public	61	9208424	116	84	42.0	stat_sample	3	03	00	E0	00	00	42.0	1	0	2	0																						
2	ppu_public	61	9208774	116	520	260.0	mode0_enter	0	03	00	E0	00	00	260.0	1	0	2	0																						
2	ppu_public	61	9208768	116	257	128.5	stat_sample	0	00	00	E0	00	00	128.5	1	0	2	0																						
2	ppu_public	61	9209168	117	0	0.0	stat_sample	2	00	00	E0	00	00	0.0	1	0	2	0																						
2	ppu_public	61	9209168	117	2	1.0	mode2_irq_prepare	0	00	00	E0	00	00	1.0	1	0	2	0																						
2	ppu_public	61	9209176	117	0	0.0	stat_sample	2	02	00	E0	00	00	0.0	1	0	2	0																						
2	ppu_public	61	9209174	117	8	4.0	mode2_enter	2	02	00	E0	00	00	4.0	1	0	2	0																						
2	ppu_public	61	9209176	117	0	0.0	stat_sample	3	02	00	E0	00	00	0.0	1	0	2	0																						
2	ppu_public	61	9209342	117	176	88.0	mode3_enter	3	02	00	E0	00	00	88.0	1	0	2	0																						
2	ppu_public	61	9209336	117	84	42.0	stat_sample	3	03	00	E0	00	00	42.0	1	0	2	0																						
2	ppu_public	61	9209686	117	520	260.0	mode0_enter	0	03	00	E0	00	00	260.0	1	0	2	0																						
2	ppu_public	61	9209680	117	257	128.5	stat_sample	0	00	00	E0	00	00	128.5	1	0	2	0																						
2	ppu_public	61	9210080	118	0	0.0	stat_sample	2	00	00	E0	00	00	0.0	1	0	2	0																						
2	ppu_public	61	9210080	118	2	1.0	mode2_irq_prepare	0	00	00	E0	00	00	1.0	1	0	2	0																						
2	ppu_public	61	9210088	118	0	0.0	stat_sample	2	02	00	E0	00	00	0.0	1	0	2	0																						
2	ppu_public	61	9210086	118	8	4.0	mode2_enter	2	02	00	E0	00	00	4.0	1	0	2	0																						
2	ppu_public	61	9210088	118	0	0.0	stat_sample	3	02	00	E0	00	00	0.0	1	0	2	0																						
2	ppu_public	61	9210254	118	176	88.0	mode3_enter	3	02	00	E0	00	00	88.0	1	0	2	0																						
2	ppu_public	61	9210248	118	84	42.0	stat_sample	3	03	00	E0	00	00	42.0	1	0	2	0																						
2	ppu_public	61	9210598	118	520	260.0	mode0_enter	0	03	00	E0	00	00	260.0	1	0	2	0																						
2	ppu_public	61	9210592	118	257	128.5	stat_sample	0	00	00	E0	00	00	128.5	1	0	2	0																						
2	ppu_public	61	9210992	119	0	0.0	stat_sample	2	00	00	E0	00	00	0.0	1	0	2	0																						
2	ppu_public	61	9210992	119	2	1.0	mode2_irq_prepare	0	00	00	E0	00	00	1.0	1	0	2	0																						
2	ppu_public	61	9211000	119	0	0.0	stat_sample	2	02	00	E0	00	00	0.0	1	0	2	0																						
2	ppu_public	61	9210998	119	8	4.0	mode2_enter	2	02	00	E0	00	00	4.0	1	0	2	0																						
2	ppu_public	61	9211000	119	0	0.0	stat_sample	3	02	00	E0	00	00	0.0	1	0	2	0																						
2	ppu_public	61	9211166	119	176	88.0	mode3_enter	3	02	00	E0	00	00	88.0	1	0	2	0																						
2	ppu_public	61	9211160	119	84	42.0	stat_sample	3	03	00	E0	00	00	42.0	1	0	2	0																						
2	ppu_public	61	9211510	119	520	260.0	mode0_enter	0	03	00	E0	00	00	260.0	1	0	2	0																						
2	ppu_public	61	9211504	119	257	128.5	stat_sample	0	00	00	E0	00	00	128.5	1	0	2	0																						
2	ppu_public	61	9211904	120	0	0.0	stat_sample	2	00	00	E0	00	00	0.0	1	0	2	0																						
2	ppu_public	61	9211904	120	2	1.0	mode2_irq_prepare	0	00	00	E0	00	00	1.0	1	0	2	0																						
2	ppu_public	61	9211912	120	0	0.0	stat_sample	2	02	00	E0	00	00	0.0	1	0	2	0																						
2	ppu_public	61	9211910	120	8	4.0	mode2_enter	2	02	00	E0	00	00	4.0	1	0	2	0																						
2	ppu_public	61	9211912	120	0	0.0	stat_sample	3	02	00	E0	00	00	0.0	1	0	2	0																						
2	ppu_public	61	9212078	120	176	88.0	mode3_enter	3	02	00	E0	00	00	88.0	1	0	2	0																						
2	ppu_public	61	9212072	120	84	42.0	stat_sample	3	03	00	E0	00	00	42.0	1	0	2	0																						
2	ppu_public	61	9212422	120	520	260.0	mode0_enter	0	03	00	E0	00	00	260.0	1	0	2	0																						
2	ppu_public	61	9212416	120	257	128.5	stat_sample	0	00	00	E0	00	00	128.5	1	0	2	0																						
2	ppu_public	61	9212816	121	0	0.0	stat_sample	2	00	00	E0	00	00	0.0	1	0	2	0																						
2	ppu_public	61	9212816	121	2	1.0	mode2_irq_prepare	0	00	00	E0	00	00	1.0	1	0	2	0																						
2	ppu_public	61	9212824	121	0	0.0	stat_sample	2	02	00	E0	00	00	0.0	1	0	2	0																						
2	ppu_public	61	9212822	121	8	4.0	mode2_enter	2	02	00	E0	00	00	4.0	1	0	2	0																						
2	ppu_public	61	9212824	121	0	0.0	stat_sample	3	02	00	E0	00	00	0.0	1	0	2	0																						
2	ppu_public	61	9212990	121	176	88.0	mode3_enter	3	02	00	E0	00	00	88.0	1	0	2	0																						
2	ppu_public	61	9212984	121	84	42.0	stat_sample	3	03	00	E0	00	00	42.0	1	0	2	0																						
2	ppu_public	61	9213334	121	520	260.0	mode0_enter	0	03	00	E0	00	00	260.0	1	0	2	0																						
2	ppu_public	61	9213328	121	257	128.5	stat_sample	0	00	00	E0	00	00	128.5	1	0	2	0																						
2	ppu_public	61	9213728	122	0	0.0	stat_sample	2	00	00	E0	00	00	0.0	1	0	2	0																						
2	ppu_public	61	9213728	122	2	1.0	mode2_irq_prepare	0	00	00	E0	00	00	1.0	1	0	2	0																						
2	ppu_public	61	9213736	122	0	0.0	stat_sample	2	02	00	E0	00	00	0.0	1	0	2	0																						
2	ppu_public	61	9213734	122	8	4.0	mode2_enter	2	02	00	E0	00	00	4.0	1	0	2	0																						
2	ppu_public	61	9213736	122	0	0.0	stat_sample	3	02	00	E0	00	00	0.0	1	0	2	0																						
2	ppu_public	61	9213902	122	176	88.0	mode3_enter	3	02	00	E0	00	00	88.0	1	0	2	0																						
2	ppu_public	61	9213896	122	84	42.0	stat_sample	3	03	00	E0	00	00	42.0	1	0	2	0																						
2	ppu_public	61	9214246	122	520	260.0	mode0_enter	0	03	00	E0	00	00	260.0	1	0	2	0																						
2	ppu_public	61	9214240	122	257	128.5	stat_sample	0	00	00	E0	00	00	128.5	1	0	2	0																						
2	ppu_public	61	9214640	123	0	0.0	stat_sample	2	00	00	E0	00	00	0.0	1	0	2	0																						
2	ppu_public	61	9214640	123	2	1.0	mode2_irq_prepare	0	00	00	E0	00	00	1.0	1	0	2	0																						
2	ppu_public	61	9214648	123	0	0.0	stat_sample	2	02	00	E0	00	00	0.0	1	0	2	0																						
2	ppu_public	61	9214646	123	8	4.0	mode2_enter	2	02	00	E0	00	00	4.0	1	0	2	0																						
2	ppu_public	61	9214648	123	0	0.0	stat_sample	3	02	00	E0	00	00	0.0	1	0	2	0																						
2	ppu_public	61	9214814	123	176	88.0	mode3_enter	3	02	00	E0	00	00	88.0	1	0	2	0																						
2	ppu_public	61	9214808	123	84	42.0	stat_sample	3	03	00	E0	00	00	42.0	1	0	2	0																						
2	ppu_public	61	9215158	123	520	260.0	mode0_enter	0	03	00	E0	00	00	260.0	1	0	2	0																						
2	ppu_public	61	9215152	123	257	128.5	stat_sample	0	00	00	E0	00	00	128.5	1	0	2	0																						
2	ppu_public	61	9215552	124	0	0.0	stat_sample	2	00	00	E0	00	00	0.0	1	0	2	0																						
2	ppu_public	61	9215552	124	2	1.0	mode2_irq_prepare	0	00	00	E0	00	00	1.0	1	0	2	0																						
2	ppu_public	61	9215560	124	0	0.0	stat_sample	2	02	00	E0	00	00	0.0	1	0	2	0																						
2	ppu_public	61	9215558	124	8	4.0	mode2_enter	2	02	00	E0	00	00	4.0	1	0	2	0																						
2	ppu_public	61	9215560	124	0	0.0	stat_sample	3	02	00	E0	00	00	0.0	1	0	2	0																						
2	ppu_public	61	9215726	124	176	88.0	mode3_enter	3	02	00	E0	00	00	88.0	1	0	2	0																						
2	ppu_public	61	9215720	124	84	42.0	stat_sample	3	03	00	E0	00	00	42.0	1	0	2	0																						
2	ppu_public	61	9216070	124	520	260.0	mode0_enter	0	03	00	E0	00	00	260.0	1	0	2	0																						
2	ppu_public	61	9216064	124	257	128.5	stat_sample	0	00	00	E0	00	00	128.5	1	0	2	0																						
2	ppu_public	61	9216464	125	0	0.0	stat_sample	2	00	00	E0	00	00	0.0	1	0	2	0																						
2	ppu_public	61	9216464	125	2	1.0	mode2_irq_prepare	0	00	00	E0	00	00	1.0	1	0	2	0																						
2	ppu_public	61	9216472	125	0	0.0	stat_sample	2	02	00	E0	00	00	0.0	1	0	2	0																						
2	ppu_public	61	9216470	125	8	4.0	mode2_enter	2	02	00	E0	00	00	4.0	1	0	2	0																						
2	ppu_public	61	9216472	125	0	0.0	stat_sample	3	02	00	E0	00	00	0.0	1	0	2	0																						
2	ppu_public	61	9216638	125	176	88.0	mode3_enter	3	02	00	E0	00	00	88.0	1	0	2	0																						
2	ppu_public	61	9216632	125	84	42.0	stat_sample	3	03	00	E0	00	00	42.0	1	0	2	0																						
2	ppu_public	61	9216982	125	520	260.0	mode0_enter	0	03	00	E0	00	00	260.0	1	0	2	0																						
2	ppu_public	61	9216976	125	257	128.5	stat_sample	0	00	00	E0	00	00	128.5	1	0	2	0																						
2	ppu_public	61	9217376	126	0	0.0	stat_sample	2	00	00	E0	00	00	0.0	1	0	2	0																						
2	ppu_public	61	9217376	126	2	1.0	mode2_irq_prepare	0	00	00	E0	00	00	1.0	1	0	2	0																						
2	ppu_public	61	9217384	126	0	0.0	stat_sample	2	02	00	E0	00	00	0.0	1	0	2	0																						
2	ppu_public	61	9217382	126	8	4.0	mode2_enter	2	02	00	E0	00	00	4.0	1	0	2	0																						
2	ppu_public	61	9217384	126	0	0.0	stat_sample	3	02	00	E0	00	00	0.0	1	0	2	0																						
2	ppu_public	61	9217550	126	176	88.0	mode3_enter	3	02	00	E0	00	00	88.0	1	0	2	0																						
2	ppu_public	61	9217544	126	84	42.0	stat_sample	3	03	00	E0	00	00	42.0	1	0	2	0																						
2	ppu_public	61	9217894	126	520	260.0	mode0_enter	0	03	00	E0	00	00	260.0	1	0	2	0																						
2	ppu_public	61	9217888	126	257	128.5	stat_sample	0	00	00	E0	00	00	128.5	1	0	2	0																						
2	ppu_public	61	9218288	127	0	0.0	stat_sample	2	00	00	E0	00	00	0.0	1	0	2	0																						
2	ppu_public	61	9218288	127	2	1.0	mode2_irq_prepare	0	00	00	E0	00	00	1.0	1	0	2	0																						
2	ppu_public	61	9218296	127	0	0.0	stat_sample	2	02	00	E0	00	00	0.0	1	0	2	0																						
2	ppu_public	61	9218294	127	8	4.0	mode2_enter	2	02	00	E0	00	00	4.0	1	0	2	0																						
2	ppu_public	61	9218296	127	0	0.0	stat_sample	3	02	00	E0	00	00	0.0	1	0	2	0																						
2	ppu_public	61	9218462	127	176	88.0	mode3_enter	3	02	00	E0	00	00	88.0	1	0	2	0																						
2	ppu_public	61	9218456	127	84	42.0	stat_sample	3	03	00	E0	00	00	42.0	1	0	2	0																						
2	ppu_public	61	9218806	127	520	260.0	mode0_enter	0	03	00	E0	00	00	260.0	1	0	2	0																						
2	ppu_public	61	9218800	127	257	128.5	stat_sample	0	00	00	E0	00	00	128.5	1	0	2	0																						
2	ppu_public	61	9219200	128	0	0.0	stat_sample	2	00	00	E0	00	00	0.0	1	0	2	0																						
2	ppu_public	61	9219200	128	2	1.0	mode2_irq_prepare	0	00	00	E0	00	00	1.0	1	0	2	0																						
2	ppu_public	61	9219208	128	0	0.0	stat_sample	2	02	00	E0	00	00	0.0	1	0	2	0																						
2	ppu_public	61	9219206	128	8	4.0	mode2_enter	2	02	00	E0	00	00	4.0	1	0	2	0																						
2	ppu_public	61	9219208	128	0	0.0	stat_sample	3	02	00	E0	00	00	0.0	1	0	2	0																						
2	ppu_public	61	9219374	128	176	88.0	mode3_enter	3	02	00	E0	00	00	88.0	1	0	2	0																						
2	ppu_public	61	9219368	128	84	42.0	stat_sample	3	03	00	E0	00	00	42.0	1	0	2	0																						
2	ppu_public	61	9219718	128	520	260.0	mode0_enter	0	03	00	E0	00	00	260.0	1	0	2	0																						
2	ppu_public	61	9219712	128	257	128.5	stat_sample	0	00	00	E0	00	00	128.5	1	0	2	0																						
2	ppu_public	61	9220112	129	0	0.0	stat_sample	2	00	00	E0	00	00	0.0	1	0	2	0																						
2	ppu_public	61	9220112	129	2	1.0	mode2_irq_prepare	0	00	00	E0	00	00	1.0	1	0	2	0																						
2	ppu_public	61	9220120	129	0	0.0	stat_sample	2	02	00	E0	00	00	0.0	1	0	2	0																						
2	ppu_public	61	9220118	129	8	4.0	mode2_enter	2	02	00	E0	00	00	4.0	1	0	2	0																						
2	ppu_public	61	9220120	129	0	0.0	stat_sample	3	02	00	E0	00	00	0.0	1	0	2	0																						
2	ppu_public	61	9220286	129	176	88.0	mode3_enter	3	02	00	E0	00	00	88.0	1	0	2	0																						
2	ppu_public	61	9220280	129	84	42.0	stat_sample	3	03	00	E0	00	00	42.0	1	0	2	0																						
2	ppu_public	61	9220630	129	520	260.0	mode0_enter	0	03	00	E0	00	00	260.0	1	0	2	0																						
2	ppu_public	61	9220624	129	257	128.5	stat_sample	0	00	00	E0	00	00	128.5	1	0	2	0																						
2	ppu_public	61	9221024	130	0	0.0	stat_sample	2	00	00	E0	00	00	0.0	1	0	2	0																						
2	ppu_public	61	9221024	130	2	1.0	mode2_irq_prepare	0	00	00	E0	00	00	1.0	1	0	2	0																						
2	ppu_public	61	9221032	130	0	0.0	stat_sample	2	02	00	E0	00	00	0.0	1	0	2	0																						
2	ppu_public	61	9221030	130	8	4.0	mode2_enter	2	02	00	E0	00	00	4.0	1	0	2	0																						
2	ppu_public	61	9221032	130	0	0.0	stat_sample	3	02	00	E0	00	00	0.0	1	0	2	0																						
2	ppu_public	61	9221198	130	176	88.0	mode3_enter	3	02	00	E0	00	00	88.0	1	0	2	0																						
2	ppu_public	61	9221192	130	84	42.0	stat_sample	3	03	00	E0	00	00	42.0	1	0	2	0																						
2	ppu_public	61	9221542	130	520	260.0	mode0_enter	0	03	00	E0	00	00	260.0	1	0	2	0																						
2	ppu_public	61	9221536	130	257	128.5	stat_sample	0	00	00	E0	00	00	128.5	1	0	2	0																						
2	ppu_public	61	9221936	131	0	0.0	stat_sample	2	00	00	E0	00	00	0.0	1	0	2	0																						
2	ppu_public	61	9221936	131	2	1.0	mode2_irq_prepare	0	00	00	E0	00	00	1.0	1	0	2	0																						
2	ppu_public	61	9221944	131	0	0.0	stat_sample	2	02	00	E0	00	00	0.0	1	0	2	0																						
2	ppu_public	61	9221942	131	8	4.0	mode2_enter	2	02	00	E0	00	00	4.0	1	0	2	0																						
2	ppu_public	61	9221944	131	0	0.0	stat_sample	3	02	00	E0	00	00	0.0	1	0	2	0																						
2	ppu_public	61	9222110	131	176	88.0	mode3_enter	3	02	00	E0	00	00	88.0	1	0	2	0																						
2	ppu_public	61	9222104	131	84	42.0	stat_sample	3	03	00	E0	00	00	42.0	1	0	2	0																						
2	ppu_public	61	9222454	131	520	260.0	mode0_enter	0	03	00	E0	00	00	260.0	1	0	2	0																						
2	ppu_public	61	9222448	131	257	128.5	stat_sample	0	00	00	E0	00	00	128.5	1	0	2	0																						
2	ppu_public	61	9222848	132	0	0.0	stat_sample	2	00	00	E0	00	00	0.0	1	0	2	0																						
2	ppu_public	61	9222848	132	2	1.0	mode2_irq_prepare	0	00	00	E0	00	00	1.0	1	0	2	0																						
2	ppu_public	61	9222856	132	0	0.0	stat_sample	2	02	00	E0	00	00	0.0	1	0	2	0																						
2	ppu_public	61	9222854	132	8	4.0	mode2_enter	2	02	00	E0	00	00	4.0	1	0	2	0																						
2	ppu_public	61	9222856	132	0	0.0	stat_sample	3	02	00	E0	00	00	0.0	1	0	2	0																						
2	ppu_public	61	9223022	132	176	88.0	mode3_enter	3	02	00	E0	00	00	88.0	1	0	2	0																						
2	ppu_public	61	9223016	132	84	42.0	stat_sample	3	03	00	E0	00	00	42.0	1	0	2	0																						
2	ppu_public	61	9223366	132	520	260.0	mode0_enter	0	03	00	E0	00	00	260.0	1	0	2	0																						
2	ppu_public	61	9223360	132	257	128.5	stat_sample	0	00	00	E0	00	00	128.5	1	0	2	0																						
2	ppu_public	61	9223760	133	0	0.0	stat_sample	2	00	00	E0	00	00	0.0	1	0	2	0																						
2	ppu_public	61	9223760	133	2	1.0	mode2_irq_prepare	0	00	00	E0	00	00	1.0	1	0	2	0																						
2	ppu_public	61	9223768	133	0	0.0	stat_sample	2	02	00	E0	00	00	0.0	1	0	2	0																						
2	ppu_public	61	9223766	133	8	4.0	mode2_enter	2	02	00	E0	00	00	4.0	1	0	2	0																						
2	ppu_public	61	9223768	133	0	0.0	stat_sample	3	02	00	E0	00	00	0.0	1	0	2	0																						
2	ppu_public	61	9223934	133	176	88.0	mode3_enter	3	02	00	E0	00	00	88.0	1	0	2	0																						
2	ppu_public	61	9223928	133	84	42.0	stat_sample	3	03	00	E0	00	00	42.0	1	0	2	0																						
2	ppu_public	61	9224278	133	520	260.0	mode0_enter	0	03	00	E0	00	00	260.0	1	0	2	0																						
2	ppu_public	61	9224272	133	257	128.5	stat_sample	0	00	00	E0	00	00	128.5	1	0	2	0																						
2	ppu_public	61	9224672	134	0	0.0	stat_sample	2	00	00	E0	00	00	0.0	1	0	2	0																						
2	ppu_public	61	9224672	134	2	1.0	mode2_irq_prepare	0	00	00	E0	00	00	1.0	1	0	2	0																						
2	ppu_public	61	9224680	134	0	0.0	stat_sample	2	02	00	E0	00	00	0.0	1	0	2	0																						
2	ppu_public	61	9224678	134	8	4.0	mode2_enter	2	02	00	E0	00	00	4.0	1	0	2	0																						
2	ppu_public	61	9224680	134	0	0.0	stat_sample	3	02	00	E0	00	00	0.0	1	0	2	0																						
2	ppu_public	61	9224846	134	176	88.0	mode3_enter	3	02	00	E0	00	00	88.0	1	0	2	0																						
2	ppu_public	61	9224840	134	84	42.0	stat_sample	3	03	00	E0	00	00	42.0	1	0	2	0																						
2	ppu_public	61	9225190	134	520	260.0	mode0_enter	0	03	00	E0	00	00	260.0	1	0	2	0																						
2	ppu_public	61	9225184	134	257	128.5	stat_sample	0	00	00	E0	00	00	128.5	1	0	2	0																						
2	ppu_public	61	9225584	135	0	0.0	stat_sample	2	00	00	E0	00	00	0.0	1	0	2	0																						
2	ppu_public	61	9225584	135	2	1.0	mode2_irq_prepare	0	00	00	E0	00	00	1.0	1	0	2	0																						
2	ppu_public	61	9225592	135	0	0.0	stat_sample	2	02	00	E0	00	00	0.0	1	0	2	0																						
2	ppu_public	61	9225590	135	8	4.0	mode2_enter	2	02	00	E0	00	00	4.0	1	0	2	0																						
2	ppu_public	61	9225592	135	0	0.0	stat_sample	3	02	00	E0	00	00	0.0	1	0	2	0																						
2	ppu_public	61	9225758	135	176	88.0	mode3_enter	3	02	00	E0	00	00	88.0	1	0	2	0																						
2	ppu_public	61	9225752	135	84	42.0	stat_sample	3	03	00	E0	00	00	42.0	1	0	2	0																						
2	ppu_public	61	9226102	135	520	260.0	mode0_enter	0	03	00	E0	00	00	260.0	1	0	2	0																						
2	ppu_public	61	9226096	135	257	128.5	stat_sample	0	00	00	E0	00	00	128.5	1	0	2	0																						
2	ppu_public	61	9226496	136	0	0.0	stat_sample	2	00	00	E0	00	00	0.0	1	0	2	0																						
2	ppu_public	61	9226496	136	2	1.0	mode2_irq_prepare	0	00	00	E0	00	00	1.0	1	0	2	0																						
2	ppu_public	61	9226504	136	0	0.0	stat_sample	2	02	00	E0	00	00	0.0	1	0	2	0																						
2	ppu_public	61	9226502	136	8	4.0	mode2_enter	2	02	00	E0	00	00	4.0	1	0	2	0																						
2	ppu_public	61	9226504	136	0	0.0	stat_sample	3	02	00	E0	00	00	0.0	1	0	2	0																						
2	ppu_public	61	9226670	136	176	88.0	mode3_enter	3	02	00	E0	00	00	88.0	1	0	2	0																						
2	ppu_public	61	9226664	136	84	42.0	stat_sample	3	03	00	E0	00	00	42.0	1	0	2	0																						
2	ppu_public	61	9227014	136	520	260.0	mode0_enter	0	03	00	E0	00	00	260.0	1	0	2	0																						
2	ppu_public	61	9227008	136	257	128.5	stat_sample	0	00	00	E0	00	00	128.5	1	0	2	0																						
2	ppu_public	61	9227408	137	0	0.0	stat_sample	2	00	00	E0	00	00	0.0	1	0	2	0																						
2	ppu_public	61	9227408	137	2	1.0	mode2_irq_prepare	0	00	00	E0	00	00	1.0	1	0	2	0																						
2	ppu_public	61	9227416	137	0	0.0	stat_sample	2	02	00	E0	00	00	0.0	1	0	2	0																						
2	ppu_public	61	9227414	137	8	4.0	mode2_enter	2	02	00	E0	00	00	4.0	1	0	2	0																						
2	ppu_public	61	9227416	137	0	0.0	stat_sample	3	02	00	E0	00	00	0.0	1	0	2	0																						
2	ppu_public	61	9227582	137	176	88.0	mode3_enter	3	02	00	E0	00	00	88.0	1	0	2	0																						
2	ppu_public	61	9227576	137	84	42.0	stat_sample	3	03	00	E0	00	00	42.0	1	0	2	0																						
2	ppu_public	61	9227926	137	520	260.0	mode0_enter	0	03	00	E0	00	00	260.0	1	0	2	0																						
2	ppu_public	61	9227920	137	257	128.5	stat_sample	0	00	00	E0	00	00	128.5	1	0	2	0																						
2	ppu_public	61	9228320	138	0	0.0	stat_sample	2	00	00	E0	00	00	0.0	1	0	2	0																						
2	ppu_public	61	9228320	138	2	1.0	mode2_irq_prepare	0	00	00	E0	00	00	1.0	1	0	2	0																						
2	ppu_public	61	9228328	138	0	0.0	stat_sample	2	02	00	E0	00	00	0.0	1	0	2	0																						
2	ppu_public	61	9228326	138	8	4.0	mode2_enter	2	02	00	E0	00	00	4.0	1	0	2	0																						
2	ppu_public	61	9228328	138	0	0.0	stat_sample	3	02	00	E0	00	00	0.0	1	0	2	0																						
2	ppu_public	61	9228494	138	176	88.0	mode3_enter	3	02	00	E0	00	00	88.0	1	0	2	0																						
2	ppu_public	61	9228488	138	84	42.0	stat_sample	3	03	00	E0	00	00	42.0	1	0	2	0																						
2	ppu_public	61	9228838	138	520	260.0	mode0_enter	0	03	00	E0	00	00	260.0	1	0	2	0																						
2	ppu_public	61	9228832	138	257	128.5	stat_sample	0	00	00	E0	00	00	128.5	1	0	2	0																						
2	ppu_public	61	9229232	139	0	0.0	stat_sample	2	00	00	E0	00	00	0.0	1	0	2	0																						
2	ppu_public	61	9229232	139	2	1.0	mode2_irq_prepare	0	00	00	E0	00	00	1.0	1	0	2	0																						
2	ppu_public	61	9229240	139	0	0.0	stat_sample	2	02	00	E0	00	00	0.0	1	0	2	0																						
2	ppu_public	61	9229238	139	8	4.0	mode2_enter	2	02	00	E0	00	00	4.0	1	0	2	0																						
2	ppu_public	61	9229240	139	0	0.0	stat_sample	3	02	00	E0	00	00	0.0	1	0	2	0																						
2	ppu_public	61	9229406	139	176	88.0	mode3_enter	3	02	00	E0	00	00	88.0	1	0	2	0																						
2	ppu_public	61	9229400	139	84	42.0	stat_sample	3	03	00	E0	00	00	42.0	1	0	2	0																						
2	ppu_public	61	9229750	139	520	260.0	mode0_enter	0	03	00	E0	00	00	260.0	1	0	2	0																						
2	ppu_public	61	9229744	139	257	128.5	stat_sample	0	00	00	E0	00	00	128.5	1	0	2	0																						
2	ppu_public	61	9230144	140	0	0.0	stat_sample	2	00	00	E0	00	00	0.0	1	0	2	0																						
2	ppu_public	61	9230144	140	2	1.0	mode2_irq_prepare	0	00	00	E0	00	00	1.0	1	0	2	0																						
2	ppu_public	61	9230152	140	0	0.0	stat_sample	2	02	00	E0	00	00	0.0	1	0	2	0																						
2	ppu_public	61	9230150	140	8	4.0	mode2_enter	2	02	00	E0	00	00	4.0	1	0	2	0																						
2	ppu_public	61	9230152	140	0	0.0	stat_sample	3	02	00	E0	00	00	0.0	1	0	2	0																						
2	ppu_public	61	9230318	140	176	88.0	mode3_enter	3	02	00	E0	00	00	88.0	1	0	2	0																						
2	ppu_public	61	9230312	140	84	42.0	stat_sample	3	03	00	E0	00	00	42.0	1	0	2	0																						
2	ppu_public	61	9230662	140	520	260.0	mode0_enter	0	03	00	E0	00	00	260.0	1	0	2	0																						
2	ppu_public	61	9230656	140	257	128.5	stat_sample	0	00	00	E0	00	00	128.5	1	0	2	0																						
2	ppu_public	61	9231056	141	0	0.0	stat_sample	2	00	00	E0	00	00	0.0	1	0	2	0																						
2	ppu_public	61	9231056	141	2	1.0	mode2_irq_prepare	0	00	00	E0	00	00	1.0	1	0	2	0																						
2	ppu_public	61	9231064	141	0	0.0	stat_sample	2	02	00	E0	00	00	0.0	1	0	2	0																						
2	ppu_public	61	9231062	141	8	4.0	mode2_enter	2	02	00	E0	00	00	4.0	1	0	2	0																						
2	ppu_public	61	9231064	141	0	0.0	stat_sample	3	02	00	E0	00	00	0.0	1	0	2	0																						
2	ppu_public	61	9231230	141	176	88.0	mode3_enter	3	02	00	E0	00	00	88.0	1	0	2	0																						
2	ppu_public	61	9231224	141	84	42.0	stat_sample	3	03	00	E0	00	00	42.0	1	0	2	0																						
2	ppu_public	61	9231574	141	520	260.0	mode0_enter	0	03	00	E0	00	00	260.0	1	0	2	0																						
2	ppu_public	61	9231568	141	257	128.5	stat_sample	0	00	00	E0	00	00	128.5	1	0	2	0																						
2	ppu_public	61	9231968	142	0	0.0	stat_sample	2	00	00	E0	00	00	0.0	1	0	2	0																						
2	ppu_public	61	9231968	142	2	1.0	mode2_irq_prepare	0	00	00	E0	00	00	1.0	1	0	2	0																						
2	ppu_public	61	9231976	142	0	0.0	stat_sample	2	02	00	E0	00	00	0.0	1	0	2	0																						
2	ppu_public	61	9231974	142	8	4.0	mode2_enter	2	02	00	E0	00	00	4.0	1	0	2	0																						
2	ppu_public	61	9231976	142	0	0.0	stat_sample	3	02	00	E0	00	00	0.0	1	0	2	0																						
2	ppu_public	61	9232142	142	176	88.0	mode3_enter	3	02	00	E0	00	00	88.0	1	0	2	0																						
2	ppu_public	61	9232136	142	84	42.0	stat_sample	3	03	00	E0	00	00	42.0	1	0	2	0																						
2	ppu_public	61	9232486	142	520	260.0	mode0_enter	0	03	00	E0	00	00	260.0	1	0	2	0																						
2	ppu_public	61	9232480	142	257	128.5	stat_sample	0	00	00	E0	00	00	128.5	1	0	2	0																						
2	ppu_public	61	9232880	143	0	0.0	stat_sample	2	00	00	E0	00	00	0.0	1	0	2	0																						
2	ppu_public	61	9232880	143	2	1.0	mode2_irq_prepare	0	00	00	E0	00	00	1.0	1	0	2	0																						
2	ppu_public	61	9232888	143	0	0.0	stat_sample	2	02	00	E0	00	00	0.0	1	0	2	0																						
2	ppu_public	61	9232886	143	8	4.0	mode2_enter	2	02	00	E0	00	00	4.0	1	0	2	0																						
2	ppu_public	61	9232888	143	0	0.0	stat_sample	3	02	00	E0	00	00	0.0	1	0	2	0																						
2	ppu_public	61	9233054	143	176	88.0	mode3_enter	3	02	00	E0	00	00	88.0	1	0	2	0																						
2	ppu_public	61	9233048	143	84	42.0	stat_sample	3	03	00	E0	00	00	42.0	1	0	2	0																						
2	ppu_public	61	9233398	143	520	260.0	mode0_enter	0	03	00	E0	00	00	260.0	1	0	2	0																						
2	ppu_public	61	9233392	143	257	128.5	stat_sample	0	00	00	E0	00	00	128.5	1	0	2	0																						
2	ppu_public	61	9233792	144	0	0.0	stat_sample	0	00	00	E0	00	00	0.0	1	0	2	0																						
2	ppu_public	61	9233800	144	0	0.0	stat_sample	0	00	00	E0	00	00	0.0	1	0	2	0																						
2	ppu_public	61	9233800	144	0	0.0	stat_sample	1	01	00	E1	00	00	0.0	1	0	2	0																						
2	ppu_public	61	9232884	144	6	3.0	frame_vblank	1	01	00	E1	00	00	3.0	1	1	2	0																						
2	ppu_public	61	9232884	144	6	3.0	vblank_irq_edge	1	01	00	E1	00	00	3.0	1	1	2	0																						
2	cpu	61	9233952	144	1074	537.0	write	1	01		E1	00	00	537.0	1		2	0				FFFB	00					00	00	91	00	00		READ_OLD	9233952	537.0				
2	cpu	61	9233960	144	1082	541.0	write	1	01		E1	00	00	541.0	1		2	0				FFFA	C7					00	00	91	00	00		READ_OLD	9233960	541.0				
2	cpu	61	9233984	144	1106	553.0	write	1	01		E1	00	00	553.0	1		2	0				FFF9	99					00	00	91	00	00		READ_OLD	9233984	553.0				
2	cpu	61	9233992	144	1114	557.0	write	1	01		E1	00	00	557.0	1		2	0				FFF8	03					00	00	91	00	00		READ_OLD	9233992	557.0				
2	cpu	61	9234050	144	1172	586.0	write	1	01		E0	00	00	586.0	1		2	0				FF0F	E0					00	00	91	00	00		WRITE_CPU	9234050	586.0				
2	ppu_public	61	9234704	145	0	0.0	stat_sample	1	01	00	E0	00	00	0.0	1	0	2	0																						
2	ppu_public	61	9234712	145	0	0.0	stat_sample	1	01	00	E0	00	00	0.0	1	0	2	0																						
2	ppu_public	61	9235616	146	0	0.0	stat_sample	1	01	00	E0	00	00	0.0	1	0	2	0																						
2	ppu_public	61	9235624	146	0	0.0	stat_sample	1	01	00	E0	00	00	0.0	1	0	2	0																						
2	ppu_public	61	9236528	147	0	0.0	stat_sample	1	01	00	E0	00	00	0.0	1	0	2	0																						
2	ppu_public	61	9236536	147	0	0.0	stat_sample	1	01	00	E0	00	00	0.0	1	0	2	0																						
2	ppu_public	61	9237440	148	0	0.0	stat_sample	1	01	00	E0	00	00	0.0	1	0	2	0																						
2	ppu_public	61	9237448	148	0	0.0	stat_sample	1	01	00	E0	00	00	0.0	1	0	2	0																						
2	ppu_public	61	9238352	149	0	0.0	stat_sample	1	01	00	E0	00	00	0.0	1	0	2	0																						
2	ppu_public	61	9238360	149	0	0.0	stat_sample	1	01	00	E0	00	00	0.0	1	0	2	0																						
2	ppu_public	61	9239264	150	0	0.0	stat_sample	1	01	00	E0	00	00	0.0	1	0	2	0																						
2	ppu_public	61	9239272	150	0	0.0	stat_sample	1	01	00	E0	00	00	0.0	1	0	2	0																						
2	ppu_public	61	9240176	151	0	0.0	stat_sample	1	01	00	E0	00	00	0.0	1	0	2	0																						
2	ppu_public	61	9240184	151	0	0.0	stat_sample	1	01	00	E0	00	00	0.0	1	0	2	0																						
2	ppu_public	61	9241088	152	0	0.0	stat_sample	1	01	00	E0	00	00	0.0	1	0	2	0																						
2	ppu_public	61	9241096	152	0	0.0	stat_sample	1	01	00	E0	00	00	0.0	1	0	2	0																						
2	ppu_public	61	9242000	153	0	0.0	stat_sample	1	01	00	E0	00	00	0.0	1	0	2	0																						
2	ppu_public	61	9242008	153	0	0.0	stat_sample	1	01	00	E0	00	00	0.0	1	0	2	0																						
2	ppu_public	61	9242016	153	0	0.0	stat_sample	1	01	00	E0	00	00	0.0	1	0	2	0																						
2	ppu_public	61	9242024	153	0	0.0	stat_sample	1	05	00	E0	00	00	0.0	1	0	2	0																						
2	ppu_public	61	9242912	0	0	0.0	stat_sample	1	04	00	E0	00	00	0.0	1	0	2	0																						
2	ppu_public	62	9242912	0	2	1.0	mode2_irq_prepare	0	04	00	E0	00	00	1.0	1	0	2	0																						
2	ppu_public	61	9242920	0	0	0.0	stat_sample	2	06	00	E0	00	00	0.0	1	0	2	0																						
2	ppu_public	62	9242918	0	8	4.0	mode2_enter	2	06	00	E0	00	00	4.0	1	0	2	0																						
2	ppu_public	61	9242920	0	0	0.0	stat_sample	3	06	00	E0	00	00	0.0	1	0	2	0																						
2	ppu_public	61	9243086	0	176	88.0	mode3_enter_line0	3	06	00	E0	00	00	88.0	1	0	2	0																						
2	ppu_public	61	9243080	0	84	42.0	stat_sample	3	07	00	E0	00	00	42.0	1	0	2	0																						
2	ppu_public	61	9243430	0	520	260.0	mode0_enter	0	07	00	E0	00	00	260.0	1	0	2	0																						
2	ppu_public	90	14228952	0	257	128.5	stat_sample	0	A4	00	03	02	00	128.5	1	0	2	0																						
2	ppu_public	90	14229352	1	0	0.0	stat_sample	2	A0	20	03	02	00	0.0	1	1	2	0																						
2	ppu_public	90	14229352	1	0	0.0	stat_irq_edge	2	A0	20	03	02	00	0.0	1	1	2	0																						
2	ppu_public	90	14229352	1	2	1.0	mode2_irq_prepare	0	A0	00	03	02	00	1.0	1	0	2	0																						
2	ppu_public	90	14229360	1	0	0.0	stat_sample	2	A2	20	03	02	00	0.0	1	0	2	0																						
2	ppu_public	90	14229358	1	8	4.0	mode2_enter	2	A2	20	03	02	00	4.0	1	0	2	0																						
2	ppu_public	90	14229360	1	0	0.0	stat_sample	3	A2	00	03	02	00	0.0	1	0	2	0																						
2	ppu_public	90	14229526	1	176	88.0	mode3_enter	3	A2	00	03	02	00	88.0	1	0	2	0																						
2	ppu_public	90	14229528	1	84	42.0	stat_sample	3	A3	00	03	02	00	42.0	1	0	2	0																						
2	ppu_public	90	14229870	1	520	260.0	mode0_enter	0	A3	00	03	02	00	260.0	1	0	2	0																						
2	ppu_public	90	14229864	1	257	128.5	stat_sample	0	A0	00	03	02	00	128.5	1	0	2	0																						
2	ppu_public	90	14230264	2	0	0.0	stat_sample	2	A0	20	03	02	00	0.0	1	1	2	0																						
2	ppu_public	90	14230264	2	0	0.0	stat_irq_edge	2	A0	20	03	02	00	0.0	1	1	2	0																						
2	ppu_public	90	14230264	2	2	1.0	mode2_irq_prepare	0	A0	00	03	02	00	1.0	1	0	2	0																						
2	ppu_public	90	14230272	2	0	0.0	stat_sample	2	A2	20	03	02	00	0.0	1	0	2	0																						
2	ppu_public	90	14230270	2	8	4.0	mode2_enter	2	A2	20	03	02	00	4.0	1	0	2	0																						
2	ppu_public	90	14230272	2	0	0.0	stat_sample	3	A2	00	03	02	00	0.0	1	0	2	0																						
2	ppu_public	90	14230438	2	176	88.0	mode3_enter	3	A2	00	03	02	00	88.0	1	0	2	0																						
2	ppu_public	90	14230432	2	84	42.0	stat_sample	3	A3	00	03	02	00	42.0	1	0	2	0																						
2	ppu_public	90	14230782	2	520	260.0	mode0_enter	0	A3	00	03	02	00	260.0	1	0	2	0																						
2	ppu_public	90	14230776	2	257	128.5	stat_sample	0	A0	00	03	02	00	128.5	1	0	2	0																						
2	ppu_public	90	14231176	3	0	0.0	stat_sample	2	A0	20	03	02	00	0.0	1	1	2	0																						
2	ppu_public	90	14231176	3	0	0.0	stat_irq_edge	2	A0	20	03	02	00	0.0	1	1	2	0																						
2	ppu_public	90	14231176	3	2	1.0	mode2_irq_prepare	0	A0	00	03	02	00	1.0	1	0	2	0																						
2	ppu_public	90	14231192	3	0	0.0	stat_sample	2	A2	20	03	02	00	0.0	1	0	2	0																						
2	ppu_public	90	14231182	3	8	4.0	mode2_enter	2	A2	20	03	02	00	4.0	1	0	2	0																						
2	ppu_public	90	14231192	3	0	0.0	stat_sample	3	A2	00	03	02	00	0.0	1	0	2	0																						
2	ppu_public	90	14231350	3	176	88.0	mode3_enter	3	A2	00	03	02	00	88.0	1	0	2	0																						
2	ppu_public	90	14231344	3	84	42.0	stat_sample	3	A3	00	03	02	00	42.0	1	0	2	0																						
2	ppu_public	90	14231694	3	520	260.0	mode0_enter	0	A3	00	03	02	00	260.0	1	0	2	0																						
2	ppu_public	90	14231688	3	257	128.5	stat_sample	0	A0	00	03	02	00	128.5	1	0	2	0																						
2	ppu_public	90	14232088	4	0	0.0	stat_sample	2	A0	20	03	02	00	0.0	1	1	2	0																						
2	ppu_public	90	14232088	4	0	0.0	stat_irq_edge	2	A0	20	03	02	00	0.0	1	1	2	0																						
2	ppu_public	90	14232088	4	2	1.0	mode2_irq_prepare	0	A0	00	03	02	00	1.0	1	0	2	0																						
2	ppu_public	90	14232096	4	0	0.0	stat_sample	2	A2	20	03	02	00	0.0	1	0	2	0																						
2	ppu_public	90	14232094	4	8	4.0	mode2_enter	2	A2	20	03	02	00	4.0	1	0	2	0																						
2	ppu_public	90	14232096	4	0	0.0	stat_sample	3	A2	00	03	02	00	0.0	1	0	2	0																						
2	ppu_public	90	14232262	4	176	88.0	mode3_enter	3	A2	00	03	02	00	88.0	1	0	2	0																						
2	ppu_public	90	14232256	4	84	42.0	stat_sample	3	A3	00	03	02	00	42.0	1	0	2	0																						
2	ppu_public	90	14232606	4	520	260.0	mode0_enter	0	A3	00	03	02	00	260.0	1	0	2	0																						
2	ppu_public	90	14232600	4	257	128.5	stat_sample	0	A0	00	03	02	00	128.5	1	0	2	0																						
2	ppu_public	90	14233000	5	0	0.0	stat_sample	2	A0	20	03	02	00	0.0	1	1	2	0																						
2	ppu_public	90	14233000	5	0	0.0	stat_irq_edge	2	A0	20	03	02	00	0.0	1	1	2	0																						
2	ppu_public	90	14233000	5	2	1.0	mode2_irq_prepare	0	A0	00	03	02	00	1.0	1	0	2	0																						
2	ppu_public	90	14233008	5	0	0.0	stat_sample	2	A2	20	03	02	00	0.0	1	0	2	0																						
2	ppu_public	90	14233006	5	8	4.0	mode2_enter	2	A2	20	03	02	00	4.0	1	0	2	0																						
2	ppu_public	90	14233008	5	0	0.0	stat_sample	3	A2	00	03	02	00	0.0	1	0	2	0																						
2	ppu_public	90	14233174	5	176	88.0	mode3_enter	3	A2	00	03	02	00	88.0	1	0	2	0																						
2	ppu_public	90	14233168	5	84	42.0	stat_sample	3	A3	00	03	02	00	42.0	1	0	2	0																						
2	ppu_public	90	14233518	5	520	260.0	mode0_enter	0	A3	00	03	02	00	260.0	1	0	2	0																						
2	ppu_public	90	14233512	5	257	128.5	stat_sample	0	A0	00	03	02	00	128.5	1	0	2	0																						
2	ppu_public	90	14233912	6	0	0.0	stat_sample	2	A0	20	03	02	00	0.0	1	1	2	0																						
2	ppu_public	90	14233912	6	0	0.0	stat_irq_edge	2	A0	20	03	02	00	0.0	1	1	2	0																						
2	ppu_public	90	14233912	6	2	1.0	mode2_irq_prepare	0	A0	00	03	02	00	1.0	1	0	2	0																						
2	ppu_public	90	14233920	6	0	0.0	stat_sample	2	A2	20	03	02	00	0.0	1	0	2	0																						
2	ppu_public	90	14233918	6	8	4.0	mode2_enter	2	A2	20	03	02	00	4.0	1	0	2	0																						
2	ppu_public	90	14233920	6	0	0.0	stat_sample	3	A2	00	03	02	00	0.0	1	0	2	0																						
2	ppu_public	90	14234086	6	176	88.0	mode3_enter	3	A2	00	03	02	00	88.0	1	0	2	0																						
2	ppu_public	90	14234080	6	84	42.0	stat_sample	3	A3	00	03	02	00	42.0	1	0	2	0																						
2	ppu_public	90	14234430	6	520	260.0	mode0_enter	0	A3	00	03	02	00	260.0	1	0	2	0																						
2	ppu_public	90	14234424	6	257	128.5	stat_sample	0	A0	00	03	02	00	128.5	1	0	2	0																						
2	ppu_public	90	14234832	7	0	0.0	stat_sample	2	A0	20	03	02	00	0.0	1	1	2	0																						
2	ppu_public	90	14234832	7	0	0.0	stat_irq_edge	2	A0	20	03	02	00	0.0	1	1	2	0																						
2	ppu_public	90	14234832	7	2	1.0	mode2_irq_prepare	0	A0	00	03	02	00	1.0	1	0	2	0																						
2	ppu_public	90	14234832	7	0	0.0	stat_sample	2	A2	20	03	02	00	0.0	1	0	2	0																						
2	ppu_public	90	14234838	7	8	4.0	mode2_enter	2	A2	20	03	02	00	4.0	1	0	2	0																						
2	ppu_public	90	14234832	7	0	0.0	stat_sample	3	A2	00	03	02	00	0.0	1	0	2	0																						
2	ppu_public	90	14235006	7	176	88.0	mode3_enter	3	A2	00	03	02	00	88.0	1	0	2	0																						
2	ppu_public	90	14234992	7	84	42.0	stat_sample	3	A3	00	03	02	00	42.0	1	0	2	0																						
2	ppu_public	90	14235350	7	520	260.0	mode0_enter	0	A3	00	03	02	00	260.0	1	0	2	0																						
2	ppu_public	90	14235336	7	257	128.5	stat_sample	0	A0	00	03	02	00	128.5	1	0	2	0																						
2	ppu_public	90	14235736	8	0	0.0	stat_sample	2	A0	20	03	02	00	0.0	1	1	2	0																						
2	ppu_public	90	14235736	8	0	0.0	stat_irq_edge	2	A0	20	03	02	00	0.0	1	1	2	0																						
2	ppu_public	90	14235736	8	2	1.0	mode2_irq_prepare	0	A0	00	03	02	00	1.0	1	0	2	0																						
2	ppu_public	90	14235744	8	0	0.0	stat_sample	2	A2	20	03	02	00	0.0	1	0	2	0																						
2	ppu_public	90	14235742	8	8	4.0	mode2_enter	2	A2	20	03	02	00	4.0	1	0	2	0																						
2	ppu_public	90	14235744	8	0	0.0	stat_sample	3	A2	00	03	02	00	0.0	1	0	2	0																						
2	ppu_public	90	14235910	8	176	88.0	mode3_enter	3	A2	00	03	02	00	88.0	1	0	2	0																						
2	ppu_public	90	14235904	8	84	42.0	stat_sample	3	A3	00	03	02	00	42.0	1	0	2	0																						
2	ppu_public	90	14236254	8	520	260.0	mode0_enter	0	A3	00	03	02	00	260.0	1	0	2	0																						
2	ppu_public	90	14236248	8	257	128.5	stat_sample	0	A0	00	03	02	00	128.5	1	0	2	0																						
2	ppu_public	90	14236648	9	0	0.0	stat_sample	2	A0	20	03	02	00	0.0	1	1	2	0																						
2	ppu_public	90	14236648	9	0	0.0	stat_irq_edge	2	A0	20	03	02	00	0.0	1	1	2	0																						
2	ppu_public	90	14236648	9	2	1.0	mode2_irq_prepare	0	A0	00	03	02	00	1.0	1	0	2	0																						
2	ppu_public	90	14236656	9	0	0.0	stat_sample	2	A2	20	03	02	00	0.0	1	0	2	0																						
2	ppu_public	90	14236654	9	8	4.0	mode2_enter	2	A2	20	03	02	00	4.0	1	0	2	0																						
2	ppu_public	90	14236656	9	0	0.0	stat_sample	3	A2	00	03	02	00	0.0	1	0	2	0																						
2	ppu_public	90	14236822	9	176	88.0	mode3_enter	3	A2	00	03	02	00	88.0	1	0	2	0																						
2	ppu_public	90	14236816	9	84	42.0	stat_sample	3	A3	00	03	02	00	42.0	1	0	2	0																						
2	ppu_public	90	14237166	9	520	260.0	mode0_enter	0	A3	00	03	02	00	260.0	1	0	2	0																						
2	ppu_public	90	14237160	9	257	128.5	stat_sample	0	A0	00	03	02	00	128.5	1	0	2	0																						
2	ppu_public	90	14237560	10	0	0.0	stat_sample	2	A0	20	03	02	00	0.0	1	1	2	0																						
2	ppu_public	90	14237560	10	0	0.0	stat_irq_edge	2	A0	20	03	02	00	0.0	1	1	2	0																						
2	ppu_public	90	14237560	10	2	1.0	mode2_irq_prepare	0	A0	00	03	02	00	1.0	1	0	2	0																						
2	ppu_public	90	14237568	10	0	0.0	stat_sample	2	A2	20	03	02	00	0.0	1	0	2	0																						
2	ppu_public	90	14237566	10	8	4.0	mode2_enter	2	A2	20	03	02	00	4.0	1	0	2	0																						
2	ppu_public	90	14237568	10	0	0.0	stat_sample	3	A2	00	03	02	00	0.0	1	0	2	0																						
2	ppu_public	90	14237734	10	176	88.0	mode3_enter	3	A2	00	03	02	00	88.0	1	0	2	0																						
2	ppu_public	90	14237728	10	84	42.0	stat_sample	3	A3	00	03	02	00	42.0	1	0	2	0																						
2	ppu_public	90	14238078	10	520	260.0	mode0_enter	0	A3	00	03	02	00	260.0	1	0	2	0																						
2	ppu_public	90	14238072	10	257	128.5	stat_sample	0	A0	00	03	02	00	128.5	1	0	2	0																						
2	ppu_public	90	14238472	11	0	0.0	stat_sample	2	A0	20	03	02	00	0.0	1	1	2	0																						
2	ppu_public	90	14238472	11	0	0.0	stat_irq_edge	2	A0	20	03	02	00	0.0	1	1	2	0																						
2	ppu_public	90	14238472	11	2	1.0	mode2_irq_prepare	0	A0	00	03	02	00	1.0	1	0	2	0																						
2	ppu_public	90	14238480	11	0	0.0	stat_sample	2	A2	20	03	02	00	0.0	1	0	2	0																						
2	ppu_public	90	14238478	11	8	4.0	mode2_enter	2	A2	20	03	02	00	4.0	1	0	2	0																						
2	ppu_public	90	14238480	11	0	0.0	stat_sample	3	A2	00	03	02	00	0.0	1	0	2	0																						
2	ppu_public	90	14238646	11	176	88.0	mode3_enter	3	A2	00	03	02	00	88.0	1	0	2	0																						
2	ppu_public	90	14238640	11	84	42.0	stat_sample	3	A3	00	03	02	00	42.0	1	0	2	0																						
2	ppu_public	90	14238990	11	520	260.0	mode0_enter	0	A3	00	03	02	00	260.0	1	0	2	0																						
2	ppu_public	90	14238992	11	257	128.5	stat_sample	0	A0	00	03	02	00	128.5	1	0	2	0																						
2	ppu_public	90	14239384	12	0	0.0	stat_sample	2	A0	20	03	02	00	0.0	1	1	2	0																						
2	ppu_public	90	14239384	12	0	0.0	stat_irq_edge	2	A0	20	03	02	00	0.0	1	1	2	0																						
2	ppu_public	90	14239384	12	2	1.0	mode2_irq_prepare	0	A0	00	03	02	00	1.0	1	0	2	0																						
2	ppu_public	90	14239392	12	0	0.0	stat_sample	2	A2	20	03	02	00	0.0	1	0	2	0																						
2	ppu_public	90	14239390	12	8	4.0	mode2_enter	2	A2	20	03	02	00	4.0	1	0	2	0																						
2	ppu_public	90	14239392	12	0	0.0	stat_sample	3	A2	00	03	02	00	0.0	1	0	2	0																						
2	ppu_public	90	14239558	12	176	88.0	mode3_enter	3	A2	00	03	02	00	88.0	1	0	2	0																						
2	ppu_public	90	14239552	12	84	42.0	stat_sample	3	A3	00	03	02	00	42.0	1	0	2	0																						
2	ppu_public	90	14239902	12	520	260.0	mode0_enter	0	A3	00	03	02	00	260.0	1	0	2	0																						
2	ppu_public	90	14239896	12	257	128.5	stat_sample	0	A0	00	03	02	00	128.5	1	0	2	0																						
2	ppu_public	90	14240296	13	0	0.0	stat_sample	2	A0	20	03	02	00	0.0	1	1	2	0																						
2	ppu_public	90	14240296	13	0	0.0	stat_irq_edge	2	A0	20	03	02	00	0.0	1	1	2	0																						
2	ppu_public	90	14240296	13	2	1.0	mode2_irq_prepare	0	A0	00	03	02	00	1.0	1	0	2	0																						
2	ppu_public	90	14240304	13	0	0.0	stat_sample	2	A2	20	03	02	00	0.0	1	0	2	0																						
2	ppu_public	90	14240302	13	8	4.0	mode2_enter	2	A2	20	03	02	00	4.0	1	0	2	0																						
2	ppu_public	90	14240304	13	0	0.0	stat_sample	3	A2	00	03	02	00	0.0	1	0	2	0																						
2	ppu_public	90	14240470	13	176	88.0	mode3_enter	3	A2	00	03	02	00	88.0	1	0	2	0																						
2	ppu_public	90	14240464	13	84	42.0	stat_sample	3	A3	00	03	02	00	42.0	1	0	2	0																						
2	ppu_public	90	14240814	13	520	260.0	mode0_enter	0	A3	00	03	02	00	260.0	1	0	2	0																						
2	ppu_public	90	14240808	13	257	128.5	stat_sample	0	A0	00	03	02	00	128.5	1	0	2	0																						
2	ppu_public	90	14241208	14	0	0.0	stat_sample	2	A0	20	03	02	00	0.0	1	1	2	0																						
2	ppu_public	90	14241208	14	0	0.0	stat_irq_edge	2	A0	20	03	02	00	0.0	1	1	2	0																						
2	ppu_public	90	14241208	14	2	1.0	mode2_irq_prepare	0	A0	00	03	02	00	1.0	1	0	2	0																						
2	ppu_public	90	14241216	14	0	0.0	stat_sample	2	A2	20	03	02	00	0.0	1	0	2	0																						
2	ppu_public	90	14241214	14	8	4.0	mode2_enter	2	A2	20	03	02	00	4.0	1	0	2	0																						
2	ppu_public	90	14241216	14	0	0.0	stat_sample	3	A2	00	03	02	00	0.0	1	0	2	0																						
2	ppu_public	90	14241382	14	176	88.0	mode3_enter	3	A2	00	03	02	00	88.0	1	0	2	0																						
2	ppu_public	90	14241384	14	84	42.0	stat_sample	3	A3	00	03	02	00	42.0	1	0	2	0																						
2	ppu_public	90	14241726	14	520	260.0	mode0_enter	0	A3	00	03	02	00	260.0	1	0	2	0																						
2	ppu_public	90	14241720	14	257	128.5	stat_sample	0	A0	00	03	02	00	128.5	1	0	2	0																						
2	ppu_public	90	14242120	15	0	0.0	stat_sample	2	A0	20	03	02	00	0.0	1	1	2	0																						
2	ppu_public	90	14242120	15	0	0.0	stat_irq_edge	2	A0	20	03	02	00	0.0	1	1	2	0																						
2	ppu_public	90	14242120	15	2	1.0	mode2_irq_prepare	0	A0	00	03	02	00	1.0	1	0	2	0																						
2	ppu_public	90	14242128	15	0	0.0	stat_sample	2	A2	20	03	02	00	0.0	1	0	2	0																						
2	ppu_public	90	14242126	15	8	4.0	mode2_enter	2	A2	20	03	02	00	4.0	1	0	2	0																						
2	ppu_public	90	14242128	15	0	0.0	stat_sample	3	A2	00	03	02	00	0.0	1	0	2	0																						
2	ppu_public	90	14242294	15	176	88.0	mode3_enter	3	A2	00	03	02	00	88.0	1	0	2	0																						
2	ppu_public	90	14242288	15	84	42.0	stat_sample	3	A3	00	03	02	00	42.0	1	0	2	0																						
2	ppu_public	90	14242638	15	520	260.0	mode0_enter	0	A3	00	03	02	00	260.0	1	0	2	0																						
2	ppu_public	90	14242632	15	257	128.5	stat_sample	0	A0	00	03	02	00	128.5	1	0	2	0																						
2	ppu_public	90	14243032	16	0	0.0	stat_sample	2	A0	20	03	02	00	0.0	1	1	2	0																						
2	ppu_public	90	14243032	16	0	0.0	stat_irq_edge	2	A0	20	03	02	00	0.0	1	1	2	0																						
2	ppu_public	90	14243032	16	2	1.0	mode2_irq_prepare	0	A0	00	03	02	00	1.0	1	0	2	0																						
2	ppu_public	90	14243048	16	0	0.0	stat_sample	2	A2	20	03	02	00	0.0	1	0	2	0																						
2	ppu_public	90	14243038	16	8	4.0	mode2_enter	2	A2	20	03	02	00	4.0	1	0	2	0																						
2	ppu_public	90	14243048	16	0	0.0	stat_sample	3	A2	00	03	02	00	0.0	1	0	2	0																						
2	ppu_public	90	14243206	16	176	88.0	mode3_enter	3	A2	00	03	02	00	88.0	1	0	2	0																						
2	ppu_public	90	14243200	16	84	42.0	stat_sample	3	A3	00	03	02	00	42.0	1	0	2	0																						
2	ppu_public	90	14243550	16	520	260.0	mode0_enter	0	A3	00	03	02	00	260.0	1	0	2	0																						
2	ppu_public	90	14243544	16	257	128.5	stat_sample	0	A0	00	03	02	00	128.5	1	0	2	0																						
2	ppu_public	90	14243944	17	0	0.0	stat_sample	2	A0	20	03	02	00	0.0	1	1	2	0																						
2	ppu_public	90	14243944	17	0	0.0	stat_irq_edge	2	A0	20	03	02	00	0.0	1	1	2	0																						
2	ppu_public	90	14243944	17	2	1.0	mode2_irq_prepare	0	A0	00	03	02	00	1.0	1	0	2	0																						
2	ppu_public	90	14243952	17	0	0.0	stat_sample	2	A2	20	03	02	00	0.0	1	0	2	0																						
2	ppu_public	90	14243950	17	8	4.0	mode2_enter	2	A2	20	03	02	00	4.0	1	0	2	0																						
2	ppu_public	90	14243952	17	0	0.0	stat_sample	3	A2	00	03	02	00	0.0	1	0	2	0																						
2	ppu_public	90	14244118	17	176	88.0	mode3_enter	3	A2	00	03	02	00	88.0	1	0	2	0																						
2	ppu_public	90	14244112	17	84	42.0	stat_sample	3	A3	00	03	02	00	42.0	1	0	2	0																						
2	ppu_public	90	14244462	17	520	260.0	mode0_enter	0	A3	00	03	02	00	260.0	1	0	2	0																						
2	ppu_public	90	14244456	17	257	128.5	stat_sample	0	A0	00	03	02	00	128.5	1	0	2	0																						
2	ppu_public	90	14244856	18	0	0.0	stat_sample	2	A0	20	03	02	00	0.0	1	1	2	0																						
2	ppu_public	90	14244856	18	0	0.0	stat_irq_edge	2	A0	20	03	02	00	0.0	1	1	2	0																						
2	ppu_public	90	14244856	18	2	1.0	mode2_irq_prepare	0	A0	00	03	02	00	1.0	1	0	2	0																						
2	ppu_public	90	14244864	18	0	0.0	stat_sample	2	A2	20	03	02	00	0.0	1	0	2	0																						
2	ppu_public	90	14244862	18	8	4.0	mode2_enter	2	A2	20	03	02	00	4.0	1	0	2	0																						
2	ppu_public	90	14244864	18	0	0.0	stat_sample	3	A2	00	03	02	00	0.0	1	0	2	0																						
2	ppu_public	90	14245030	18	176	88.0	mode3_enter	3	A2	00	03	02	00	88.0	1	0	2	0																						
2	ppu_public	90	14245024	18	84	42.0	stat_sample	3	A3	00	03	02	00	42.0	1	0	2	0																						
2	ppu_public	90	14245374	18	520	260.0	mode0_enter	0	A3	00	03	02	00	260.0	1	0	2	0																						
2	ppu_public	90	14245368	18	257	128.5	stat_sample	0	A0	00	03	02	00	128.5	1	0	2	0																						
2	ppu_public	90	14245768	19	0	0.0	stat_sample	2	A0	20	03	02	00	0.0	1	1	2	0																						
2	ppu_public	90	14245768	19	0	0.0	stat_irq_edge	2	A0	20	03	02	00	0.0	1	1	2	0																						
2	ppu_public	90	14245768	19	2	1.0	mode2_irq_prepare	0	A0	00	03	02	00	1.0	1	0	2	0																						
2	ppu_public	90	14245776	19	0	0.0	stat_sample	2	A2	20	03	02	00	0.0	1	0	2	0																						
2	ppu_public	90	14245774	19	8	4.0	mode2_enter	2	A2	20	03	02	00	4.0	1	0	2	0																						
2	ppu_public	90	14245776	19	0	0.0	stat_sample	3	A2	00	03	02	00	0.0	1	0	2	0																						
2	ppu_public	90	14245942	19	176	88.0	mode3_enter	3	A2	00	03	02	00	88.0	1	0	2	0																						
2	ppu_public	90	14245936	19	84	42.0	stat_sample	3	A3	00	03	02	00	42.0	1	0	2	0																						
2	ppu_public	90	14246286	19	520	260.0	mode0_enter	0	A3	00	03	02	00	260.0	1	0	2	0																						
2	ppu_public	90	14246280	19	257	128.5	stat_sample	0	A0	00	03	02	00	128.5	1	0	2	0																						
2	ppu_public	90	14246688	20	0	0.0	stat_sample	2	A0	20	03	02	00	0.0	1	1	2	0																						
2	ppu_public	90	14246688	20	0	0.0	stat_irq_edge	2	A0	20	03	02	00	0.0	1	1	2	0																						
2	ppu_public	90	14246688	20	2	1.0	mode2_irq_prepare	0	A0	00	03	02	00	1.0	1	0	2	0																						
2	ppu_public	90	14246688	20	0	0.0	stat_sample	2	A2	20	03	02	00	0.0	1	0	2	0																						
2	ppu_public	90	14246694	20	8	4.0	mode2_enter	2	A2	20	03	02	00	4.0	1	0	2	0																						
2	ppu_public	90	14246688	20	0	0.0	stat_sample	3	A2	00	03	02	00	0.0	1	0	2	0																						
2	ppu_public	90	14246862	20	176	88.0	mode3_enter	3	A2	00	03	02	00	88.0	1	0	2	0																						
2	ppu_public	90	14246848	20	84	42.0	stat_sample	3	A3	00	03	02	00	42.0	1	0	2	0																						
2	ppu_public	90	14247206	20	520	260.0	mode0_enter	0	A3	00	03	02	00	260.0	1	0	2	0																						
2	ppu_public	90	14247192	20	257	128.5	stat_sample	0	A0	00	03	02	00	128.5	1	0	2	0																						
2	ppu_public	90	14247592	21	0	0.0	stat_sample	2	A0	20	03	02	00	0.0	1	1	2	0																						
2	ppu_public	90	14247592	21	0	0.0	stat_irq_edge	2	A0	20	03	02	00	0.0	1	1	2	0																						
2	ppu_public	90	14247592	21	2	1.0	mode2_irq_prepare	0	A0	00	03	02	00	1.0	1	0	2	0																						
2	ppu_public	90	14247600	21	0	0.0	stat_sample	2	A2	20	03	02	00	0.0	1	0	2	0																						
2	ppu_public	90	14247598	21	8	4.0	mode2_enter	2	A2	20	03	02	00	4.0	1	0	2	0																						
2	ppu_public	90	14247600	21	0	0.0	stat_sample	3	A2	00	03	02	00	0.0	1	0	2	0																						
2	ppu_public	90	14247766	21	176	88.0	mode3_enter	3	A2	00	03	02	00	88.0	1	0	2	0																						
2	ppu_public	90	14247760	21	84	42.0	stat_sample	3	A3	00	03	02	00	42.0	1	0	2	0																						
2	ppu_public	90	14248110	21	520	260.0	mode0_enter	0	A3	00	03	02	00	260.0	1	0	2	0																						
2	ppu_public	90	14248104	21	257	128.5	stat_sample	0	A0	00	03	02	00	128.5	1	0	2	0																						
2	ppu_public	90	14248504	22	0	0.0	stat_sample	2	A0	20	03	02	00	0.0	1	1	2	0																						
2	ppu_public	90	14248504	22	0	0.0	stat_irq_edge	2	A0	20	03	02	00	0.0	1	1	2	0																						
2	ppu_public	90	14248504	22	2	1.0	mode2_irq_prepare	0	A0	00	03	02	00	1.0	1	0	2	0																						
2	ppu_public	90	14248512	22	0	0.0	stat_sample	2	A2	20	03	02	00	0.0	1	0	2	0																						
2	ppu_public	90	14248510	22	8	4.0	mode2_enter	2	A2	20	03	02	00	4.0	1	0	2	0																						
2	ppu_public	90	14248512	22	0	0.0	stat_sample	3	A2	00	03	02	00	0.0	1	0	2	0																						
2	ppu_public	90	14248678	22	176	88.0	mode3_enter	3	A2	00	03	02	00	88.0	1	0	2	0																						
2	ppu_public	90	14248672	22	84	42.0	stat_sample	3	A3	00	03	02	00	42.0	1	0	2	0																						
2	ppu_public	90	14249022	22	520	260.0	mode0_enter	0	A3	00	03	02	00	260.0	1	0	2	0																						
2	ppu_public	90	14249016	22	257	128.5	stat_sample	0	A0	00	03	02	00	128.5	1	0	2	0																						
2	ppu_public	90	14249416	23	0	0.0	stat_sample	2	A0	20	03	02	00	0.0	1	1	2	0																						
2	ppu_public	90	14249416	23	0	0.0	stat_irq_edge	2	A0	20	03	02	00	0.0	1	1	2	0																						
2	ppu_public	90	14249416	23	2	1.0	mode2_irq_prepare	0	A0	00	03	02	00	1.0	1	0	2	0																						
2	ppu_public	90	14249424	23	0	0.0	stat_sample	2	A2	20	03	02	00	0.0	1	0	2	0																						
2	ppu_public	90	14249422	23	8	4.0	mode2_enter	2	A2	20	03	02	00	4.0	1	0	2	0																						
2	ppu_public	90	14249424	23	0	0.0	stat_sample	3	A2	00	03	02	00	0.0	1	0	2	0																						
2	ppu_public	90	14249590	23	176	88.0	mode3_enter	3	A2	00	03	02	00	88.0	1	0	2	0																						
2	ppu_public	90	14249584	23	84	42.0	stat_sample	3	A3	00	03	02	00	42.0	1	0	2	0																						
2	ppu_public	90	14249934	23	520	260.0	mode0_enter	0	A3	00	03	02	00	260.0	1	0	2	0																						
2	ppu_public	90	14249928	23	257	128.5	stat_sample	0	A0	00	03	02	00	128.5	1	0	2	0																						
2	ppu_public	90	14250328	24	0	0.0	stat_sample	2	A0	20	03	02	00	0.0	1	1	2	0																						
2	ppu_public	90	14250328	24	0	0.0	stat_irq_edge	2	A0	20	03	02	00	0.0	1	1	2	0																						
2	ppu_public	90	14250328	24	2	1.0	mode2_irq_prepare	0	A0	00	03	02	00	1.0	1	0	2	0																						
2	ppu_public	90	14250336	24	0	0.0	stat_sample	2	A2	20	03	02	00	0.0	1	0	2	0																						
2	ppu_public	90	14250334	24	8	4.0	mode2_enter	2	A2	20	03	02	00	4.0	1	0	2	0																						
2	ppu_public	90	14250336	24	0	0.0	stat_sample	3	A2	00	03	02	00	0.0	1	0	2	0																						
2	ppu_public	90	14250502	24	176	88.0	mode3_enter	3	A2	00	03	02	00	88.0	1	0	2	0																						
2	ppu_public	90	14250496	24	84	42.0	stat_sample	3	A3	00	03	02	00	42.0	1	0	2	0																						
2	ppu_public	90	14250846	24	520	260.0	mode0_enter	0	A3	00	03	02	00	260.0	1	0	2	0																						
2	ppu_public	90	14250848	24	257	128.5	stat_sample	0	A0	00	03	02	00	128.5	1	0	2	0																						
2	ppu_public	90	14251240	25	0	0.0	stat_sample	2	A0	20	03	02	00	0.0	1	1	2	0																						
2	ppu_public	90	14251240	25	0	0.0	stat_irq_edge	2	A0	20	03	02	00	0.0	1	1	2	0																						
2	ppu_public	90	14251240	25	2	1.0	mode2_irq_prepare	0	A0	00	03	02	00	1.0	1	0	2	0																						
2	ppu_public	90	14251248	25	0	0.0	stat_sample	2	A2	20	03	02	00	0.0	1	0	2	0																						
2	ppu_public	90	14251246	25	8	4.0	mode2_enter	2	A2	20	03	02	00	4.0	1	0	2	0																						
2	ppu_public	90	14251248	25	0	0.0	stat_sample	3	A2	00	03	02	00	0.0	1	0	2	0																						
2	ppu_public	90	14251414	25	176	88.0	mode3_enter	3	A2	00	03	02	00	88.0	1	0	2	0																						
2	ppu_public	90	14251408	25	84	42.0	stat_sample	3	A3	00	03	02	00	42.0	1	0	2	0																						
2	ppu_public	90	14251758	25	520	260.0	mode0_enter	0	A3	00	03	02	00	260.0	1	0	2	0																						
2	ppu_public	90	14251752	25	257	128.5	stat_sample	0	A0	00	03	02	00	128.5	1	0	2	0																						
2	ppu_public	90	14252152	26	0	0.0	stat_sample	2	A0	20	03	02	00	0.0	1	1	2	0																						
2	ppu_public	90	14252152	26	0	0.0	stat_irq_edge	2	A0	20	03	02	00	0.0	1	1	2	0																						
2	ppu_public	90	14252152	26	2	1.0	mode2_irq_prepare	0	A0	00	03	02	00	1.0	1	0	2	0																						
2	ppu_public	90	14252160	26	0	0.0	stat_sample	2	A2	20	03	02	00	0.0	1	0	2	0																						
2	ppu_public	90	14252158	26	8	4.0	mode2_enter	2	A2	20	03	02	00	4.0	1	0	2	0																						
2	ppu_public	90	14252160	26	0	0.0	stat_sample	3	A2	00	03	02	00	0.0	1	0	2	0																						
2	ppu_public	90	14252326	26	176	88.0	mode3_enter	3	A2	00	03	02	00	88.0	1	0	2	0																						
2	ppu_public	90	14252320	26	84	42.0	stat_sample	3	A3	00	03	02	00	42.0	1	0	2	0																						
2	ppu_public	90	14252670	26	520	260.0	mode0_enter	0	A3	00	03	02	00	260.0	1	0	2	0																						
2	ppu_public	90	14252664	26	257	128.5	stat_sample	0	A0	00	03	02	00	128.5	1	0	2	0																						
2	ppu_public	90	14253064	27	0	0.0	stat_sample	2	A0	20	03	02	00	0.0	1	1	2	0																						
2	ppu_public	90	14253064	27	0	0.0	stat_irq_edge	2	A0	20	03	02	00	0.0	1	1	2	0																						
2	ppu_public	90	14253064	27	2	1.0	mode2_irq_prepare	0	A0	00	03	02	00	1.0	1	0	2	0																						
2	ppu_public	90	14253072	27	0	0.0	stat_sample	2	A2	20	03	02	00	0.0	1	0	2	0																						
2	ppu_public	90	14253070	27	8	4.0	mode2_enter	2	A2	20	03	02	00	4.0	1	0	2	0																						
2	ppu_public	90	14253072	27	0	0.0	stat_sample	3	A2	00	03	02	00	0.0	1	0	2	0																						
2	ppu_public	90	14253238	27	176	88.0	mode3_enter	3	A2	00	03	02	00	88.0	1	0	2	0																						
2	ppu_public	90	14253240	27	84	42.0	stat_sample	3	A3	00	03	02	00	42.0	1	0	2	0																						
2	ppu_public	90	14253582	27	520	260.0	mode0_enter	0	A3	00	03	02	00	260.0	1	0	2	0																						
2	ppu_public	90	14253576	27	257	128.5	stat_sample	0	A0	00	03	02	00	128.5	1	0	2	0																						
2	ppu_public	90	14253976	28	0	0.0	stat_sample	2	A0	20	03	02	00	0.0	1	1	2	0																						
2	ppu_public	90	14253976	28	0	0.0	stat_irq_edge	2	A0	20	03	02	00	0.0	1	1	2	0																						
2	ppu_public	90	14253976	28	2	1.0	mode2_irq_prepare	0	A0	00	03	02	00	1.0	1	0	2	0																						
2	ppu_public	90	14253984	28	0	0.0	stat_sample	2	A2	20	03	02	00	0.0	1	0	2	0																						
2	ppu_public	90	14253982	28	8	4.0	mode2_enter	2	A2	20	03	02	00	4.0	1	0	2	0																						
2	ppu_public	90	14253984	28	0	0.0	stat_sample	3	A2	00	03	02	00	0.0	1	0	2	0																						
2	ppu_public	90	14254150	28	176	88.0	mode3_enter	3	A2	00	03	02	00	88.0	1	0	2	0																						
2	ppu_public	90	14254144	28	84	42.0	stat_sample	3	A3	00	03	02	00	42.0	1	0	2	0																						
2	ppu_public	90	14254494	28	520	260.0	mode0_enter	0	A3	00	03	02	00	260.0	1	0	2	0																						
2	ppu_public	90	14254488	28	257	128.5	stat_sample	0	A0	00	03	02	00	128.5	1	0	2	0																						
2	ppu_public	90	14254888	29	0	0.0	stat_sample	2	A0	20	03	02	00	0.0	1	1	2	0																						
2	ppu_public	90	14254888	29	0	0.0	stat_irq_edge	2	A0	20	03	02	00	0.0	1	1	2	0																						
2	ppu_public	90	14254888	29	2	1.0	mode2_irq_prepare	0	A0	00	03	02	00	1.0	1	0	2	0																						
2	ppu_public	90	14254904	29	0	0.0	stat_sample	2	A2	20	03	02	00	0.0	1	0	2	0																						
2	ppu_public	90	14254894	29	8	4.0	mode2_enter	2	A2	20	03	02	00	4.0	1	0	2	0																						
2	ppu_public	90	14254904	29	0	0.0	stat_sample	3	A2	00	03	02	00	0.0	1	0	2	0																						
2	ppu_public	90	14255062	29	176	88.0	mode3_enter	3	A2	00	03	02	00	88.0	1	0	2	0																						
2	ppu_public	90	14255056	29	84	42.0	stat_sample	3	A3	00	03	02	00	42.0	1	0	2	0																						
2	ppu_public	90	14255406	29	520	260.0	mode0_enter	0	A3	00	03	02	00	260.0	1	0	2	0																						
2	ppu_public	90	14255400	29	257	128.5	stat_sample	0	A0	00	03	02	00	128.5	1	0	2	0																						
2	ppu_public	90	14255800	30	0	0.0	stat_sample	2	A0	20	03	02	00	0.0	1	1	2	0																						
2	ppu_public	90	14255800	30	0	0.0	stat_irq_edge	2	A0	20	03	02	00	0.0	1	1	2	0																						
2	ppu_public	90	14255800	30	2	1.0	mode2_irq_prepare	0	A0	00	03	02	00	1.0	1	0	2	0																						
2	ppu_public	90	14255808	30	0	0.0	stat_sample	2	A2	20	03	02	00	0.0	1	0	2	0																						
2	ppu_public	90	14255806	30	8	4.0	mode2_enter	2	A2	20	03	02	00	4.0	1	0	2	0																						
2	ppu_public	90	14255808	30	0	0.0	stat_sample	3	A2	00	03	02	00	0.0	1	0	2	0																						
2	ppu_public	90	14255974	30	176	88.0	mode3_enter	3	A2	00	03	02	00	88.0	1	0	2	0																						
2	ppu_public	90	14255968	30	84	42.0	stat_sample	3	A3	00	03	02	00	42.0	1	0	2	0																						
2	ppu_public	90	14256318	30	520	260.0	mode0_enter	0	A3	00	03	02	00	260.0	1	0	2	0																						
2	ppu_public	90	14256312	30	257	128.5	stat_sample	0	A0	00	03	02	00	128.5	1	0	2	0																						
2	ppu_public	90	14256712	31	0	0.0	stat_sample	2	A0	20	03	02	00	0.0	1	1	2	0																						
2	ppu_public	90	14256712	31	0	0.0	stat_irq_edge	2	A0	20	03	02	00	0.0	1	1	2	0																						
2	ppu_public	90	14256712	31	2	1.0	mode2_irq_prepare	0	A0	00	03	02	00	1.0	1	0	2	0																						
2	ppu_public	90	14256720	31	0	0.0	stat_sample	2	A2	20	03	02	00	0.0	1	0	2	0																						
2	ppu_public	90	14256718	31	8	4.0	mode2_enter	2	A2	20	03	02	00	4.0	1	0	2	0																						
2	ppu_public	90	14256720	31	0	0.0	stat_sample	3	A2	00	03	02	00	0.0	1	0	2	0																						
2	ppu_public	90	14256886	31	176	88.0	mode3_enter	3	A2	00	03	02	00	88.0	1	0	2	0																						
2	ppu_public	90	14256880	31	84	42.0	stat_sample	3	A3	00	03	02	00	42.0	1	0	2	0																						
2	ppu_public	90	14257230	31	520	260.0	mode0_enter	0	A3	00	03	02	00	260.0	1	0	2	0																						
2	ppu_public	90	14257224	31	257	128.5	stat_sample	0	A0	00	03	02	00	128.5	1	0	2	0																						
2	ppu_public	90	14257624	32	0	0.0	stat_sample	2	A0	20	03	02	00	0.0	1	1	2	0																						
2	ppu_public	90	14257624	32	0	0.0	stat_irq_edge	2	A0	20	03	02	00	0.0	1	1	2	0																						
2	ppu_public	90	14257624	32	2	1.0	mode2_irq_prepare	0	A0	00	03	02	00	1.0	1	0	2	0																						
2	ppu_public	90	14257632	32	0	0.0	stat_sample	2	A2	20	03	02	00	0.0	1	0	2	0																						
2	ppu_public	90	14257630	32	8	4.0	mode2_enter	2	A2	20	03	02	00	4.0	1	0	2	0																						
2	ppu_public	90	14257632	32	0	0.0	stat_sample	3	A2	00	03	02	00	0.0	1	0	2	0																						
2	ppu_public	90	14257798	32	176	88.0	mode3_enter	3	A2	00	03	02	00	88.0	1	0	2	0																						
2	ppu_public	90	14257792	32	84	42.0	stat_sample	3	A3	00	03	02	00	42.0	1	0	2	0																						
2	ppu_public	90	14258142	32	520	260.0	mode0_enter	0	A3	00	03	02	00	260.0	1	0	2	0																						
2	ppu_public	90	14258136	32	257	128.5	stat_sample	0	A0	00	03	02	00	128.5	1	0	2	0																						
2	ppu_public	90	14258544	33	0	0.0	stat_sample	2	A0	20	03	02	00	0.0	1	1	2	0																						
2	ppu_public	90	14258544	33	0	0.0	stat_irq_edge	2	A0	20	03	02	00	0.0	1	1	2	0																						
2	ppu_public	90	14258544	33	2	1.0	mode2_irq_prepare	0	A0	00	03	02	00	1.0	1	0	2	0																						
2	ppu_public	90	14258544	33	0	0.0	stat_sample	2	A2	20	03	02	00	0.0	1	0	2	0																						
2	ppu_public	90	14258550	33	8	4.0	mode2_enter	2	A2	20	03	02	00	4.0	1	0	2	0																						
2	ppu_public	90	14258544	33	0	0.0	stat_sample	3	A2	00	03	02	00	0.0	1	0	2	0																						
2	ppu_public	90	14258718	33	176	88.0	mode3_enter	3	A2	00	03	02	00	88.0	1	0	2	0																						
2	ppu_public	90	14258704	33	84	42.0	stat_sample	3	A3	00	03	02	00	42.0	1	0	2	0																						
2	ppu_public	90	14259062	33	520	260.0	mode0_enter	0	A3	00	03	02	00	260.0	1	0	2	0																						
2	ppu_public	90	14259048	33	257	128.5	stat_sample	0	A0	00	03	02	00	128.5	1	0	2	0																						
2	ppu_public	90	14259448	34	0	0.0	stat_sample	2	A0	20	03	02	00	0.0	1	1	2	0																						
2	ppu_public	90	14259448	34	0	0.0	stat_irq_edge	2	A0	20	03	02	00	0.0	1	1	2	0																						
2	ppu_public	90	14259448	34	2	1.0	mode2_irq_prepare	0	A0	00	03	02	00	1.0	1	0	2	0																						
2	ppu_public	90	14259456	34	0	0.0	stat_sample	2	A2	20	03	02	00	0.0	1	0	2	0																						
2	ppu_public	90	14259454	34	8	4.0	mode2_enter	2	A2	20	03	02	00	4.0	1	0	2	0																						
2	ppu_public	90	14259456	34	0	0.0	stat_sample	3	A2	00	03	02	00	0.0	1	0	2	0																						
2	ppu_public	90	14259622	34	176	88.0	mode3_enter	3	A2	00	03	02	00	88.0	1	0	2	0																						
2	ppu_public	90	14259616	34	84	42.0	stat_sample	3	A3	00	03	02	00	42.0	1	0	2	0																						
2	ppu_public	90	14259966	34	520	260.0	mode0_enter	0	A3	00	03	02	00	260.0	1	0	2	0																						
2	ppu_public	90	14259960	34	257	128.5	stat_sample	0	A0	00	03	02	00	128.5	1	0	2	0																						
2	ppu_public	90	14260360	35	0	0.0	stat_sample	2	A0	20	03	02	00	0.0	1	1	2	0																						
2	ppu_public	90	14260360	35	0	0.0	stat_irq_edge	2	A0	20	03	02	00	0.0	1	1	2	0																						
2	ppu_public	90	14260360	35	2	1.0	mode2_irq_prepare	0	A0	00	03	02	00	1.0	1	0	2	0																						
2	ppu_public	90	14260368	35	0	0.0	stat_sample	2	A2	20	03	02	00	0.0	1	0	2	0																						
2	ppu_public	90	14260366	35	8	4.0	mode2_enter	2	A2	20	03	02	00	4.0	1	0	2	0																						
2	ppu_public	90	14260368	35	0	0.0	stat_sample	3	A2	00	03	02	00	0.0	1	0	2	0																						
2	ppu_public	90	14260534	35	176	88.0	mode3_enter	3	A2	00	03	02	00	88.0	1	0	2	0																						
2	ppu_public	90	14260528	35	84	42.0	stat_sample	3	A3	00	03	02	00	42.0	1	0	2	0																						
2	ppu_public	90	14260878	35	520	260.0	mode0_enter	0	A3	00	03	02	00	260.0	1	0	2	0																						
2	ppu_public	90	14260872	35	257	128.5	stat_sample	0	A0	00	03	02	00	128.5	1	0	2	0																						
2	ppu_public	90	14261272	36	0	0.0	stat_sample	2	A0	20	03	02	00	0.0	1	1	2	0																						
2	ppu_public	90	14261272	36	0	0.0	stat_irq_edge	2	A0	20	03	02	00	0.0	1	1	2	0																						
2	ppu_public	90	14261272	36	2	1.0	mode2_irq_prepare	0	A0	00	03	02	00	1.0	1	0	2	0																						
2	ppu_public	90	14261280	36	0	0.0	stat_sample	2	A2	20	03	02	00	0.0	1	0	2	0																						
2	ppu_public	90	14261278	36	8	4.0	mode2_enter	2	A2	20	03	02	00	4.0	1	0	2	0																						
2	ppu_public	90	14261280	36	0	0.0	stat_sample	3	A2	00	03	02	00	0.0	1	0	2	0																						
2	ppu_public	90	14261446	36	176	88.0	mode3_enter	3	A2	00	03	02	00	88.0	1	0	2	0																						
2	ppu_public	90	14261440	36	84	42.0	stat_sample	3	A3	00	03	02	00	42.0	1	0	2	0																						
2	ppu_public	90	14261790	36	520	260.0	mode0_enter	0	A3	00	03	02	00	260.0	1	0	2	0																						
2	ppu_public	90	14261784	36	257	128.5	stat_sample	0	A0	00	03	02	00	128.5	1	0	2	0																						
2	ppu_public	90	14262184	37	0	0.0	stat_sample	2	A0	20	03	02	00	0.0	1	1	2	0																						
2	ppu_public	90	14262184	37	0	0.0	stat_irq_edge	2	A0	20	03	02	00	0.0	1	1	2	0																						
2	ppu_public	90	14262184	37	2	1.0	mode2_irq_prepare	0	A0	00	03	02	00	1.0	1	0	2	0																						
2	ppu_public	90	14262192	37	0	0.0	stat_sample	2	A2	20	03	02	00	0.0	1	0	2	0																						
2	ppu_public	90	14262190	37	8	4.0	mode2_enter	2	A2	20	03	02	00	4.0	1	0	2	0																						
2	ppu_public	90	14262192	37	0	0.0	stat_sample	3	A2	00	03	02	00	0.0	1	0	2	0																						
2	ppu_public	90	14262358	37	176	88.0	mode3_enter	3	A2	00	03	02	00	88.0	1	0	2	0																						
2	ppu_public	90	14262352	37	84	42.0	stat_sample	3	A3	00	03	02	00	42.0	1	0	2	0																						
2	ppu_public	90	14262702	37	520	260.0	mode0_enter	0	A3	00	03	02	00	260.0	1	0	2	0																						
2	ppu_public	90	14262704	37	257	128.5	stat_sample	0	A0	00	03	02	00	128.5	1	0	2	0																						
2	ppu_public	90	14263096	38	0	0.0	stat_sample	2	A0	20	03	02	00	0.0	1	1	2	0																						
2	ppu_public	90	14263096	38	0	0.0	stat_irq_edge	2	A0	20	03	02	00	0.0	1	1	2	0																						
2	ppu_public	90	14263096	38	2	1.0	mode2_irq_prepare	0	A0	00	03	02	00	1.0	1	0	2	0																						
2	ppu_public	90	14263104	38	0	0.0	stat_sample	2	A2	20	03	02	00	0.0	1	0	2	0																						
2	ppu_public	90	14263102	38	8	4.0	mode2_enter	2	A2	20	03	02	00	4.0	1	0	2	0																						
2	ppu_public	90	14263104	38	0	0.0	stat_sample	3	A2	00	03	02	00	0.0	1	0	2	0																						
2	ppu_public	90	14263270	38	176	88.0	mode3_enter	3	A2	00	03	02	00	88.0	1	0	2	0																						
2	ppu_public	90	14263264	38	84	42.0	stat_sample	3	A3	00	03	02	00	42.0	1	0	2	0																						
2	ppu_public	90	14263614	38	520	260.0	mode0_enter	0	A3	00	03	02	00	260.0	1	0	2	0																						
2	ppu_public	90	14263608	38	257	128.5	stat_sample	0	A0	00	03	02	00	128.5	1	0	2	0																						
2	ppu_public	90	14264008	39	0	0.0	stat_sample	2	A0	20	03	02	00	0.0	1	1	2	0																						
2	ppu_public	90	14264008	39	0	0.0	stat_irq_edge	2	A0	20	03	02	00	0.0	1	1	2	0																						
2	ppu_public	90	14264008	39	2	1.0	mode2_irq_prepare	0	A0	00	03	02	00	1.0	1	0	2	0																						
2	ppu_public	90	14264016	39	0	0.0	stat_sample	2	A2	20	03	02	00	0.0	1	0	2	0																						
2	ppu_public	90	14264014	39	8	4.0	mode2_enter	2	A2	20	03	02	00	4.0	1	0	2	0																						
2	ppu_public	90	14264016	39	0	0.0	stat_sample	3	A2	00	03	02	00	0.0	1	0	2	0																						
2	ppu_public	90	14264182	39	176	88.0	mode3_enter	3	A2	00	03	02	00	88.0	1	0	2	0																						
2	ppu_public	90	14264176	39	84	42.0	stat_sample	3	A3	00	03	02	00	42.0	1	0	2	0																						
2	ppu_public	90	14264526	39	520	260.0	mode0_enter	0	A3	00	03	02	00	260.0	1	0	2	0																						
2	ppu_public	90	14264520	39	257	128.5	stat_sample	0	A0	00	03	02	00	128.5	1	0	2	0																						
2	ppu_public	90	14264920	40	0	0.0	stat_sample	2	A0	20	03	02	00	0.0	1	1	2	0																						
2	ppu_public	90	14264920	40	0	0.0	stat_irq_edge	2	A0	20	03	02	00	0.0	1	1	2	0																						
2	ppu_public	90	14264920	40	2	1.0	mode2_irq_prepare	0	A0	00	03	02	00	1.0	1	0	2	0																						
2	ppu_public	90	14264928	40	0	0.0	stat_sample	2	A2	20	03	02	00	0.0	1	0	2	0																						
2	ppu_public	90	14264926	40	8	4.0	mode2_enter	2	A2	20	03	02	00	4.0	1	0	2	0																						
2	ppu_public	90	14264928	40	0	0.0	stat_sample	3	A2	00	03	02	00	0.0	1	0	2	0																						
2	ppu_public	90	14265094	40	176	88.0	mode3_enter	3	A2	00	03	02	00	88.0	1	0	2	0																						
2	ppu_public	90	14265096	40	84	42.0	stat_sample	3	A3	00	03	02	00	42.0	1	0	2	0																						
2	ppu_public	90	14265438	40	520	260.0	mode0_enter	0	A3	00	03	02	00	260.0	1	0	2	0																						
2	ppu_public	90	14265432	40	257	128.5	stat_sample	0	A0	00	03	02	00	128.5	1	0	2	0																						
2	ppu_public	90	14265832	41	0	0.0	stat_sample	2	A0	20	03	02	00	0.0	1	1	2	0																						
2	ppu_public	90	14265832	41	0	0.0	stat_irq_edge	2	A0	20	03	02	00	0.0	1	1	2	0																						
2	ppu_public	90	14265832	41	2	1.0	mode2_irq_prepare	0	A0	00	03	02	00	1.0	1	0	2	0																						
2	ppu_public	90	14265840	41	0	0.0	stat_sample	2	A2	20	03	02	00	0.0	1	0	2	0																						
2	ppu_public	90	14265838	41	8	4.0	mode2_enter	2	A2	20	03	02	00	4.0	1	0	2	0																						
2	ppu_public	90	14265840	41	0	0.0	stat_sample	3	A2	00	03	02	00	0.0	1	0	2	0																						
2	ppu_public	90	14266006	41	176	88.0	mode3_enter	3	A2	00	03	02	00	88.0	1	0	2	0																						
2	ppu_public	90	14266000	41	84	42.0	stat_sample	3	A3	00	03	02	00	42.0	1	0	2	0																						
2	ppu_public	90	14266350	41	520	260.0	mode0_enter	0	A3	00	03	02	00	260.0	1	0	2	0																						
2	ppu_public	90	14266344	41	257	128.5	stat_sample	0	A0	00	03	02	00	128.5	1	0	2	0																						
2	ppu_public	90	14266744	42	0	0.0	stat_sample	2	A0	20	03	02	00	0.0	1	1	2	0																						
2	ppu_public	90	14266744	42	0	0.0	stat_irq_edge	2	A0	20	03	02	00	0.0	1	1	2	0																						
2	ppu_public	90	14266744	42	2	1.0	mode2_irq_prepare	0	A0	00	03	02	00	1.0	1	0	2	0																						
2	ppu_public	90	14266760	42	0	0.0	stat_sample	2	A2	20	03	02	00	0.0	1	0	2	0																						
2	ppu_public	90	14266750	42	8	4.0	mode2_enter	2	A2	20	03	02	00	4.0	1	0	2	0																						
2	ppu_public	90	14266760	42	0	0.0	stat_sample	3	A2	00	03	02	00	0.0	1	0	2	0																						
2	ppu_public	90	14266918	42	176	88.0	mode3_enter	3	A2	00	03	02	00	88.0	1	0	2	0																						
2	ppu_public	90	14266912	42	84	42.0	stat_sample	3	A3	00	03	02	00	42.0	1	0	2	0																						
2	ppu_public	90	14267262	42	520	260.0	mode0_enter	0	A3	00	03	02	00	260.0	1	0	2	0																						
2	ppu_public	90	14267256	42	257	128.5	stat_sample	0	A0	00	03	02	00	128.5	1	0	2	0																						
2	ppu_public	90	14267656	43	0	0.0	stat_sample	2	A0	20	03	02	00	0.0	1	1	2	0																						
2	ppu_public	90	14267656	43	0	0.0	stat_irq_edge	2	A0	20	03	02	00	0.0	1	1	2	0																						
2	ppu_public	90	14267656	43	2	1.0	mode2_irq_prepare	0	A0	00	03	02	00	1.0	1	0	2	0																						
2	ppu_public	90	14267664	43	0	0.0	stat_sample	2	A2	20	03	02	00	0.0	1	0	2	0																						
2	ppu_public	90	14267662	43	8	4.0	mode2_enter	2	A2	20	03	02	00	4.0	1	0	2	0																						
2	ppu_public	90	14267664	43	0	0.0	stat_sample	3	A2	00	03	02	00	0.0	1	0	2	0																						
2	ppu_public	90	14267830	43	176	88.0	mode3_enter	3	A2	00	03	02	00	88.0	1	0	2	0																						
2	ppu_public	90	14267824	43	84	42.0	stat_sample	3	A3	00	03	02	00	42.0	1	0	2	0																						
2	ppu_public	90	14268174	43	520	260.0	mode0_enter	0	A3	00	03	02	00	260.0	1	0	2	0																						
2	ppu_public	90	14268168	43	257	128.5	stat_sample	0	A0	00	03	02	00	128.5	1	0	2	0																						
2	ppu_public	90	14268568	44	0	0.0	stat_sample	2	A0	20	03	02	00	0.0	1	1	2	0																						
2	ppu_public	90	14268568	44	0	0.0	stat_irq_edge	2	A0	20	03	02	00	0.0	1	1	2	0																						
2	ppu_public	90	14268568	44	2	1.0	mode2_irq_prepare	0	A0	00	03	02	00	1.0	1	0	2	0																						
2	ppu_public	90	14268576	44	0	0.0	stat_sample	2	A2	20	03	02	00	0.0	1	0	2	0																						
2	ppu_public	90	14268574	44	8	4.0	mode2_enter	2	A2	20	03	02	00	4.0	1	0	2	0																						
2	ppu_public	90	14268576	44	0	0.0	stat_sample	3	A2	00	03	02	00	0.0	1	0	2	0																						
2	ppu_public	90	14268742	44	176	88.0	mode3_enter	3	A2	00	03	02	00	88.0	1	0	2	0																						
2	ppu_public	90	14268736	44	84	42.0	stat_sample	3	A3	00	03	02	00	42.0	1	0	2	0																						
2	ppu_public	90	14269086	44	520	260.0	mode0_enter	0	A3	00	03	02	00	260.0	1	0	2	0																						
2	ppu_public	90	14269080	44	257	128.5	stat_sample	0	A0	00	03	02	00	128.5	1	0	2	0																						
2	ppu_public	90	14269480	45	0	0.0	stat_sample	2	A0	20	03	02	00	0.0	1	1	2	0																						
2	ppu_public	90	14269480	45	0	0.0	stat_irq_edge	2	A0	20	03	02	00	0.0	1	1	2	0																						
2	ppu_public	90	14269480	45	2	1.0	mode2_irq_prepare	0	A0	00	03	02	00	1.0	1	0	2	0																						
2	ppu_public	90	14269488	45	0	0.0	stat_sample	2	A2	20	03	02	00	0.0	1	0	2	0																						
2	ppu_public	90	14269486	45	8	4.0	mode2_enter	2	A2	20	03	02	00	4.0	1	0	2	0																						
2	ppu_public	90	14269488	45	0	0.0	stat_sample	3	A2	00	03	02	00	0.0	1	0	2	0																						
2	ppu_public	90	14269654	45	176	88.0	mode3_enter	3	A2	00	03	02	00	88.0	1	0	2	0																						
2	ppu_public	90	14269648	45	84	42.0	stat_sample	3	A3	00	03	02	00	42.0	1	0	2	0																						
2	ppu_public	90	14269998	45	520	260.0	mode0_enter	0	A3	00	03	02	00	260.0	1	0	2	0																						
2	ppu_public	90	14269992	45	257	128.5	stat_sample	0	A0	00	03	02	00	128.5	1	0	2	0																						
2	ppu_public	90	14270400	46	0	0.0	stat_sample	2	A0	20	03	02	00	0.0	1	1	2	0																						
2	ppu_public	90	14270400	46	0	0.0	stat_irq_edge	2	A0	20	03	02	00	0.0	1	1	2	0																						
2	ppu_public	90	14270400	46	2	1.0	mode2_irq_prepare	0	A0	00	03	02	00	1.0	1	0	2	0																						
2	ppu_public	90	14270400	46	0	0.0	stat_sample	2	A2	20	03	02	00	0.0	1	0	2	0																						
2	ppu_public	90	14270406	46	8	4.0	mode2_enter	2	A2	20	03	02	00	4.0	1	0	2	0																						
2	ppu_public	90	14270400	46	0	0.0	stat_sample	3	A2	00	03	02	00	0.0	1	0	2	0																						
2	ppu_public	90	14270574	46	176	88.0	mode3_enter	3	A2	00	03	02	00	88.0	1	0	2	0																						
2	ppu_public	90	14270560	46	84	42.0	stat_sample	3	A3	00	03	02	00	42.0	1	0	2	0																						
2	ppu_public	90	14270918	46	520	260.0	mode0_enter	0	A3	00	03	02	00	260.0	1	0	2	0																						
2	ppu_public	90	14270904	46	257	128.5	stat_sample	0	A0	00	03	02	00	128.5	1	0	2	0																						
2	ppu_public	90	14271304	47	0	0.0	stat_sample	2	A0	20	03	02	00	0.0	1	1	2	0																						
2	ppu_public	90	14271304	47	0	0.0	stat_irq_edge	2	A0	20	03	02	00	0.0	1	1	2	0																						
2	ppu_public	90	14271304	47	2	1.0	mode2_irq_prepare	0	A0	00	03	02	00	1.0	1	0	2	0																						
2	ppu_public	90	14271312	47	0	0.0	stat_sample	2	A2	20	03	02	00	0.0	1	0	2	0																						
2	ppu_public	90	14271310	47	8	4.0	mode2_enter	2	A2	20	03	02	00	4.0	1	0	2	0																						
2	ppu_public	90	14271312	47	0	0.0	stat_sample	3	A2	00	03	02	00	0.0	1	0	2	0																						
2	ppu_public	90	14271478	47	176	88.0	mode3_enter	3	A2	00	03	02	00	88.0	1	0	2	0																						
2	ppu_public	90	14271472	47	84	42.0	stat_sample	3	A3	00	03	02	00	42.0	1	0	2	0																						
2	ppu_public	90	14271822	47	520	260.0	mode0_enter	0	A3	00	03	02	00	260.0	1	0	2	0																						
2	ppu_public	90	14271816	47	257	128.5	stat_sample	0	A0	00	03	02	00	128.5	1	0	2	0																						
2	ppu_public	90	14272216	48	0	0.0	stat_sample	2	A0	20	03	02	00	0.0	1	1	2	0																						
2	ppu_public	90	14272216	48	0	0.0	stat_irq_edge	2	A0	20	03	02	00	0.0	1	1	2	0																						
2	ppu_public	90	14272216	48	2	1.0	mode2_irq_prepare	0	A0	00	03	02	00	1.0	1	0	2	0																						
2	ppu_public	90	14272224	48	0	0.0	stat_sample	2	A2	20	03	02	00	0.0	1	0	2	0																						
2	ppu_public	90	14272222	48	8	4.0	mode2_enter	2	A2	20	03	02	00	4.0	1	0	2	0																						
2	ppu_public	90	14272224	48	0	0.0	stat_sample	3	A2	00	03	02	00	0.0	1	0	2	0																						
2	ppu_public	90	14272390	48	176	88.0	mode3_enter	3	A2	00	03	02	00	88.0	1	0	2	0																						
2	ppu_public	90	14272384	48	84	42.0	stat_sample	3	A3	00	03	02	00	42.0	1	0	2	0																						
2	ppu_public	90	14272734	48	520	260.0	mode0_enter	0	A3	00	03	02	00	260.0	1	0	2	0																						
2	ppu_public	90	14272728	48	257	128.5	stat_sample	0	A0	00	03	02	00	128.5	1	0	2	0																						
2	ppu_public	90	14273128	49	0	0.0	stat_sample	2	A0	20	03	02	00	0.0	1	1	2	0																						
2	ppu_public	90	14273128	49	0	0.0	stat_irq_edge	2	A0	20	03	02	00	0.0	1	1	2	0																						
2	ppu_public	90	14273128	49	2	1.0	mode2_irq_prepare	0	A0	00	03	02	00	1.0	1	0	2	0																						
2	ppu_public	90	14273136	49	0	0.0	stat_sample	2	A2	20	03	02	00	0.0	1	0	2	0																						
2	ppu_public	90	14273134	49	8	4.0	mode2_enter	2	A2	20	03	02	00	4.0	1	0	2	0																						
2	ppu_public	90	14273136	49	0	0.0	stat_sample	3	A2	00	03	02	00	0.0	1	0	2	0																						
2	ppu_public	90	14273302	49	176	88.0	mode3_enter	3	A2	00	03	02	00	88.0	1	0	2	0																						
2	ppu_public	90	14273296	49	84	42.0	stat_sample	3	A3	00	03	02	00	42.0	1	0	2	0																						
2	ppu_public	90	14273646	49	520	260.0	mode0_enter	0	A3	00	03	02	00	260.0	1	0	2	0																						
2	ppu_public	90	14273640	49	257	128.5	stat_sample	0	A0	00	03	02	00	128.5	1	0	2	0																						
2	ppu_public	90	14274040	50	0	0.0	stat_sample	2	A0	20	03	02	00	0.0	1	1	2	0																						
2	ppu_public	90	14274040	50	0	0.0	stat_irq_edge	2	A0	20	03	02	00	0.0	1	1	2	0																						
2	ppu_public	90	14274040	50	2	1.0	mode2_irq_prepare	0	A0	00	03	02	00	1.0	1	0	2	0																						
2	ppu_public	90	14274048	50	0	0.0	stat_sample	2	A2	20	03	02	00	0.0	1	0	2	0																						
2	ppu_public	90	14274046	50	8	4.0	mode2_enter	2	A2	20	03	02	00	4.0	1	0	2	0																						
2	ppu_public	90	14274048	50	0	0.0	stat_sample	3	A2	00	03	02	00	0.0	1	0	2	0																						
2	ppu_public	90	14274214	50	176	88.0	mode3_enter	3	A2	00	03	02	00	88.0	1	0	2	0																						
2	ppu_public	90	14274208	50	84	42.0	stat_sample	3	A3	00	03	02	00	42.0	1	0	2	0																						
2	ppu_public	90	14274558	50	520	260.0	mode0_enter	0	A3	00	03	02	00	260.0	1	0	2	0																						
2	ppu_public	90	14274560	50	257	128.5	stat_sample	0	A0	00	03	02	00	128.5	1	0	2	0																						
2	ppu_public	90	14274952	51	0	0.0	stat_sample	2	A0	20	03	02	00	0.0	1	1	2	0																						
2	ppu_public	90	14274952	51	0	0.0	stat_irq_edge	2	A0	20	03	02	00	0.0	1	1	2	0																						
2	ppu_public	90	14274952	51	2	1.0	mode2_irq_prepare	0	A0	00	03	02	00	1.0	1	0	2	0																						
2	ppu_public	90	14274960	51	0	0.0	stat_sample	2	A2	20	03	02	00	0.0	1	0	2	0																						
2	ppu_public	90	14274958	51	8	4.0	mode2_enter	2	A2	20	03	02	00	4.0	1	0	2	0																						
2	ppu_public	90	14274960	51	0	0.0	stat_sample	3	A2	00	03	02	00	0.0	1	0	2	0																						
2	ppu_public	90	14275126	51	176	88.0	mode3_enter	3	A2	00	03	02	00	88.0	1	0	2	0																						
2	ppu_public	90	14275120	51	84	42.0	stat_sample	3	A3	00	03	02	00	42.0	1	0	2	0																						
2	ppu_public	90	14275470	51	520	260.0	mode0_enter	0	A3	00	03	02	00	260.0	1	0	2	0																						
2	ppu_public	90	14275464	51	257	128.5	stat_sample	0	A0	00	03	02	00	128.5	1	0	2	0																						
2	ppu_public	90	14275864	52	0	0.0	stat_sample	2	A0	20	03	02	00	0.0	1	1	2	0																						
2	ppu_public	90	14275864	52	0	0.0	stat_irq_edge	2	A0	20	03	02	00	0.0	1	1	2	0																						
2	ppu_public	90	14275864	52	2	1.0	mode2_irq_prepare	0	A0	00	03	02	00	1.0	1	0	2	0																						
2	ppu_public	90	14275872	52	0	0.0	stat_sample	2	A2	20	03	02	00	0.0	1	0	2	0																						
2	ppu_public	90	14275870	52	8	4.0	mode2_enter	2	A2	20	03	02	00	4.0	1	0	2	0																						
2	ppu_public	90	14275872	52	0	0.0	stat_sample	3	A2	00	03	02	00	0.0	1	0	2	0																						
2	ppu_public	90	14276038	52	176	88.0	mode3_enter	3	A2	00	03	02	00	88.0	1	0	2	0																						
2	ppu_public	90	14276032	52	84	42.0	stat_sample	3	A3	00	03	02	00	42.0	1	0	2	0																						
2	ppu_public	90	14276382	52	520	260.0	mode0_enter	0	A3	00	03	02	00	260.0	1	0	2	0																						
2	ppu_public	90	14276376	52	257	128.5	stat_sample	0	A0	00	03	02	00	128.5	1	0	2	0																						
2	ppu_public	90	14276776	53	0	0.0	stat_sample	2	A0	20	03	02	00	0.0	1	1	2	0																						
2	ppu_public	90	14276776	53	0	0.0	stat_irq_edge	2	A0	20	03	02	00	0.0	1	1	2	0																						
2	ppu_public	90	14276776	53	2	1.0	mode2_irq_prepare	0	A0	00	03	02	00	1.0	1	0	2	0																						
2	ppu_public	90	14276784	53	0	0.0	stat_sample	2	A2	20	03	02	00	0.0	1	0	2	0																						
2	ppu_public	90	14276782	53	8	4.0	mode2_enter	2	A2	20	03	02	00	4.0	1	0	2	0																						
2	ppu_public	90	14276784	53	0	0.0	stat_sample	3	A2	00	03	02	00	0.0	1	0	2	0																						
2	ppu_public	90	14276950	53	176	88.0	mode3_enter	3	A2	00	03	02	00	88.0	1	0	2	0																						
2	ppu_public	90	14276952	53	84	42.0	stat_sample	3	A3	00	03	02	00	42.0	1	0	2	0																						
2	ppu_public	90	14277294	53	520	260.0	mode0_enter	0	A3	00	03	02	00	260.0	1	0	2	0																						
2	ppu_public	90	14277288	53	257	128.5	stat_sample	0	A0	00	03	02	00	128.5	1	0	2	0																						
2	ppu_public	90	14277688	54	0	0.0	stat_sample	2	A0	20	03	02	00	0.0	1	1	2	0																						
2	ppu_public	90	14277688	54	0	0.0	stat_irq_edge	2	A0	20	03	02	00	0.0	1	1	2	0																						
2	ppu_public	90	14277688	54	2	1.0	mode2_irq_prepare	0	A0	00	03	02	00	1.0	1	0	2	0																						
2	ppu_public	90	14277696	54	0	0.0	stat_sample	2	A2	20	03	02	00	0.0	1	0	2	0																						
2	ppu_public	90	14277694	54	8	4.0	mode2_enter	2	A2	20	03	02	00	4.0	1	0	2	0																						
2	ppu_public	90	14277696	54	0	0.0	stat_sample	3	A2	00	03	02	00	0.0	1	0	2	0																						
2	ppu_public	90	14277862	54	176	88.0	mode3_enter	3	A2	00	03	02	00	88.0	1	0	2	0																						
2	ppu_public	90	14277856	54	84	42.0	stat_sample	3	A3	00	03	02	00	42.0	1	0	2	0																						
2	ppu_public	90	14278206	54	520	260.0	mode0_enter	0	A3	00	03	02	00	260.0	1	0	2	0																						
2	ppu_public	90	14278200	54	257	128.5	stat_sample	0	A0	00	03	02	00	128.5	1	0	2	0																						
2	ppu_public	90	14278600	55	0	0.0	stat_sample	2	A0	20	03	02	00	0.0	1	1	2	0																						
2	ppu_public	90	14278600	55	0	0.0	stat_irq_edge	2	A0	20	03	02	00	0.0	1	1	2	0																						
2	ppu_public	90	14278600	55	2	1.0	mode2_irq_prepare	0	A0	00	03	02	00	1.0	1	0	2	0																						
2	ppu_public	90	14278616	55	0	0.0	stat_sample	2	A2	20	03	02	00	0.0	1	0	2	0																						
2	ppu_public	90	14278606	55	8	4.0	mode2_enter	2	A2	20	03	02	00	4.0	1	0	2	0																						
2	ppu_public	90	14278616	55	0	0.0	stat_sample	3	A2	00	03	02	00	0.0	1	0	2	0																						
2	ppu_public	90	14278774	55	176	88.0	mode3_enter	3	A2	00	03	02	00	88.0	1	0	2	0																						
2	ppu_public	90	14278768	55	84	42.0	stat_sample	3	A3	00	03	02	00	42.0	1	0	2	0																						
2	ppu_public	90	14279118	55	520	260.0	mode0_enter	0	A3	00	03	02	00	260.0	1	0	2	0																						
2	ppu_public	90	14279112	55	257	128.5	stat_sample	0	A0	00	03	02	00	128.5	1	0	2	0																						
2	ppu_public	90	14279512	56	0	0.0	stat_sample	2	A0	20	03	02	00	0.0	1	1	2	0																						
2	ppu_public	90	14279512	56	0	0.0	stat_irq_edge	2	A0	20	03	02	00	0.0	1	1	2	0																						
2	ppu_public	90	14279512	56	2	1.0	mode2_irq_prepare	0	A0	00	03	02	00	1.0	1	0	2	0																						
2	ppu_public	90	14279520	56	0	0.0	stat_sample	2	A2	20	03	02	00	0.0	1	0	2	0																						
2	ppu_public	90	14279518	56	8	4.0	mode2_enter	2	A2	20	03	02	00	4.0	1	0	2	0																						
2	ppu_public	90	14279520	56	0	0.0	stat_sample	3	A2	00	03	02	00	0.0	1	0	2	0																						
2	ppu_public	90	14279686	56	176	88.0	mode3_enter	3	A2	00	03	02	00	88.0	1	0	2	0																						
2	ppu_public	90	14279680	56	84	42.0	stat_sample	3	A3	00	03	02	00	42.0	1	0	2	0																						
2	ppu_public	90	14280030	56	520	260.0	mode0_enter	0	A3	00	03	02	00	260.0	1	0	2	0																						
2	ppu_public	90	14280024	56	257	128.5	stat_sample	0	A0	00	03	02	00	128.5	1	0	2	0																						
2	ppu_public	90	14280424	57	0	0.0	stat_sample	2	A0	20	03	02	00	0.0	1	1	2	0																						
2	ppu_public	90	14280424	57	0	0.0	stat_irq_edge	2	A0	20	03	02	00	0.0	1	1	2	0																						
2	ppu_public	90	14280424	57	2	1.0	mode2_irq_prepare	0	A0	00	03	02	00	1.0	1	0	2	0																						
2	ppu_public	90	14280432	57	0	0.0	stat_sample	2	A2	20	03	02	00	0.0	1	0	2	0																						
2	ppu_public	90	14280430	57	8	4.0	mode2_enter	2	A2	20	03	02	00	4.0	1	0	2	0																						
2	ppu_public	90	14280432	57	0	0.0	stat_sample	3	A2	00	03	02	00	0.0	1	0	2	0																						
2	ppu_public	90	14280598	57	176	88.0	mode3_enter	3	A2	00	03	02	00	88.0	1	0	2	0																						
2	ppu_public	90	14280592	57	84	42.0	stat_sample	3	A3	00	03	02	00	42.0	1	0	2	0																						
2	ppu_public	90	14280942	57	520	260.0	mode0_enter	0	A3	00	03	02	00	260.0	1	0	2	0																						
2	ppu_public	90	14280936	57	257	128.5	stat_sample	0	A0	00	03	02	00	128.5	1	0	2	0																						
2	ppu_public	90	14281336	58	0	0.0	stat_sample	2	A0	20	03	02	00	0.0	1	1	2	0																						
2	ppu_public	90	14281336	58	0	0.0	stat_irq_edge	2	A0	20	03	02	00	0.0	1	1	2	0																						
2	ppu_public	90	14281336	58	2	1.0	mode2_irq_prepare	0	A0	00	03	02	00	1.0	1	0	2	0																						
2	ppu_public	90	14281344	58	0	0.0	stat_sample	2	A2	20	03	02	00	0.0	1	0	2	0																						
2	ppu_public	90	14281342	58	8	4.0	mode2_enter	2	A2	20	03	02	00	4.0	1	0	2	0																						
2	ppu_public	90	14281344	58	0	0.0	stat_sample	3	A2	00	03	02	00	0.0	1	0	2	0																						
2	ppu_public	90	14281510	58	176	88.0	mode3_enter	3	A2	00	03	02	00	88.0	1	0	2	0																						
2	ppu_public	90	14281504	58	84	42.0	stat_sample	3	A3	00	03	02	00	42.0	1	0	2	0																						
2	ppu_public	90	14281854	58	520	260.0	mode0_enter	0	A3	00	03	02	00	260.0	1	0	2	0																						
2	ppu_public	90	14281848	58	257	128.5	stat_sample	0	A0	00	03	02	00	128.5	1	0	2	0																						
2	ppu_public	90	14282256	59	0	0.0	stat_sample	2	A0	20	03	02	00	0.0	1	1	2	0																						
2	ppu_public	90	14282256	59	0	0.0	stat_irq_edge	2	A0	20	03	02	00	0.0	1	1	2	0																						
2	ppu_public	90	14282256	59	2	1.0	mode2_irq_prepare	0	A0	00	03	02	00	1.0	1	0	2	0																						
2	ppu_public	90	14282256	59	0	0.0	stat_sample	2	A2	20	03	02	00	0.0	1	0	2	0																						
2	ppu_public	90	14282262	59	8	4.0	mode2_enter	2	A2	20	03	02	00	4.0	1	0	2	0																						
2	ppu_public	90	14282256	59	0	0.0	stat_sample	3	A2	00	03	02	00	0.0	1	0	2	0																						
2	ppu_public	90	14282430	59	176	88.0	mode3_enter	3	A2	00	03	02	00	88.0	1	0	2	0																						
2	ppu_public	90	14282416	59	84	42.0	stat_sample	3	A3	00	03	02	00	42.0	1	0	2	0																						
2	ppu_public	90	14282774	59	520	260.0	mode0_enter	0	A3	00	03	02	00	260.0	1	0	2	0																						
2	ppu_public	90	14282760	59	257	128.5	stat_sample	0	A0	00	03	02	00	128.5	1	0	2	0																						
2	ppu_public	90	14283160	60	0	0.0	stat_sample	2	A0	20	03	02	00	0.0	1	1	2	0																						
2	ppu_public	90	14283160	60	0	0.0	stat_irq_edge	2	A0	20	03	02	00	0.0	1	1	2	0																						
2	ppu_public	90	14283160	60	2	1.0	mode2_irq_prepare	0	A0	00	03	02	00	1.0	1	0	2	0																						
2	ppu_public	90	14283168	60	0	0.0	stat_sample	2	A2	20	03	02	00	0.0	1	0	2	0																						
2	ppu_public	90	14283166	60	8	4.0	mode2_enter	2	A2	20	03	02	00	4.0	1	0	2	0																						
2	ppu_public	90	14283168	60	0	0.0	stat_sample	3	A2	00	03	02	00	0.0	1	0	2	0																						
2	ppu_public	90	14283334	60	176	88.0	mode3_enter	3	A2	00	03	02	00	88.0	1	0	2	0																						
2	ppu_public	90	14283328	60	84	42.0	stat_sample	3	A3	00	03	02	00	42.0	1	0	2	0																						
2	ppu_public	90	14283678	60	520	260.0	mode0_enter	0	A3	00	03	02	00	260.0	1	0	2	0																						
2	ppu_public	90	14283672	60	257	128.5	stat_sample	0	A0	00	03	02	00	128.5	1	0	2	0																						
2	ppu_public	90	14284072	61	0	0.0	stat_sample	2	A0	20	03	02	00	0.0	1	1	2	0																						
2	ppu_public	90	14284072	61	0	0.0	stat_irq_edge	2	A0	20	03	02	00	0.0	1	1	2	0																						
2	ppu_public	90	14284072	61	2	1.0	mode2_irq_prepare	0	A0	00	03	02	00	1.0	1	0	2	0																						
2	ppu_public	90	14284080	61	0	0.0	stat_sample	2	A2	20	03	02	00	0.0	1	0	2	0																						
2	ppu_public	90	14284078	61	8	4.0	mode2_enter	2	A2	20	03	02	00	4.0	1	0	2	0																						
2	ppu_public	90	14284080	61	0	0.0	stat_sample	3	A2	00	03	02	00	0.0	1	0	2	0																						
2	ppu_public	90	14284246	61	176	88.0	mode3_enter	3	A2	00	03	02	00	88.0	1	0	2	0																						
2	ppu_public	90	14284240	61	84	42.0	stat_sample	3	A3	00	03	02	00	42.0	1	0	2	0																						
2	ppu_public	90	14284590	61	520	260.0	mode0_enter	0	A3	00	03	02	00	260.0	1	0	2	0																						
2	ppu_public	90	14284584	61	257	128.5	stat_sample	0	A0	00	03	02	00	128.5	1	0	2	0																						
2	ppu_public	90	14284984	62	0	0.0	stat_sample	2	A0	20	03	02	00	0.0	1	1	2	0																						
2	ppu_public	90	14284984	62	0	0.0	stat_irq_edge	2	A0	20	03	02	00	0.0	1	1	2	0																						
2	ppu_public	90	14284984	62	2	1.0	mode2_irq_prepare	0	A0	00	03	02	00	1.0	1	0	2	0																						
2	ppu_public	90	14284992	62	0	0.0	stat_sample	2	A2	20	03	02	00	0.0	1	0	2	0																						
2	ppu_public	90	14284990	62	8	4.0	mode2_enter	2	A2	20	03	02	00	4.0	1	0	2	0																						
2	ppu_public	90	14284992	62	0	0.0	stat_sample	3	A2	00	03	02	00	0.0	1	0	2	0																						
2	ppu_public	90	14285158	62	176	88.0	mode3_enter	3	A2	00	03	02	00	88.0	1	0	2	0																						
2	ppu_public	90	14285152	62	84	42.0	stat_sample	3	A3	00	03	02	00	42.0	1	0	2	0																						
2	ppu_public	90	14285502	62	520	260.0	mode0_enter	0	A3	00	03	02	00	260.0	1	0	2	0																						
2	ppu_public	90	14285496	62	257	128.5	stat_sample	0	A0	00	03	02	00	128.5	1	0	2	0																						
2	ppu_public	90	14285896	63	0	0.0	stat_sample	2	A0	20	03	02	00	0.0	1	1	2	0																						
2	ppu_public	90	14285896	63	0	0.0	stat_irq_edge	2	A0	20	03	02	00	0.0	1	1	2	0																						
2	ppu_public	90	14285896	63	2	1.0	mode2_irq_prepare	0	A0	00	03	02	00	1.0	1	0	2	0																						
2	ppu_public	90	14285904	63	0	0.0	stat_sample	2	A2	20	03	02	00	0.0	1	0	2	0																						
2	ppu_public	90	14285902	63	8	4.0	mode2_enter	2	A2	20	03	02	00	4.0	1	0	2	0																						
2	ppu_public	90	14285904	63	0	0.0	stat_sample	3	A2	00	03	02	00	0.0	1	0	2	0																						
2	ppu_public	90	14286070	63	176	88.0	mode3_enter	3	A2	00	03	02	00	88.0	1	0	2	0																						
2	ppu_public	90	14286064	63	84	42.0	stat_sample	3	A3	00	03	02	00	42.0	1	0	2	0																						
2	ppu_public	90	14286414	63	520	260.0	mode0_enter	0	A3	00	03	02	00	260.0	1	0	2	0																						
2	ppu_public	90	14286416	63	257	128.5	stat_sample	0	A0	00	03	02	00	128.5	1	0	2	0																						
2	ppu_public	90	14286808	64	0	0.0	stat_sample	2	A0	20	03	02	00	0.0	1	1	2	0																						
2	ppu_public	90	14286808	64	0	0.0	stat_irq_edge	2	A0	20	03	02	00	0.0	1	1	2	0																						
2	ppu_public	90	14286808	64	2	1.0	mode2_irq_prepare	0	A0	00	03	02	00	1.0	1	0	2	0																						
2	ppu_public	90	14286816	64	0	0.0	stat_sample	2	A2	20	03	02	00	0.0	1	0	2	0																						
2	ppu_public	90	14286814	64	8	4.0	mode2_enter	2	A2	20	03	02	00	4.0	1	0	2	0																						
2	ppu_public	90	14286816	64	0	0.0	stat_sample	3	A2	00	03	02	00	0.0	1	0	2	0																						
2	ppu_public	90	14286982	64	176	88.0	mode3_enter	3	A2	00	03	02	00	88.0	1	0	2	0																						
2	ppu_public	90	14286976	64	84	42.0	stat_sample	3	A3	00	03	02	00	42.0	1	0	2	0																						
2	ppu_public	90	14287326	64	520	260.0	mode0_enter	0	A3	00	03	02	00	260.0	1	0	2	0																						
2	ppu_public	90	14287320	64	257	128.5	stat_sample	0	A0	00	03	02	00	128.5	1	0	2	0																						
2	ppu_public	90	14287720	65	0	0.0	stat_sample	2	A0	20	03	02	00	0.0	1	1	2	0																						
2	ppu_public	90	14287720	65	0	0.0	stat_irq_edge	2	A0	20	03	02	00	0.0	1	1	2	0																						
2	ppu_public	90	14287720	65	2	1.0	mode2_irq_prepare	0	A0	00	03	02	00	1.0	1	0	2	0																						
2	ppu_public	90	14287728	65	0	0.0	stat_sample	2	A2	20	03	02	00	0.0	1	0	2	0																						
2	ppu_public	90	14287726	65	8	4.0	mode2_enter	2	A2	20	03	02	00	4.0	1	0	2	0																						
2	ppu_public	90	14287728	65	0	0.0	stat_sample	3	A2	00	03	02	00	0.0	1	0	2	0																						
2	ppu_public	90	14287894	65	176	88.0	mode3_enter	3	A2	00	03	02	00	88.0	1	0	2	0																						
2	ppu_public	90	14287888	65	84	42.0	stat_sample	3	A3	00	03	02	00	42.0	1	0	2	0																						
2	ppu_public	90	14288238	65	520	260.0	mode0_enter	0	A3	00	03	02	00	260.0	1	0	2	0																						
2	ppu_public	90	14288232	65	257	128.5	stat_sample	0	A0	00	03	02	00	128.5	1	0	2	0																						
2	ppu_public	90	14288632	66	0	0.0	stat_sample	2	A0	20	03	02	00	0.0	1	1	2	0																						
2	ppu_public	90	14288632	66	0	0.0	stat_irq_edge	2	A0	20	03	02	00	0.0	1	1	2	0																						
2	ppu_public	90	14288632	66	2	1.0	mode2_irq_prepare	0	A0	00	03	02	00	1.0	1	0	2	0																						
2	ppu_public	90	14288640	66	0	0.0	stat_sample	2	A2	20	03	02	00	0.0	1	0	2	0																						
2	ppu_public	90	14288638	66	8	4.0	mode2_enter	2	A2	20	03	02	00	4.0	1	0	2	0																						
2	ppu_public	90	14288640	66	0	0.0	stat_sample	3	A2	00	03	02	00	0.0	1	0	2	0																						
2	ppu_public	90	14288806	66	176	88.0	mode3_enter	3	A2	00	03	02	00	88.0	1	0	2	0																						
2	ppu_public	90	14288808	66	84	42.0	stat_sample	3	A3	00	03	02	00	42.0	1	0	2	0																						
2	ppu_public	90	14289150	66	520	260.0	mode0_enter	0	A3	00	03	02	00	260.0	1	0	2	0																						
2	ppu_public	90	14289144	66	257	128.5	stat_sample	0	A0	00	03	02	00	128.5	1	0	2	0																						
2	ppu_public	90	14289544	67	0	0.0	stat_sample	2	A0	20	03	02	00	0.0	1	1	2	0																						
2	ppu_public	90	14289544	67	0	0.0	stat_irq_edge	2	A0	20	03	02	00	0.0	1	1	2	0																						
2	ppu_public	90	14289544	67	2	1.0	mode2_irq_prepare	0	A0	00	03	02	00	1.0	1	0	2	0																						
2	ppu_public	90	14289552	67	0	0.0	stat_sample	2	A2	20	03	02	00	0.0	1	0	2	0																						
2	ppu_public	90	14289550	67	8	4.0	mode2_enter	2	A2	20	03	02	00	4.0	1	0	2	0																						
2	ppu_public	90	14289552	67	0	0.0	stat_sample	3	A2	00	03	02	00	0.0	1	0	2	0																						
2	ppu_public	90	14289718	67	176	88.0	mode3_enter	3	A2	00	03	02	00	88.0	1	0	2	0																						
2	ppu_public	90	14289712	67	84	42.0	stat_sample	3	A3	00	03	02	00	42.0	1	0	2	0																						
2	ppu_public	90	14290062	67	520	260.0	mode0_enter	0	A3	00	03	02	00	260.0	1	0	2	0																						
2	ppu_public	90	14290056	67	257	128.5	stat_sample	0	A0	00	03	02	00	128.5	1	0	2	0																						
2	ppu_public	90	14290456	68	0	0.0	stat_sample	2	A0	20	03	02	00	0.0	1	1	2	0																						
2	ppu_public	90	14290456	68	0	0.0	stat_irq_edge	2	A0	20	03	02	00	0.0	1	1	2	0																						
2	ppu_public	90	14290456	68	2	1.0	mode2_irq_prepare	0	A0	00	03	02	00	1.0	1	0	2	0																						
2	ppu_public	90	14290472	68	0	0.0	stat_sample	2	A2	20	03	02	00	0.0	1	0	2	0																						
2	ppu_public	90	14290462	68	8	4.0	mode2_enter	2	A2	20	03	02	00	4.0	1	0	2	0																						
2	ppu_public	90	14290472	68	0	0.0	stat_sample	3	A2	00	03	02	00	0.0	1	0	2	0																						
2	ppu_public	90	14290630	68	176	88.0	mode3_enter	3	A2	00	03	02	00	88.0	1	0	2	0																						
2	ppu_public	90	14290624	68	84	42.0	stat_sample	3	A3	00	03	02	00	42.0	1	0	2	0																						
2	ppu_public	90	14290974	68	520	260.0	mode0_enter	0	A3	00	03	02	00	260.0	1	0	2	0																						
2	ppu_public	90	14290968	68	257	128.5	stat_sample	0	A0	00	03	02	00	128.5	1	0	2	0																						
2	ppu_public	90	14291368	69	0	0.0	stat_sample	2	A0	20	03	02	00	0.0	1	1	2	0																						
2	ppu_public	90	14291368	69	0	0.0	stat_irq_edge	2	A0	20	03	02	00	0.0	1	1	2	0																						
2	ppu_public	90	14291368	69	2	1.0	mode2_irq_prepare	0	A0	00	03	02	00	1.0	1	0	2	0																						
2	ppu_public	90	14291376	69	0	0.0	stat_sample	2	A2	20	03	02	00	0.0	1	0	2	0																						
2	ppu_public	90	14291374	69	8	4.0	mode2_enter	2	A2	20	03	02	00	4.0	1	0	2	0																						
2	ppu_public	90	14291376	69	0	0.0	stat_sample	3	A2	00	03	02	00	0.0	1	0	2	0																						
2	ppu_public	90	14291542	69	176	88.0	mode3_enter	3	A2	00	03	02	00	88.0	1	0	2	0																						
2	ppu_public	90	14291536	69	84	42.0	stat_sample	3	A3	00	03	02	00	42.0	1	0	2	0																						
2	ppu_public	90	14291886	69	520	260.0	mode0_enter	0	A3	00	03	02	00	260.0	1	0	2	0																						
2	ppu_public	90	14291880	69	257	128.5	stat_sample	0	A0	00	03	02	00	128.5	1	0	2	0																						
2	ppu_public	90	14292280	70	0	0.0	stat_sample	2	A0	20	03	02	00	0.0	1	1	2	0																						
2	ppu_public	90	14292280	70	0	0.0	stat_irq_edge	2	A0	20	03	02	00	0.0	1	1	2	0																						
2	ppu_public	90	14292280	70	2	1.0	mode2_irq_prepare	0	A0	00	03	02	00	1.0	1	0	2	0																						
2	ppu_public	90	14292288	70	0	0.0	stat_sample	2	A2	20	03	02	00	0.0	1	0	2	0																						
2	ppu_public	90	14292286	70	8	4.0	mode2_enter	2	A2	20	03	02	00	4.0	1	0	2	0																						
2	ppu_public	90	14292288	70	0	0.0	stat_sample	3	A2	00	03	02	00	0.0	1	0	2	0																						
2	ppu_public	90	14292454	70	176	88.0	mode3_enter	3	A2	00	03	02	00	88.0	1	0	2	0																						
2	ppu_public	90	14292448	70	84	42.0	stat_sample	3	A3	00	03	02	00	42.0	1	0	2	0																						
2	ppu_public	90	14292798	70	520	260.0	mode0_enter	0	A3	00	03	02	00	260.0	1	0	2	0																						
2	ppu_public	90	14292792	70	257	128.5	stat_sample	0	A0	00	03	02	00	128.5	1	0	2	0																						
2	ppu_public	90	14293192	71	0	0.0	stat_sample	2	A0	20	03	02	00	0.0	1	1	2	0																						
2	ppu_public	90	14293192	71	0	0.0	stat_irq_edge	2	A0	20	03	02	00	0.0	1	1	2	0																						
2	ppu_public	90	14293192	71	2	1.0	mode2_irq_prepare	0	A0	00	03	02	00	1.0	1	0	2	0																						
2	ppu_public	90	14293200	71	0	0.0	stat_sample	2	A2	20	03	02	00	0.0	1	0	2	0																						
2	ppu_public	90	14293198	71	8	4.0	mode2_enter	2	A2	20	03	02	00	4.0	1	0	2	0																						
2	ppu_public	90	14293200	71	0	0.0	stat_sample	3	A2	00	03	02	00	0.0	1	0	2	0																						
2	ppu_public	90	14293366	71	176	88.0	mode3_enter	3	A2	00	03	02	00	88.0	1	0	2	0																						
2	ppu_public	90	14293360	71	84	42.0	stat_sample	3	A3	00	03	02	00	42.0	1	0	2	0																						
2	ppu_public	90	14293710	71	520	260.0	mode0_enter	0	A3	00	03	02	00	260.0	1	0	2	0																						
2	ppu_public	90	14293704	71	257	128.5	stat_sample	0	A0	00	03	02	00	128.5	1	0	2	0																						
2	ppu_public	90	14294112	72	0	0.0	stat_sample	2	A0	20	03	02	00	0.0	1	1	2	0																						
2	ppu_public	90	14294112	72	0	0.0	stat_irq_edge	2	A0	20	03	02	00	0.0	1	1	2	0																						
2	ppu_public	90	14294112	72	2	1.0	mode2_irq_prepare	0	A0	00	03	02	00	1.0	1	0	2	0																						
2	ppu_public	90	14294112	72	0	0.0	stat_sample	2	A2	20	03	02	00	0.0	1	0	2	0																						
2	ppu_public	90	14294118	72	8	4.0	mode2_enter	2	A2	20	03	02	00	4.0	1	0	2	0																						
2	ppu_public	90	14294112	72	0	0.0	stat_sample	3	A2	00	03	02	00	0.0	1	0	2	0																						
2	ppu_public	90	14294286	72	176	88.0	mode3_enter	3	A2	00	03	02	00	88.0	1	0	2	0																						
2	ppu_public	90	14294272	72	84	42.0	stat_sample	3	A3	00	03	02	00	42.0	1	0	2	0																						
2	ppu_public	90	14294630	72	520	260.0	mode0_enter	0	A3	00	03	02	00	260.0	1	0	2	0																						
2	ppu_public	90	14294616	72	257	128.5	stat_sample	0	A0	00	03	02	00	128.5	1	0	2	0																						
2	ppu_public	90	14295016	73	0	0.0	stat_sample	2	A0	20	03	02	00	0.0	1	1	2	0																						
2	ppu_public	90	14295016	73	0	0.0	stat_irq_edge	2	A0	20	03	02	00	0.0	1	1	2	0																						
2	ppu_public	90	14295016	73	2	1.0	mode2_irq_prepare	0	A0	00	03	02	00	1.0	1	0	2	0																						
2	ppu_public	90	14295024	73	0	0.0	stat_sample	2	A2	20	03	02	00	0.0	1	0	2	0																						
2	ppu_public	90	14295022	73	8	4.0	mode2_enter	2	A2	20	03	02	00	4.0	1	0	2	0																						
2	ppu_public	90	14295024	73	0	0.0	stat_sample	3	A2	00	03	02	00	0.0	1	0	2	0																						
2	ppu_public	90	14295190	73	176	88.0	mode3_enter	3	A2	00	03	02	00	88.0	1	0	2	0																						
2	ppu_public	90	14295184	73	84	42.0	stat_sample	3	A3	00	03	02	00	42.0	1	0	2	0																						
2	ppu_public	90	14295534	73	520	260.0	mode0_enter	0	A3	00	03	02	00	260.0	1	0	2	0																						
2	ppu_public	90	14295528	73	257	128.5	stat_sample	0	A0	00	03	02	00	128.5	1	0	2	0																						
2	ppu_public	90	14295928	74	0	0.0	stat_sample	2	A0	20	03	02	00	0.0	1	1	2	0																						
2	ppu_public	90	14295928	74	0	0.0	stat_irq_edge	2	A0	20	03	02	00	0.0	1	1	2	0																						
2	ppu_public	90	14295928	74	2	1.0	mode2_irq_prepare	0	A0	00	03	02	00	1.0	1	0	2	0																						
2	ppu_public	90	14295936	74	0	0.0	stat_sample	2	A2	20	03	02	00	0.0	1	0	2	0																						
2	ppu_public	90	14295934	74	8	4.0	mode2_enter	2	A2	20	03	02	00	4.0	1	0	2	0																						
2	ppu_public	90	14295936	74	0	0.0	stat_sample	3	A2	00	03	02	00	0.0	1	0	2	0																						
2	ppu_public	90	14296102	74	176	88.0	mode3_enter	3	A2	00	03	02	00	88.0	1	0	2	0																						
2	ppu_public	90	14296096	74	84	42.0	stat_sample	3	A3	00	03	02	00	42.0	1	0	2	0																						
2	ppu_public	90	14296446	74	520	260.0	mode0_enter	0	A3	00	03	02	00	260.0	1	0	2	0																						
2	ppu_public	90	14296440	74	257	128.5	stat_sample	0	A0	00	03	02	00	128.5	1	0	2	0																						
2	ppu_public	90	14296840	75	0	0.0	stat_sample	2	A0	20	03	02	00	0.0	1	1	2	0																						
2	ppu_public	90	14296840	75	0	0.0	stat_irq_edge	2	A0	20	03	02	00	0.0	1	1	2	0																						
2	ppu_public	90	14296840	75	2	1.0	mode2_irq_prepare	0	A0	00	03	02	00	1.0	1	0	2	0																						
2	ppu_public	90	14296848	75	0	0.0	stat_sample	2	A2	20	03	02	00	0.0	1	0	2	0																						
2	ppu_public	90	14296846	75	8	4.0	mode2_enter	2	A2	20	03	02	00	4.0	1	0	2	0																						
2	ppu_public	90	14296848	75	0	0.0	stat_sample	3	A2	00	03	02	00	0.0	1	0	2	0																						
2	ppu_public	90	14297014	75	176	88.0	mode3_enter	3	A2	00	03	02	00	88.0	1	0	2	0																						
2	ppu_public	90	14297008	75	84	42.0	stat_sample	3	A3	00	03	02	00	42.0	1	0	2	0																						
2	ppu_public	90	14297358	75	520	260.0	mode0_enter	0	A3	00	03	02	00	260.0	1	0	2	0																						
2	ppu_public	90	14297352	75	257	128.5	stat_sample	0	A0	00	03	02	00	128.5	1	0	2	0																						
2	ppu_public	90	14297752	76	0	0.0	stat_sample	2	A0	20	03	02	00	0.0	1	1	2	0																						
2	ppu_public	90	14297752	76	0	0.0	stat_irq_edge	2	A0	20	03	02	00	0.0	1	1	2	0																						
2	ppu_public	90	14297752	76	2	1.0	mode2_irq_prepare	0	A0	00	03	02	00	1.0	1	0	2	0																						
2	ppu_public	90	14297760	76	0	0.0	stat_sample	2	A2	20	03	02	00	0.0	1	0	2	0																						
2	ppu_public	90	14297758	76	8	4.0	mode2_enter	2	A2	20	03	02	00	4.0	1	0	2	0																						
2	ppu_public	90	14297760	76	0	0.0	stat_sample	3	A2	00	03	02	00	0.0	1	0	2	0																						
2	ppu_public	90	14297926	76	176	88.0	mode3_enter	3	A2	00	03	02	00	88.0	1	0	2	0																						
2	ppu_public	90	14297920	76	84	42.0	stat_sample	3	A3	00	03	02	00	42.0	1	0	2	0																						
2	ppu_public	90	14298270	76	520	260.0	mode0_enter	0	A3	00	03	02	00	260.0	1	0	2	0																						
2	ppu_public	90	14298272	76	257	128.5	stat_sample	0	A0	00	03	02	00	128.5	1	0	2	0																						
2	ppu_public	90	14298664	77	0	0.0	stat_sample	2	A0	20	03	02	00	0.0	1	1	2	0																						
2	ppu_public	90	14298664	77	0	0.0	stat_irq_edge	2	A0	20	03	02	00	0.0	1	1	2	0																						
2	ppu_public	90	14298664	77	2	1.0	mode2_irq_prepare	0	A0	00	03	02	00	1.0	1	0	2	0																						
2	ppu_public	90	14298672	77	0	0.0	stat_sample	2	A2	20	03	02	00	0.0	1	0	2	0																						
2	ppu_public	90	14298670	77	8	4.0	mode2_enter	2	A2	20	03	02	00	4.0	1	0	2	0																						
2	ppu_public	90	14298672	77	0	0.0	stat_sample	3	A2	00	03	02	00	0.0	1	0	2	0																						
2	ppu_public	90	14298838	77	176	88.0	mode3_enter	3	A2	00	03	02	00	88.0	1	0	2	0																						
2	ppu_public	90	14298832	77	84	42.0	stat_sample	3	A3	00	03	02	00	42.0	1	0	2	0																						
2	ppu_public	90	14299182	77	520	260.0	mode0_enter	0	A3	00	03	02	00	260.0	1	0	2	0																						
2	ppu_public	90	14299176	77	257	128.5	stat_sample	0	A0	00	03	02	00	128.5	1	0	2	0																						
2	ppu_public	90	14299576	78	0	0.0	stat_sample	2	A0	20	03	02	00	0.0	1	1	2	0																						
2	ppu_public	90	14299576	78	0	0.0	stat_irq_edge	2	A0	20	03	02	00	0.0	1	1	2	0																						
2	ppu_public	90	14299576	78	2	1.0	mode2_irq_prepare	0	A0	00	03	02	00	1.0	1	0	2	0																						
2	ppu_public	90	14299584	78	0	0.0	stat_sample	2	A2	20	03	02	00	0.0	1	0	2	0																						
2	ppu_public	90	14299582	78	8	4.0	mode2_enter	2	A2	20	03	02	00	4.0	1	0	2	0																						
2	ppu_public	90	14299584	78	0	0.0	stat_sample	3	A2	00	03	02	00	0.0	1	0	2	0																						
2	ppu_public	90	14299750	78	176	88.0	mode3_enter	3	A2	00	03	02	00	88.0	1	0	2	0																						
2	ppu_public	90	14299744	78	84	42.0	stat_sample	3	A3	00	03	02	00	42.0	1	0	2	0																						
2	ppu_public	90	14300094	78	520	260.0	mode0_enter	0	A3	00	03	02	00	260.0	1	0	2	0																						
2	ppu_public	90	14300088	78	257	128.5	stat_sample	0	A0	00	03	02	00	128.5	1	0	2	0																						
2	ppu_public	90	14300488	79	0	0.0	stat_sample	2	A0	20	03	02	00	0.0	1	1	2	0																						
2	ppu_public	90	14300488	79	0	0.0	stat_irq_edge	2	A0	20	03	02	00	0.0	1	1	2	0																						
2	ppu_public	90	14300488	79	2	1.0	mode2_irq_prepare	0	A0	00	03	02	00	1.0	1	0	2	0																						
2	ppu_public	90	14300496	79	0	0.0	stat_sample	2	A2	20	03	02	00	0.0	1	0	2	0																						
2	ppu_public	90	14300494	79	8	4.0	mode2_enter	2	A2	20	03	02	00	4.0	1	0	2	0																						
2	ppu_public	90	14300496	79	0	0.0	stat_sample	3	A2	00	03	02	00	0.0	1	0	2	0																						
2	ppu_public	90	14300662	79	176	88.0	mode3_enter	3	A2	00	03	02	00	88.0	1	0	2	0																						
2	ppu_public	90	14300664	79	84	42.0	stat_sample	3	A3	00	03	02	00	42.0	1	0	2	0																						
2	ppu_public	90	14301006	79	520	260.0	mode0_enter	0	A3	00	03	02	00	260.0	1	0	2	0																						
2	ppu_public	90	14301000	79	257	128.5	stat_sample	0	A0	00	03	02	00	128.5	1	0	2	0																						
2	ppu_public	90	14301400	80	0	0.0	stat_sample	2	A0	20	03	02	00	0.0	1	1	2	0																						
2	ppu_public	90	14301400	80	0	0.0	stat_irq_edge	2	A0	20	03	02	00	0.0	1	1	2	0																						
2	ppu_public	90	14301400	80	2	1.0	mode2_irq_prepare	0	A0	00	03	02	00	1.0	1	0	2	0																						
2	ppu_public	90	14301408	80	0	0.0	stat_sample	2	A2	20	03	02	00	0.0	1	0	2	0																						
2	ppu_public	90	14301406	80	8	4.0	mode2_enter	2	A2	20	03	02	00	4.0	1	0	2	0																						
2	ppu_public	90	14301408	80	0	0.0	stat_sample	3	A2	00	03	02	00	0.0	1	0	2	0																						
2	ppu_public	90	14301574	80	176	88.0	mode3_enter	3	A2	00	03	02	00	88.0	1	0	2	0																						
2	ppu_public	90	14301568	80	84	42.0	stat_sample	3	A3	00	03	02	00	42.0	1	0	2	0																						
2	ppu_public	90	14301918	80	520	260.0	mode0_enter	0	A3	00	03	02	00	260.0	1	0	2	0																						
2	ppu_public	90	14301912	80	257	128.5	stat_sample	0	A0	00	03	02	00	128.5	1	0	2	0																						
2	ppu_public	90	14302312	81	0	0.0	stat_sample	2	A0	20	03	02	00	0.0	1	1	2	0																						
2	ppu_public	90	14302312	81	0	0.0	stat_irq_edge	2	A0	20	03	02	00	0.0	1	1	2	0																						
2	ppu_public	90	14302312	81	2	1.0	mode2_irq_prepare	0	A0	00	03	02	00	1.0	1	0	2	0																						
2	ppu_public	90	14302328	81	0	0.0	stat_sample	2	A2	20	03	02	00	0.0	1	0	2	0																						
2	ppu_public	90	14302318	81	8	4.0	mode2_enter	2	A2	20	03	02	00	4.0	1	0	2	0																						
2	ppu_public	90	14302328	81	0	0.0	stat_sample	3	A2	00	03	02	00	0.0	1	0	2	0																						
2	ppu_public	90	14302486	81	176	88.0	mode3_enter	3	A2	00	03	02	00	88.0	1	0	2	0																						
2	ppu_public	90	14302480	81	84	42.0	stat_sample	3	A3	00	03	02	00	42.0	1	0	2	0																						
2	ppu_public	90	14302830	81	520	260.0	mode0_enter	0	A3	00	03	02	00	260.0	1	0	2	0																						
2	ppu_public	90	14302824	81	257	128.5	stat_sample	0	A0	00	03	02	00	128.5	1	0	2	0																						
2	ppu_public	90	14303224	82	0	0.0	stat_sample	2	A0	20	03	02	00	0.0	1	1	2	0																						
2	ppu_public	90	14303224	82	0	0.0	stat_irq_edge	2	A0	20	03	02	00	0.0	1	1	2	0																						
2	ppu_public	90	14303224	82	2	1.0	mode2_irq_prepare	0	A0	00	03	02	00	1.0	1	0	2	0																						
2	ppu_public	90	14303232	82	0	0.0	stat_sample	2	A2	20	03	02	00	0.0	1	0	2	0																						
2	ppu_public	90	14303230	82	8	4.0	mode2_enter	2	A2	20	03	02	00	4.0	1	0	2	0																						
2	ppu_public	90	14303232	82	0	0.0	stat_sample	3	A2	00	03	02	00	0.0	1	0	2	0																						
2	ppu_public	90	14303398	82	176	88.0	mode3_enter	3	A2	00	03	02	00	88.0	1	0	2	0																						
2	ppu_public	90	14303392	82	84	42.0	stat_sample	3	A3	00	03	02	00	42.0	1	0	2	0																						
2	ppu_public	90	14303742	82	520	260.0	mode0_enter	0	A3	00	03	02	00	260.0	1	0	2	0																						
2	ppu_public	90	14303736	82	257	128.5	stat_sample	0	A0	00	03	02	00	128.5	1	0	2	0																						
2	ppu_public	90	14304136	83	0	0.0	stat_sample	2	A0	20	03	02	00	0.0	1	1	2	0																						
2	ppu_public	90	14304136	83	0	0.0	stat_irq_edge	2	A0	20	03	02	00	0.0	1	1	2	0																						
2	ppu_public	90	14304136	83	2	1.0	mode2_irq_prepare	0	A0	00	03	02	00	1.0	1	0	2	0																						
2	ppu_public	90	14304144	83	0	0.0	stat_sample	2	A2	20	03	02	00	0.0	1	0	2	0																						
2	ppu_public	90	14304142	83	8	4.0	mode2_enter	2	A2	20	03	02	00	4.0	1	0	2	0																						
2	ppu_public	90	14304144	83	0	0.0	stat_sample	3	A2	00	03	02	00	0.0	1	0	2	0																						
2	ppu_public	90	14304310	83	176	88.0	mode3_enter	3	A2	00	03	02	00	88.0	1	0	2	0																						
2	ppu_public	90	14304304	83	84	42.0	stat_sample	3	A3	00	03	02	00	42.0	1	0	2	0																						
2	ppu_public	90	14304654	83	520	260.0	mode0_enter	0	A3	00	03	02	00	260.0	1	0	2	0																						
2	ppu_public	90	14304648	83	257	128.5	stat_sample	0	A0	00	03	02	00	128.5	1	0	2	0																						
2	ppu_public	90	14305048	84	0	0.0	stat_sample	2	A0	20	03	02	00	0.0	1	1	2	0																						
2	ppu_public	90	14305048	84	0	0.0	stat_irq_edge	2	A0	20	03	02	00	0.0	1	1	2	0																						
2	ppu_public	90	14305048	84	2	1.0	mode2_irq_prepare	0	A0	00	03	02	00	1.0	1	0	2	0																						
2	ppu_public	90	14305056	84	0	0.0	stat_sample	2	A2	20	03	02	00	0.0	1	0	2	0																						
2	ppu_public	90	14305054	84	8	4.0	mode2_enter	2	A2	20	03	02	00	4.0	1	0	2	0																						
2	ppu_public	90	14305056	84	0	0.0	stat_sample	3	A2	00	03	02	00	0.0	1	0	2	0																						
2	ppu_public	90	14305222	84	176	88.0	mode3_enter	3	A2	00	03	02	00	88.0	1	0	2	0																						
2	ppu_public	90	14305216	84	84	42.0	stat_sample	3	A3	00	03	02	00	42.0	1	0	2	0																						
2	ppu_public	90	14305566	84	520	260.0	mode0_enter	0	A3	00	03	02	00	260.0	1	0	2	0																						
2	ppu_public	90	14305560	84	257	128.5	stat_sample	0	A0	00	03	02	00	128.5	1	0	2	0																						
2	ppu_public	90	14305968	85	0	0.0	stat_sample	2	A0	20	03	02	00	0.0	1	1	2	0																						
2	ppu_public	90	14305968	85	0	0.0	stat_irq_edge	2	A0	20	03	02	00	0.0	1	1	2	0																						
2	ppu_public	90	14305968	85	2	1.0	mode2_irq_prepare	0	A0	00	03	02	00	1.0	1	0	2	0																						
2	ppu_public	90	14305968	85	0	0.0	stat_sample	2	A2	20	03	02	00	0.0	1	0	2	0																						
2	ppu_public	90	14305974	85	8	4.0	mode2_enter	2	A2	20	03	02	00	4.0	1	0	2	0																						
2	ppu_public	90	14305968	85	0	0.0	stat_sample	3	A2	00	03	02	00	0.0	1	0	2	0																						
2	ppu_public	90	14306142	85	176	88.0	mode3_enter	3	A2	00	03	02	00	88.0	1	0	2	0																						
2	ppu_public	90	14306128	85	84	42.0	stat_sample	3	A3	00	03	02	00	42.0	1	0	2	0																						
2	ppu_public	90	14306486	85	520	260.0	mode0_enter	0	A3	00	03	02	00	260.0	1	0	2	0																						
2	ppu_public	90	14306472	85	257	128.5	stat_sample	0	A0	00	03	02	00	128.5	1	0	2	0																						
2	ppu_public	90	14306872	86	0	0.0	stat_sample	2	A0	20	03	02	00	0.0	1	1	2	0																						
2	ppu_public	90	14306872	86	0	0.0	stat_irq_edge	2	A0	20	03	02	00	0.0	1	1	2	0																						
2	ppu_public	90	14306872	86	2	1.0	mode2_irq_prepare	0	A0	00	03	02	00	1.0	1	0	2	0																						
2	ppu_public	90	14306880	86	0	0.0	stat_sample	2	A2	20	03	02	00	0.0	1	0	2	0																						
2	ppu_public	90	14306878	86	8	4.0	mode2_enter	2	A2	20	03	02	00	4.0	1	0	2	0																						
2	ppu_public	90	14306880	86	0	0.0	stat_sample	3	A2	00	03	02	00	0.0	1	0	2	0																						
2	ppu_public	90	14307046	86	176	88.0	mode3_enter	3	A2	00	03	02	00	88.0	1	0	2	0																						
2	ppu_public	90	14307040	86	84	42.0	stat_sample	3	A3	00	03	02	00	42.0	1	0	2	0																						
2	ppu_public	90	14307390	86	520	260.0	mode0_enter	0	A3	00	03	02	00	260.0	1	0	2	0																						
2	ppu_public	90	14307384	86	257	128.5	stat_sample	0	A0	00	03	02	00	128.5	1	0	2	0																						
2	ppu_public	90	14307784	87	0	0.0	stat_sample	2	A0	20	03	02	00	0.0	1	1	2	0																						
2	ppu_public	90	14307784	87	0	0.0	stat_irq_edge	2	A0	20	03	02	00	0.0	1	1	2	0																						
2	ppu_public	90	14307784	87	2	1.0	mode2_irq_prepare	0	A0	00	03	02	00	1.0	1	0	2	0																						
2	ppu_public	90	14307792	87	0	0.0	stat_sample	2	A2	20	03	02	00	0.0	1	0	2	0																						
2	ppu_public	90	14307790	87	8	4.0	mode2_enter	2	A2	20	03	02	00	4.0	1	0	2	0																						
2	ppu_public	90	14307792	87	0	0.0	stat_sample	3	A2	00	03	02	00	0.0	1	0	2	0																						
2	ppu_public	90	14307958	87	176	88.0	mode3_enter	3	A2	00	03	02	00	88.0	1	0	2	0																						
2	ppu_public	90	14307952	87	84	42.0	stat_sample	3	A3	00	03	02	00	42.0	1	0	2	0																						
2	ppu_public	90	14308302	87	520	260.0	mode0_enter	0	A3	00	03	02	00	260.0	1	0	2	0																						
2	ppu_public	90	14308296	87	257	128.5	stat_sample	0	A0	00	03	02	00	128.5	1	0	2	0																						
2	ppu_public	90	14308696	88	0	0.0	stat_sample	2	A0	20	03	02	00	0.0	1	1	2	0																						
2	ppu_public	90	14308696	88	0	0.0	stat_irq_edge	2	A0	20	03	02	00	0.0	1	1	2	0																						
2	ppu_public	90	14308696	88	2	1.0	mode2_irq_prepare	0	A0	00	03	02	00	1.0	1	0	2	0																						
2	ppu_public	90	14308704	88	0	0.0	stat_sample	2	A2	20	03	02	00	0.0	1	0	2	0																						
2	ppu_public	90	14308702	88	8	4.0	mode2_enter	2	A2	20	03	02	00	4.0	1	0	2	0																						
2	ppu_public	90	14308704	88	0	0.0	stat_sample	3	A2	00	03	02	00	0.0	1	0	2	0																						
2	ppu_public	90	14308870	88	176	88.0	mode3_enter	3	A2	00	03	02	00	88.0	1	0	2	0																						
2	ppu_public	90	14308864	88	84	42.0	stat_sample	3	A3	00	03	02	00	42.0	1	0	2	0																						
2	ppu_public	90	14309214	88	520	260.0	mode0_enter	0	A3	00	03	02	00	260.0	1	0	2	0																						
2	ppu_public	90	14309208	88	257	128.5	stat_sample	0	A0	00	03	02	00	128.5	1	0	2	0																						
2	ppu_public	90	14309608	89	0	0.0	stat_sample	2	A0	20	03	02	00	0.0	1	1	2	0																						
2	ppu_public	90	14309608	89	0	0.0	stat_irq_edge	2	A0	20	03	02	00	0.0	1	1	2	0																						
2	ppu_public	90	14309608	89	2	1.0	mode2_irq_prepare	0	A0	00	03	02	00	1.0	1	0	2	0																						
2	ppu_public	90	14309616	89	0	0.0	stat_sample	2	A2	20	03	02	00	0.0	1	0	2	0																						
2	ppu_public	90	14309614	89	8	4.0	mode2_enter	2	A2	20	03	02	00	4.0	1	0	2	0																						
2	ppu_public	90	14309616	89	0	0.0	stat_sample	3	A2	00	03	02	00	0.0	1	0	2	0																						
2	ppu_public	90	14309782	89	176	88.0	mode3_enter	3	A2	00	03	02	00	88.0	1	0	2	0																						
2	ppu_public	90	14309776	89	84	42.0	stat_sample	3	A3	00	03	02	00	42.0	1	0	2	0																						
2	ppu_public	90	14310126	89	520	260.0	mode0_enter	0	A3	00	03	02	00	260.0	1	0	2	0																						
2	ppu_public	90	14310128	89	257	128.5	stat_sample	0	A0	00	03	02	00	128.5	1	0	2	0																						
2	ppu_public	90	14310520	90	0	0.0	stat_sample	2	A0	20	03	02	00	0.0	1	1	2	0																						
2	ppu_public	90	14310520	90	0	0.0	stat_irq_edge	2	A0	20	03	02	00	0.0	1	1	2	0																						
2	ppu_public	90	14310520	90	2	1.0	mode2_irq_prepare	0	A0	00	03	02	00	1.0	1	0	2	0																						
2	ppu_public	90	14310528	90	0	0.0	stat_sample	2	A2	20	03	02	00	0.0	1	0	2	0																						
2	ppu_public	90	14310526	90	8	4.0	mode2_enter	2	A2	20	03	02	00	4.0	1	0	2	0																						
2	ppu_public	90	14310528	90	0	0.0	stat_sample	3	A2	00	03	02	00	0.0	1	0	2	0																						
2	ppu_public	90	14310694	90	176	88.0	mode3_enter	3	A2	00	03	02	00	88.0	1	0	2	0																						
2	ppu_public	90	14310688	90	84	42.0	stat_sample	3	A3	00	03	02	00	42.0	1	0	2	0																						
2	ppu_public	90	14311038	90	520	260.0	mode0_enter	0	A3	00	03	02	00	260.0	1	0	2	0																						
2	ppu_public	90	14311032	90	257	128.5	stat_sample	0	A0	00	03	02	00	128.5	1	0	2	0																						
2	ppu_public	90	14311432	91	0	0.0	stat_sample	2	A0	20	03	02	00	0.0	1	1	2	0																						
2	ppu_public	90	14311432	91	0	0.0	stat_irq_edge	2	A0	20	03	02	00	0.0	1	1	2	0																						
2	ppu_public	90	14311432	91	2	1.0	mode2_irq_prepare	0	A0	00	03	02	00	1.0	1	0	2	0																						
2	ppu_public	90	14311440	91	0	0.0	stat_sample	2	A2	20	03	02	00	0.0	1	0	2	0																						
2	ppu_public	90	14311438	91	8	4.0	mode2_enter	2	A2	20	03	02	00	4.0	1	0	2	0																						
2	ppu_public	90	14311440	91	0	0.0	stat_sample	3	A2	00	03	02	00	0.0	1	0	2	0																						
2	ppu_public	90	14311606	91	176	88.0	mode3_enter	3	A2	00	03	02	00	88.0	1	0	2	0																						
2	ppu_public	90	14311600	91	84	42.0	stat_sample	3	A3	00	03	02	00	42.0	1	0	2	0																						
2	ppu_public	90	14311950	91	520	260.0	mode0_enter	0	A3	00	03	02	00	260.0	1	0	2	0																						
2	ppu_public	90	14311944	91	257	128.5	stat_sample	0	A0	00	03	02	00	128.5	1	0	2	0																						
2	ppu_public	90	14312344	92	0	0.0	stat_sample	2	A0	20	03	02	00	0.0	1	1	2	0																						
2	ppu_public	90	14312344	92	0	0.0	stat_irq_edge	2	A0	20	03	02	00	0.0	1	1	2	0																						
2	ppu_public	90	14312344	92	2	1.0	mode2_irq_prepare	0	A0	00	03	02	00	1.0	1	0	2	0																						
2	ppu_public	90	14312352	92	0	0.0	stat_sample	2	A2	20	03	02	00	0.0	1	0	2	0																						
2	ppu_public	90	14312350	92	8	4.0	mode2_enter	2	A2	20	03	02	00	4.0	1	0	2	0																						
2	ppu_public	90	14312352	92	0	0.0	stat_sample	3	A2	00	03	02	00	0.0	1	0	2	0																						
2	ppu_public	90	14312518	92	176	88.0	mode3_enter	3	A2	00	03	02	00	88.0	1	0	2	0																						
2	ppu_public	90	14312520	92	84	42.0	stat_sample	3	A3	00	03	02	00	42.0	1	0	2	0																						
2	ppu_public	90	14312862	92	520	260.0	mode0_enter	0	A3	00	03	02	00	260.0	1	0	2	0																						
2	ppu_public	90	14312856	92	257	128.5	stat_sample	0	A0	00	03	02	00	128.5	1	0	2	0																						
2	ppu_public	90	14313256	93	0	0.0	stat_sample	2	A0	20	03	02	00	0.0	1	1	2	0																						
2	ppu_public	90	14313256	93	0	0.0	stat_irq_edge	2	A0	20	03	02	00	0.0	1	1	2	0																						
2	ppu_public	90	14313256	93	2	1.0	mode2_irq_prepare	0	A0	00	03	02	00	1.0	1	0	2	0																						
2	ppu_public	90	14313264	93	0	0.0	stat_sample	2	A2	20	03	02	00	0.0	1	0	2	0																						
2	ppu_public	90	14313262	93	8	4.0	mode2_enter	2	A2	20	03	02	00	4.0	1	0	2	0																						
2	ppu_public	90	14313264	93	0	0.0	stat_sample	3	A2	00	03	02	00	0.0	1	0	2	0																						
2	ppu_public	90	14313430	93	176	88.0	mode3_enter	3	A2	00	03	02	00	88.0	1	0	2	0																						
2	ppu_public	90	14313424	93	84	42.0	stat_sample	3	A3	00	03	02	00	42.0	1	0	2	0																						
2	ppu_public	90	14313774	93	520	260.0	mode0_enter	0	A3	00	03	02	00	260.0	1	0	2	0																						
2	ppu_public	90	14313768	93	257	128.5	stat_sample	0	A0	00	03	02	00	128.5	1	0	2	0																						
2	ppu_public	90	14314168	94	0	0.0	stat_sample	2	A0	20	03	02	00	0.0	1	1	2	0																						
2	ppu_public	90	14314168	94	0	0.0	stat_irq_edge	2	A0	20	03	02	00	0.0	1	1	2	0																						
2	ppu_public	90	14314168	94	2	1.0	mode2_irq_prepare	0	A0	00	03	02	00	1.0	1	0	2	0																						
2	ppu_public	90	14314184	94	0	0.0	stat_sample	2	A2	20	03	02	00	0.0	1	0	2	0																						
2	ppu_public	90	14314174	94	8	4.0	mode2_enter	2	A2	20	03	02	00	4.0	1	0	2	0																						
2	ppu_public	90	14314184	94	0	0.0	stat_sample	3	A2	00	03	02	00	0.0	1	0	2	0																						
2	ppu_public	90	14314342	94	176	88.0	mode3_enter	3	A2	00	03	02	00	88.0	1	0	2	0																						
2	ppu_public	90	14314336	94	84	42.0	stat_sample	3	A3	00	03	02	00	42.0	1	0	2	0																						
2	ppu_public	90	14314686	94	520	260.0	mode0_enter	0	A3	00	03	02	00	260.0	1	0	2	0																						
2	ppu_public	90	14314680	94	257	128.5	stat_sample	0	A0	00	03	02	00	128.5	1	0	2	0																						
2	ppu_public	90	14315080	95	0	0.0	stat_sample	2	A0	20	03	02	00	0.0	1	1	2	0																						
2	ppu_public	90	14315080	95	0	0.0	stat_irq_edge	2	A0	20	03	02	00	0.0	1	1	2	0																						
2	ppu_public	90	14315080	95	2	1.0	mode2_irq_prepare	0	A0	00	03	02	00	1.0	1	0	2	0																						
2	ppu_public	90	14315088	95	0	0.0	stat_sample	2	A2	20	03	02	00	0.0	1	0	2	0																						
2	ppu_public	90	14315086	95	8	4.0	mode2_enter	2	A2	20	03	02	00	4.0	1	0	2	0																						
2	ppu_public	90	14315088	95	0	0.0	stat_sample	3	A2	00	03	02	00	0.0	1	0	2	0																						
2	ppu_public	90	14315254	95	176	88.0	mode3_enter	3	A2	00	03	02	00	88.0	1	0	2	0																						
2	ppu_public	90	14315248	95	84	42.0	stat_sample	3	A3	00	03	02	00	42.0	1	0	2	0																						
2	ppu_public	90	14315598	95	520	260.0	mode0_enter	0	A3	00	03	02	00	260.0	1	0	2	0																						
2	ppu_public	90	14315592	95	257	128.5	stat_sample	0	A0	00	03	02	00	128.5	1	0	2	0																						
2	ppu_public	90	14315992	96	0	0.0	stat_sample	2	A0	20	03	02	00	0.0	1	1	2	0																						
2	ppu_public	90	14315992	96	0	0.0	stat_irq_edge	2	A0	20	03	02	00	0.0	1	1	2	0																						
2	ppu_public	90	14315992	96	2	1.0	mode2_irq_prepare	0	A0	00	03	02	00	1.0	1	0	2	0																						
2	ppu_public	90	14316000	96	0	0.0	stat_sample	2	A2	20	03	02	00	0.0	1	0	2	0																						
2	ppu_public	90	14315998	96	8	4.0	mode2_enter	2	A2	20	03	02	00	4.0	1	0	2	0																						
2	ppu_public	90	14316000	96	0	0.0	stat_sample	3	A2	00	03	02	00	0.0	1	0	2	0																						
2	ppu_public	90	14316166	96	176	88.0	mode3_enter	3	A2	00	03	02	00	88.0	1	0	2	0																						
2	ppu_public	90	14316160	96	84	42.0	stat_sample	3	A3	00	03	02	00	42.0	1	0	2	0																						
2	ppu_public	90	14316510	96	520	260.0	mode0_enter	0	A3	00	03	02	00	260.0	1	0	2	0																						
2	ppu_public	90	14316504	96	257	128.5	stat_sample	0	A0	00	03	02	00	128.5	1	0	2	0																						
2	ppu_public	90	14316904	97	0	0.0	stat_sample	2	A0	20	03	02	00	0.0	1	1	2	0																						
2	ppu_public	90	14316904	97	0	0.0	stat_irq_edge	2	A0	20	03	02	00	0.0	1	1	2	0																						
2	ppu_public	90	14316904	97	2	1.0	mode2_irq_prepare	0	A0	00	03	02	00	1.0	1	0	2	0																						
2	ppu_public	90	14316912	97	0	0.0	stat_sample	2	A2	20	03	02	00	0.0	1	0	2	0																						
2	ppu_public	90	14316910	97	8	4.0	mode2_enter	2	A2	20	03	02	00	4.0	1	0	2	0																						
2	ppu_public	90	14316912	97	0	0.0	stat_sample	3	A2	00	03	02	00	0.0	1	0	2	0																						
2	ppu_public	90	14317078	97	176	88.0	mode3_enter	3	A2	00	03	02	00	88.0	1	0	2	0																						
2	ppu_public	90	14317072	97	84	42.0	stat_sample	3	A3	00	03	02	00	42.0	1	0	2	0																						
2	ppu_public	90	14317422	97	520	260.0	mode0_enter	0	A3	00	03	02	00	260.0	1	0	2	0																						
2	ppu_public	90	14317416	97	257	128.5	stat_sample	0	A0	00	03	02	00	128.5	1	0	2	0																						
2	ppu_public	90	14317824	98	0	0.0	stat_sample	2	A0	20	03	02	00	0.0	1	1	2	0																						
2	ppu_public	90	14317824	98	0	0.0	stat_irq_edge	2	A0	20	03	02	00	0.0	1	1	2	0																						
2	ppu_public	90	14317824	98	2	1.0	mode2_irq_prepare	0	A0	00	03	02	00	1.0	1	0	2	0																						
2	ppu_public	90	14317824	98	0	0.0	stat_sample	2	A2	20	03	02	00	0.0	1	0	2	0																						
2	ppu_public	90	14317830	98	8	4.0	mode2_enter	2	A2	20	03	02	00	4.0	1	0	2	0																						
2	ppu_public	90	14317824	98	0	0.0	stat_sample	3	A2	00	03	02	00	0.0	1	0	2	0																						
2	ppu_public	90	14317998	98	176	88.0	mode3_enter	3	A2	00	03	02	00	88.0	1	0	2	0																						
2	ppu_public	90	14317984	98	84	42.0	stat_sample	3	A3	00	03	02	00	42.0	1	0	2	0																						
2	ppu_public	90	14318342	98	520	260.0	mode0_enter	0	A3	00	03	02	00	260.0	1	0	2	0																						
2	ppu_public	90	14318328	98	257	128.5	stat_sample	0	A0	00	03	02	00	128.5	1	0	2	0																						
2	ppu_public	90	14318728	99	0	0.0	stat_sample	2	A0	20	03	02	00	0.0	1	1	2	0																						
2	ppu_public	90	14318728	99	0	0.0	stat_irq_edge	2	A0	20	03	02	00	0.0	1	1	2	0																						
2	ppu_public	90	14318728	99	2	1.0	mode2_irq_prepare	0	A0	00	03	02	00	1.0	1	0	2	0																						
2	ppu_public	90	14318736	99	0	0.0	stat_sample	2	A2	20	03	02	00	0.0	1	0	2	0																						
2	ppu_public	90	14318734	99	8	4.0	mode2_enter	2	A2	20	03	02	00	4.0	1	0	2	0																						
2	ppu_public	90	14318736	99	0	0.0	stat_sample	3	A2	00	03	02	00	0.0	1	0	2	0																						
2	ppu_public	90	14318902	99	176	88.0	mode3_enter	3	A2	00	03	02	00	88.0	1	0	2	0																						
2	ppu_public	90	14318896	99	84	42.0	stat_sample	3	A3	00	03	02	00	42.0	1	0	2	0																						
2	ppu_public	90	14319246	99	520	260.0	mode0_enter	0	A3	00	03	02	00	260.0	1	0	2	0																						
2	ppu_public	90	14319240	99	257	128.5	stat_sample	0	A0	00	03	02	00	128.5	1	0	2	0																						
2	ppu_public	90	14319640	100	0	0.0	stat_sample	2	A0	20	03	02	00	0.0	1	1	2	0																						
2	ppu_public	90	14319640	100	0	0.0	stat_irq_edge	2	A0	20	03	02	00	0.0	1	1	2	0																						
2	ppu_public	90	14319640	100	2	1.0	mode2_irq_prepare	0	A0	00	03	02	00	1.0	1	0	2	0																						
2	ppu_public	90	14319648	100	0	0.0	stat_sample	2	A2	20	03	02	00	0.0	1	0	2	0																						
2	ppu_public	90	14319646	100	8	4.0	mode2_enter	2	A2	20	03	02	00	4.0	1	0	2	0																						
2	ppu_public	90	14319648	100	0	0.0	stat_sample	3	A2	00	03	02	00	0.0	1	0	2	0																						
2	ppu_public	90	14319814	100	176	88.0	mode3_enter	3	A2	00	03	02	00	88.0	1	0	2	0																						
2	ppu_public	90	14319808	100	84	42.0	stat_sample	3	A3	00	03	02	00	42.0	1	0	2	0																						
2	ppu_public	90	14320158	100	520	260.0	mode0_enter	0	A3	00	03	02	00	260.0	1	0	2	0																						
2	ppu_public	90	14320152	100	257	128.5	stat_sample	0	A0	00	03	02	00	128.5	1	0	2	0																						
2	ppu_public	90	14320552	101	0	0.0	stat_sample	2	A0	20	03	02	00	0.0	1	1	2	0																						
2	ppu_public	90	14320552	101	0	0.0	stat_irq_edge	2	A0	20	03	02	00	0.0	1	1	2	0																						
2	ppu_public	90	14320552	101	2	1.0	mode2_irq_prepare	0	A0	00	03	02	00	1.0	1	0	2	0																						
2	ppu_public	90	14320560	101	0	0.0	stat_sample	2	A2	20	03	02	00	0.0	1	0	2	0																						
2	ppu_public	90	14320558	101	8	4.0	mode2_enter	2	A2	20	03	02	00	4.0	1	0	2	0																						
2	ppu_public	90	14320560	101	0	0.0	stat_sample	3	A2	00	03	02	00	0.0	1	0	2	0																						
2	ppu_public	90	14320726	101	176	88.0	mode3_enter	3	A2	00	03	02	00	88.0	1	0	2	0																						
2	ppu_public	90	14320720	101	84	42.0	stat_sample	3	A3	00	03	02	00	42.0	1	0	2	0																						
2	ppu_public	90	14321070	101	520	260.0	mode0_enter	0	A3	00	03	02	00	260.0	1	0	2	0																						
2	ppu_public	90	14321064	101	257	128.5	stat_sample	0	A0	00	03	02	00	128.5	1	0	2	0																						
2	ppu_public	90	14321464	102	0	0.0	stat_sample	2	A0	20	03	02	00	0.0	1	1	2	0																						
2	ppu_public	90	14321464	102	0	0.0	stat_irq_edge	2	A0	20	03	02	00	0.0	1	1	2	0																						
2	ppu_public	90	14321464	102	2	1.0	mode2_irq_prepare	0	A0	00	03	02	00	1.0	1	0	2	0																						
2	ppu_public	90	14321472	102	0	0.0	stat_sample	2	A2	20	03	02	00	0.0	1	0	2	0																						
2	ppu_public	90	14321470	102	8	4.0	mode2_enter	2	A2	20	03	02	00	4.0	1	0	2	0																						
2	ppu_public	90	14321472	102	0	0.0	stat_sample	3	A2	00	03	02	00	0.0	1	0	2	0																						
2	ppu_public	90	14321638	102	176	88.0	mode3_enter	3	A2	00	03	02	00	88.0	1	0	2	0																						
2	ppu_public	90	14321632	102	84	42.0	stat_sample	3	A3	00	03	02	00	42.0	1	0	2	0																						
2	ppu_public	90	14321982	102	520	260.0	mode0_enter	0	A3	00	03	02	00	260.0	1	0	2	0																						
2	ppu_public	90	14321984	102	257	128.5	stat_sample	0	A0	00	03	02	00	128.5	1	0	2	0																						
2	ppu_public	90	14322376	103	0	0.0	stat_sample	2	A0	20	03	02	00	0.0	1	1	2	0																						
2	ppu_public	90	14322376	103	0	0.0	stat_irq_edge	2	A0	20	03	02	00	0.0	1	1	2	0																						
2	ppu_public	90	14322376	103	2	1.0	mode2_irq_prepare	0	A0	00	03	02	00	1.0	1	0	2	0																						
2	ppu_public	90	14322384	103	0	0.0	stat_sample	2	A2	20	03	02	00	0.0	1	0	2	0																						
2	ppu_public	90	14322382	103	8	4.0	mode2_enter	2	A2	20	03	02	00	4.0	1	0	2	0																						
2	ppu_public	90	14322384	103	0	0.0	stat_sample	3	A2	00	03	02	00	0.0	1	0	2	0																						
2	ppu_public	90	14322550	103	176	88.0	mode3_enter	3	A2	00	03	02	00	88.0	1	0	2	0																						
2	ppu_public	90	14322544	103	84	42.0	stat_sample	3	A3	00	03	02	00	42.0	1	0	2	0																						
2	ppu_public	90	14322894	103	520	260.0	mode0_enter	0	A3	00	03	02	00	260.0	1	0	2	0																						
2	ppu_public	90	14322888	103	257	128.5	stat_sample	0	A0	00	03	02	00	128.5	1	0	2	0																						
2	ppu_public	90	14323288	104	0	0.0	stat_sample	2	A0	20	03	02	00	0.0	1	1	2	0																						
2	ppu_public	90	14323288	104	0	0.0	stat_irq_edge	2	A0	20	03	02	00	0.0	1	1	2	0																						
2	ppu_public	90	14323288	104	2	1.0	mode2_irq_prepare	0	A0	00	03	02	00	1.0	1	0	2	0																						
2	ppu_public	90	14323296	104	0	0.0	stat_sample	2	A2	20	03	02	00	0.0	1	0	2	0																						
2	ppu_public	90	14323294	104	8	4.0	mode2_enter	2	A2	20	03	02	00	4.0	1	0	2	0																						
2	ppu_public	90	14323296	104	0	0.0	stat_sample	3	A2	00	03	02	00	0.0	1	0	2	0																						
2	ppu_public	90	14323462	104	176	88.0	mode3_enter	3	A2	00	03	02	00	88.0	1	0	2	0																						
2	ppu_public	90	14323456	104	84	42.0	stat_sample	3	A3	00	03	02	00	42.0	1	0	2	0																						
2	ppu_public	90	14323806	104	520	260.0	mode0_enter	0	A3	00	03	02	00	260.0	1	0	2	0																						
2	ppu_public	90	14323800	104	257	128.5	stat_sample	0	A0	00	03	02	00	128.5	1	0	2	0																						
2	ppu_public	90	14324200	105	0	0.0	stat_sample	2	A0	20	03	02	00	0.0	1	1	2	0																						
2	ppu_public	90	14324200	105	0	0.0	stat_irq_edge	2	A0	20	03	02	00	0.0	1	1	2	0																						
2	ppu_public	90	14324200	105	2	1.0	mode2_irq_prepare	0	A0	00	03	02	00	1.0	1	0	2	0																						
2	ppu_public	90	14324208	105	0	0.0	stat_sample	2	A2	20	03	02	00	0.0	1	0	2	0																						
2	ppu_public	90	14324206	105	8	4.0	mode2_enter	2	A2	20	03	02	00	4.0	1	0	2	0																						
2	ppu_public	90	14324208	105	0	0.0	stat_sample	3	A2	00	03	02	00	0.0	1	0	2	0																						
2	ppu_public	90	14324374	105	176	88.0	mode3_enter	3	A2	00	03	02	00	88.0	1	0	2	0																						
2	ppu_public	90	14324376	105	84	42.0	stat_sample	3	A3	00	03	02	00	42.0	1	0	2	0																						
2	ppu_public	90	14324718	105	520	260.0	mode0_enter	0	A3	00	03	02	00	260.0	1	0	2	0																						
2	ppu_public	90	14324712	105	257	128.5	stat_sample	0	A0	00	03	02	00	128.5	1	0	2	0																						
2	ppu_public	90	14325112	106	0	0.0	stat_sample	2	A0	20	03	02	00	0.0	1	1	2	0																						
2	ppu_public	90	14325112	106	0	0.0	stat_irq_edge	2	A0	20	03	02	00	0.0	1	1	2	0																						
2	ppu_public	90	14325112	106	2	1.0	mode2_irq_prepare	0	A0	00	03	02	00	1.0	1	0	2	0																						
2	ppu_public	90	14325120	106	0	0.0	stat_sample	2	A2	20	03	02	00	0.0	1	0	2	0																						
2	ppu_public	90	14325118	106	8	4.0	mode2_enter	2	A2	20	03	02	00	4.0	1	0	2	0																						
2	ppu_public	90	14325120	106	0	0.0	stat_sample	3	A2	00	03	02	00	0.0	1	0	2	0																						
2	ppu_public	90	14325286	106	176	88.0	mode3_enter	3	A2	00	03	02	00	88.0	1	0	2	0																						
2	ppu_public	90	14325280	106	84	42.0	stat_sample	3	A3	00	03	02	00	42.0	1	0	2	0																						
2	ppu_public	90	14325630	106	520	260.0	mode0_enter	0	A3	00	03	02	00	260.0	1	0	2	0																						
2	ppu_public	90	14325624	106	257	128.5	stat_sample	0	A0	00	03	02	00	128.5	1	0	2	0																						
2	ppu_public	90	14326024	107	0	0.0	stat_sample	2	A0	20	03	02	00	0.0	1	1	2	0																						
2	ppu_public	90	14326024	107	0	0.0	stat_irq_edge	2	A0	20	03	02	00	0.0	1	1	2	0																						
2	ppu_public	90	14326024	107	2	1.0	mode2_irq_prepare	0	A0	00	03	02	00	1.0	1	0	2	0																						
2	ppu_public	90	14326040	107	0	0.0	stat_sample	2	A2	20	03	02	00	0.0	1	0	2	0																						
2	ppu_public	90	14326030	107	8	4.0	mode2_enter	2	A2	20	03	02	00	4.0	1	0	2	0																						
2	ppu_public	90	14326040	107	0	0.0	stat_sample	3	A2	00	03	02	00	0.0	1	0	2	0																						
2	ppu_public	90	14326198	107	176	88.0	mode3_enter	3	A2	00	03	02	00	88.0	1	0	2	0																						
2	ppu_public	90	14326192	107	84	42.0	stat_sample	3	A3	00	03	02	00	42.0	1	0	2	0																						
2	ppu_public	90	14326542	107	520	260.0	mode0_enter	0	A3	00	03	02	00	260.0	1	0	2	0																						
2	ppu_public	90	14326536	107	257	128.5	stat_sample	0	A0	00	03	02	00	128.5	1	0	2	0																						
2	ppu_public	90	14326936	108	0	0.0	stat_sample	2	A0	20	03	02	00	0.0	1	1	2	0																						
2	ppu_public	90	14326936	108	0	0.0	stat_irq_edge	2	A0	20	03	02	00	0.0	1	1	2	0																						
2	ppu_public	90	14326936	108	2	1.0	mode2_irq_prepare	0	A0	00	03	02	00	1.0	1	0	2	0																						
2	ppu_public	90	14326944	108	0	0.0	stat_sample	2	A2	20	03	02	00	0.0	1	0	2	0																						
2	ppu_public	90	14326942	108	8	4.0	mode2_enter	2	A2	20	03	02	00	4.0	1	0	2	0																						
2	ppu_public	90	14326944	108	0	0.0	stat_sample	3	A2	00	03	02	00	0.0	1	0	2	0																						
2	ppu_public	90	14327110	108	176	88.0	mode3_enter	3	A2	00	03	02	00	88.0	1	0	2	0																						
2	ppu_public	90	14327104	108	84	42.0	stat_sample	3	A3	00	03	02	00	42.0	1	0	2	0																						
2	ppu_public	90	14327454	108	520	260.0	mode0_enter	0	A3	00	03	02	00	260.0	1	0	2	0																						
2	ppu_public	90	14327448	108	257	128.5	stat_sample	0	A0	00	03	02	00	128.5	1	0	2	0																						
2	ppu_public	90	14327848	109	0	0.0	stat_sample	2	A0	20	03	02	00	0.0	1	1	2	0																						
2	ppu_public	90	14327848	109	0	0.0	stat_irq_edge	2	A0	20	03	02	00	0.0	1	1	2	0																						
2	ppu_public	90	14327848	109	2	1.0	mode2_irq_prepare	0	A0	00	03	02	00	1.0	1	0	2	0																						
2	ppu_public	90	14327856	109	0	0.0	stat_sample	2	A2	20	03	02	00	0.0	1	0	2	0																						
2	ppu_public	90	14327854	109	8	4.0	mode2_enter	2	A2	20	03	02	00	4.0	1	0	2	0																						
2	ppu_public	90	14327856	109	0	0.0	stat_sample	3	A2	00	03	02	00	0.0	1	0	2	0																						
2	ppu_public	90	14328022	109	176	88.0	mode3_enter	3	A2	00	03	02	00	88.0	1	0	2	0																						
2	ppu_public	90	14328016	109	84	42.0	stat_sample	3	A3	00	03	02	00	42.0	1	0	2	0																						
2	ppu_public	90	14328366	109	520	260.0	mode0_enter	0	A3	00	03	02	00	260.0	1	0	2	0																						
2	ppu_public	90	14328360	109	257	128.5	stat_sample	0	A0	00	03	02	00	128.5	1	0	2	0																						
2	ppu_public	90	14328760	110	0	0.0	stat_sample	2	A0	20	03	02	00	0.0	1	1	2	0																						
2	ppu_public	90	14328760	110	0	0.0	stat_irq_edge	2	A0	20	03	02	00	0.0	1	1	2	0																						
2	ppu_public	90	14328760	110	2	1.0	mode2_irq_prepare	0	A0	00	03	02	00	1.0	1	0	2	0																						
2	ppu_public	90	14328768	110	0	0.0	stat_sample	2	A2	20	03	02	00	0.0	1	0	2	0																						
2	ppu_public	90	14328766	110	8	4.0	mode2_enter	2	A2	20	03	02	00	4.0	1	0	2	0																						
2	ppu_public	90	14328768	110	0	0.0	stat_sample	3	A2	00	03	02	00	0.0	1	0	2	0																						
2	ppu_public	90	14328934	110	176	88.0	mode3_enter	3	A2	00	03	02	00	88.0	1	0	2	0																						
2	ppu_public	90	14328928	110	84	42.0	stat_sample	3	A3	00	03	02	00	42.0	1	0	2	0																						
2	ppu_public	90	14329278	110	520	260.0	mode0_enter	0	A3	00	03	02	00	260.0	1	0	2	0																						
2	ppu_public	90	14329272	110	257	128.5	stat_sample	0	A0	00	03	02	00	128.5	1	0	2	0																						
2	ppu_public	90	14329680	111	0	0.0	stat_sample	2	A0	20	03	02	00	0.0	1	1	2	0																						
2	ppu_public	90	14329680	111	0	0.0	stat_irq_edge	2	A0	20	03	02	00	0.0	1	1	2	0																						
2	ppu_public	90	14329680	111	2	1.0	mode2_irq_prepare	0	A0	00	03	02	00	1.0	1	0	2	0																						
2	ppu_public	90	14329680	111	0	0.0	stat_sample	2	A2	20	03	02	00	0.0	1	0	2	0																						
2	ppu_public	90	14329686	111	8	4.0	mode2_enter	2	A2	20	03	02	00	4.0	1	0	2	0																						
2	ppu_public	90	14329680	111	0	0.0	stat_sample	3	A2	00	03	02	00	0.0	1	0	2	0																						
2	ppu_public	90	14329854	111	176	88.0	mode3_enter	3	A2	00	03	02	00	88.0	1	0	2	0																						
2	ppu_public	90	14329840	111	84	42.0	stat_sample	3	A3	00	03	02	00	42.0	1	0	2	0																						
2	ppu_public	90	14330198	111	520	260.0	mode0_enter	0	A3	00	03	02	00	260.0	1	0	2	0																						
2	ppu_public	90	14330184	111	257	128.5	stat_sample	0	A0	00	03	02	00	128.5	1	0	2	0																						
2	ppu_public	90	14330584	112	0	0.0	stat_sample	2	A0	20	03	02	00	0.0	1	1	2	0																						
2	ppu_public	90	14330584	112	0	0.0	stat_irq_edge	2	A0	20	03	02	00	0.0	1	1	2	0																						
2	ppu_public	90	14330584	112	2	1.0	mode2_irq_prepare	0	A0	00	03	02	00	1.0	1	0	2	0																						
2	ppu_public	90	14330592	112	0	0.0	stat_sample	2	A2	20	03	02	00	0.0	1	0	2	0																						
2	ppu_public	90	14330590	112	8	4.0	mode2_enter	2	A2	20	03	02	00	4.0	1	0	2	0																						
2	ppu_public	90	14330592	112	0	0.0	stat_sample	3	A2	00	03	02	00	0.0	1	0	2	0																						
2	ppu_public	90	14330758	112	176	88.0	mode3_enter	3	A2	00	03	02	00	88.0	1	0	2	0																						
2	ppu_public	90	14330752	112	84	42.0	stat_sample	3	A3	00	03	02	00	42.0	1	0	2	0																						
2	ppu_public	90	14331102	112	520	260.0	mode0_enter	0	A3	00	03	02	00	260.0	1	0	2	0																						
2	ppu_public	90	14331096	112	257	128.5	stat_sample	0	A0	00	03	02	00	128.5	1	0	2	0																						
2	ppu_public	90	14331496	113	0	0.0	stat_sample	2	A0	20	03	02	00	0.0	1	1	2	0																						
2	ppu_public	90	14331496	113	0	0.0	stat_irq_edge	2	A0	20	03	02	00	0.0	1	1	2	0																						
2	ppu_public	90	14331496	113	2	1.0	mode2_irq_prepare	0	A0	00	03	02	00	1.0	1	0	2	0																						
2	ppu_public	90	14331504	113	0	0.0	stat_sample	2	A2	20	03	02	00	0.0	1	0	2	0																						
2	ppu_public	90	14331502	113	8	4.0	mode2_enter	2	A2	20	03	02	00	4.0	1	0	2	0																						
2	ppu_public	90	14331504	113	0	0.0	stat_sample	3	A2	00	03	02	00	0.0	1	0	2	0																						
2	ppu_public	90	14331670	113	176	88.0	mode3_enter	3	A2	00	03	02	00	88.0	1	0	2	0																						
2	ppu_public	90	14331664	113	84	42.0	stat_sample	3	A3	00	03	02	00	42.0	1	0	2	0																						
2	ppu_public	90	14332014	113	520	260.0	mode0_enter	0	A3	00	03	02	00	260.0	1	0	2	0																						
2	ppu_public	90	14332008	113	257	128.5	stat_sample	0	A0	00	03	02	00	128.5	1	0	2	0																						
2	ppu_public	90	14332408	114	0	0.0	stat_sample	2	A0	20	03	02	00	0.0	1	1	2	0																						
2	ppu_public	90	14332408	114	0	0.0	stat_irq_edge	2	A0	20	03	02	00	0.0	1	1	2	0																						
2	ppu_public	90	14332408	114	2	1.0	mode2_irq_prepare	0	A0	00	03	02	00	1.0	1	0	2	0																						
2	ppu_public	90	14332416	114	0	0.0	stat_sample	2	A2	20	03	02	00	0.0	1	0	2	0																						
2	ppu_public	90	14332414	114	8	4.0	mode2_enter	2	A2	20	03	02	00	4.0	1	0	2	0																						
2	ppu_public	90	14332416	114	0	0.0	stat_sample	3	A2	00	03	02	00	0.0	1	0	2	0																						
2	ppu_public	90	14332582	114	176	88.0	mode3_enter	3	A2	00	03	02	00	88.0	1	0	2	0																						
2	ppu_public	90	14332576	114	84	42.0	stat_sample	3	A3	00	03	02	00	42.0	1	0	2	0																						
2	ppu_public	90	14332926	114	520	260.0	mode0_enter	0	A3	00	03	02	00	260.0	1	0	2	0																						
2	ppu_public	90	14332920	114	257	128.5	stat_sample	0	A0	00	03	02	00	128.5	1	0	2	0																						
2	ppu_public	90	14333320	115	0	0.0	stat_sample	2	A0	20	03	02	00	0.0	1	1	2	0																						
2	ppu_public	90	14333320	115	0	0.0	stat_irq_edge	2	A0	20	03	02	00	0.0	1	1	2	0																						
2	ppu_public	90	14333320	115	2	1.0	mode2_irq_prepare	0	A0	00	03	02	00	1.0	1	0	2	0																						
2	ppu_public	90	14333328	115	0	0.0	stat_sample	2	A2	20	03	02	00	0.0	1	0	2	0																						
2	ppu_public	90	14333326	115	8	4.0	mode2_enter	2	A2	20	03	02	00	4.0	1	0	2	0																						
2	ppu_public	90	14333328	115	0	0.0	stat_sample	3	A2	00	03	02	00	0.0	1	0	2	0																						
2	ppu_public	90	14333494	115	176	88.0	mode3_enter	3	A2	00	03	02	00	88.0	1	0	2	0																						
2	ppu_public	90	14333488	115	84	42.0	stat_sample	3	A3	00	03	02	00	42.0	1	0	2	0																						
2	ppu_public	90	14333838	115	520	260.0	mode0_enter	0	A3	00	03	02	00	260.0	1	0	2	0																						
2	ppu_public	90	14333840	115	257	128.5	stat_sample	0	A0	00	03	02	00	128.5	1	0	2	0																						
2	ppu_public	90	14334232	116	0	0.0	stat_sample	2	A0	20	03	02	00	0.0	1	1	2	0																						
2	ppu_public	90	14334232	116	0	0.0	stat_irq_edge	2	A0	20	03	02	00	0.0	1	1	2	0																						
2	ppu_public	90	14334232	116	2	1.0	mode2_irq_prepare	0	A0	00	03	02	00	1.0	1	0	2	0																						
2	ppu_public	90	14334240	116	0	0.0	stat_sample	2	A2	20	03	02	00	0.0	1	0	2	0																						
2	ppu_public	90	14334238	116	8	4.0	mode2_enter	2	A2	20	03	02	00	4.0	1	0	2	0																						
2	ppu_public	90	14334240	116	0	0.0	stat_sample	3	A2	00	03	02	00	0.0	1	0	2	0																						
2	ppu_public	90	14334406	116	176	88.0	mode3_enter	3	A2	00	03	02	00	88.0	1	0	2	0																						
2	ppu_public	90	14334400	116	84	42.0	stat_sample	3	A3	00	03	02	00	42.0	1	0	2	0																						
2	ppu_public	90	14334750	116	520	260.0	mode0_enter	0	A3	00	03	02	00	260.0	1	0	2	0																						
2	ppu_public	90	14334744	116	257	128.5	stat_sample	0	A0	00	03	02	00	128.5	1	0	2	0																						
2	ppu_public	90	14335144	117	0	0.0	stat_sample	2	A0	20	03	02	00	0.0	1	1	2	0																						
2	ppu_public	90	14335144	117	0	0.0	stat_irq_edge	2	A0	20	03	02	00	0.0	1	1	2	0																						
2	ppu_public	90	14335144	117	2	1.0	mode2_irq_prepare	0	A0	00	03	02	00	1.0	1	0	2	0																						
2	ppu_public	90	14335152	117	0	0.0	stat_sample	2	A2	20	03	02	00	0.0	1	0	2	0																						
2	ppu_public	90	14335150	117	8	4.0	mode2_enter	2	A2	20	03	02	00	4.0	1	0	2	0																						
2	ppu_public	90	14335152	117	0	0.0	stat_sample	3	A2	00	03	02	00	0.0	1	0	2	0																						
2	ppu_public	90	14335318	117	176	88.0	mode3_enter	3	A2	00	03	02	00	88.0	1	0	2	0																						
2	ppu_public	90	14335312	117	84	42.0	stat_sample	3	A3	00	03	02	00	42.0	1	0	2	0																						
2	ppu_public	90	14335662	117	520	260.0	mode0_enter	0	A3	00	03	02	00	260.0	1	0	2	0																						
2	ppu_public	90	14335656	117	257	128.5	stat_sample	0	A0	00	03	02	00	128.5	1	0	2	0																						
2	ppu_public	90	14336056	118	0	0.0	stat_sample	2	A0	20	03	02	00	0.0	1	1	2	0																						
2	ppu_public	90	14336056	118	0	0.0	stat_irq_edge	2	A0	20	03	02	00	0.0	1	1	2	0																						
2	ppu_public	90	14336056	118	2	1.0	mode2_irq_prepare	0	A0	00	03	02	00	1.0	1	0	2	0																						
2	ppu_public	90	14336064	118	0	0.0	stat_sample	2	A2	20	03	02	00	0.0	1	0	2	0																						
2	ppu_public	90	14336062	118	8	4.0	mode2_enter	2	A2	20	03	02	00	4.0	1	0	2	0																						
2	ppu_public	90	14336064	118	0	0.0	stat_sample	3	A2	00	03	02	00	0.0	1	0	2	0																						
2	ppu_public	90	14336230	118	176	88.0	mode3_enter	3	A2	00	03	02	00	88.0	1	0	2	0																						
2	ppu_public	90	14336232	118	84	42.0	stat_sample	3	A3	00	03	02	00	42.0	1	0	2	0																						
2	ppu_public	90	14336574	118	520	260.0	mode0_enter	0	A3	00	03	02	00	260.0	1	0	2	0																						
2	ppu_public	90	14336568	118	257	128.5	stat_sample	0	A0	00	03	02	00	128.5	1	0	2	0																						
2	ppu_public	90	14336968	119	0	0.0	stat_sample	2	A0	20	03	02	00	0.0	1	1	2	0																						
2	ppu_public	90	14336968	119	0	0.0	stat_irq_edge	2	A0	20	03	02	00	0.0	1	1	2	0																						
2	ppu_public	90	14336968	119	2	1.0	mode2_irq_prepare	0	A0	00	03	02	00	1.0	1	0	2	0																						
2	ppu_public	90	14336976	119	0	0.0	stat_sample	2	A2	20	03	02	00	0.0	1	0	2	0																						
2	ppu_public	90	14336974	119	8	4.0	mode2_enter	2	A2	20	03	02	00	4.0	1	0	2	0																						
2	ppu_public	90	14336976	119	0	0.0	stat_sample	3	A2	00	03	02	00	0.0	1	0	2	0																						
2	ppu_public	90	14337142	119	176	88.0	mode3_enter	3	A2	00	03	02	00	88.0	1	0	2	0																						
2	ppu_public	90	14337136	119	84	42.0	stat_sample	3	A3	00	03	02	00	42.0	1	0	2	0																						
2	ppu_public	90	14337486	119	520	260.0	mode0_enter	0	A3	00	03	02	00	260.0	1	0	2	0																						
2	ppu_public	90	14337480	119	257	128.5	stat_sample	0	A0	00	03	02	00	128.5	1	0	2	0																						
2	ppu_public	90	14337880	120	0	0.0	stat_sample	2	A0	20	03	02	00	0.0	1	1	2	0																						
2	ppu_public	90	14337880	120	0	0.0	stat_irq_edge	2	A0	20	03	02	00	0.0	1	1	2	0																						
2	ppu_public	90	14337880	120	2	1.0	mode2_irq_prepare	0	A0	00	03	02	00	1.0	1	0	2	0																						
2	ppu_public	90	14337896	120	0	0.0	stat_sample	2	A2	20	03	02	00	0.0	1	0	2	0																						
2	ppu_public	90	14337886	120	8	4.0	mode2_enter	2	A2	20	03	02	00	4.0	1	0	2	0																						
2	ppu_public	90	14337896	120	0	0.0	stat_sample	3	A2	00	03	02	00	0.0	1	0	2	0																						
2	ppu_public	90	14338054	120	176	88.0	mode3_enter	3	A2	00	03	02	00	88.0	1	0	2	0																						
2	ppu_public	90	14338048	120	84	42.0	stat_sample	3	A3	00	03	02	00	42.0	1	0	2	0																						
2	ppu_public	90	14338398	120	520	260.0	mode0_enter	0	A3	00	03	02	00	260.0	1	0	2	0																						
2	ppu_public	90	14338392	120	257	128.5	stat_sample	0	A0	00	03	02	00	128.5	1	0	2	0																						
2	ppu_public	90	14338792	121	0	0.0	stat_sample	2	A0	20	03	02	00	0.0	1	1	2	0																						
2	ppu_public	90	14338792	121	0	0.0	stat_irq_edge	2	A0	20	03	02	00	0.0	1	1	2	0																						
2	ppu_public	90	14338792	121	2	1.0	mode2_irq_prepare	0	A0	00	03	02	00	1.0	1	0	2	0																						
2	ppu_public	90	14338800	121	0	0.0	stat_sample	2	A2	20	03	02	00	0.0	1	0	2	0																						
2	ppu_public	90	14338798	121	8	4.0	mode2_enter	2	A2	20	03	02	00	4.0	1	0	2	0																						
2	ppu_public	90	14338800	121	0	0.0	stat_sample	3	A2	00	03	02	00	0.0	1	0	2	0																						
2	ppu_public	90	14338966	121	176	88.0	mode3_enter	3	A2	00	03	02	00	88.0	1	0	2	0																						
2	ppu_public	90	14338960	121	84	42.0	stat_sample	3	A3	00	03	02	00	42.0	1	0	2	0																						
2	ppu_public	90	14339310	121	520	260.0	mode0_enter	0	A3	00	03	02	00	260.0	1	0	2	0																						
2	ppu_public	90	14339304	121	257	128.5	stat_sample	0	A0	00	03	02	00	128.5	1	0	2	0																						
2	ppu_public	90	14339704	122	0	0.0	stat_sample	2	A0	20	03	02	00	0.0	1	1	2	0																						
2	ppu_public	90	14339704	122	0	0.0	stat_irq_edge	2	A0	20	03	02	00	0.0	1	1	2	0																						
2	ppu_public	90	14339704	122	2	1.0	mode2_irq_prepare	0	A0	00	03	02	00	1.0	1	0	2	0																						
2	ppu_public	90	14339712	122	0	0.0	stat_sample	2	A2	20	03	02	00	0.0	1	0	2	0																						
2	ppu_public	90	14339710	122	8	4.0	mode2_enter	2	A2	20	03	02	00	4.0	1	0	2	0																						
2	ppu_public	90	14339712	122	0	0.0	stat_sample	3	A2	00	03	02	00	0.0	1	0	2	0																						
2	ppu_public	90	14339878	122	176	88.0	mode3_enter	3	A2	00	03	02	00	88.0	1	0	2	0																						
2	ppu_public	90	14339872	122	84	42.0	stat_sample	3	A3	00	03	02	00	42.0	1	0	2	0																						
2	ppu_public	90	14340222	122	520	260.0	mode0_enter	0	A3	00	03	02	00	260.0	1	0	2	0																						
2	ppu_public	90	14340216	122	257	128.5	stat_sample	0	A0	00	03	02	00	128.5	1	0	2	0																						
2	ppu_public	90	14340616	123	0	0.0	stat_sample	2	A0	20	03	02	00	0.0	1	1	2	0																						
2	ppu_public	90	14340616	123	0	0.0	stat_irq_edge	2	A0	20	03	02	00	0.0	1	1	2	0																						
2	ppu_public	90	14340616	123	2	1.0	mode2_irq_prepare	0	A0	00	03	02	00	1.0	1	0	2	0																						
2	ppu_public	90	14340624	123	0	0.0	stat_sample	2	A2	20	03	02	00	0.0	1	0	2	0																						
2	ppu_public	90	14340622	123	8	4.0	mode2_enter	2	A2	20	03	02	00	4.0	1	0	2	0																						
2	ppu_public	90	14340624	123	0	0.0	stat_sample	3	A2	00	03	02	00	0.0	1	0	2	0																						
2	ppu_public	90	14340790	123	176	88.0	mode3_enter	3	A2	00	03	02	00	88.0	1	0	2	0																						
2	ppu_public	90	14340784	123	84	42.0	stat_sample	3	A3	00	03	02	00	42.0	1	0	2	0																						
2	ppu_public	90	14341134	123	520	260.0	mode0_enter	0	A3	00	03	02	00	260.0	1	0	2	0																						
2	ppu_public	90	14341128	123	257	128.5	stat_sample	0	A0	00	03	02	00	128.5	1	0	2	0																						
2	ppu_public	90	14341536	124	0	0.0	stat_sample	2	A0	20	03	02	00	0.0	1	1	2	0																						
2	ppu_public	90	14341536	124	0	0.0	stat_irq_edge	2	A0	20	03	02	00	0.0	1	1	2	0																						
2	ppu_public	90	14341536	124	2	1.0	mode2_irq_prepare	0	A0	00	03	02	00	1.0	1	0	2	0																						
2	ppu_public	90	14341536	124	0	0.0	stat_sample	2	A2	20	03	02	00	0.0	1	0	2	0																						
2	ppu_public	90	14341542	124	8	4.0	mode2_enter	2	A2	20	03	02	00	4.0	1	0	2	0																						
2	ppu_public	90	14341536	124	0	0.0	stat_sample	3	A2	00	03	02	00	0.0	1	0	2	0																						
2	ppu_public	90	14341710	124	176	88.0	mode3_enter	3	A2	00	03	02	00	88.0	1	0	2	0																						
2	ppu_public	90	14341696	124	84	42.0	stat_sample	3	A3	00	03	02	00	42.0	1	0	2	0																						
2	ppu_public	90	14342054	124	520	260.0	mode0_enter	0	A3	00	03	02	00	260.0	1	0	2	0																						
2	ppu_public	90	14342040	124	257	128.5	stat_sample	0	A0	00	03	02	00	128.5	1	0	2	0																						
2	ppu_public	90	14342440	125	0	0.0	stat_sample	2	A0	20	03	02	00	0.0	1	1	2	0																						
2	ppu_public	90	14342440	125	0	0.0	stat_irq_edge	2	A0	20	03	02	00	0.0	1	1	2	0																						
2	ppu_public	90	14342440	125	2	1.0	mode2_irq_prepare	0	A0	00	03	02	00	1.0	1	0	2	0																						
2	ppu_public	90	14342448	125	0	0.0	stat_sample	2	A2	20	03	02	00	0.0	1	0	2	0																						
2	ppu_public	90	14342446	125	8	4.0	mode2_enter	2	A2	20	03	02	00	4.0	1	0	2	0																						
2	ppu_public	90	14342448	125	0	0.0	stat_sample	3	A2	00	03	02	00	0.0	1	0	2	0																						
2	ppu_public	90	14342614	125	176	88.0	mode3_enter	3	A2	00	03	02	00	88.0	1	0	2	0																						
2	ppu_public	90	14342608	125	84	42.0	stat_sample	3	A3	00	03	02	00	42.0	1	0	2	0																						
2	ppu_public	90	14342958	125	520	260.0	mode0_enter	0	A3	00	03	02	00	260.0	1	0	2	0																						
2	ppu_public	90	14342952	125	257	128.5	stat_sample	0	A0	00	03	02	00	128.5	1	0	2	0																						
2	ppu_public	90	14343352	126	0	0.0	stat_sample	2	A0	20	03	02	00	0.0	1	1	2	0																						
2	ppu_public	90	14343352	126	0	0.0	stat_irq_edge	2	A0	20	03	02	00	0.0	1	1	2	0																						
2	ppu_public	90	14343352	126	2	1.0	mode2_irq_prepare	0	A0	00	03	02	00	1.0	1	0	2	0																						
2	ppu_public	90	14343360	126	0	0.0	stat_sample	2	A2	20	03	02	00	0.0	1	0	2	0																						
2	ppu_public	90	14343358	126	8	4.0	mode2_enter	2	A2	20	03	02	00	4.0	1	0	2	0																						
2	ppu_public	90	14343360	126	0	0.0	stat_sample	3	A2	00	03	02	00	0.0	1	0	2	0																						
2	ppu_public	90	14343526	126	176	88.0	mode3_enter	3	A2	00	03	02	00	88.0	1	0	2	0																						
2	ppu_public	90	14343520	126	84	42.0	stat_sample	3	A3	00	03	02	00	42.0	1	0	2	0																						
2	ppu_public	90	14343870	126	520	260.0	mode0_enter	0	A3	00	03	02	00	260.0	1	0	2	0																						
2	ppu_public	90	14343864	126	257	128.5	stat_sample	0	A0	00	03	02	00	128.5	1	0	2	0																						
2	ppu_public	90	14344264	127	0	0.0	stat_sample	2	A0	20	03	02	00	0.0	1	1	2	0																						
2	ppu_public	90	14344264	127	0	0.0	stat_irq_edge	2	A0	20	03	02	00	0.0	1	1	2	0																						
2	ppu_public	90	14344264	127	2	1.0	mode2_irq_prepare	0	A0	00	03	02	00	1.0	1	0	2	0																						
2	ppu_public	90	14344272	127	0	0.0	stat_sample	2	A2	20	03	02	00	0.0	1	0	2	0																						
2	ppu_public	90	14344270	127	8	4.0	mode2_enter	2	A2	20	03	02	00	4.0	1	0	2	0																						
2	ppu_public	90	14344272	127	0	0.0	stat_sample	3	A2	00	03	02	00	0.0	1	0	2	0																						
2	ppu_public	90	14344438	127	176	88.0	mode3_enter	3	A2	00	03	02	00	88.0	1	0	2	0																						
2	ppu_public	90	14344432	127	84	42.0	stat_sample	3	A3	00	03	02	00	42.0	1	0	2	0																						
2	ppu_public	90	14344782	127	520	260.0	mode0_enter	0	A3	00	03	02	00	260.0	1	0	2	0																						
2	ppu_public	90	14344776	127	257	128.5	stat_sample	0	A0	00	03	02	00	128.5	1	0	2	0																						
2	ppu_public	90	14345176	128	0	0.0	stat_sample	2	A0	20	03	02	00	0.0	1	1	2	0																						
2	ppu_public	90	14345176	128	0	0.0	stat_irq_edge	2	A0	20	03	02	00	0.0	1	1	2	0																						
2	ppu_public	90	14345176	128	2	1.0	mode2_irq_prepare	0	A0	00	03	02	00	1.0	1	0	2	0																						
2	ppu_public	90	14345184	128	0	0.0	stat_sample	2	A2	20	03	02	00	0.0	1	0	2	0																						
2	ppu_public	90	14345182	128	8	4.0	mode2_enter	2	A2	20	03	02	00	4.0	1	0	2	0																						
2	ppu_public	90	14345184	128	0	0.0	stat_sample	3	A2	00	03	02	00	0.0	1	0	2	0																						
2	ppu_public	90	14345350	128	176	88.0	mode3_enter	3	A2	00	03	02	00	88.0	1	0	2	0																						
2	ppu_public	90	14345344	128	84	42.0	stat_sample	3	A3	00	03	02	00	42.0	1	0	2	0																						
2	ppu_public	90	14345694	128	520	260.0	mode0_enter	0	A3	00	03	02	00	260.0	1	0	2	0																						
2	ppu_public	90	14345696	128	257	128.5	stat_sample	0	A0	00	03	02	00	128.5	1	0	2	0																						
2	ppu_public	90	14346088	129	0	0.0	stat_sample	2	A0	20	03	02	00	0.0	1	1	2	0																						
2	ppu_public	90	14346088	129	0	0.0	stat_irq_edge	2	A0	20	03	02	00	0.0	1	1	2	0																						
2	ppu_public	90	14346088	129	2	1.0	mode2_irq_prepare	0	A0	00	03	02	00	1.0	1	0	2	0																						
2	ppu_public	90	14346096	129	0	0.0	stat_sample	2	A2	20	03	02	00	0.0	1	0	2	0																						
2	ppu_public	90	14346094	129	8	4.0	mode2_enter	2	A2	20	03	02	00	4.0	1	0	2	0																						
2	ppu_public	90	14346096	129	0	0.0	stat_sample	3	A2	00	03	02	00	0.0	1	0	2	0																						
2	ppu_public	90	14346262	129	176	88.0	mode3_enter	3	A2	00	03	02	00	88.0	1	0	2	0																						
2	ppu_public	90	14346256	129	84	42.0	stat_sample	3	A3	00	03	02	00	42.0	1	0	2	0																						
2	ppu_public	90	14346606	129	520	260.0	mode0_enter	0	A3	00	03	02	00	260.0	1	0	2	0																						
2	ppu_public	90	14346600	129	257	128.5	stat_sample	0	A0	00	03	02	00	128.5	1	0	2	0																						
2	ppu_public	90	14347000	130	0	0.0	stat_sample	2	A0	20	03	02	00	0.0	1	1	2	0																						
2	ppu_public	90	14347000	130	0	0.0	stat_irq_edge	2	A0	20	03	02	00	0.0	1	1	2	0																						
2	ppu_public	90	14347000	130	2	1.0	mode2_irq_prepare	0	A0	00	03	02	00	1.0	1	0	2	0																						
2	ppu_public	90	14347008	130	0	0.0	stat_sample	2	A2	20	03	02	00	0.0	1	0	2	0																						
2	ppu_public	90	14347006	130	8	4.0	mode2_enter	2	A2	20	03	02	00	4.0	1	0	2	0																						
2	ppu_public	90	14347008	130	0	0.0	stat_sample	3	A2	00	03	02	00	0.0	1	0	2	0																						
2	ppu_public	90	14347174	130	176	88.0	mode3_enter	3	A2	00	03	02	00	88.0	1	0	2	0																						
2	ppu_public	90	14347168	130	84	42.0	stat_sample	3	A3	00	03	02	00	42.0	1	0	2	0																						
2	ppu_public	90	14347518	130	520	260.0	mode0_enter	0	A3	00	03	02	00	260.0	1	0	2	0																						
2	ppu_public	90	14347512	130	257	128.5	stat_sample	0	A0	00	03	02	00	128.5	1	0	2	0																						
2	ppu_public	90	14347912	131	0	0.0	stat_sample	2	A0	20	03	02	00	0.0	1	1	2	0																						
2	ppu_public	90	14347912	131	0	0.0	stat_irq_edge	2	A0	20	03	02	00	0.0	1	1	2	0																						
2	ppu_public	90	14347912	131	2	1.0	mode2_irq_prepare	0	A0	00	03	02	00	1.0	1	0	2	0																						
2	ppu_public	90	14347920	131	0	0.0	stat_sample	2	A2	20	03	02	00	0.0	1	0	2	0																						
2	ppu_public	90	14347918	131	8	4.0	mode2_enter	2	A2	20	03	02	00	4.0	1	0	2	0																						
2	ppu_public	90	14347920	131	0	0.0	stat_sample	3	A2	00	03	02	00	0.0	1	0	2	0																						
2	ppu_public	90	14348086	131	176	88.0	mode3_enter	3	A2	00	03	02	00	88.0	1	0	2	0																						
2	ppu_public	90	14348088	131	84	42.0	stat_sample	3	A3	00	03	02	00	42.0	1	0	2	0																						
2	ppu_public	90	14348430	131	520	260.0	mode0_enter	0	A3	00	03	02	00	260.0	1	0	2	0																						
2	ppu_public	90	14348424	131	257	128.5	stat_sample	0	A0	00	03	02	00	128.5	1	0	2	0																						
2	ppu_public	90	14348824	132	0	0.0	stat_sample	2	A0	20	03	02	00	0.0	1	1	2	0																						
2	ppu_public	90	14348824	132	0	0.0	stat_irq_edge	2	A0	20	03	02	00	0.0	1	1	2	0																						
2	ppu_public	90	14348824	132	2	1.0	mode2_irq_prepare	0	A0	00	03	02	00	1.0	1	0	2	0																						
2	ppu_public	90	14348832	132	0	0.0	stat_sample	2	A2	20	03	02	00	0.0	1	0	2	0																						
2	ppu_public	90	14348830	132	8	4.0	mode2_enter	2	A2	20	03	02	00	4.0	1	0	2	0																						
2	ppu_public	90	14348832	132	0	0.0	stat_sample	3	A2	00	03	02	00	0.0	1	0	2	0																						
2	ppu_public	90	14348998	132	176	88.0	mode3_enter	3	A2	00	03	02	00	88.0	1	0	2	0																						
2	ppu_public	90	14348992	132	84	42.0	stat_sample	3	A3	00	03	02	00	42.0	1	0	2	0																						
2	ppu_public	90	14349342	132	520	260.0	mode0_enter	0	A3	00	03	02	00	260.0	1	0	2	0																						
2	ppu_public	90	14349336	132	257	128.5	stat_sample	0	A0	00	03	02	00	128.5	1	0	2	0																						
2	ppu_public	90	14349736	133	0	0.0	stat_sample	2	A0	20	03	02	00	0.0	1	1	2	0																						
2	ppu_public	90	14349736	133	0	0.0	stat_irq_edge	2	A0	20	03	02	00	0.0	1	1	2	0																						
2	ppu_public	90	14349736	133	2	1.0	mode2_irq_prepare	0	A0	00	03	02	00	1.0	1	0	2	0																						
2	ppu_public	90	14349752	133	0	0.0	stat_sample	2	A2	20	03	02	00	0.0	1	0	2	0																						
2	ppu_public	90	14349742	133	8	4.0	mode2_enter	2	A2	20	03	02	00	4.0	1	0	2	0																						
2	ppu_public	90	14349752	133	0	0.0	stat_sample	3	A2	00	03	02	00	0.0	1	0	2	0																						
2	ppu_public	90	14349910	133	176	88.0	mode3_enter	3	A2	00	03	02	00	88.0	1	0	2	0																						
2	ppu_public	90	14349904	133	84	42.0	stat_sample	3	A3	00	03	02	00	42.0	1	0	2	0																						
2	ppu_public	90	14350254	133	520	260.0	mode0_enter	0	A3	00	03	02	00	260.0	1	0	2	0																						
2	ppu_public	90	14350248	133	257	128.5	stat_sample	0	A0	00	03	02	00	128.5	1	0	2	0																						
2	ppu_public	90	14350648	134	0	0.0	stat_sample	2	A0	20	03	02	00	0.0	1	1	2	0																						
2	ppu_public	90	14350648	134	0	0.0	stat_irq_edge	2	A0	20	03	02	00	0.0	1	1	2	0																						
2	ppu_public	90	14350648	134	2	1.0	mode2_irq_prepare	0	A0	00	03	02	00	1.0	1	0	2	0																						
2	ppu_public	90	14350656	134	0	0.0	stat_sample	2	A2	20	03	02	00	0.0	1	0	2	0																						
2	ppu_public	90	14350654	134	8	4.0	mode2_enter	2	A2	20	03	02	00	4.0	1	0	2	0																						
2	ppu_public	90	14350656	134	0	0.0	stat_sample	3	A2	00	03	02	00	0.0	1	0	2	0																						
2	ppu_public	90	14350822	134	176	88.0	mode3_enter	3	A2	00	03	02	00	88.0	1	0	2	0																						
2	ppu_public	90	14350816	134	84	42.0	stat_sample	3	A3	00	03	02	00	42.0	1	0	2	0																						
2	ppu_public	90	14351166	134	520	260.0	mode0_enter	0	A3	00	03	02	00	260.0	1	0	2	0																						
2	ppu_public	90	14351160	134	257	128.5	stat_sample	0	A0	00	03	02	00	128.5	1	0	2	0																						
2	ppu_public	90	14351560	135	0	0.0	stat_sample	2	A0	20	03	02	00	0.0	1	1	2	0																						
2	ppu_public	90	14351560	135	0	0.0	stat_irq_edge	2	A0	20	03	02	00	0.0	1	1	2	0																						
2	ppu_public	90	14351560	135	2	1.0	mode2_irq_prepare	0	A0	00	03	02	00	1.0	1	0	2	0																						
2	ppu_public	90	14351568	135	0	0.0	stat_sample	2	A2	20	03	02	00	0.0	1	0	2	0																						
2	ppu_public	90	14351566	135	8	4.0	mode2_enter	2	A2	20	03	02	00	4.0	1	0	2	0																						
2	ppu_public	90	14351568	135	0	0.0	stat_sample	3	A2	00	03	02	00	0.0	1	0	2	0																						
2	ppu_public	90	14351734	135	176	88.0	mode3_enter	3	A2	00	03	02	00	88.0	1	0	2	0																						
2	ppu_public	90	14351728	135	84	42.0	stat_sample	3	A3	00	03	02	00	42.0	1	0	2	0																						
2	ppu_public	90	14352078	135	520	260.0	mode0_enter	0	A3	00	03	02	00	260.0	1	0	2	0																						
2	ppu_public	90	14352072	135	257	128.5	stat_sample	0	A0	00	03	02	00	128.5	1	0	2	0																						
2	ppu_public	90	14352472	136	0	0.0	stat_sample	2	A0	20	03	02	00	0.0	1	1	2	0																						
2	ppu_public	90	14352472	136	0	0.0	stat_irq_edge	2	A0	20	03	02	00	0.0	1	1	2	0																						
2	ppu_public	90	14352472	136	2	1.0	mode2_irq_prepare	0	A0	00	03	02	00	1.0	1	0	2	0																						
2	ppu_public	90	14352480	136	0	0.0	stat_sample	2	A2	20	03	02	00	0.0	1	0	2	0																						
2	ppu_public	90	14352478	136	8	4.0	mode2_enter	2	A2	20	03	02	00	4.0	1	0	2	0																						
2	ppu_public	90	14352480	136	0	0.0	stat_sample	3	A2	00	03	02	00	0.0	1	0	2	0																						
2	ppu_public	90	14352646	136	176	88.0	mode3_enter	3	A2	00	03	02	00	88.0	1	0	2	0																						
2	ppu_public	90	14352640	136	84	42.0	stat_sample	3	A3	00	03	02	00	42.0	1	0	2	0																						
2	ppu_public	90	14352990	136	520	260.0	mode0_enter	0	A3	00	03	02	00	260.0	1	0	2	0																						
2	ppu_public	90	14352984	136	257	128.5	stat_sample	0	A0	00	03	02	00	128.5	1	0	2	0																						
2	ppu_public	90	14353392	137	0	0.0	stat_sample	2	A0	20	03	02	00	0.0	1	1	2	0																						
2	ppu_public	90	14353392	137	0	0.0	stat_irq_edge	2	A0	20	03	02	00	0.0	1	1	2	0																						
2	ppu_public	90	14353392	137	2	1.0	mode2_irq_prepare	0	A0	00	03	02	00	1.0	1	0	2	0																						
2	ppu_public	90	14353392	137	0	0.0	stat_sample	2	A2	20	03	02	00	0.0	1	0	2	0																						
2	ppu_public	90	14353398	137	8	4.0	mode2_enter	2	A2	20	03	02	00	4.0	1	0	2	0																						
2	ppu_public	90	14353392	137	0	0.0	stat_sample	3	A2	00	03	02	00	0.0	1	0	2	0																						
2	ppu_public	90	14353566	137	176	88.0	mode3_enter	3	A2	00	03	02	00	88.0	1	0	2	0																						
2	ppu_public	90	14353552	137	84	42.0	stat_sample	3	A3	00	03	02	00	42.0	1	0	2	0																						
2	ppu_public	90	14353910	137	520	260.0	mode0_enter	0	A3	00	03	02	00	260.0	1	0	2	0																						
2	ppu_public	90	14353896	137	257	128.5	stat_sample	0	A0	00	03	02	00	128.5	1	0	2	0																						
2	ppu_public	90	14354296	138	0	0.0	stat_sample	2	A0	20	03	02	00	0.0	1	1	2	0																						
2	ppu_public	90	14354296	138	0	0.0	stat_irq_edge	2	A0	20	03	02	00	0.0	1	1	2	0																						
2	ppu_public	90	14354296	138	2	1.0	mode2_irq_prepare	0	A0	00	03	02	00	1.0	1	0	2	0																						
2	ppu_public	90	14354304	138	0	0.0	stat_sample	2	A2	20	03	02	00	0.0	1	0	2	0																						
2	ppu_public	90	14354302	138	8	4.0	mode2_enter	2	A2	20	03	02	00	4.0	1	0	2	0																						
2	ppu_public	90	14354304	138	0	0.0	stat_sample	3	A2	00	03	02	00	0.0	1	0	2	0																						
2	ppu_public	90	14354470	138	176	88.0	mode3_enter	3	A2	00	03	02	00	88.0	1	0	2	0																						
2	ppu_public	90	14354464	138	84	42.0	stat_sample	3	A3	00	03	02	00	42.0	1	0	2	0																						
2	ppu_public	90	14354814	138	520	260.0	mode0_enter	0	A3	00	03	02	00	260.0	1	0	2	0																						
2	ppu_public	90	14354808	138	257	128.5	stat_sample	0	A0	00	03	02	00	128.5	1	0	2	0																						
2	ppu_public	90	14355208	139	0	0.0	stat_sample	2	A0	20	03	02	00	0.0	1	1	2	0																						
2	ppu_public	90	14355208	139	0	0.0	stat_irq_edge	2	A0	20	03	02	00	0.0	1	1	2	0																						
2	ppu_public	90	14355208	139	2	1.0	mode2_irq_prepare	0	A0	00	03	02	00	1.0	1	0	2	0																						
2	ppu_public	90	14355216	139	0	0.0	stat_sample	2	A2	20	03	02	00	0.0	1	0	2	0																						
2	ppu_public	90	14355214	139	8	4.0	mode2_enter	2	A2	20	03	02	00	4.0	1	0	2	0																						
2	ppu_public	90	14355216	139	0	0.0	stat_sample	3	A2	00	03	02	00	0.0	1	0	2	0																						
2	ppu_public	90	14355382	139	176	88.0	mode3_enter	3	A2	00	03	02	00	88.0	1	0	2	0																						
2	ppu_public	90	14355376	139	84	42.0	stat_sample	3	A3	00	03	02	00	42.0	1	0	2	0																						
2	ppu_public	90	14355726	139	520	260.0	mode0_enter	0	A3	00	03	02	00	260.0	1	0	2	0																						
2	ppu_public	90	14355720	139	257	128.5	stat_sample	0	A0	00	03	02	00	128.5	1	0	2	0																						
2	ppu_public	90	14356120	140	0	0.0	stat_sample	2	A0	20	03	02	00	0.0	1	1	2	0																						
2	ppu_public	90	14356120	140	0	0.0	stat_irq_edge	2	A0	20	03	02	00	0.0	1	1	2	0																						
2	ppu_public	90	14356120	140	2	1.0	mode2_irq_prepare	0	A0	00	03	02	00	1.0	1	0	2	0																						
2	ppu_public	90	14356128	140	0	0.0	stat_sample	2	A2	20	03	02	00	0.0	1	0	2	0																						
2	ppu_public	90	14356126	140	8	4.0	mode2_enter	2	A2	20	03	02	00	4.0	1	0	2	0																						
2	ppu_public	90	14356128	140	0	0.0	stat_sample	3	A2	00	03	02	00	0.0	1	0	2	0																						
2	ppu_public	90	14356294	140	176	88.0	mode3_enter	3	A2	00	03	02	00	88.0	1	0	2	0																						
2	ppu_public	90	14356288	140	84	42.0	stat_sample	3	A3	00	03	02	00	42.0	1	0	2	0																						
2	ppu_public	90	14356638	140	520	260.0	mode0_enter	0	A3	00	03	02	00	260.0	1	0	2	0																						
2	ppu_public	90	14356632	140	257	128.5	stat_sample	0	A0	00	03	02	00	128.5	1	0	2	0																						
2	ppu_public	90	14357032	141	0	0.0	stat_sample	2	A0	20	03	02	00	0.0	1	1	2	0																						
2	ppu_public	90	14357032	141	0	0.0	stat_irq_edge	2	A0	20	03	02	00	0.0	1	1	2	0																						
2	ppu_public	90	14357032	141	2	1.0	mode2_irq_prepare	0	A0	00	03	02	00	1.0	1	0	2	0																						
2	ppu_public	90	14357040	141	0	0.0	stat_sample	2	A2	20	03	02	00	0.0	1	0	2	0																						
2	ppu_public	90	14357038	141	8	4.0	mode2_enter	2	A2	20	03	02	00	4.0	1	0	2	0																						
2	ppu_public	90	14357040	141	0	0.0	stat_sample	3	A2	00	03	02	00	0.0	1	0	2	0																						
2	ppu_public	90	14357206	141	176	88.0	mode3_enter	3	A2	00	03	02	00	88.0	1	0	2	0																						
2	ppu_public	90	14357200	141	84	42.0	stat_sample	3	A3	00	03	02	00	42.0	1	0	2	0																						
2	ppu_public	90	14357550	141	520	260.0	mode0_enter	0	A3	00	03	02	00	260.0	1	0	2	0																						
2	ppu_public	90	14357552	141	257	128.5	stat_sample	0	A0	00	03	02	00	128.5	1	0	2	0																						
2	ppu_public	90	14357944	142	0	0.0	stat_sample	2	A0	20	03	02	00	0.0	1	1	2	0																						
2	ppu_public	90	14357944	142	0	0.0	stat_irq_edge	2	A0	20	03	02	00	0.0	1	1	2	0																						
2	ppu_public	90	14357944	142	2	1.0	mode2_irq_prepare	0	A0	00	03	02	00	1.0	1	0	2	0																						
2	ppu_public	90	14357952	142	0	0.0	stat_sample	2	A2	20	03	02	00	0.0	1	0	2	0																						
2	ppu_public	90	14357950	142	8	4.0	mode2_enter	2	A2	20	03	02	00	4.0	1	0	2	0																						
2	ppu_public	90	14357952	142	0	0.0	stat_sample	3	A2	00	03	02	00	0.0	1	0	2	0																						
2	ppu_public	90	14358118	142	176	88.0	mode3_enter	3	A2	00	03	02	00	88.0	1	0	2	0																						
2	ppu_public	90	14358112	142	84	42.0	stat_sample	3	A3	00	03	02	00	42.0	1	0	2	0																						
2	ppu_public	90	14358462	142	520	260.0	mode0_enter	0	A3	00	03	02	00	260.0	1	0	2	0																						
2	ppu_public	90	14358456	142	257	128.5	stat_sample	0	A0	00	03	02	00	128.5	1	0	2	0																						
2	ppu_public	90	14358856	143	0	0.0	stat_sample	2	A0	20	03	02	00	0.0	1	1	2	0																						
2	ppu_public	90	14358856	143	0	0.0	stat_irq_edge	2	A0	20	03	02	00	0.0	1	1	2	0																						
2	ppu_public	90	14358856	143	2	1.0	mode2_irq_prepare	0	A0	00	03	02	00	1.0	1	0	2	0																						
2	ppu_public	90	14358864	143	0	0.0	stat_sample	2	A2	20	03	02	00	0.0	1	0	2	0																						
2	ppu_public	90	14358862	143	8	4.0	mode2_enter	2	A2	20	03	02	00	4.0	1	0	2	0																						
2	ppu_public	90	14358864	143	0	0.0	stat_sample	3	A2	00	03	02	00	0.0	1	0	2	0																						
2	ppu_public	90	14359030	143	176	88.0	mode3_enter	3	A2	00	03	02	00	88.0	1	0	2	0																						
2	cpu	90	14358976	143	122	61.0	write	3	A2		03	02	00	61.0	1		2	0				DFFD	4A					00	00	91	00	00		READ_OLD	14358976	61.0				
2	cpu	90	14358984	143	130	65.0	write	3	A2		03	02	00	65.0	1		2	0				DFFC	66					00	00	91	00	00		READ_OLD	14358984	65.0				
2	ppu_public	90	14359024	143	84	42.0	stat_sample	3	A3	00	03	02	00	42.0	1	0	2	0																						
2	ppu_public	90	14359374	143	520	260.0	mode0_enter	0	A3	00	03	02	00	260.0	1	0	2	0																						
2	ppu_public	90	14359368	143	257	128.5	stat_sample	0	A0	00	03	02	00	128.5	1	0	2	0																						
2	ppu_public	90	14359768	144	0	0.0	stat_sample	0	A0	00	03	02	00	0.0	1	0	2	0																						
2	ppu_public	90	14359776	144	0	0.0	stat_sample	0	A0	00	03	02	00	0.0	1	0	2	0																						
2	ppu_public	90	14359776	144	0	0.0	stat_sample	1	A1	00	03	02	00	0.0	1	0	2	0																						
2	ppu_public	90	14358860	144	6	3.0	frame_vblank	1	A1	00	03	02	00	3.0	1	1	2	0																						
2	ppu_public	90	14358860	144	6	3.0	vblank_irq_edge	1	A1	00	03	02	00	3.0	1	1	2	0																						
2	cpu	90	14360040	144	1186	593.0	write	1	A1		03	02	00	593.0	1		2	0				DFFF	4A					00	00	91	00	00		READ_OLD	14360040	593.0				
2	cpu	90	14360048	144	1194	597.0	write	1	A1		03	02	00	597.0	1		2	0				DFFE	85					00	00	91	00	00		READ_OLD	14360048	597.0				
2	cpu	90	14360080	144	1226	613.0	write	1	A1		03	02	00	613.0	1		2	0				FF02	00					00	00	91	00	00		READ_OLD	14360080	613.0				
2	cpu	90	14360224	144	1370	685.0	write	1	A1		03	02	00	685.0	1		2	0				DFFF	4A					00	00	91	00	00		READ_OLD	14360224	685.0				
2	cpu	90	14360232	144	1378	689.0	write	1	A1		03	02	00	689.0	1		2	0				DFFE	8B					00	00	91	00	00		READ_OLD	14360232	689.0				
2	cpu	90	14360256	144	1402	701.0	write	1	A1		03	02	00	701.0	1		2	0				FF01	03					00	00	91	00	00		READ_OLD	14360256	701.0				
2	cpu	90	14360296	144	1442	721.0	write	1	A1		03	02	00	721.0	1		2	0				FF02	83					00	00	91	00	00		READ_OLD	14360296	721.0				
2	cpu	90	14360336	144	1482	741.0	write	1	A1		03	02	00	741.0	1		2	0				FF91	12					00	00	91	00	00		READ_OLD	14360336	741.0				
2	cpu	90	14360464	144	1610	805.0	write	1	A1		03	02	00	805.0	1		2	0				FF91	11					00	00	91	00	00		READ_OLD	14360464	805.0				
2	cpu	90	14360592	144	1738	869.0	write	1	A1		03	02	00	869.0	1		2	0				FF91	10					00	00	91	00	00		READ_OLD	14360592	869.0				
2	initial_state	90	14360688	145	8	4.0		1	A1		03	02	00	4.0	1		2	0				FF40	91																	
2	initial_state	90	14360688	145	8	4.0		1	A1		03	02	00	4.0	1		2	0				FF41	A1																	
2	initial_state	90	14360688	145	8	4.0		1	A1		03	02	00	4.0	1		2	0				FF42	00																	
2	initial_state	90	14360688	145	8	4.0		1	A1		03	02	00	4.0	1		2	0				FF43	00																	
2	initial_state	90	14360688	145	8	4.0		1	A1		03	02	00	4.0	1		2	0				FF45	00																	
2	cpu	90	14360688	145	8	4.0	write	1	A1		03	02	00	8.0	1		2	0				FF40	91					00	00	91	00	00		READ_OLD	14360688	4.0				
2	ppu_public	90	14360680	145	0	0.0	stat_sample	1	A1	00	03	02	00	0.0	1	0	2	0																						
2	ppu_public	90	14360688	145	0	0.0	stat_sample	1	A1	00	03	02	00	0.0	1	0	2	0																						
2	cpu	90	14360720	145	32	16.0	write	1	A1		03	02	00	933.0	1		2	0				FF91	0F					00	00	91	00	00		READ_OLD	14360720	933.0				
2	cpu	90	14360848	145	160	80.0	write	1	A1		03	02	00	997.0	1		2	0				FF91	0E					00	00	91	00	00		READ_OLD	14360848	997.0				
2	cpu	90	14360976	145	288	144.0	write	1	A1		03	02	00	1061.0	1		2	0				FF91	0D					00	00	91	00	00		READ_OLD	14360976	1061.0				
2	cpu	90	14361104	145	416	208.0	write	1	A1		03	02	00	1125.0	1		2	0				FF91	0C					00	00	91	00	00		READ_OLD	14361104	1125.0				
2	cpu	90	14361232	145	544	272.0	write	1	A1		03	02	00	1189.0	1		2	0				FF91	0B					00	00	91	00	00		READ_OLD	14361232	1189.0				
2	cpu	90	14361360	145	672	336.0	write	1	A1		03	02	00	1253.0	1		2	0				FF91	0A					00	00	91	00	00		READ_OLD	14361360	1253.0				
2	cpu	90	14361488	145	800	400.0	write	1	A1		03	02	00	1317.0	1		2	0				FF91	09					00	00	91	00	00		READ_OLD	14361488	1317.0				
2	ppu_public	90	14361592	146	0	0.0	stat_sample	1	A1	00	03	02	00	0.0	1	0	2	0																						
2	ppu_public	90	14361600	146	0	0.0	stat_sample	1	A1	00	03	02	00	0.0	1	0	2	0																						
2	cpu	90	14361616	146	16	8.0	write	1	A1		03	02	00	1381.0	1		2	0				FF91	08					00	00	91	00	00		READ_OLD	14361616	1381.0				
2	cpu	90	14361744	146	144	72.0	write	1	A1		03	02	00	1445.0	1		2	0				FF91	07					00	00	91	00	00		READ_OLD	14361744	1445.0				
2	cpu	90	14361872	146	272	136.0	write	1	A1		03	02	00	1509.0	1		2	0				FF91	06					00	00	91	00	00		READ_OLD	14361872	1509.0				
2	cpu	90	14362000	146	400	200.0	write	1	A1		03	02	00	1573.0	1		2	0				FF91	05					00	00	91	00	00		READ_OLD	14362000	1573.0				
2	cpu	90	14362128	146	528	264.0	write	1	A1		03	02	00	1637.0	1		2	0				FF91	04					00	00	91	00	00		READ_OLD	14362128	1637.0				
2	cpu	90	14362256	146	656	328.0	write	1	A1		03	02	00	1701.0	1		2	0				FF91	03					00	00	91	00	00		READ_OLD	14362256	1701.0				
2	cpu	90	14362384	146	784	392.0	write	1	A1		03	02	00	1765.0	1		2	0				FF91	02					00	00	91	00	00		READ_OLD	14362384	1765.0				
2	ppu_public	90	14362504	147	0	0.0	stat_sample	1	A1	00	03	02	00	0.0	1	0	2	0																						
2	ppu_public	90	14362512	147	0	0.0	stat_sample	1	A1	00	03	02	00	0.0	1	0	2	0																						
2	cpu	90	14362512	147	0	0.0	write	1	A1		03	02	00	1829.0	1		2	0				FF91	01					00	00	91	00	00		READ_OLD	14362512	1829.0				
2	cpu	90	14362688	147	176	88.0	write	1	A1		03	02	00	1917.0	1		2	0				DFFF	4A					00	00	91	00	00		READ_OLD	14362688	1917.0				
2	cpu	90	14362696	147	184	92.0	write	1	A1		03	02	00	1921.0	1		2	0				DFFE	8F					00	00	91	00	00		READ_OLD	14362696	1921.0				
2	cpu	90	14362720	147	208	104.0	write	1	A1		03	02	00	1933.0	1		2	0				FF01	05					00	00	91	00	00		READ_OLD	14362720	1933.0				
2	cpu	90	14362760	147	248	124.0	write	1	A1		03	02	00	1953.0	1		2	0				FF02	83					00	00	91	00	00		READ_OLD	14362760	1953.0				
2	cpu	90	14362800	147	288	144.0	write	1	A1		03	02	00	1973.0	1		2	0				FF91	12					00	00	91	00	00		READ_OLD	14362800	1973.0				
2	cpu	90	14362928	147	416	208.0	write	1	A1		03	02	00	2037.0	1		2	0				FF91	11					00	00	91	00	00		READ_OLD	14362928	2037.0				
2	cpu	90	14363056	147	544	272.0	write	1	A1		03	02	00	2101.0	1		2	0				FF91	10					00	00	91	00	00		READ_OLD	14363056	2101.0				
2	cpu	90	14363184	147	672	336.0	write	1	A1		03	02	00	2165.0	1		2	0				FF91	0F					00	00	91	00	00		READ_OLD	14363184	2165.0				
2	cpu	90	14363312	147	800	400.0	write	1	A1		03	02	00	2229.0	1		2	0				FF91	0E					00	00	91	00	00		READ_OLD	14363312	2229.0				
2	ppu_public	90	14363416	148	0	0.0	stat_sample	1	A1	00	03	02	00	0.0	1	0	2	0																						
2	ppu_public	90	14363424	148	0	0.0	stat_sample	1	A1	00	03	02	00	0.0	1	0	2	0																						
2	cpu	90	14363440	148	16	8.0	write	1	A1		03	02	00	2293.0	1		2	0				FF91	0D					00	00	91	00	00		READ_OLD	14363440	2293.0				
2	cpu	90	14363568	148	144	72.0	write	1	A1		03	02	00	2357.0	1		2	0				FF91	0C					00	00	91	00	00		READ_OLD	14363568	2357.0				
2	cpu	90	14363696	148	272	136.0	write	1	A1		03	02	00	2421.0	1		2	0				FF91	0B					00	00	91	00	00		READ_OLD	14363696	2421.0				
2	cpu	90	14363824	148	400	200.0	write	1	A1		03	02	00	2485.0	1		2	0				FF91	0A					00	00	91	00	00		READ_OLD	14363824	2485.0				
2	cpu	90	14363952	148	528	264.0	write	1	A1		03	02	00	2549.0	1		2	0				FF91	09					00	00	91	00	00		READ_OLD	14363952	2549.0				
2	cpu	90	14364080	148	656	328.0	write	1	A1		03	02	00	2613.0	1		2	0				FF91	08					00	00	91	00	00		READ_OLD	14364080	2613.0				
2	cpu	90	14364208	148	784	392.0	write	1	A1		03	02	00	2677.0	1		2	0				FF91	07					00	00	91	00	00		READ_OLD	14364208	2677.0				
2	ppu_public	90	14364328	149	0	0.0	stat_sample	1	A1	00	03	02	00	0.0	1	0	2	0																						
2	ppu_public	90	14364336	149	0	0.0	stat_sample	1	A1	00	03	02	00	0.0	1	0	2	0																						
2	cpu	90	14364336	149	0	0.0	write	1	A1		03	02	00	2741.0	1		2	0				FF91	06					00	00	91	00	00		READ_OLD	14364336	2741.0				
2	cpu	90	14364464	149	128	64.0	write	1	A1		03	02	00	2805.0	1		2	0				FF91	05					00	00	91	00	00		READ_OLD	14364464	2805.0				
2	cpu	90	14364592	149	256	128.0	write	1	A1		03	02	00	2869.0	1		2	0				FF91	04					00	00	91	00	00		READ_OLD	14364592	2869.0				
2	cpu	90	14364720	149	384	192.0	write	1	A1		03	02	00	2933.0	1		2	0				FF91	03					00	00	91	00	00		READ_OLD	14364720	2933.0				
2	cpu	90	14364848	149	512	256.0	write	1	A1		03	02	00	2997.0	1		2	0				FF91	02					00	00	91	00	00		READ_OLD	14364848	2997.0				
2	cpu	90	14364976	149	640	320.0	write	1	A1		03	02	00	3061.0	1		2	0				FF91	01					00	00	91	00	00		READ_OLD	14364976	3061.0				
2	cpu	90	14365152	149	816	408.0	write	1	A1		03	02	00	3149.0	1		2	0				DFFF	4A					00	00	91	00	00		READ_OLD	14365152	3149.0				
2	cpu	90	14365160	149	824	412.0	write	1	A1		03	02	00	3153.0	1		2	0				DFFE	93					00	00	91	00	00		READ_OLD	14365160	3153.0				
2	cpu	90	14365184	149	848	424.0	write	1	A1		03	02	00	3165.0	1		2	0				FF01	08					00	00	91	00	00		READ_OLD	14365184	3165.0				
2	cpu	90	14365224	149	888	444.0	write	1	A1		03	02	00	3185.0	1		2	0				FF02	83					00	00	91	00	00		READ_OLD	14365224	3185.0				
2	ppu_public	90	14365240	150	0	0.0	stat_sample	1	A1	00	03	02	00	0.0	1	0	2	0																						
2	ppu_public	90	14365248	150	0	0.0	stat_sample	1	A1	00	03	02	00	0.0	1	0	2	0																						
2	cpu	90	14365264	150	16	8.0	write	1	A1		03	02	00	3205.0	1		2	0				FF91	12					00	00	91	00	00		READ_OLD	14365264	3205.0				
2	cpu	90	14365392	150	144	72.0	write	1	A1		03	02	00	3269.0	1		2	0				FF91	11					00	00	91	00	00		READ_OLD	14365392	3269.0				
2	cpu	90	14365520	150	272	136.0	write	1	A1		03	02	00	3333.0	1		2	0				FF91	10					00	00	91	00	00		READ_OLD	14365520	3333.0				
2	cpu	90	14365648	150	400	200.0	write	1	A1		03	02	00	3397.0	1		2	0				FF91	0F					00	00	91	00	00		READ_OLD	14365648	3397.0				
2	cpu	90	14365776	150	528	264.0	write	1	A1		03	02	00	3461.0	1		2	0				FF91	0E					00	00	91	00	00		READ_OLD	14365776	3461.0				
2	cpu	90	14365904	150	656	328.0	write	1	A1		03	02	00	3525.0	1		2	0				FF91	0D					00	00	91	00	00		READ_OLD	14365904	3525.0				
2	cpu	90	14366032	150	784	392.0	write	1	A1		03	02	00	3589.0	1		2	0				FF91	0C					00	00	91	00	00		READ_OLD	14366032	3589.0				
2	ppu_public	90	14366152	151	0	0.0	stat_sample	1	A1	00	03	02	00	0.0	1	0	2	0																						
2	ppu_public	90	14366160	151	0	0.0	stat_sample	1	A1	00	03	02	00	0.0	1	0	2	0																						
2	cpu	90	14366160	151	0	0.0	write	1	A1		03	02	00	3653.0	1		2	0				FF91	0B					00	00	91	00	00		READ_OLD	14366160	3653.0				
2	cpu	90	14366288	151	128	64.0	write	1	A1		03	02	00	3717.0	1		2	0				FF91	0A					00	00	91	00	00		READ_OLD	14366288	3717.0				
2	cpu	90	14366416	151	256	128.0	write	1	A1		03	02	00	3781.0	1		2	0				FF91	09					00	00	91	00	00		READ_OLD	14366416	3781.0				
2	cpu	90	14366544	151	384	192.0	write	1	A1		03	02	00	3845.0	1		2	0				FF91	08					00	00	91	00	00		READ_OLD	14366544	3845.0				
2	cpu	90	14366672	151	512	256.0	write	1	A1		03	02	00	3909.0	1		2	0				FF91	07					00	00	91	00	00		READ_OLD	14366672	3909.0				
2	cpu	90	14366800	151	640	320.0	write	1	A1		03	02	00	3973.0	1		2	0				FF91	06					00	00	91	00	00		READ_OLD	14366800	3973.0				
2	cpu	90	14366928	151	768	384.0	write	1	A1		03	02	00	4037.0	1		2	0				FF91	05					00	00	91	00	00		READ_OLD	14366928	4037.0				
2	cpu	90	14367056	151	896	448.0	write	1	A1		03	02	00	4101.0	1		2	0				FF91	04					00	00	91	00	00		READ_OLD	14367056	4101.0				
2	ppu_public	90	14367064	152	0	0.0	stat_sample	1	A1	00	03	02	00	0.0	1	0	2	0																						
2	ppu_public	90	14367072	152	0	0.0	stat_sample	1	A1	00	03	02	00	0.0	1	0	2	0																						
2	cpu	90	14367184	152	112	56.0	write	1	A1		03	02	00	4165.0	1		2	0				FF91	03					00	00	91	00	00		READ_OLD	14367184	4165.0				
2	cpu	90	14367312	152	240	120.0	write	1	A1		03	02	00	4229.0	1		2	0				FF91	02					00	00	91	00	00		READ_OLD	14367312	4229.0				
2	cpu	90	14367440	152	368	184.0	write	1	A1		03	02	00	4293.0	1		2	0				FF91	01					00	00	91	00	00		READ_OLD	14367440	4293.0				
2	cpu	90	14367616	152	544	272.0	write	1	A1		03	02	00	4381.0	1		2	0				DFFF	4A					00	00	91	00	00		READ_OLD	14367616	4381.0				
2	cpu	90	14367624	152	552	276.0	write	1	A1		03	02	00	4385.0	1		2	0				DFFE	97					00	00	91	00	00		READ_OLD	14367624	4385.0				
2	cpu	90	14367648	152	576	288.0	write	1	A1		03	02	00	4397.0	1		2	0				FF01	0D					00	00	91	00	00		READ_OLD	14367648	4397.0				
2	cpu	90	14367688	152	616	308.0	write	1	A1		03	02	00	4417.0	1		2	0				FF02	83					00	00	91	00	00		READ_OLD	14367688	4417.0				
2	cpu	90	14367728	152	656	328.0	write	1	A1		03	02	00	4437.0	1		2	0				FF91	12					00	00	91	00	00		READ_OLD	14367728	4437.0				
2	cpu	90	14367856	152	784	392.0	write	1	A1		03	02	00	4501.0	1		2	0				FF91	11					00	00	91	00	00		READ_OLD	14367856	4501.0				
2	ppu_public	90	14367976	153	0	0.0	stat_sample	1	A1	00	03	02	00	0.0	1	0	2	0																						
2	ppu_public	90	14367984	153	0	0.0	stat_sample	1	A1	00	03	02	00	0.0	1	0	2	0																						
2	cpu	90	14367984	153	0	0.0	write	1	A1		03	02	00	4565.0	1		2	0				FF91	10					00	00	91	00	00		READ_OLD	14367984	4565.0				
2	ppu_public	90	14367992	153	0	0.0	stat_sample	1	A1	00	03	02	00	0.0	1	0	2	0																						
2	ppu_public	90	14368000	153	0	0.0	stat_sample	1	A5	00	03	02	00	0.0	1	0	2	0																						
2	cpu	90	14368112	153	112	56.0	write	1	A5		03	02	00	4629.0	1		2	0				FF91	0F					00	00	91	00	00		READ_OLD	14368112	4629.0				
2	cpu	90	14368240	153	240	120.0	write	1	A5		03	02	00	4693.0	1		2	0				FF91	0E					00	00	91	00	00		READ_OLD	14368240	4693.0				
2	cpu	90	14368368	153	368	184.0	write	1	A5		03	02	00	4757.0	1		2	0				FF91	0D					00	00	91	00	00		READ_OLD	14368368	4757.0				
2	cpu	90	14368496	153	496	248.0	write	1	A5		03	02	00	4821.0	1		2	0				FF91	0C					00	00	91	00	00		READ_OLD	14368496	4821.0				
2	cpu	90	14368624	153	624	312.0	write	1	A5		03	02	00	4885.0	1		2	0				FF91	0B					00	00	91	00	00		READ_OLD	14368624	4885.0				
2	cpu	90	14368752	153	752	376.0	write	1	A5		03	02	00	4949.0	1		2	0				FF91	0A					00	00	91	00	00		READ_OLD	14368752	4949.0				
2	cpu	90	14368880	153	880	440.0	write	1	A5		03	02	00	5013.0	1		2	0				FF91	09					00	00	91	00	00		READ_OLD	14368880	5013.0				
2	ppu_public	90	14368888	0	0	0.0	stat_sample	1	A4	00	03	02	00	0.0	1	0	2	0																						
2	ppu_public	91	14368888	0	2	1.0	mode2_irq_prepare	0	A4	00	03	02	00	1.0	1	0	2	0																						
2	ppu_public	90	14368896	0	0	0.0	stat_sample	2	A6	20	03	02	00	0.0	1	1	2	0																						
2	ppu_public	90	14368896	0	0	0.0	stat_irq_edge	2	A6	20	03	02	00	0.0	1	1	2	0																						
2	ppu_public	91	14368894	0	8	4.0	mode2_enter	2	A6	20	03	02	00	4.0	1	0	2	0																						
2	ppu_public	90	14368896	0	0	0.0	stat_sample	3	A6	00	03	02	00	0.0	1	0	2	0																						
2	ppu_public	90	14369062	0	176	88.0	mode3_enter_line0	3	A6	00	03	02	00	88.0	1	0	2	0																						
2	cpu	90	14369008	0	122	61.0	write	3	A6		03	02	00	61.0	1		2	0				FF91	08					00	00	91	00	00		READ_OLD	14369008	61.0				
2	ppu_public	90	14369064	0	84	42.0	stat_sample	3	A7	00	03	02	00	42.0	1	0	2	0																						
2	ppu_public	90	14369406	0	520	260.0	mode0_enter	0	A7	00	03	02	00	260.0	1	0	2	0																						
2	cpu	91	14369136	0	161	80.5	write	3	A7		03	02	00	125.0	1		2	0				FF91	07					00	00	91	00	00		READ_OLD	14369136	125.0				
2	cpu	91	14369264	0	289	144.5	write	3	A7		03	02	00	189.0	1		2	0				FF91	06					00	00	91	00	00		READ_OLD	14369264	189.0				
2	cpu	91	14369392	0	417	208.5	write	3	A7		03	02	00	253.0	1		2	0				FF91	05					00	00	91	00	00		READ_OLD	14369392	253.0				
2	ppu_public	91	14369400	0	257	128.5	stat_sample	0	A4	00	03	02	00	128.5	1	0	2	0																						
2	cpu	91	14369520	0	377	188.5	write	0	A4		03	02	00	317.0	1		2	0				FF91	04					00	00	91	00	00		READ_OLD	14369520	317.0				
2	cpu	91	14369648	0	505	252.5	write	0	A4		03	02	00	381.0	1		2	0				FF91	03					00	00	91	00	00		READ_OLD	14369648	381.0				
2	cpu	91	14369776	0	633	316.5	write	0	A4		03	02	00	445.0	1		2	0				FF91	02					00	00	91	00	00		READ_OLD	14369776	445.0				
2	ppu_public	91	14369800	1	0	0.0	stat_sample	2	A0	20	03	02	00	0.0	1	1	2	0																						
2	ppu_public	91	14369800	1	0	0.0	stat_irq_edge	2	A0	20	03	02	00	0.0	1	1	2	0																						
2	ppu_public	91	14369800	1	2	1.0	mode2_irq_prepare	0	A0	00	03	02	00	1.0	1	0	2	0																						
2	ppu_public	91	14369808	1	0	0.0	stat_sample	2	A2	20	03	02	00	0.0	1	0	2	0																						
2	ppu_public	91	14369806	1	8	4.0	mode2_enter	2	A2	20	03	02	00	4.0	1	0	2	0																						
2	ppu_public	91	14369808	1	0	0.0	stat_sample	3	A2	00	03	02	00	0.0	1	0	2	0																						
2	ppu_public	91	14369974	1	176	88.0	mode3_enter	3	A2	00	03	02	00	88.0	1	0	2	0																						
2	cpu	91	14369904	1	106	53.0	write	3	A2		03	02	00	53.0	1		2	0				FF91	01					00	00	91	00	00		READ_OLD	14369904	53.0				
2	ppu_public	91	14369968	1	84	42.0	stat_sample	3	A3	00	03	02	00	42.0	1	0	2	0																						
2	ppu_public	91	14370318	1	520	260.0	mode0_enter	0	A3	00	03	02	00	260.0	1	0	2	0																						
2	cpu	91	14370080	1	193	96.5	write	3	A3		03	02	00	141.0	1		2	0				DFFF	4A					00	00	91	00	00		READ_OLD	14370080	141.0				
2	cpu	91	14370088	1	201	100.5	write	3	A3		03	02	00	145.0	1		2	0				DFFE	9B					00	00	91	00	00		READ_OLD	14370088	145.0				
2	cpu	91	14370112	1	225	112.5	write	3	A3		03	02	00	157.0	1		2	0				FF01	15					00	00	91	00	00		READ_OLD	14370112	157.0				
2	cpu	91	14370152	1	265	132.5	write	3	A3		03	02	00	177.0	1		2	0				FF02	83					00	00	91	00	00		READ_OLD	14370152	177.0				
2	cpu	91	14370192	1	305	152.5	write	3	A3		03	02	00	197.0	1		2	0				FF91	12					00	00	91	00	00		READ_OLD	14370192	197.0				
2	ppu_public	91	14370312	1	257	128.5	stat_sample	0	A0	00	03	02	00	128.5	1	0	2	0																						
2	cpu	91	14370320	1	265	132.5	write	0	A0		03	02	00	261.0	1		2	0				FF91	11					00	00	91	00	00		READ_OLD	14370320	261.0				
2	cpu	91	14370448	1	393	196.5	write	0	A0		03	02	00	325.0	1		2	0				FF91	10					00	00	91	00	00		READ_OLD	14370448	325.0				
2	cpu	91	14370576	1	521	260.5	write	0	A0		03	02	00	389.0	1		2	0				FF91	0F					00	00	91	00	00		READ_OLD	14370576	389.0				
2	cpu	91	14370704	1	649	324.5	write	0	A0		03	02	00	453.0	1		2	0				FF91	0E					00	00	91	00	00		READ_OLD	14370704	453.0				
2	ppu_public	91	14370712	2	0	0.0	stat_sample	2	A0	20	03	02	00	0.0	1	1	2	0																						
2	ppu_public	91	14370712	2	0	0.0	stat_irq_edge	2	A0	20	03	02	00	0.0	1	1	2	0																						
2	ppu_public	91	14370712	2	2	1.0	mode2_irq_prepare	0	A0	00	03	02	00	1.0	1	0	2	0																						
2	ppu_public	91	14370720	2	0	0.0	stat_sample	2	A2	20	03	02	00	0.0	1	0	2	0																						
2	ppu_public	91	14370718	2	8	4.0	mode2_enter	2	A2	20	03	02	00	4.0	1	0	2	0																						
2	ppu_public	91	14370720	2	0	0.0	stat_sample	3	A2	00	03	02	00	0.0	1	0	2	0																						
2	ppu_public	91	14370886	2	176	88.0	mode3_enter	3	A2	00	03	02	00	88.0	1	0	2	0																						
2	cpu	91	14370832	2	122	61.0	write	3	A2		03	02	00	61.0	1		2	0				FF91	0D					00	00	91	00	00		READ_OLD	14370832	61.0				
2	ppu_public	91	14370888	2	84	42.0	stat_sample	3	A3	00	03	02	00	42.0	1	0	2	0																						
2	ppu_public	91	14371230	2	520	260.0	mode0_enter	0	A3	00	03	02	00	260.0	1	0	2	0																						
2	cpu	91	14370960	2	161	80.5	write	3	A3		03	02	00	125.0	1		2	0				FF91	0C					00	00	91	00	00		READ_OLD	14370960	125.0				
2	cpu	91	14371088	2	289	144.5	write	3	A3		03	02	00	189.0	1		2	0				FF91	0B					00	00	91	00	00		READ_OLD	14371088	189.0				
2	cpu	91	14371216	2	417	208.5	write	3	A3		03	02	00	253.0	1		2	0				FF91	0A					00	00	91	00	00		READ_OLD	14371216	253.0				
2	ppu_public	91	14371224	2	257	128.5	stat_sample	0	A0	00	03	02	00	128.5	1	0	2	0																						
2	cpu	91	14371344	2	377	188.5	write	0	A0		03	02	00	317.0	1		2	0				FF91	09					00	00	91	00	00		READ_OLD	14371344	317.0				
2	cpu	91	14371472	2	505	252.5	write	0	A0		03	02	00	381.0	1		2	0				FF91	08					00	00	91	00	00		READ_OLD	14371472	381.0				
2	cpu	91	14371600	2	633	316.5	write	0	A0		03	02	00	445.0	1		2	0				FF91	07					00	00	91	00	00		READ_OLD	14371600	445.0				
2	ppu_public	91	14371624	3	0	0.0	stat_sample	2	A0	20	03	02	00	0.0	1	1	2	0																						
2	ppu_public	91	14371624	3	0	0.0	stat_irq_edge	2	A0	20	03	02	00	0.0	1	1	2	0																						
2	ppu_public	91	14371624	3	2	1.0	mode2_irq_prepare	0	A0	00	03	02	00	1.0	1	0	2	0																						
2	ppu_public	91	14371632	3	0	0.0	stat_sample	2	A2	20	03	02	00	0.0	1	0	2	0																						
2	ppu_public	91	14371630	3	8	4.0	mode2_enter	2	A2	20	03	02	00	4.0	1	0	2	0																						
2	ppu_public	91	14371632	3	0	0.0	stat_sample	3	A2	00	03	02	00	0.0	1	0	2	0																						
2	ppu_public	91	14371798	3	176	88.0	mode3_enter	3	A2	00	03	02	00	88.0	1	0	2	0																						
2	cpu	91	14371728	3	106	53.0	write	3	A2		03	02	00	53.0	1		2	0				FF91	06					00	00	91	00	00		READ_OLD	14371728	53.0				
2	ppu_public	91	14371792	3	84	42.0	stat_sample	3	A3	00	03	02	00	42.0	1	0	2	0																						
2	ppu_public	91	14372142	3	520	260.0	mode0_enter	0	A3	00	03	02	00	260.0	1	0	2	0																						
2	cpu	91	14371856	3	145	72.5	write	3	A3		03	02	00	117.0	1		2	0				FF91	05					00	00	91	00	00		READ_OLD	14371856	117.0				
2	cpu	91	14371984	3	273	136.5	write	3	A3		03	02	00	181.0	1		2	0				FF91	04					00	00	91	00	00		READ_OLD	14371984	181.0				
2	cpu	91	14372112	3	401	200.5	write	3	A3		03	02	00	245.0	1		2	0				FF91	03					00	00	91	00	00		READ_OLD	14372112	245.0				
2	ppu_public	91	14372136	3	257	128.5	stat_sample	0	A0	00	03	02	00	128.5	1	0	2	0																						
2	cpu	91	14372240	3	361	180.5	write	0	A0		03	02	00	309.0	1		2	0				FF91	02					00	00	91	00	00		READ_OLD	14372240	309.0				
2	cpu	91	14372368	3	489	244.5	write	0	A0		03	02	00	373.0	1		2	0				FF91	01					00	00	91	00	00		READ_OLD	14372368	373.0				
2	ppu_public	91	14372536	4	0	0.0	stat_sample	2	A0	20	03	02	00	0.0	1	1	2	0																						
2	ppu_public	91	14372536	4	0	0.0	stat_irq_edge	2	A0	20	03	02	00	0.0	1	1	2	0																						
2	ppu_public	91	14372536	4	2	1.0	mode2_irq_prepare	0	A0	00	03	02	00	1.0	1	0	2	0																						
2	ppu_public	91	14372544	4	0	0.0	stat_sample	2	A2	20	03	02	00	0.0	1	0	2	0																						
2	ppu_public	91	14372542	4	8	4.0	mode2_enter	2	A2	20	03	02	00	4.0	1	0	2	0																						
2	ppu_public	91	14372544	4	0	0.0	stat_sample	3	A2	00	03	02	00	0.0	1	0	2	0																						
2	ppu_public	91	14372710	4	176	88.0	mode3_enter	3	A2	00	03	02	00	88.0	1	0	2	0																						
2	cpu	91	14372544	4	10	5.0	write	3	A2		03	02	00	5.0	1		2	0				DFFF	4A					00	00	91	00	00		READ_OLD	14372544	5.0				
2	cpu	91	14372552	4	18	9.0	write	3	A2		03	02	00	9.0	1		2	0				DFFE	9F					00	00	91	00	00		READ_OLD	14372552	9.0				
2	cpu	91	14372576	4	42	21.0	write	3	A2		03	02	00	21.0	1		2	0				FF01	22					00	00	91	00	00		READ_OLD	14372576	21.0				
2	cpu	91	14372616	4	82	41.0	write	3	A2		03	02	00	41.0	1		2	0				FF02	83					00	00	91	00	00		READ_OLD	14372616	41.0				
2	cpu	91	14372656	4	122	61.0	write	3	A2		03	02	00	61.0	1		2	0				FF91	12					00	00	91	00	00		READ_OLD	14372656	61.0				
2	ppu_public	91	14372712	4	84	42.0	stat_sample	3	A3	00	03	02	00	42.0	1	0	2	0																						
2	ppu_public	91	14373054	4	520	260.0	mode0_enter	0	A3	00	03	02	00	260.0	1	0	2	0																						
2	cpu	91	14372784	4	161	80.5	write	3	A3		03	02	00	125.0	1		2	0				FF91	11					00	00	91	00	00		READ_OLD	14372784	125.0				
2	cpu	91	14372912	4	289	144.5	write	3	A3		03	02	00	189.0	1		2	0				FF91	10					00	00	91	00	00		READ_OLD	14372912	189.0				
2	cpu	91	14373040	4	417	208.5	write	3	A3		03	02	00	253.0	1		2	0				FF91	0F					00	00	91	00	00		READ_OLD	14373040	253.0				
2	ppu_public	91	14373048	4	257	128.5	stat_sample	0	A0	00	03	02	00	128.5	1	0	2	0																						
2	cpu	91	14373168	4	377	188.5	write	0	A0		03	02	00	317.0	1		2	0				FF91	0E					00	00	91	00	00		READ_OLD	14373168	317.0				
2	cpu	91	14373296	4	505	252.5	write	0	A0		03	02	00	381.0	1		2	0				FF91	0D					00	00	91	00	00		READ_OLD	14373296	381.0				
2	cpu	91	14373424	4	633	316.5	write	0	A0		03	02	00	445.0	1		2	0				FF91	0C					00	00	91	00	00		READ_OLD	14373424	445.0				
2	ppu_public	91	14373448	5	0	0.0	stat_sample	2	A0	20	03	02	00	0.0	1	1	2	0																						
2	ppu_public	91	14373448	5	0	0.0	stat_irq_edge	2	A0	20	03	02	00	0.0	1	1	2	0																						
2	ppu_public	91	14373448	5	2	1.0	mode2_irq_prepare	0	A0	00	03	02	00	1.0	1	0	2	0																						
2	ppu_public	91	14373456	5	0	0.0	stat_sample	2	A2	20	03	02	00	0.0	1	0	2	0																						
2	ppu_public	91	14373454	5	8	4.0	mode2_enter	2	A2	20	03	02	00	4.0	1	0	2	0																						
2	ppu_public	91	14373456	5	0	0.0	stat_sample	3	A2	00	03	02	00	0.0	1	0	2	0																						
2	ppu_public	91	14373622	5	176	88.0	mode3_enter	3	A2	00	03	02	00	88.0	1	0	2	0																						
2	cpu	91	14373552	5	106	53.0	write	3	A2		03	02	00	53.0	1		2	0				FF91	0B					00	00	91	00	00		READ_OLD	14373552	53.0				
2	ppu_public	91	14373616	5	84	42.0	stat_sample	3	A3	00	03	02	00	42.0	1	0	2	0																						
2	ppu_public	91	14373966	5	520	260.0	mode0_enter	0	A3	00	03	02	00	260.0	1	0	2	0																						
2	cpu	91	14373680	5	145	72.5	write	3	A3		03	02	00	117.0	1		2	0				FF91	0A					00	00	91	00	00		READ_OLD	14373680	117.0				
2	cpu	91	14373808	5	273	136.5	write	3	A3		03	02	00	181.0	1		2	0				FF91	09					00	00	91	00	00		READ_OLD	14373808	181.0				
2	cpu	91	14373936	5	401	200.5	write	3	A3		03	02	00	245.0	1		2	0				FF91	08					00	00	91	00	00		READ_OLD	14373936	245.0				
2	ppu_public	91	14373960	5	257	128.5	stat_sample	0	A0	00	03	02	00	128.5	1	0	2	0																						
2	cpu	91	14374064	5	361	180.5	write	0	A0		03	02	00	309.0	1		2	0				FF91	07					00	00	91	00	00		READ_OLD	14374064	309.0				
2	cpu	91	14374192	5	489	244.5	write	0	A0		03	02	00	373.0	1		2	0				FF91	06					00	00	91	00	00		READ_OLD	14374192	373.0				
2	cpu	91	14374320	5	617	308.5	write	0	A0		03	02	00	437.0	1		2	0				FF91	05					00	00	91	00	00		READ_OLD	14374320	437.0				
2	ppu_public	91	14374360	6	0	0.0	stat_sample	2	A0	20	03	02	00	0.0	1	1	2	0																						
2	ppu_public	91	14374360	6	0	0.0	stat_irq_edge	2	A0	20	03	02	00	0.0	1	1	2	0																						
2	ppu_public	91	14374360	6	2	1.0	mode2_irq_prepare	0	A0	00	03	02	00	1.0	1	0	2	0																						
2	ppu_public	91	14374376	6	0	0.0	stat_sample	2	A2	20	03	02	00	0.0	1	0	2	0																						
2	ppu_public	91	14374366	6	8	4.0	mode2_enter	2	A2	20	03	02	00	4.0	1	0	2	0																						
2	ppu_public	91	14374376	6	0	0.0	stat_sample	3	A2	00	03	02	00	0.0	1	0	2	0																						
2	ppu_public	91	14374534	6	176	88.0	mode3_enter	3	A2	00	03	02	00	88.0	1	0	2	0																						
2	cpu	91	14374448	6	90	45.0	write	3	A2		03	02	00	45.0	1		2	0				FF91	04					00	00	91	00	00		READ_OLD	14374448	45.0				
2	ppu_public	91	14374528	6	84	42.0	stat_sample	3	A3	00	03	02	00	42.0	1	0	2	0																						
2	ppu_public	91	14374878	6	520	260.0	mode0_enter	0	A3	00	03	02	00	260.0	1	0	2	0																						
2	cpu	91	14374576	6	129	64.5	write	3	A3		03	02	00	109.0	1		2	0				FF91	03					00	00	91	00	00		READ_OLD	14374576	109.0				
2	cpu	91	14374704	6	257	128.5	write	3	A3		03	02	00	173.0	1		2	0				FF91	02					00	00	91	00	00		READ_OLD	14374704	173.0				
2	cpu	91	14374832	6	385	192.5	write	3	A3		03	02	00	237.0	1		2	0				FF91	01					00	00	91	00	00		READ_OLD	14374832	237.0				
2	ppu_public	91	14374872	6	257	128.5	stat_sample	0	A0	00	03	02	00	128.5	1	0	2	0																						
2	ppu_public	91	14375272	7	0	0.0	stat_sample	2	A0	20	03	02	00	0.0	1	1	2	0																						
2	ppu_public	91	14375272	7	0	0.0	stat_irq_edge	2	A0	20	03	02	00	0.0	1	1	2	0																						
2	ppu_public	91	14375272	7	2	1.0	mode2_irq_prepare	0	A0	00	03	02	00	1.0	1	0	2	0																						
2	ppu_public	91	14375280	7	0	0.0	stat_sample	2	A2	20	03	02	00	0.0	1	0	2	0																						
2	ppu_public	91	14375278	7	8	4.0	mode2_enter	2	A2	20	03	02	00	4.0	1	0	2	0																						
2	ppu_public	91	14375280	7	0	0.0	stat_sample	3	A2	00	03	02	00	0.0	1	0	2	0																						
2	ppu_public	91	14375446	7	176	88.0	mode3_enter	3	A2	00	03	02	00	88.0	1	0	2	0																						
2	ppu_public	91	14375440	7	84	42.0	stat_sample	3	A3	00	03	02	00	42.0	1	0	2	0																						
2	ppu_public	91	14375790	7	520	260.0	mode0_enter	0	A3	00	03	02	00	260.0	1	0	2	0																						
2	ppu_public	91	14375784	7	257	128.5	stat_sample	0	A0	00	03	02	00	128.5	1	0	2	0																						
2	ppu_public	91	14376184	8	0	0.0	stat_sample	2	A0	20	03	02	00	0.0	1	1	2	0																						
2	ppu_public	91	14376184	8	0	0.0	stat_irq_edge	2	A0	20	03	02	00	0.0	1	1	2	0																						
2	ppu_public	91	14376184	8	2	1.0	mode2_irq_prepare	0	A0	00	03	02	00	1.0	1	0	2	0																						
2	ppu_public	91	14376192	8	0	0.0	stat_sample	2	A2	20	03	02	00	0.0	1	0	2	0																						
2	ppu_public	91	14376190	8	8	4.0	mode2_enter	2	A2	20	03	02	00	4.0	1	0	2	0																						
2	ppu_public	91	14376192	8	0	0.0	stat_sample	3	A2	00	03	02	00	0.0	1	0	2	0																						
2	ppu_public	91	14376358	8	176	88.0	mode3_enter	3	A2	00	03	02	00	88.0	1	0	2	0																						
2	ppu_public	91	14376352	8	84	42.0	stat_sample	3	A3	00	03	02	00	42.0	1	0	2	0																						
2	ppu_public	91	14376702	8	520	260.0	mode0_enter	0	A3	00	03	02	00	260.0	1	0	2	0																						
2	ppu_public	91	14376696	8	257	128.5	stat_sample	0	A0	00	03	02	00	128.5	1	0	2	0																						
2	ppu_public	91	14377096	9	0	0.0	stat_sample	2	A0	20	03	02	00	0.0	1	1	2	0																						
2	ppu_public	91	14377096	9	0	0.0	stat_irq_edge	2	A0	20	03	02	00	0.0	1	1	2	0																						
2	ppu_public	91	14377096	9	2	1.0	mode2_irq_prepare	0	A0	00	03	02	00	1.0	1	0	2	0																						
2	ppu_public	91	14377104	9	0	0.0	stat_sample	2	A2	20	03	02	00	0.0	1	0	2	0																						
2	ppu_public	91	14377102	9	8	4.0	mode2_enter	2	A2	20	03	02	00	4.0	1	0	2	0																						
2	ppu_public	91	14377104	9	0	0.0	stat_sample	3	A2	00	03	02	00	0.0	1	0	2	0																						
2	ppu_public	91	14377270	9	176	88.0	mode3_enter	3	A2	00	03	02	00	88.0	1	0	2	0																						
2	ppu_public	91	14377264	9	84	42.0	stat_sample	3	A3	00	03	02	00	42.0	1	0	2	0																						
2	ppu_public	91	14377614	9	520	260.0	mode0_enter	0	A3	00	03	02	00	260.0	1	0	2	0																						
2	ppu_public	91	14377608	9	257	128.5	stat_sample	0	A0	00	03	02	00	128.5	1	0	2	0																						
2	ppu_public	91	14378008	10	0	0.0	stat_sample	2	A0	20	03	02	00	0.0	1	1	2	0																						
2	ppu_public	91	14378008	10	0	0.0	stat_irq_edge	2	A0	20	03	02	00	0.0	1	1	2	0																						
2	ppu_public	91	14378008	10	2	1.0	mode2_irq_prepare	0	A0	00	03	02	00	1.0	1	0	2	0																						
2	ppu_public	91	14378016	10	0	0.0	stat_sample	2	A2	20	03	02	00	0.0	1	0	2	0																						
2	ppu_public	91	14378014	10	8	4.0	mode2_enter	2	A2	20	03	02	00	4.0	1	0	2	0																						
2	ppu_public	91	14378016	10	0	0.0	stat_sample	3	A2	00	03	02	00	0.0	1	0	2	0																						
2	ppu_public	91	14378182	10	176	88.0	mode3_enter	3	A2	00	03	02	00	88.0	1	0	2	0																						
2	ppu_public	91	14378176	10	84	42.0	stat_sample	3	A3	00	03	02	00	42.0	1	0	2	0																						
2	ppu_public	91	14378526	10	520	260.0	mode0_enter	0	A3	00	03	02	00	260.0	1	0	2	0																						
2	ppu_public	91	14378520	10	257	128.5	stat_sample	0	A0	00	03	02	00	128.5	1	0	2	0																						
2	ppu_public	91	14378920	11	0	0.0	stat_sample	2	A0	20	03	02	00	0.0	1	1	2	0																						
2	ppu_public	91	14378920	11	0	0.0	stat_irq_edge	2	A0	20	03	02	00	0.0	1	1	2	0																						
2	ppu_public	91	14378920	11	2	1.0	mode2_irq_prepare	0	A0	00	03	02	00	1.0	1	0	2	0																						
2	ppu_public	91	14378928	11	0	0.0	stat_sample	2	A2	20	03	02	00	0.0	1	0	2	0																						
2	ppu_public	91	14378926	11	8	4.0	mode2_enter	2	A2	20	03	02	00	4.0	1	0	2	0																						
2	ppu_public	91	14378928	11	0	0.0	stat_sample	3	A2	00	03	02	00	0.0	1	0	2	0																						
2	ppu_public	91	14379094	11	176	88.0	mode3_enter	3	A2	00	03	02	00	88.0	1	0	2	0																						
2	ppu_public	91	14379088	11	84	42.0	stat_sample	3	A3	00	03	02	00	42.0	1	0	2	0																						
2	ppu_public	91	14379438	11	520	260.0	mode0_enter	0	A3	00	03	02	00	260.0	1	0	2	0																						
2	ppu_public	91	14379432	11	257	128.5	stat_sample	0	A0	00	03	02	00	128.5	1	0	2	0																						
2	ppu_public	91	14379832	12	0	0.0	stat_sample	2	A0	20	0B	02	00	0.0	1	1	2	0																						
2	ppu_public	91	14379832	12	0	0.0	stat_irq_edge	2	A0	20	0B	02	00	0.0	1	1	2	0																						
2	ppu_public	91	14379832	12	2	1.0	mode2_irq_prepare	0	A0	00	0B	02	00	1.0	1	0	2	0																						
2	ppu_public	91	14379840	12	0	0.0	stat_sample	2	A2	20	0B	02	00	0.0	1	0	2	0																						
2	ppu_public	91	14379838	12	8	4.0	mode2_enter	2	A2	20	0B	02	00	4.0	1	0	2	0																						
2	ppu_public	91	14379840	12	0	0.0	stat_sample	3	A2	00	0B	02	00	0.0	1	0	2	0																						
2	ppu_public	91	14380006	12	176	88.0	mode3_enter	3	A2	00	0B	02	00	88.0	1	0	2	0																						
2	ppu_public	91	14380000	12	84	42.0	stat_sample	3	A3	00	0B	02	00	42.0	1	0	2	0																						
2	ppu_public	91	14380350	12	520	260.0	mode0_enter	0	A3	00	0B	02	00	260.0	1	0	2	0																						
2	ppu_public	91	14380344	12	257	128.5	stat_sample	0	A0	00	0B	02	00	128.5	1	0	2	0																						
2	ppu_public	91	14380744	13	0	0.0	stat_sample	2	A0	20	0B	02	00	0.0	1	1	2	0																						
2	ppu_public	91	14380744	13	0	0.0	stat_irq_edge	2	A0	20	0B	02	00	0.0	1	1	2	0																						
2	ppu_public	91	14380744	13	2	1.0	mode2_irq_prepare	0	A0	00	0B	02	00	1.0	1	0	2	0																						
2	ppu_public	91	14380752	13	0	0.0	stat_sample	2	A2	20	0B	02	00	0.0	1	0	2	0																						
2	ppu_public	91	14380750	13	8	4.0	mode2_enter	2	A2	20	0B	02	00	4.0	1	0	2	0																						
2	ppu_public	91	14380752	13	0	0.0	stat_sample	3	A2	00	0B	02	00	0.0	1	0	2	0																						
2	ppu_public	91	14380918	13	176	88.0	mode3_enter	3	A2	00	0B	02	00	88.0	1	0	2	0																						
2	ppu_public	91	14380912	13	84	42.0	stat_sample	3	A3	00	0B	02	00	42.0	1	0	2	0																						
2	ppu_public	91	14381262	13	520	260.0	mode0_enter	0	A3	00	0B	02	00	260.0	1	0	2	0																						
2	ppu_public	91	14381256	13	257	128.5	stat_sample	0	A0	00	0B	02	00	128.5	1	0	2	0																						
2	ppu_public	91	14381656	14	0	0.0	stat_sample	2	A0	20	0B	02	00	0.0	1	1	2	0																						
2	ppu_public	91	14381656	14	0	0.0	stat_irq_edge	2	A0	20	0B	02	00	0.0	1	1	2	0																						
2	ppu_public	91	14381656	14	2	1.0	mode2_irq_prepare	0	A0	00	0B	02	00	1.0	1	0	2	0																						
2	ppu_public	91	14381664	14	0	0.0	stat_sample	2	A2	20	0B	02	00	0.0	1	0	2	0																						
2	ppu_public	91	14381662	14	8	4.0	mode2_enter	2	A2	20	0B	02	00	4.0	1	0	2	0																						
2	ppu_public	91	14381664	14	0	0.0	stat_sample	3	A2	00	0B	02	00	0.0	1	0	2	0																						
2	ppu_public	91	14381830	14	176	88.0	mode3_enter	3	A2	00	0B	02	00	88.0	1	0	2	0																						
2	ppu_public	91	14381824	14	84	42.0	stat_sample	3	A3	00	0B	02	00	42.0	1	0	2	0																						
2	ppu_public	91	14382174	14	520	260.0	mode0_enter	0	A3	00	0B	02	00	260.0	1	0	2	0																						
2	ppu_public	91	14382168	14	257	128.5	stat_sample	0	A0	00	0B	02	00	128.5	1	0	2	0																						
2	ppu_public	91	14382568	15	0	0.0	stat_sample	2	A0	20	0B	02	00	0.0	1	1	2	0																						
2	ppu_public	91	14382568	15	0	0.0	stat_irq_edge	2	A0	20	0B	02	00	0.0	1	1	2	0																						
2	ppu_public	91	14382568	15	2	1.0	mode2_irq_prepare	0	A0	00	0B	02	00	1.0	1	0	2	0																						
2	ppu_public	91	14382576	15	0	0.0	stat_sample	2	A2	20	0B	02	00	0.0	1	0	2	0																						
2	ppu_public	91	14382574	15	8	4.0	mode2_enter	2	A2	20	0B	02	00	4.0	1	0	2	0																						
2	ppu_public	91	14382576	15	0	0.0	stat_sample	3	A2	00	0B	02	00	0.0	1	0	2	0																						
2	ppu_public	91	14382742	15	176	88.0	mode3_enter	3	A2	00	0B	02	00	88.0	1	0	2	0																						
2	ppu_public	91	14382736	15	84	42.0	stat_sample	3	A3	00	0B	02	00	42.0	1	0	2	0																						
2	ppu_public	91	14383086	15	520	260.0	mode0_enter	0	A3	00	0B	02	00	260.0	1	0	2	0																						
2	ppu_public	91	14383080	15	257	128.5	stat_sample	0	A0	00	0B	02	00	128.5	1	0	2	0																						
2	ppu_public	91	14383480	16	0	0.0	stat_sample	2	A0	20	0B	02	00	0.0	1	1	2	0																						
2	ppu_public	91	14383480	16	0	0.0	stat_irq_edge	2	A0	20	0B	02	00	0.0	1	1	2	0																						
2	ppu_public	91	14383480	16	2	1.0	mode2_irq_prepare	0	A0	00	0B	02	00	1.0	1	0	2	0																						
2	ppu_public	91	14383488	16	0	0.0	stat_sample	2	A2	20	0B	02	00	0.0	1	0	2	0																						
2	ppu_public	91	14383486	16	8	4.0	mode2_enter	2	A2	20	0B	02	00	4.0	1	0	2	0																						
2	ppu_public	91	14383488	16	0	0.0	stat_sample	3	A2	00	0B	02	00	0.0	1	0	2	0																						
2	ppu_public	91	14383654	16	176	88.0	mode3_enter	3	A2	00	0B	02	00	88.0	1	0	2	0																						
2	ppu_public	91	14383648	16	84	42.0	stat_sample	3	A3	00	0B	02	00	42.0	1	0	2	0																						
2	ppu_public	91	14383998	16	520	260.0	mode0_enter	0	A3	00	0B	02	00	260.0	1	0	2	0																						
2	ppu_public	91	14383992	16	257	128.5	stat_sample	0	A0	00	0B	02	00	128.5	1	0	2	0																						
2	ppu_public	91	14384392	17	0	0.0	stat_sample	2	A0	20	0B	02	00	0.0	1	1	2	0																						
2	ppu_public	91	14384392	17	0	0.0	stat_irq_edge	2	A0	20	0B	02	00	0.0	1	1	2	0																						
2	ppu_public	91	14384392	17	2	1.0	mode2_irq_prepare	0	A0	00	0B	02	00	1.0	1	0	2	0																						
2	ppu_public	91	14384400	17	0	0.0	stat_sample	2	A2	20	0B	02	00	0.0	1	0	2	0																						
2	ppu_public	91	14384398	17	8	4.0	mode2_enter	2	A2	20	0B	02	00	4.0	1	0	2	0																						
2	ppu_public	91	14384400	17	0	0.0	stat_sample	3	A2	00	0B	02	00	0.0	1	0	2	0																						
2	ppu_public	91	14384566	17	176	88.0	mode3_enter	3	A2	00	0B	02	00	88.0	1	0	2	0																						
2	ppu_public	91	14384560	17	84	42.0	stat_sample	3	A3	00	0B	02	00	42.0	1	0	2	0																						
2	ppu_public	91	14384910	17	520	260.0	mode0_enter	0	A3	00	0B	02	00	260.0	1	0	2	0																						
2	ppu_public	91	14384904	17	257	128.5	stat_sample	0	A0	00	0B	02	00	128.5	1	0	2	0																						
2	ppu_public	91	14385304	18	0	0.0	stat_sample	2	A0	20	0B	02	00	0.0	1	1	2	0																						
2	ppu_public	91	14385304	18	0	0.0	stat_irq_edge	2	A0	20	0B	02	00	0.0	1	1	2	0																						
2	ppu_public	91	14385304	18	2	1.0	mode2_irq_prepare	0	A0	00	0B	02	00	1.0	1	0	2	0																						
2	ppu_public	91	14385312	18	0	0.0	stat_sample	2	A2	20	0B	02	00	0.0	1	0	2	0																						
2	ppu_public	91	14385310	18	8	4.0	mode2_enter	2	A2	20	0B	02	00	4.0	1	0	2	0																						
2	ppu_public	91	14385312	18	0	0.0	stat_sample	3	A2	00	0B	02	00	0.0	1	0	2	0																						
2	ppu_public	91	14385478	18	176	88.0	mode3_enter	3	A2	00	0B	02	00	88.0	1	0	2	0																						
2	ppu_public	91	14385472	18	84	42.0	stat_sample	3	A3	00	0B	02	00	42.0	1	0	2	0																						
2	ppu_public	91	14385822	18	520	260.0	mode0_enter	0	A3	00	0B	02	00	260.0	1	0	2	0																						
2	ppu_public	91	14385816	18	257	128.5	stat_sample	0	A0	00	0B	02	00	128.5	1	0	2	0																						
2	ppu_public	91	14386216	19	0	0.0	stat_sample	2	A0	20	0B	02	00	0.0	1	1	2	0																						
2	ppu_public	91	14386216	19	0	0.0	stat_irq_edge	2	A0	20	0B	02	00	0.0	1	1	2	0																						
2	ppu_public	91	14386216	19	2	1.0	mode2_irq_prepare	0	A0	00	0B	02	00	1.0	1	0	2	0																						
2	ppu_public	91	14386224	19	0	0.0	stat_sample	2	A2	20	0B	02	00	0.0	1	0	2	0																						
2	ppu_public	91	14386222	19	8	4.0	mode2_enter	2	A2	20	0B	02	00	4.0	1	0	2	0																						
2	ppu_public	91	14386224	19	0	0.0	stat_sample	3	A2	00	0B	02	00	0.0	1	0	2	0																						
2	ppu_public	91	14386390	19	176	88.0	mode3_enter	3	A2	00	0B	02	00	88.0	1	0	2	0																						
2	ppu_public	91	14386384	19	84	42.0	stat_sample	3	A3	00	0B	02	00	42.0	1	0	2	0																						
2	ppu_public	91	14386734	19	520	260.0	mode0_enter	0	A3	00	0B	02	00	260.0	1	0	2	0																						
2	ppu_public	91	14386728	19	257	128.5	stat_sample	0	A0	00	0B	02	00	128.5	1	0	2	0																						
2	ppu_public	91	14387128	20	0	0.0	stat_sample	2	A0	20	0B	02	00	0.0	1	1	2	0																						
2	ppu_public	91	14387128	20	0	0.0	stat_irq_edge	2	A0	20	0B	02	00	0.0	1	1	2	0																						
2	ppu_public	91	14387128	20	2	1.0	mode2_irq_prepare	0	A0	00	0B	02	00	1.0	1	0	2	0																						
2	ppu_public	91	14387136	20	0	0.0	stat_sample	2	A2	20	0B	02	00	0.0	1	0	2	0																						
2	ppu_public	91	14387134	20	8	4.0	mode2_enter	2	A2	20	0B	02	00	4.0	1	0	2	0																						
2	ppu_public	91	14387136	20	0	0.0	stat_sample	3	A2	00	0B	02	00	0.0	1	0	2	0																						
2	ppu_public	91	14387302	20	176	88.0	mode3_enter	3	A2	00	0B	02	00	88.0	1	0	2	0																						
2	ppu_public	91	14387296	20	84	42.0	stat_sample	3	A3	00	0B	02	00	42.0	1	0	2	0																						
2	ppu_public	91	14387646	20	520	260.0	mode0_enter	0	A3	00	0B	02	00	260.0	1	0	2	0																						
2	ppu_public	91	14387640	20	257	128.5	stat_sample	0	A0	00	0B	02	00	128.5	1	0	2	0																						
2	ppu_public	91	14388040	21	0	0.0	stat_sample	2	A0	20	0B	02	00	0.0	1	1	2	0																						
2	ppu_public	91	14388040	21	0	0.0	stat_irq_edge	2	A0	20	0B	02	00	0.0	1	1	2	0																						
2	ppu_public	91	14388040	21	2	1.0	mode2_irq_prepare	0	A0	00	0B	02	00	1.0	1	0	2	0																						
2	ppu_public	91	14388048	21	0	0.0	stat_sample	2	A2	20	0B	02	00	0.0	1	0	2	0																						
2	ppu_public	91	14388046	21	8	4.0	mode2_enter	2	A2	20	0B	02	00	4.0	1	0	2	0																						
2	ppu_public	91	14388048	21	0	0.0	stat_sample	3	A2	00	0B	02	00	0.0	1	0	2	0																						
2	ppu_public	91	14388214	21	176	88.0	mode3_enter	3	A2	00	0B	02	00	88.0	1	0	2	0																						
2	ppu_public	91	14388208	21	84	42.0	stat_sample	3	A3	00	0B	02	00	42.0	1	0	2	0																						
2	ppu_public	91	14388558	21	520	260.0	mode0_enter	0	A3	00	0B	02	00	260.0	1	0	2	0																						
2	ppu_public	91	14388552	21	257	128.5	stat_sample	0	A0	00	0B	02	00	128.5	1	0	2	0																						
2	ppu_public	91	14388952	22	0	0.0	stat_sample	2	A0	20	0B	02	00	0.0	1	1	2	0																						
2	ppu_public	91	14388952	22	0	0.0	stat_irq_edge	2	A0	20	0B	02	00	0.0	1	1	2	0																						
2	ppu_public	91	14388952	22	2	1.0	mode2_irq_prepare	0	A0	00	0B	02	00	1.0	1	0	2	0																						
2	ppu_public	91	14388960	22	0	0.0	stat_sample	2	A2	20	0B	02	00	0.0	1	0	2	0																						
2	ppu_public	91	14388958	22	8	4.0	mode2_enter	2	A2	20	0B	02	00	4.0	1	0	2	0																						
2	ppu_public	91	14388960	22	0	0.0	stat_sample	3	A2	00	0B	02	00	0.0	1	0	2	0																						
2	ppu_public	91	14389126	22	176	88.0	mode3_enter	3	A2	00	0B	02	00	88.0	1	0	2	0																						
2	ppu_public	91	14389120	22	84	42.0	stat_sample	3	A3	00	0B	02	00	42.0	1	0	2	0																						
2	ppu_public	91	14389470	22	520	260.0	mode0_enter	0	A3	00	0B	02	00	260.0	1	0	2	0																						
2	ppu_public	91	14389464	22	257	128.5	stat_sample	0	A0	00	0B	02	00	128.5	1	0	2	0																						
2	ppu_public	91	14389864	23	0	0.0	stat_sample	2	A0	20	0B	02	00	0.0	1	1	2	0																						
2	ppu_public	91	14389864	23	0	0.0	stat_irq_edge	2	A0	20	0B	02	00	0.0	1	1	2	0																						
2	ppu_public	91	14389864	23	2	1.0	mode2_irq_prepare	0	A0	00	0B	02	00	1.0	1	0	2	0																						
2	ppu_public	91	14389872	23	0	0.0	stat_sample	2	A2	20	0B	02	00	0.0	1	0	2	0																						
2	ppu_public	91	14389870	23	8	4.0	mode2_enter	2	A2	20	0B	02	00	4.0	1	0	2	0																						
2	ppu_public	91	14389872	23	0	0.0	stat_sample	3	A2	00	0B	02	00	0.0	1	0	2	0																						
2	ppu_public	91	14390038	23	176	88.0	mode3_enter	3	A2	00	0B	02	00	88.0	1	0	2	0																						
2	ppu_public	91	14390032	23	84	42.0	stat_sample	3	A3	00	0B	02	00	42.0	1	0	2	0																						
2	ppu_public	91	14390382	23	520	260.0	mode0_enter	0	A3	00	0B	02	00	260.0	1	0	2	0																						
2	ppu_public	91	14390376	23	257	128.5	stat_sample	0	A0	00	0B	02	00	128.5	1	0	2	0																						
2	ppu_public	91	14390776	24	0	0.0	stat_sample	2	A0	20	0B	02	00	0.0	1	1	2	0																						
2	ppu_public	91	14390776	24	0	0.0	stat_irq_edge	2	A0	20	0B	02	00	0.0	1	1	2	0																						
2	ppu_public	91	14390776	24	2	1.0	mode2_irq_prepare	0	A0	00	0B	02	00	1.0	1	0	2	0																						
2	ppu_public	91	14390784	24	0	0.0	stat_sample	2	A2	20	0B	02	00	0.0	1	0	2	0																						
2	ppu_public	91	14390782	24	8	4.0	mode2_enter	2	A2	20	0B	02	00	4.0	1	0	2	0																						
2	ppu_public	91	14390784	24	0	0.0	stat_sample	3	A2	00	0B	02	00	0.0	1	0	2	0																						
2	ppu_public	91	14390950	24	176	88.0	mode3_enter	3	A2	00	0B	02	00	88.0	1	0	2	0																						
2	ppu_public	91	14390944	24	84	42.0	stat_sample	3	A3	00	0B	02	00	42.0	1	0	2	0																						
2	ppu_public	91	14391294	24	520	260.0	mode0_enter	0	A3	00	0B	02	00	260.0	1	0	2	0																						
2	ppu_public	91	14391288	24	257	128.5	stat_sample	0	A0	00	0B	02	00	128.5	1	0	2	0																						
2	ppu_public	91	14391688	25	0	0.0	stat_sample	2	A0	20	0B	02	00	0.0	1	1	2	0																						
2	ppu_public	91	14391688	25	0	0.0	stat_irq_edge	2	A0	20	0B	02	00	0.0	1	1	2	0																						
2	ppu_public	91	14391688	25	2	1.0	mode2_irq_prepare	0	A0	00	0B	02	00	1.0	1	0	2	0																						
2	ppu_public	91	14391696	25	0	0.0	stat_sample	2	A2	20	0B	02	00	0.0	1	0	2	0																						
2	ppu_public	91	14391694	25	8	4.0	mode2_enter	2	A2	20	0B	02	00	4.0	1	0	2	0																						
2	ppu_public	91	14391696	25	0	0.0	stat_sample	3	A2	00	0B	02	00	0.0	1	0	2	0																						
2	ppu_public	91	14391862	25	176	88.0	mode3_enter	3	A2	00	0B	02	00	88.0	1	0	2	0																						
2	ppu_public	91	14391856	25	84	42.0	stat_sample	3	A3	00	0B	02	00	42.0	1	0	2	0																						
2	ppu_public	91	14392206	25	520	260.0	mode0_enter	0	A3	00	0B	02	00	260.0	1	0	2	0																						
2	ppu_public	91	14392200	25	257	128.5	stat_sample	0	A0	00	0B	02	00	128.5	1	0	2	0																						
2	ppu_public	91	14392600	26	0	0.0	stat_sample	2	A0	20	0B	02	00	0.0	1	1	2	0																						
2	ppu_public	91	14392600	26	0	0.0	stat_irq_edge	2	A0	20	0B	02	00	0.0	1	1	2	0																						
2	ppu_public	91	14392600	26	2	1.0	mode2_irq_prepare	0	A0	00	0B	02	00	1.0	1	0	2	0																						
2	ppu_public	91	14392608	26	0	0.0	stat_sample	2	A2	20	0B	02	00	0.0	1	0	2	0																						
2	ppu_public	91	14392606	26	8	4.0	mode2_enter	2	A2	20	0B	02	00	4.0	1	0	2	0																						
2	ppu_public	91	14392608	26	0	0.0	stat_sample	3	A2	00	0B	02	00	0.0	1	0	2	0																						
2	ppu_public	91	14392774	26	176	88.0	mode3_enter	3	A2	00	0B	02	00	88.0	1	0	2	0																						
2	ppu_public	91	14392768	26	84	42.0	stat_sample	3	A3	00	0B	02	00	42.0	1	0	2	0																						
2	ppu_public	91	14393118	26	520	260.0	mode0_enter	0	A3	00	0B	02	00	260.0	1	0	2	0																						
2	ppu_public	91	14393112	26	257	128.5	stat_sample	0	A0	00	0B	02	00	128.5	1	0	2	0																						
2	ppu_public	91	14393512	27	0	0.0	stat_sample	2	A0	20	0B	02	00	0.0	1	1	2	0																						
2	ppu_public	91	14393512	27	0	0.0	stat_irq_edge	2	A0	20	0B	02	00	0.0	1	1	2	0																						
2	ppu_public	91	14393512	27	2	1.0	mode2_irq_prepare	0	A0	00	0B	02	00	1.0	1	0	2	0																						
2	ppu_public	91	14393520	27	0	0.0	stat_sample	2	A2	20	0B	02	00	0.0	1	0	2	0																						
2	ppu_public	91	14393518	27	8	4.0	mode2_enter	2	A2	20	0B	02	00	4.0	1	0	2	0																						
2	ppu_public	91	14393520	27	0	0.0	stat_sample	3	A2	00	0B	02	00	0.0	1	0	2	0																						
2	ppu_public	91	14393686	27	176	88.0	mode3_enter	3	A2	00	0B	02	00	88.0	1	0	2	0																						
2	ppu_public	91	14393680	27	84	42.0	stat_sample	3	A3	00	0B	02	00	42.0	1	0	2	0																						
2	ppu_public	91	14394030	27	520	260.0	mode0_enter	0	A3	00	0B	02	00	260.0	1	0	2	0																						
2	ppu_public	91	14394024	27	257	128.5	stat_sample	0	A0	00	0B	02	00	128.5	1	0	2	0																						
2	ppu_public	91	14394424	28	0	0.0	stat_sample	2	A0	20	0B	02	00	0.0	1	1	2	0																						
2	ppu_public	91	14394424	28	0	0.0	stat_irq_edge	2	A0	20	0B	02	00	0.0	1	1	2	0																						
2	ppu_public	91	14394424	28	2	1.0	mode2_irq_prepare	0	A0	00	0B	02	00	1.0	1	0	2	0																						
2	ppu_public	91	14394432	28	0	0.0	stat_sample	2	A2	20	0B	02	00	0.0	1	0	2	0																						
2	ppu_public	91	14394430	28	8	4.0	mode2_enter	2	A2	20	0B	02	00	4.0	1	0	2	0																						
2	ppu_public	91	14394432	28	0	0.0	stat_sample	3	A2	00	0B	02	00	0.0	1	0	2	0																						
2	ppu_public	91	14394598	28	176	88.0	mode3_enter	3	A2	00	0B	02	00	88.0	1	0	2	0																						
2	ppu_public	91	14394592	28	84	42.0	stat_sample	3	A3	00	0B	02	00	42.0	1	0	2	0																						
2	ppu_public	91	14394942	28	520	260.0	mode0_enter	0	A3	00	0B	02	00	260.0	1	0	2	0																						
2	ppu_public	91	14394936	28	257	128.5	stat_sample	0	A0	00	0B	02	00	128.5	1	0	2	0																						
2	ppu_public	91	14395336	29	0	0.0	stat_sample	2	A0	20	0B	02	00	0.0	1	1	2	0																						
2	ppu_public	91	14395336	29	0	0.0	stat_irq_edge	2	A0	20	0B	02	00	0.0	1	1	2	0																						
2	ppu_public	91	14395336	29	2	1.0	mode2_irq_prepare	0	A0	00	0B	02	00	1.0	1	0	2	0																						
2	ppu_public	91	14395344	29	0	0.0	stat_sample	2	A2	20	0B	02	00	0.0	1	0	2	0																						
2	ppu_public	91	14395342	29	8	4.0	mode2_enter	2	A2	20	0B	02	00	4.0	1	0	2	0																						
2	ppu_public	91	14395344	29	0	0.0	stat_sample	3	A2	00	0B	02	00	0.0	1	0	2	0																						
2	ppu_public	91	14395510	29	176	88.0	mode3_enter	3	A2	00	0B	02	00	88.0	1	0	2	0																						
2	ppu_public	91	14395504	29	84	42.0	stat_sample	3	A3	00	0B	02	00	42.0	1	0	2	0																						
2	ppu_public	91	14395854	29	520	260.0	mode0_enter	0	A3	00	0B	02	00	260.0	1	0	2	0																						
2	ppu_public	91	14395848	29	257	128.5	stat_sample	0	A0	00	0B	02	00	128.5	1	0	2	0																						
2	ppu_public	91	14396248	30	0	0.0	stat_sample	2	A0	20	0B	02	00	0.0	1	1	2	0																						
2	ppu_public	91	14396248	30	0	0.0	stat_irq_edge	2	A0	20	0B	02	00	0.0	1	1	2	0																						
2	ppu_public	91	14396248	30	2	1.0	mode2_irq_prepare	0	A0	00	0B	02	00	1.0	1	0	2	0																						
2	ppu_public	91	14396256	30	0	0.0	stat_sample	2	A2	20	0B	02	00	0.0	1	0	2	0																						
2	ppu_public	91	14396254	30	8	4.0	mode2_enter	2	A2	20	0B	02	00	4.0	1	0	2	0																						
2	ppu_public	91	14396256	30	0	0.0	stat_sample	3	A2	00	0B	02	00	0.0	1	0	2	0																						
2	ppu_public	91	14396422	30	176	88.0	mode3_enter	3	A2	00	0B	02	00	88.0	1	0	2	0																						
2	ppu_public	91	14396416	30	84	42.0	stat_sample	3	A3	00	0B	02	00	42.0	1	0	2	0																						
2	ppu_public	91	14396766	30	520	260.0	mode0_enter	0	A3	00	0B	02	00	260.0	1	0	2	0																						
2	ppu_public	91	14396760	30	257	128.5	stat_sample	0	A0	00	0B	02	00	128.5	1	0	2	0																						
2	ppu_public	91	14397160	31	0	0.0	stat_sample	2	A0	20	0B	02	00	0.0	1	1	2	0																						
2	ppu_public	91	14397160	31	0	0.0	stat_irq_edge	2	A0	20	0B	02	00	0.0	1	1	2	0																						
2	ppu_public	91	14397160	31	2	1.0	mode2_irq_prepare	0	A0	00	0B	02	00	1.0	1	0	2	0																						
2	ppu_public	91	14397168	31	0	0.0	stat_sample	2	A2	20	0B	02	00	0.0	1	0	2	0																						
2	ppu_public	91	14397166	31	8	4.0	mode2_enter	2	A2	20	0B	02	00	4.0	1	0	2	0																						
2	ppu_public	91	14397168	31	0	0.0	stat_sample	3	A2	00	0B	02	00	0.0	1	0	2	0																						
2	ppu_public	91	14397334	31	176	88.0	mode3_enter	3	A2	00	0B	02	00	88.0	1	0	2	0																						
2	ppu_public	91	14397328	31	84	42.0	stat_sample	3	A3	00	0B	02	00	42.0	1	0	2	0																						
2	ppu_public	91	14397678	31	520	260.0	mode0_enter	0	A3	00	0B	02	00	260.0	1	0	2	0																						
2	ppu_public	91	14397672	31	257	128.5	stat_sample	0	A0	00	0B	02	00	128.5	1	0	2	0																						
2	ppu_public	91	14398072	32	0	0.0	stat_sample	2	A0	20	0B	02	00	0.0	1	1	2	0																						
2	ppu_public	91	14398072	32	0	0.0	stat_irq_edge	2	A0	20	0B	02	00	0.0	1	1	2	0																						
2	ppu_public	91	14398072	32	2	1.0	mode2_irq_prepare	0	A0	00	0B	02	00	1.0	1	0	2	0																						
2	ppu_public	91	14398080	32	0	0.0	stat_sample	2	A2	20	0B	02	00	0.0	1	0	2	0																						
2	ppu_public	91	14398078	32	8	4.0	mode2_enter	2	A2	20	0B	02	00	4.0	1	0	2	0																						
2	ppu_public	91	14398080	32	0	0.0	stat_sample	3	A2	00	0B	02	00	0.0	1	0	2	0																						
2	ppu_public	91	14398246	32	176	88.0	mode3_enter	3	A2	00	0B	02	00	88.0	1	0	2	0																						
2	ppu_public	91	14398240	32	84	42.0	stat_sample	3	A3	00	0B	02	00	42.0	1	0	2	0																						
2	ppu_public	91	14398590	32	520	260.0	mode0_enter	0	A3	00	0B	02	00	260.0	1	0	2	0																						
2	ppu_public	91	14398584	32	257	128.5	stat_sample	0	A0	00	0B	02	00	128.5	1	0	2	0																						
2	ppu_public	91	14398984	33	0	0.0	stat_sample	2	A0	20	0B	02	00	0.0	1	1	2	0																						
2	ppu_public	91	14398984	33	0	0.0	stat_irq_edge	2	A0	20	0B	02	00	0.0	1	1	2	0																						
2	ppu_public	91	14398984	33	2	1.0	mode2_irq_prepare	0	A0	00	0B	02	00	1.0	1	0	2	0																						
2	ppu_public	91	14398992	33	0	0.0	stat_sample	2	A2	20	0B	02	00	0.0	1	0	2	0																						
2	ppu_public	91	14398990	33	8	4.0	mode2_enter	2	A2	20	0B	02	00	4.0	1	0	2	0																						
2	ppu_public	91	14398992	33	0	0.0	stat_sample	3	A2	00	0B	02	00	0.0	1	0	2	0																						
2	ppu_public	91	14399158	33	176	88.0	mode3_enter	3	A2	00	0B	02	00	88.0	1	0	2	0																						
2	ppu_public	91	14399152	33	84	42.0	stat_sample	3	A3	00	0B	02	00	42.0	1	0	2	0																						
2	ppu_public	91	14399502	33	520	260.0	mode0_enter	0	A3	00	0B	02	00	260.0	1	0	2	0																						
2	ppu_public	91	14399496	33	257	128.5	stat_sample	0	A0	00	0B	02	00	128.5	1	0	2	0																						
2	ppu_public	91	14399896	34	0	0.0	stat_sample	2	A0	20	0B	02	00	0.0	1	1	2	0																						
2	ppu_public	91	14399896	34	0	0.0	stat_irq_edge	2	A0	20	0B	02	00	0.0	1	1	2	0																						
2	ppu_public	91	14399896	34	2	1.0	mode2_irq_prepare	0	A0	00	0B	02	00	1.0	1	0	2	0																						
2	ppu_public	91	14399904	34	0	0.0	stat_sample	2	A2	20	0B	02	00	0.0	1	0	2	0																						
2	ppu_public	91	14399902	34	8	4.0	mode2_enter	2	A2	20	0B	02	00	4.0	1	0	2	0																						
2	ppu_public	91	14399904	34	0	0.0	stat_sample	3	A2	00	0B	02	00	0.0	1	0	2	0																						
2	ppu_public	91	14400070	34	176	88.0	mode3_enter	3	A2	00	0B	02	00	88.0	1	0	2	0																						
2	ppu_public	91	14400064	34	84	42.0	stat_sample	3	A3	00	0B	02	00	42.0	1	0	2	0																						
2	ppu_public	91	14400414	34	520	260.0	mode0_enter	0	A3	00	0B	02	00	260.0	1	0	2	0																						
2	ppu_public	91	14400408	34	257	128.5	stat_sample	0	A0	00	0B	02	00	128.5	1	0	2	0																						
2	ppu_public	91	14400808	35	0	0.0	stat_sample	2	A0	20	0B	02	00	0.0	1	1	2	0																						
2	ppu_public	91	14400808	35	0	0.0	stat_irq_edge	2	A0	20	0B	02	00	0.0	1	1	2	0																						
2	ppu_public	91	14400808	35	2	1.0	mode2_irq_prepare	0	A0	00	0B	02	00	1.0	1	0	2	0																						
2	ppu_public	91	14400816	35	0	0.0	stat_sample	2	A2	20	0B	02	00	0.0	1	0	2	0																						
2	ppu_public	91	14400814	35	8	4.0	mode2_enter	2	A2	20	0B	02	00	4.0	1	0	2	0																						
2	ppu_public	91	14400816	35	0	0.0	stat_sample	3	A2	00	0B	02	00	0.0	1	0	2	0																						
2	ppu_public	91	14400982	35	176	88.0	mode3_enter	3	A2	00	0B	02	00	88.0	1	0	2	0																						
2	ppu_public	91	14400976	35	84	42.0	stat_sample	3	A3	00	0B	02	00	42.0	1	0	2	0																						
2	ppu_public	91	14401326	35	520	260.0	mode0_enter	0	A3	00	0B	02	00	260.0	1	0	2	0																						
2	ppu_public	91	14401320	35	257	128.5	stat_sample	0	A0	00	0B	02	00	128.5	1	0	2	0																						
2	ppu_public	91	14401720	36	0	0.0	stat_sample	2	A0	20	0B	02	00	0.0	1	1	2	0																						
2	ppu_public	91	14401720	36	0	0.0	stat_irq_edge	2	A0	20	0B	02	00	0.0	1	1	2	0																						
2	ppu_public	91	14401720	36	2	1.0	mode2_irq_prepare	0	A0	00	0B	02	00	1.0	1	0	2	0																						
2	ppu_public	91	14401728	36	0	0.0	stat_sample	2	A2	20	0B	02	00	0.0	1	0	2	0																						
2	ppu_public	91	14401726	36	8	4.0	mode2_enter	2	A2	20	0B	02	00	4.0	1	0	2	0																						
2	ppu_public	91	14401728	36	0	0.0	stat_sample	3	A2	00	0B	02	00	0.0	1	0	2	0																						
2	ppu_public	91	14401894	36	176	88.0	mode3_enter	3	A2	00	0B	02	00	88.0	1	0	2	0																						
2	ppu_public	91	14401888	36	84	42.0	stat_sample	3	A3	00	0B	02	00	42.0	1	0	2	0																						
2	ppu_public	91	14402238	36	520	260.0	mode0_enter	0	A3	00	0B	02	00	260.0	1	0	2	0																						
2	ppu_public	91	14402232	36	257	128.5	stat_sample	0	A0	00	0B	02	00	128.5	1	0	2	0																						
2	ppu_public	91	14402632	37	0	0.0	stat_sample	2	A0	20	0B	02	00	0.0	1	1	2	0																						
2	ppu_public	91	14402632	37	0	0.0	stat_irq_edge	2	A0	20	0B	02	00	0.0	1	1	2	0																						
2	ppu_public	91	14402632	37	2	1.0	mode2_irq_prepare	0	A0	00	0B	02	00	1.0	1	0	2	0																						
2	ppu_public	91	14402640	37	0	0.0	stat_sample	2	A2	20	0B	02	00	0.0	1	0	2	0																						
2	ppu_public	91	14402638	37	8	4.0	mode2_enter	2	A2	20	0B	02	00	4.0	1	0	2	0																						
2	ppu_public	91	14402640	37	0	0.0	stat_sample	3	A2	00	0B	02	00	0.0	1	0	2	0																						
2	ppu_public	91	14402806	37	176	88.0	mode3_enter	3	A2	00	0B	02	00	88.0	1	0	2	0																						
2	ppu_public	91	14402800	37	84	42.0	stat_sample	3	A3	00	0B	02	00	42.0	1	0	2	0																						
2	ppu_public	91	14403150	37	520	260.0	mode0_enter	0	A3	00	0B	02	00	260.0	1	0	2	0																						
2	ppu_public	91	14403144	37	257	128.5	stat_sample	0	A0	00	0B	02	00	128.5	1	0	2	0																						
2	ppu_public	91	14403544	38	0	0.0	stat_sample	2	A0	20	0B	02	00	0.0	1	1	2	0																						
2	ppu_public	91	14403544	38	0	0.0	stat_irq_edge	2	A0	20	0B	02	00	0.0	1	1	2	0																						
2	ppu_public	91	14403544	38	2	1.0	mode2_irq_prepare	0	A0	00	0B	02	00	1.0	1	0	2	0																						
2	ppu_public	91	14403552	38	0	0.0	stat_sample	2	A2	20	0B	02	00	0.0	1	0	2	0																						
2	ppu_public	91	14403550	38	8	4.0	mode2_enter	2	A2	20	0B	02	00	4.0	1	0	2	0																						
2	ppu_public	91	14403552	38	0	0.0	stat_sample	3	A2	00	0B	02	00	0.0	1	0	2	0																						
2	ppu_public	91	14403718	38	176	88.0	mode3_enter	3	A2	00	0B	02	00	88.0	1	0	2	0																						
2	ppu_public	91	14403712	38	84	42.0	stat_sample	3	A3	00	0B	02	00	42.0	1	0	2	0																						
2	ppu_public	91	14404062	38	520	260.0	mode0_enter	0	A3	00	0B	02	00	260.0	1	0	2	0																						
2	ppu_public	91	14404056	38	257	128.5	stat_sample	0	A0	00	0B	02	00	128.5	1	0	2	0																						
2	ppu_public	91	14404456	39	0	0.0	stat_sample	2	A0	20	0B	02	00	0.0	1	1	2	0																						
2	ppu_public	91	14404456	39	0	0.0	stat_irq_edge	2	A0	20	0B	02	00	0.0	1	1	2	0																						
2	ppu_public	91	14404456	39	2	1.0	mode2_irq_prepare	0	A0	00	0B	02	00	1.0	1	0	2	0																						
2	ppu_public	91	14404464	39	0	0.0	stat_sample	2	A2	20	0B	02	00	0.0	1	0	2	0																						
2	ppu_public	91	14404462	39	8	4.0	mode2_enter	2	A2	20	0B	02	00	4.0	1	0	2	0																						
2	ppu_public	91	14404464	39	0	0.0	stat_sample	3	A2	00	0B	02	00	0.0	1	0	2	0																						
2	ppu_public	91	14404630	39	176	88.0	mode3_enter	3	A2	00	0B	02	00	88.0	1	0	2	0																						
2	ppu_public	91	14404624	39	84	42.0	stat_sample	3	A3	00	0B	02	00	42.0	1	0	2	0																						
2	ppu_public	91	14404974	39	520	260.0	mode0_enter	0	A3	00	0B	02	00	260.0	1	0	2	0																						
2	ppu_public	91	14404968	39	257	128.5	stat_sample	0	A0	00	0B	02	00	128.5	1	0	2	0																						
2	ppu_public	91	14405368	40	0	0.0	stat_sample	2	A0	20	0B	02	00	0.0	1	1	2	0																						
2	ppu_public	91	14405368	40	0	0.0	stat_irq_edge	2	A0	20	0B	02	00	0.0	1	1	2	0																						
2	ppu_public	91	14405368	40	2	1.0	mode2_irq_prepare	0	A0	00	0B	02	00	1.0	1	0	2	0																						
2	ppu_public	91	14405376	40	0	0.0	stat_sample	2	A2	20	0B	02	00	0.0	1	0	2	0																						
2	ppu_public	91	14405374	40	8	4.0	mode2_enter	2	A2	20	0B	02	00	4.0	1	0	2	0																						
2	ppu_public	91	14405376	40	0	0.0	stat_sample	3	A2	00	0B	02	00	0.0	1	0	2	0																						
2	ppu_public	91	14405542	40	176	88.0	mode3_enter	3	A2	00	0B	02	00	88.0	1	0	2	0																						
2	ppu_public	91	14405536	40	84	42.0	stat_sample	3	A3	00	0B	02	00	42.0	1	0	2	0																						
2	ppu_public	91	14405886	40	520	260.0	mode0_enter	0	A3	00	0B	02	00	260.0	1	0	2	0																						
2	ppu_public	91	14405880	40	257	128.5	stat_sample	0	A0	00	0B	02	00	128.5	1	0	2	0																						
2	ppu_public	91	14406280	41	0	0.0	stat_sample	2	A0	20	0B	02	00	0.0	1	1	2	0																						
2	ppu_public	91	14406280	41	0	0.0	stat_irq_edge	2	A0	20	0B	02	00	0.0	1	1	2	0																						
2	ppu_public	91	14406280	41	2	1.0	mode2_irq_prepare	0	A0	00	0B	02	00	1.0	1	0	2	0																						
2	ppu_public	91	14406288	41	0	0.0	stat_sample	2	A2	20	0B	02	00	0.0	1	0	2	0																						
2	ppu_public	91	14406286	41	8	4.0	mode2_enter	2	A2	20	0B	02	00	4.0	1	0	2	0																						
2	ppu_public	91	14406288	41	0	0.0	stat_sample	3	A2	00	0B	02	00	0.0	1	0	2	0																						
2	ppu_public	91	14406454	41	176	88.0	mode3_enter	3	A2	00	0B	02	00	88.0	1	0	2	0																						
2	ppu_public	91	14406448	41	84	42.0	stat_sample	3	A3	00	0B	02	00	42.0	1	0	2	0																						
2	ppu_public	91	14406798	41	520	260.0	mode0_enter	0	A3	00	0B	02	00	260.0	1	0	2	0																						
2	ppu_public	91	14406792	41	257	128.5	stat_sample	0	A0	00	0B	02	00	128.5	1	0	2	0																						
2	ppu_public	91	14407192	42	0	0.0	stat_sample	2	A0	20	0B	02	00	0.0	1	1	2	0																						
2	ppu_public	91	14407192	42	0	0.0	stat_irq_edge	2	A0	20	0B	02	00	0.0	1	1	2	0																						
2	ppu_public	91	14407192	42	2	1.0	mode2_irq_prepare	0	A0	00	0B	02	00	1.0	1	0	2	0																						
2	ppu_public	91	14407200	42	0	0.0	stat_sample	2	A2	20	0B	02	00	0.0	1	0	2	0																						
2	ppu_public	91	14407198	42	8	4.0	mode2_enter	2	A2	20	0B	02	00	4.0	1	0	2	0																						
2	ppu_public	91	14407200	42	0	0.0	stat_sample	3	A2	00	0B	02	00	0.0	1	0	2	0																						
2	ppu_public	91	14407366	42	176	88.0	mode3_enter	3	A2	00	0B	02	00	88.0	1	0	2	0																						
2	ppu_public	91	14407360	42	84	42.0	stat_sample	3	A3	00	0B	02	00	42.0	1	0	2	0																						
2	ppu_public	91	14407710	42	520	260.0	mode0_enter	0	A3	00	0B	02	00	260.0	1	0	2	0																						
2	ppu_public	91	14407704	42	257	128.5	stat_sample	0	A0	00	0B	02	00	128.5	1	0	2	0																						
2	ppu_public	91	14408104	43	0	0.0	stat_sample	2	A0	20	0B	02	00	0.0	1	1	2	0																						
2	ppu_public	91	14408104	43	0	0.0	stat_irq_edge	2	A0	20	0B	02	00	0.0	1	1	2	0																						
2	ppu_public	91	14408104	43	2	1.0	mode2_irq_prepare	0	A0	00	0B	02	00	1.0	1	0	2	0																						
2	ppu_public	91	14408112	43	0	0.0	stat_sample	2	A2	20	0B	02	00	0.0	1	0	2	0																						
2	ppu_public	91	14408110	43	8	4.0	mode2_enter	2	A2	20	0B	02	00	4.0	1	0	2	0																						
2	ppu_public	91	14408112	43	0	0.0	stat_sample	3	A2	00	0B	02	00	0.0	1	0	2	0																						
2	ppu_public	91	14408278	43	176	88.0	mode3_enter	3	A2	00	0B	02	00	88.0	1	0	2	0																						
2	ppu_public	91	14408272	43	84	42.0	stat_sample	3	A3	00	0B	02	00	42.0	1	0	2	0																						
2	ppu_public	91	14408622	43	520	260.0	mode0_enter	0	A3	00	0B	02	00	260.0	1	0	2	0																						
2	ppu_public	91	14408616	43	257	128.5	stat_sample	0	A0	00	0B	02	00	128.5	1	0	2	0																						
2	ppu_public	91	14409016	44	0	0.0	stat_sample	2	A0	20	0B	02	00	0.0	1	1	2	0																						
2	ppu_public	91	14409016	44	0	0.0	stat_irq_edge	2	A0	20	0B	02	00	0.0	1	1	2	0																						
2	ppu_public	91	14409016	44	2	1.0	mode2_irq_prepare	0	A0	00	0B	02	00	1.0	1	0	2	0																						
2	ppu_public	91	14409024	44	0	0.0	stat_sample	2	A2	20	0B	02	00	0.0	1	0	2	0																						
2	ppu_public	91	14409022	44	8	4.0	mode2_enter	2	A2	20	0B	02	00	4.0	1	0	2	0																						
2	ppu_public	91	14409024	44	0	0.0	stat_sample	3	A2	00	0B	02	00	0.0	1	0	2	0																						
2	ppu_public	91	14409190	44	176	88.0	mode3_enter	3	A2	00	0B	02	00	88.0	1	0	2	0																						
2	ppu_public	91	14409184	44	84	42.0	stat_sample	3	A3	00	0B	02	00	42.0	1	0	2	0																						
2	ppu_public	91	14409534	44	520	260.0	mode0_enter	0	A3	00	0B	02	00	260.0	1	0	2	0																						
2	ppu_public	91	14409528	44	257	128.5	stat_sample	0	A0	00	0B	02	00	128.5	1	0	2	0																						
2	ppu_public	91	14409928	45	0	0.0	stat_sample	2	A0	20	0B	02	00	0.0	1	1	2	0																						
2	ppu_public	91	14409928	45	0	0.0	stat_irq_edge	2	A0	20	0B	02	00	0.0	1	1	2	0																						
2	ppu_public	91	14409928	45	2	1.0	mode2_irq_prepare	0	A0	00	0B	02	00	1.0	1	0	2	0																						
2	ppu_public	91	14409936	45	0	0.0	stat_sample	2	A2	20	0B	02	00	0.0	1	0	2	0																						
2	ppu_public	91	14409934	45	8	4.0	mode2_enter	2	A2	20	0B	02	00	4.0	1	0	2	0																						
2	ppu_public	91	14409936	45	0	0.0	stat_sample	3	A2	00	0B	02	00	0.0	1	0	2	0																						
2	ppu_public	91	14410102	45	176	88.0	mode3_enter	3	A2	00	0B	02	00	88.0	1	0	2	0																						
2	ppu_public	91	14410096	45	84	42.0	stat_sample	3	A3	00	0B	02	00	42.0	1	0	2	0																						
2	ppu_public	91	14410446	45	520	260.0	mode0_enter	0	A3	00	0B	02	00	260.0	1	0	2	0																						
2	ppu_public	91	14410440	45	257	128.5	stat_sample	0	A0	00	0B	02	00	128.5	1	0	2	0																						
2	ppu_public	91	14410840	46	0	0.0	stat_sample	2	A0	20	0B	02	00	0.0	1	1	2	0																						
2	ppu_public	91	14410840	46	0	0.0	stat_irq_edge	2	A0	20	0B	02	00	0.0	1	1	2	0																						
2	ppu_public	91	14410840	46	2	1.0	mode2_irq_prepare	0	A0	00	0B	02	00	1.0	1	0	2	0																						
2	ppu_public	91	14410848	46	0	0.0	stat_sample	2	A2	20	0B	02	00	0.0	1	0	2	0																						
2	ppu_public	91	14410846	46	8	4.0	mode2_enter	2	A2	20	0B	02	00	4.0	1	0	2	0																						
2	ppu_public	91	14410848	46	0	0.0	stat_sample	3	A2	00	0B	02	00	0.0	1	0	2	0																						
2	ppu_public	91	14411014	46	176	88.0	mode3_enter	3	A2	00	0B	02	00	88.0	1	0	2	0																						
2	ppu_public	91	14411008	46	84	42.0	stat_sample	3	A3	00	0B	02	00	42.0	1	0	2	0																						
2	ppu_public	91	14411358	46	520	260.0	mode0_enter	0	A3	00	0B	02	00	260.0	1	0	2	0																						
2	ppu_public	91	14411352	46	257	128.5	stat_sample	0	A0	00	0B	02	00	128.5	1	0	2	0																						
2	ppu_public	91	14411752	47	0	0.0	stat_sample	2	A0	20	0B	02	00	0.0	1	1	2	0																						
2	ppu_public	91	14411752	47	0	0.0	stat_irq_edge	2	A0	20	0B	02	00	0.0	1	1	2	0																						
2	ppu_public	91	14411752	47	2	1.0	mode2_irq_prepare	0	A0	00	0B	02	00	1.0	1	0	2	0																						
2	ppu_public	91	14411760	47	0	0.0	stat_sample	2	A2	20	0B	02	00	0.0	1	0	2	0																						
2	ppu_public	91	14411758	47	8	4.0	mode2_enter	2	A2	20	0B	02	00	4.0	1	0	2	0																						
2	ppu_public	91	14411760	47	0	0.0	stat_sample	3	A2	00	0B	02	00	0.0	1	0	2	0																						
2	ppu_public	91	14411926	47	176	88.0	mode3_enter	3	A2	00	0B	02	00	88.0	1	0	2	0																						
2	ppu_public	91	14411920	47	84	42.0	stat_sample	3	A3	00	0B	02	00	42.0	1	0	2	0																						
2	ppu_public	91	14412270	47	520	260.0	mode0_enter	0	A3	00	0B	02	00	260.0	1	0	2	0																						
2	ppu_public	91	14412264	47	257	128.5	stat_sample	0	A0	00	0B	02	00	128.5	1	0	2	0																						
2	ppu_public	91	14412664	48	0	0.0	stat_sample	2	A0	20	0B	02	00	0.0	1	1	2	0																						
2	ppu_public	91	14412664	48	0	0.0	stat_irq_edge	2	A0	20	0B	02	00	0.0	1	1	2	0																						
2	ppu_public	91	14412664	48	2	1.0	mode2_irq_prepare	0	A0	00	0B	02	00	1.0	1	0	2	0																						
2	ppu_public	91	14412672	48	0	0.0	stat_sample	2	A2	20	0B	02	00	0.0	1	0	2	0																						
2	ppu_public	91	14412670	48	8	4.0	mode2_enter	2	A2	20	0B	02	00	4.0	1	0	2	0																						
2	ppu_public	91	14412672	48	0	0.0	stat_sample	3	A2	00	0B	02	00	0.0	1	0	2	0																						
2	ppu_public	91	14412838	48	176	88.0	mode3_enter	3	A2	00	0B	02	00	88.0	1	0	2	0																						
2	ppu_public	91	14412832	48	84	42.0	stat_sample	3	A3	00	0B	02	00	42.0	1	0	2	0																						
2	ppu_public	91	14413182	48	520	260.0	mode0_enter	0	A3	00	0B	02	00	260.0	1	0	2	0																						
2	ppu_public	91	14413176	48	257	128.5	stat_sample	0	A0	00	0B	02	00	128.5	1	0	2	0																						
2	ppu_public	91	14413576	49	0	0.0	stat_sample	2	A0	20	0B	02	00	0.0	1	1	2	0																						
2	ppu_public	91	14413576	49	0	0.0	stat_irq_edge	2	A0	20	0B	02	00	0.0	1	1	2	0																						
2	ppu_public	91	14413576	49	2	1.0	mode2_irq_prepare	0	A0	00	0B	02	00	1.0	1	0	2	0																						
2	ppu_public	91	14413584	49	0	0.0	stat_sample	2	A2	20	0B	02	00	0.0	1	0	2	0																						
2	ppu_public	91	14413582	49	8	4.0	mode2_enter	2	A2	20	0B	02	00	4.0	1	0	2	0																						
2	ppu_public	91	14413584	49	0	0.0	stat_sample	3	A2	00	0B	02	00	0.0	1	0	2	0																						
2	ppu_public	91	14413750	49	176	88.0	mode3_enter	3	A2	00	0B	02	00	88.0	1	0	2	0																						
2	ppu_public	91	14413744	49	84	42.0	stat_sample	3	A3	00	0B	02	00	42.0	1	0	2	0																						
2	ppu_public	91	14414094	49	520	260.0	mode0_enter	0	A3	00	0B	02	00	260.0	1	0	2	0																						
2	ppu_public	91	14414088	49	257	128.5	stat_sample	0	A0	00	0B	02	00	128.5	1	0	2	0																						
2	ppu_public	91	14414488	50	0	0.0	stat_sample	2	A0	20	0B	02	00	0.0	1	1	2	0																						
2	ppu_public	91	14414488	50	0	0.0	stat_irq_edge	2	A0	20	0B	02	00	0.0	1	1	2	0																						
2	ppu_public	91	14414488	50	2	1.0	mode2_irq_prepare	0	A0	00	0B	02	00	1.0	1	0	2	0																						
2	ppu_public	91	14414496	50	0	0.0	stat_sample	2	A2	20	0B	02	00	0.0	1	0	2	0																						
2	ppu_public	91	14414494	50	8	4.0	mode2_enter	2	A2	20	0B	02	00	4.0	1	0	2	0																						
2	ppu_public	91	14414496	50	0	0.0	stat_sample	3	A2	00	0B	02	00	0.0	1	0	2	0																						
2	ppu_public	91	14414662	50	176	88.0	mode3_enter	3	A2	00	0B	02	00	88.0	1	0	2	0																						
2	ppu_public	91	14414656	50	84	42.0	stat_sample	3	A3	00	0B	02	00	42.0	1	0	2	0																						
2	ppu_public	91	14415006	50	520	260.0	mode0_enter	0	A3	00	0B	02	00	260.0	1	0	2	0																						
2	ppu_public	91	14415000	50	257	128.5	stat_sample	0	A0	00	0B	02	00	128.5	1	0	2	0																						
2	ppu_public	91	14415400	51	0	0.0	stat_sample	2	A0	20	0B	02	00	0.0	1	1	2	0																						
2	ppu_public	91	14415400	51	0	0.0	stat_irq_edge	2	A0	20	0B	02	00	0.0	1	1	2	0																						
2	ppu_public	91	14415400	51	2	1.0	mode2_irq_prepare	0	A0	00	0B	02	00	1.0	1	0	2	0																						
2	ppu_public	91	14415408	51	0	0.0	stat_sample	2	A2	20	0B	02	00	0.0	1	0	2	0																						
2	ppu_public	91	14415406	51	8	4.0	mode2_enter	2	A2	20	0B	02	00	4.0	1	0	2	0																						
2	ppu_public	91	14415408	51	0	0.0	stat_sample	3	A2	00	0B	02	00	0.0	1	0	2	0																						
2	ppu_public	91	14415574	51	176	88.0	mode3_enter	3	A2	00	0B	02	00	88.0	1	0	2	0																						
2	ppu_public	91	14415568	51	84	42.0	stat_sample	3	A3	00	0B	02	00	42.0	1	0	2	0																						
2	ppu_public	91	14415918	51	520	260.0	mode0_enter	0	A3	00	0B	02	00	260.0	1	0	2	0																						
2	ppu_public	91	14415912	51	257	128.5	stat_sample	0	A0	00	0B	02	00	128.5	1	0	2	0																						
2	ppu_public	91	14416312	52	0	0.0	stat_sample	2	A0	20	0B	02	00	0.0	1	1	2	0																						
2	ppu_public	91	14416312	52	0	0.0	stat_irq_edge	2	A0	20	0B	02	00	0.0	1	1	2	0																						
2	ppu_public	91	14416312	52	2	1.0	mode2_irq_prepare	0	A0	00	0B	02	00	1.0	1	0	2	0																						
2	ppu_public	91	14416320	52	0	0.0	stat_sample	2	A2	20	0B	02	00	0.0	1	0	2	0																						
2	ppu_public	91	14416318	52	8	4.0	mode2_enter	2	A2	20	0B	02	00	4.0	1	0	2	0																						
2	ppu_public	91	14416320	52	0	0.0	stat_sample	3	A2	00	0B	02	00	0.0	1	0	2	0																						
2	ppu_public	91	14416486	52	176	88.0	mode3_enter	3	A2	00	0B	02	00	88.0	1	0	2	0																						
2	ppu_public	91	14416480	52	84	42.0	stat_sample	3	A3	00	0B	02	00	42.0	1	0	2	0																						
2	ppu_public	91	14416830	52	520	260.0	mode0_enter	0	A3	00	0B	02	00	260.0	1	0	2	0																						
2	ppu_public	91	14416824	52	257	128.5	stat_sample	0	A0	00	0B	02	00	128.5	1	0	2	0																						
2	ppu_public	91	14417224	53	0	0.0	stat_sample	2	A0	20	0B	02	00	0.0	1	1	2	0																						
2	ppu_public	91	14417224	53	0	0.0	stat_irq_edge	2	A0	20	0B	02	00	0.0	1	1	2	0																						
2	ppu_public	91	14417224	53	2	1.0	mode2_irq_prepare	0	A0	00	0B	02	00	1.0	1	0	2	0																						
2	ppu_public	91	14417232	53	0	0.0	stat_sample	2	A2	20	0B	02	00	0.0	1	0	2	0																						
2	ppu_public	91	14417230	53	8	4.0	mode2_enter	2	A2	20	0B	02	00	4.0	1	0	2	0																						
2	ppu_public	91	14417232	53	0	0.0	stat_sample	3	A2	00	0B	02	00	0.0	1	0	2	0																						
2	ppu_public	91	14417398	53	176	88.0	mode3_enter	3	A2	00	0B	02	00	88.0	1	0	2	0																						
2	ppu_public	91	14417392	53	84	42.0	stat_sample	3	A3	00	0B	02	00	42.0	1	0	2	0																						
2	ppu_public	91	14417742	53	520	260.0	mode0_enter	0	A3	00	0B	02	00	260.0	1	0	2	0																						
2	ppu_public	91	14417736	53	257	128.5	stat_sample	0	A0	00	0B	02	00	128.5	1	0	2	0																						
2	ppu_public	91	14418136	54	0	0.0	stat_sample	2	A0	20	0B	02	00	0.0	1	1	2	0																						
2	ppu_public	91	14418136	54	0	0.0	stat_irq_edge	2	A0	20	0B	02	00	0.0	1	1	2	0																						
2	ppu_public	91	14418136	54	2	1.0	mode2_irq_prepare	0	A0	00	0B	02	00	1.0	1	0	2	0																						
2	ppu_public	91	14418144	54	0	0.0	stat_sample	2	A2	20	0B	02	00	0.0	1	0	2	0																						
2	ppu_public	91	14418142	54	8	4.0	mode2_enter	2	A2	20	0B	02	00	4.0	1	0	2	0																						
2	ppu_public	91	14418144	54	0	0.0	stat_sample	3	A2	00	0B	02	00	0.0	1	0	2	0																						
2	ppu_public	91	14418310	54	176	88.0	mode3_enter	3	A2	00	0B	02	00	88.0	1	0	2	0																						
2	ppu_public	91	14418304	54	84	42.0	stat_sample	3	A3	00	0B	02	00	42.0	1	0	2	0																						
2	ppu_public	91	14418654	54	520	260.0	mode0_enter	0	A3	00	0B	02	00	260.0	1	0	2	0																						
2	ppu_public	91	14418648	54	257	128.5	stat_sample	0	A0	00	0B	02	00	128.5	1	0	2	0																						
2	ppu_public	91	14419048	55	0	0.0	stat_sample	2	A0	20	0B	02	00	0.0	1	1	2	0																						
2	ppu_public	91	14419048	55	0	0.0	stat_irq_edge	2	A0	20	0B	02	00	0.0	1	1	2	0																						
2	ppu_public	91	14419048	55	2	1.0	mode2_irq_prepare	0	A0	00	0B	02	00	1.0	1	0	2	0																						
2	ppu_public	91	14419056	55	0	0.0	stat_sample	2	A2	20	0B	02	00	0.0	1	0	2	0																						
2	ppu_public	91	14419054	55	8	4.0	mode2_enter	2	A2	20	0B	02	00	4.0	1	0	2	0																						
2	ppu_public	91	14419056	55	0	0.0	stat_sample	3	A2	00	0B	02	00	0.0	1	0	2	0																						
2	ppu_public	91	14419222	55	176	88.0	mode3_enter	3	A2	00	0B	02	00	88.0	1	0	2	0																						
2	ppu_public	91	14419216	55	84	42.0	stat_sample	3	A3	00	0B	02	00	42.0	1	0	2	0																						
2	ppu_public	91	14419566	55	520	260.0	mode0_enter	0	A3	00	0B	02	00	260.0	1	0	2	0																						
2	ppu_public	91	14419560	55	257	128.5	stat_sample	0	A0	00	0B	02	00	128.5	1	0	2	0																						
2	ppu_public	91	14419960	56	0	0.0	stat_sample	2	A0	20	0B	02	00	0.0	1	1	2	0																						
2	ppu_public	91	14419960	56	0	0.0	stat_irq_edge	2	A0	20	0B	02	00	0.0	1	1	2	0																						
2	ppu_public	91	14419960	56	2	1.0	mode2_irq_prepare	0	A0	00	0B	02	00	1.0	1	0	2	0																						
2	ppu_public	91	14419968	56	0	0.0	stat_sample	2	A2	20	0B	02	00	0.0	1	0	2	0																						
2	ppu_public	91	14419966	56	8	4.0	mode2_enter	2	A2	20	0B	02	00	4.0	1	0	2	0																						
2	ppu_public	91	14419968	56	0	0.0	stat_sample	3	A2	00	0B	02	00	0.0	1	0	2	0																						
2	ppu_public	91	14420134	56	176	88.0	mode3_enter	3	A2	00	0B	02	00	88.0	1	0	2	0																						
2	ppu_public	91	14420128	56	84	42.0	stat_sample	3	A3	00	0B	02	00	42.0	1	0	2	0																						
2	ppu_public	91	14420478	56	520	260.0	mode0_enter	0	A3	00	0B	02	00	260.0	1	0	2	0																						
2	ppu_public	91	14420472	56	257	128.5	stat_sample	0	A0	00	0B	02	00	128.5	1	0	2	0																						
2	ppu_public	91	14420872	57	0	0.0	stat_sample	2	A0	20	0B	02	00	0.0	1	1	2	0																						
2	ppu_public	91	14420872	57	0	0.0	stat_irq_edge	2	A0	20	0B	02	00	0.0	1	1	2	0																						
2	ppu_public	91	14420872	57	2	1.0	mode2_irq_prepare	0	A0	00	0B	02	00	1.0	1	0	2	0																						
2	ppu_public	91	14420880	57	0	0.0	stat_sample	2	A2	20	0B	02	00	0.0	1	0	2	0																						
2	ppu_public	91	14420878	57	8	4.0	mode2_enter	2	A2	20	0B	02	00	4.0	1	0	2	0																						
2	ppu_public	91	14420880	57	0	0.0	stat_sample	3	A2	00	0B	02	00	0.0	1	0	2	0																						
2	ppu_public	91	14421046	57	176	88.0	mode3_enter	3	A2	00	0B	02	00	88.0	1	0	2	0																						
2	ppu_public	91	14421040	57	84	42.0	stat_sample	3	A3	00	0B	02	00	42.0	1	0	2	0																						
2	ppu_public	91	14421390	57	520	260.0	mode0_enter	0	A3	00	0B	02	00	260.0	1	0	2	0																						
2	ppu_public	91	14421384	57	257	128.5	stat_sample	0	A0	00	0B	02	00	128.5	1	0	2	0																						
2	ppu_public	91	14421784	58	0	0.0	stat_sample	2	A0	20	0B	02	00	0.0	1	1	2	0																						
2	ppu_public	91	14421784	58	0	0.0	stat_irq_edge	2	A0	20	0B	02	00	0.0	1	1	2	0																						
2	ppu_public	91	14421784	58	2	1.0	mode2_irq_prepare	0	A0	00	0B	02	00	1.0	1	0	2	0																						
2	ppu_public	91	14421792	58	0	0.0	stat_sample	2	A2	20	0B	02	00	0.0	1	0	2	0																						
2	ppu_public	91	14421790	58	8	4.0	mode2_enter	2	A2	20	0B	02	00	4.0	1	0	2	0																						
2	ppu_public	91	14421792	58	0	0.0	stat_sample	3	A2	00	0B	02	00	0.0	1	0	2	0																						
2	ppu_public	91	14421958	58	176	88.0	mode3_enter	3	A2	00	0B	02	00	88.0	1	0	2	0																						
2	ppu_public	91	14421952	58	84	42.0	stat_sample	3	A3	00	0B	02	00	42.0	1	0	2	0																						
2	ppu_public	91	14422302	58	520	260.0	mode0_enter	0	A3	00	0B	02	00	260.0	1	0	2	0																						
2	ppu_public	91	14422296	58	257	128.5	stat_sample	0	A0	00	0B	02	00	128.5	1	0	2	0																						
2	ppu_public	91	14422696	59	0	0.0	stat_sample	2	A0	20	0B	02	00	0.0	1	1	2	0																						
2	ppu_public	91	14422696	59	0	0.0	stat_irq_edge	2	A0	20	0B	02	00	0.0	1	1	2	0																						
2	ppu_public	91	14422696	59	2	1.0	mode2_irq_prepare	0	A0	00	0B	02	00	1.0	1	0	2	0																						
2	ppu_public	91	14422704	59	0	0.0	stat_sample	2	A2	20	0B	02	00	0.0	1	0	2	0																						
2	ppu_public	91	14422702	59	8	4.0	mode2_enter	2	A2	20	0B	02	00	4.0	1	0	2	0																						
2	ppu_public	91	14422704	59	0	0.0	stat_sample	3	A2	00	0B	02	00	0.0	1	0	2	0																						
2	ppu_public	91	14422870	59	176	88.0	mode3_enter	3	A2	00	0B	02	00	88.0	1	0	2	0																						
2	ppu_public	91	14422864	59	84	42.0	stat_sample	3	A3	00	0B	02	00	42.0	1	0	2	0																						
2	ppu_public	91	14423214	59	520	260.0	mode0_enter	0	A3	00	0B	02	00	260.0	1	0	2	0																						
2	ppu_public	91	14423208	59	257	128.5	stat_sample	0	A0	00	0B	02	00	128.5	1	0	2	0																						
2	ppu_public	91	14423608	60	0	0.0	stat_sample	2	A0	20	0B	02	00	0.0	1	1	2	0																						
2	ppu_public	91	14423608	60	0	0.0	stat_irq_edge	2	A0	20	0B	02	00	0.0	1	1	2	0																						
2	ppu_public	91	14423608	60	2	1.0	mode2_irq_prepare	0	A0	00	0B	02	00	1.0	1	0	2	0																						
2	ppu_public	91	14423616	60	0	0.0	stat_sample	2	A2	20	0B	02	00	0.0	1	0	2	0																						
2	ppu_public	91	14423614	60	8	4.0	mode2_enter	2	A2	20	0B	02	00	4.0	1	0	2	0																						
2	ppu_public	91	14423616	60	0	0.0	stat_sample	3	A2	00	0B	02	00	0.0	1	0	2	0																						
2	ppu_public	91	14423782	60	176	88.0	mode3_enter	3	A2	00	0B	02	00	88.0	1	0	2	0																						
2	ppu_public	91	14423776	60	84	42.0	stat_sample	3	A3	00	0B	02	00	42.0	1	0	2	0																						
2	ppu_public	91	14424126	60	520	260.0	mode0_enter	0	A3	00	0B	02	00	260.0	1	0	2	0																						
2	ppu_public	91	14424120	60	257	128.5	stat_sample	0	A0	00	0B	02	00	128.5	1	0	2	0																						
2	ppu_public	91	14424520	61	0	0.0	stat_sample	2	A0	20	0B	02	00	0.0	1	1	2	0																						
2	ppu_public	91	14424520	61	0	0.0	stat_irq_edge	2	A0	20	0B	02	00	0.0	1	1	2	0																						
2	ppu_public	91	14424520	61	2	1.0	mode2_irq_prepare	0	A0	00	0B	02	00	1.0	1	0	2	0																						
2	ppu_public	91	14424528	61	0	0.0	stat_sample	2	A2	20	0B	02	00	0.0	1	0	2	0																						
2	ppu_public	91	14424526	61	8	4.0	mode2_enter	2	A2	20	0B	02	00	4.0	1	0	2	0																						
2	ppu_public	91	14424528	61	0	0.0	stat_sample	3	A2	00	0B	02	00	0.0	1	0	2	0																						
2	ppu_public	91	14424694	61	176	88.0	mode3_enter	3	A2	00	0B	02	00	88.0	1	0	2	0																						
2	ppu_public	91	14424688	61	84	42.0	stat_sample	3	A3	00	0B	02	00	42.0	1	0	2	0																						
2	ppu_public	91	14425038	61	520	260.0	mode0_enter	0	A3	00	0B	02	00	260.0	1	0	2	0																						
2	ppu_public	91	14425032	61	257	128.5	stat_sample	0	A0	00	0B	02	00	128.5	1	0	2	0																						
2	ppu_public	91	14425432	62	0	0.0	stat_sample	2	A0	20	0B	02	00	0.0	1	1	2	0																						
2	ppu_public	91	14425432	62	0	0.0	stat_irq_edge	2	A0	20	0B	02	00	0.0	1	1	2	0																						
2	ppu_public	91	14425432	62	2	1.0	mode2_irq_prepare	0	A0	00	0B	02	00	1.0	1	0	2	0																						
2	ppu_public	91	14425440	62	0	0.0	stat_sample	2	A2	20	0B	02	00	0.0	1	0	2	0																						
2	ppu_public	91	14425438	62	8	4.0	mode2_enter	2	A2	20	0B	02	00	4.0	1	0	2	0																						
2	ppu_public	91	14425440	62	0	0.0	stat_sample	3	A2	00	0B	02	00	0.0	1	0	2	0																						
2	ppu_public	91	14425606	62	176	88.0	mode3_enter	3	A2	00	0B	02	00	88.0	1	0	2	0																						
2	ppu_public	91	14425600	62	84	42.0	stat_sample	3	A3	00	0B	02	00	42.0	1	0	2	0																						
2	ppu_public	91	14425950	62	520	260.0	mode0_enter	0	A3	00	0B	02	00	260.0	1	0	2	0																						
2	ppu_public	91	14425944	62	257	128.5	stat_sample	0	A0	00	0B	02	00	128.5	1	0	2	0																						
2	ppu_public	91	14426344	63	0	0.0	stat_sample	2	A0	20	0B	02	00	0.0	1	1	2	0																						
2	ppu_public	91	14426344	63	0	0.0	stat_irq_edge	2	A0	20	0B	02	00	0.0	1	1	2	0																						
2	ppu_public	91	14426344	63	2	1.0	mode2_irq_prepare	0	A0	00	0B	02	00	1.0	1	0	2	0																						
2	ppu_public	91	14426352	63	0	0.0	stat_sample	2	A2	20	0B	02	00	0.0	1	0	2	0																						
2	ppu_public	91	14426350	63	8	4.0	mode2_enter	2	A2	20	0B	02	00	4.0	1	0	2	0																						
2	ppu_public	91	14426352	63	0	0.0	stat_sample	3	A2	00	0B	02	00	0.0	1	0	2	0																						
2	ppu_public	91	14426518	63	176	88.0	mode3_enter	3	A2	00	0B	02	00	88.0	1	0	2	0																						
2	ppu_public	91	14426512	63	84	42.0	stat_sample	3	A3	00	0B	02	00	42.0	1	0	2	0																						
2	ppu_public	91	14426862	63	520	260.0	mode0_enter	0	A3	00	0B	02	00	260.0	1	0	2	0																						
2	ppu_public	91	14426856	63	257	128.5	stat_sample	0	A0	00	0B	02	00	128.5	1	0	2	0																						
2	ppu_public	91	14427256	64	0	0.0	stat_sample	2	A0	20	0B	02	00	0.0	1	1	2	0																						
2	ppu_public	91	14427256	64	0	0.0	stat_irq_edge	2	A0	20	0B	02	00	0.0	1	1	2	0																						
2	ppu_public	91	14427256	64	2	1.0	mode2_irq_prepare	0	A0	00	0B	02	00	1.0	1	0	2	0																						
2	ppu_public	91	14427264	64	0	0.0	stat_sample	2	A2	20	0B	02	00	0.0	1	0	2	0																						
2	ppu_public	91	14427262	64	8	4.0	mode2_enter	2	A2	20	0B	02	00	4.0	1	0	2	0																						
2	ppu_public	91	14427264	64	0	0.0	stat_sample	3	A2	00	0B	02	00	0.0	1	0	2	0																						
2	ppu_public	91	14427430	64	176	88.0	mode3_enter	3	A2	00	0B	02	00	88.0	1	0	2	0																						
2	ppu_public	91	14427424	64	84	42.0	stat_sample	3	A3	00	0B	02	00	42.0	1	0	2	0																						
2	ppu_public	91	14427774	64	520	260.0	mode0_enter	0	A3	00	0B	02	00	260.0	1	0	2	0																						
2	ppu_public	91	14427768	64	257	128.5	stat_sample	0	A0	00	0B	02	00	128.5	1	0	2	0																						
2	ppu_public	91	14428168	65	0	0.0	stat_sample	2	A0	20	0B	02	00	0.0	1	1	2	0																						
2	ppu_public	91	14428168	65	0	0.0	stat_irq_edge	2	A0	20	0B	02	00	0.0	1	1	2	0																						
2	ppu_public	91	14428168	65	2	1.0	mode2_irq_prepare	0	A0	00	0B	02	00	1.0	1	0	2	0																						
2	ppu_public	91	14428176	65	0	0.0	stat_sample	2	A2	20	0B	02	00	0.0	1	0	2	0																						
2	ppu_public	91	14428174	65	8	4.0	mode2_enter	2	A2	20	0B	02	00	4.0	1	0	2	0																						
2	ppu_public	91	14428176	65	0	0.0	stat_sample	3	A2	00	0B	02	00	0.0	1	0	2	0																						
2	ppu_public	91	14428342	65	176	88.0	mode3_enter	3	A2	00	0B	02	00	88.0	1	0	2	0																						
2	ppu_public	91	14428336	65	84	42.0	stat_sample	3	A3	00	0B	02	00	42.0	1	0	2	0																						
2	ppu_public	91	14428686	65	520	260.0	mode0_enter	0	A3	00	0B	02	00	260.0	1	0	2	0																						
2	ppu_public	91	14428680	65	257	128.5	stat_sample	0	A0	00	0B	02	00	128.5	1	0	2	0																						
2	ppu_public	91	14429080	66	0	0.0	stat_sample	2	A0	20	0B	02	00	0.0	1	1	2	0																						
2	ppu_public	91	14429080	66	0	0.0	stat_irq_edge	2	A0	20	0B	02	00	0.0	1	1	2	0																						
2	ppu_public	91	14429080	66	2	1.0	mode2_irq_prepare	0	A0	00	0B	02	00	1.0	1	0	2	0																						
2	ppu_public	91	14429088	66	0	0.0	stat_sample	2	A2	20	0B	02	00	0.0	1	0	2	0																						
2	ppu_public	91	14429086	66	8	4.0	mode2_enter	2	A2	20	0B	02	00	4.0	1	0	2	0																						
2	ppu_public	91	14429088	66	0	0.0	stat_sample	3	A2	00	0B	02	00	0.0	1	0	2	0																						
2	ppu_public	91	14429254	66	176	88.0	mode3_enter	3	A2	00	0B	02	00	88.0	1	0	2	0																						
2	ppu_public	91	14429248	66	84	42.0	stat_sample	3	A3	00	0B	02	00	42.0	1	0	2	0																						
2	ppu_public	91	14429598	66	520	260.0	mode0_enter	0	A3	00	0B	02	00	260.0	1	0	2	0																						
2	ppu_public	91	14429592	66	257	128.5	stat_sample	0	A0	00	0B	02	00	128.5	1	0	2	0																						
2	ppu_public	91	14429992	67	0	0.0	stat_sample	2	A0	20	0B	02	00	0.0	1	1	2	0																						
2	ppu_public	91	14429992	67	0	0.0	stat_irq_edge	2	A0	20	0B	02	00	0.0	1	1	2	0																						
2	ppu_public	91	14429992	67	2	1.0	mode2_irq_prepare	0	A0	00	0B	02	00	1.0	1	0	2	0																						
2	ppu_public	91	14430000	67	0	0.0	stat_sample	2	A2	20	0B	02	00	0.0	1	0	2	0																						
2	ppu_public	91	14429998	67	8	4.0	mode2_enter	2	A2	20	0B	02	00	4.0	1	0	2	0																						
2	ppu_public	91	14430000	67	0	0.0	stat_sample	3	A2	00	0B	02	00	0.0	1	0	2	0																						
2	ppu_public	91	14430166	67	176	88.0	mode3_enter	3	A2	00	0B	02	00	88.0	1	0	2	0																						
2	ppu_public	91	14430160	67	84	42.0	stat_sample	3	A3	00	0B	02	00	42.0	1	0	2	0																						
2	ppu_public	91	14430510	67	520	260.0	mode0_enter	0	A3	00	0B	02	00	260.0	1	0	2	0																						
2	ppu_public	91	14430504	67	257	128.5	stat_sample	0	A0	00	0B	02	00	128.5	1	0	2	0																						
2	ppu_public	91	14430904	68	0	0.0	stat_sample	2	A0	20	0B	02	00	0.0	1	1	2	0																						
2	ppu_public	91	14430904	68	0	0.0	stat_irq_edge	2	A0	20	0B	02	00	0.0	1	1	2	0																						
2	ppu_public	91	14430904	68	2	1.0	mode2_irq_prepare	0	A0	00	0B	02	00	1.0	1	0	2	0																						
2	ppu_public	91	14430912	68	0	0.0	stat_sample	2	A2	20	0B	02	00	0.0	1	0	2	0																						
2	ppu_public	91	14430910	68	8	4.0	mode2_enter	2	A2	20	0B	02	00	4.0	1	0	2	0																						
2	ppu_public	91	14430912	68	0	0.0	stat_sample	3	A2	00	0B	02	00	0.0	1	0	2	0																						
2	ppu_public	91	14431078	68	176	88.0	mode3_enter	3	A2	00	0B	02	00	88.0	1	0	2	0																						
2	ppu_public	91	14431072	68	84	42.0	stat_sample	3	A3	00	0B	02	00	42.0	1	0	2	0																						
2	ppu_public	91	14431422	68	520	260.0	mode0_enter	0	A3	00	0B	02	00	260.0	1	0	2	0																						
2	ppu_public	91	14431416	68	257	128.5	stat_sample	0	A0	00	0B	02	00	128.5	1	0	2	0																						
2	ppu_public	91	14431816	69	0	0.0	stat_sample	2	A0	20	0B	02	00	0.0	1	1	2	0																						
2	ppu_public	91	14431816	69	0	0.0	stat_irq_edge	2	A0	20	0B	02	00	0.0	1	1	2	0																						
2	ppu_public	91	14431816	69	2	1.0	mode2_irq_prepare	0	A0	00	0B	02	00	1.0	1	0	2	0																						
2	ppu_public	91	14431824	69	0	0.0	stat_sample	2	A2	20	0B	02	00	0.0	1	0	2	0																						
2	ppu_public	91	14431822	69	8	4.0	mode2_enter	2	A2	20	0B	02	00	4.0	1	0	2	0																						
2	ppu_public	91	14431824	69	0	0.0	stat_sample	3	A2	00	0B	02	00	0.0	1	0	2	0																						
2	ppu_public	91	14431990	69	176	88.0	mode3_enter	3	A2	00	0B	02	00	88.0	1	0	2	0																						
2	ppu_public	91	14431984	69	84	42.0	stat_sample	3	A3	00	0B	02	00	42.0	1	0	2	0																						
2	ppu_public	91	14432334	69	520	260.0	mode0_enter	0	A3	00	0B	02	00	260.0	1	0	2	0																						
2	ppu_public	91	14432328	69	257	128.5	stat_sample	0	A0	00	0B	02	00	128.5	1	0	2	0																						
2	ppu_public	91	14432728	70	0	0.0	stat_sample	2	A0	20	0B	02	00	0.0	1	1	2	0																						
2	ppu_public	91	14432728	70	0	0.0	stat_irq_edge	2	A0	20	0B	02	00	0.0	1	1	2	0																						
2	ppu_public	91	14432728	70	2	1.0	mode2_irq_prepare	0	A0	00	0B	02	00	1.0	1	0	2	0																						
2	ppu_public	91	14432736	70	0	0.0	stat_sample	2	A2	20	0B	02	00	0.0	1	0	2	0																						
2	ppu_public	91	14432734	70	8	4.0	mode2_enter	2	A2	20	0B	02	00	4.0	1	0	2	0																						
2	ppu_public	91	14432736	70	0	0.0	stat_sample	3	A2	00	0B	02	00	0.0	1	0	2	0																						
2	ppu_public	91	14432902	70	176	88.0	mode3_enter	3	A2	00	0B	02	00	88.0	1	0	2	0																						
2	ppu_public	91	14432896	70	84	42.0	stat_sample	3	A3	00	0B	02	00	42.0	1	0	2	0																						
2	ppu_public	91	14433246	70	520	260.0	mode0_enter	0	A3	00	0B	02	00	260.0	1	0	2	0																						
2	ppu_public	91	14433240	70	257	128.5	stat_sample	0	A0	00	0B	02	00	128.5	1	0	2	0																						
2	ppu_public	91	14433640	71	0	0.0	stat_sample	2	A0	20	0B	02	00	0.0	1	1	2	0																						
2	ppu_public	91	14433640	71	0	0.0	stat_irq_edge	2	A0	20	0B	02	00	0.0	1	1	2	0																						
2	ppu_public	91	14433640	71	2	1.0	mode2_irq_prepare	0	A0	00	0B	02	00	1.0	1	0	2	0																						
2	ppu_public	91	14433648	71	0	0.0	stat_sample	2	A2	20	0B	02	00	0.0	1	0	2	0																						
2	ppu_public	91	14433646	71	8	4.0	mode2_enter	2	A2	20	0B	02	00	4.0	1	0	2	0																						
2	ppu_public	91	14433648	71	0	0.0	stat_sample	3	A2	00	0B	02	00	0.0	1	0	2	0																						
2	ppu_public	91	14433814	71	176	88.0	mode3_enter	3	A2	00	0B	02	00	88.0	1	0	2	0																						
2	ppu_public	91	14433808	71	84	42.0	stat_sample	3	A3	00	0B	02	00	42.0	1	0	2	0																						
2	ppu_public	91	14434158	71	520	260.0	mode0_enter	0	A3	00	0B	02	00	260.0	1	0	2	0																						
2	ppu_public	91	14434152	71	257	128.5	stat_sample	0	A0	00	0B	02	00	128.5	1	0	2	0																						
2	ppu_public	91	14434552	72	0	0.0	stat_sample	2	A0	20	0B	02	00	0.0	1	1	2	0																						
2	ppu_public	91	14434552	72	0	0.0	stat_irq_edge	2	A0	20	0B	02	00	0.0	1	1	2	0																						
2	ppu_public	91	14434552	72	2	1.0	mode2_irq_prepare	0	A0	00	0B	02	00	1.0	1	0	2	0																						
2	ppu_public	91	14434560	72	0	0.0	stat_sample	2	A2	20	0B	02	00	0.0	1	0	2	0																						
2	ppu_public	91	14434558	72	8	4.0	mode2_enter	2	A2	20	0B	02	00	4.0	1	0	2	0																						
2	ppu_public	91	14434560	72	0	0.0	stat_sample	3	A2	00	0B	02	00	0.0	1	0	2	0																						
2	ppu_public	91	14434726	72	176	88.0	mode3_enter	3	A2	00	0B	02	00	88.0	1	0	2	0																						
2	ppu_public	91	14434720	72	84	42.0	stat_sample	3	A3	00	0B	02	00	42.0	1	0	2	0																						
2	ppu_public	91	14435070	72	520	260.0	mode0_enter	0	A3	00	0B	02	00	260.0	1	0	2	0																						
2	ppu_public	91	14435064	72	257	128.5	stat_sample	0	A0	00	0B	02	00	128.5	1	0	2	0																						
2	ppu_public	91	14435464	73	0	0.0	stat_sample	2	A0	20	0B	02	00	0.0	1	1	2	0																						
2	ppu_public	91	14435464	73	0	0.0	stat_irq_edge	2	A0	20	0B	02	00	0.0	1	1	2	0																						
2	ppu_public	91	14435464	73	2	1.0	mode2_irq_prepare	0	A0	00	0B	02	00	1.0	1	0	2	0																						
2	ppu_public	91	14435472	73	0	0.0	stat_sample	2	A2	20	0B	02	00	0.0	1	0	2	0																						
2	ppu_public	91	14435470	73	8	4.0	mode2_enter	2	A2	20	0B	02	00	4.0	1	0	2	0																						
2	ppu_public	91	14435472	73	0	0.0	stat_sample	3	A2	00	0B	02	00	0.0	1	0	2	0																						
2	ppu_public	91	14435638	73	176	88.0	mode3_enter	3	A2	00	0B	02	00	88.0	1	0	2	0																						
2	ppu_public	91	14435632	73	84	42.0	stat_sample	3	A3	00	0B	02	00	42.0	1	0	2	0																						
2	ppu_public	91	14435982	73	520	260.0	mode0_enter	0	A3	00	0B	02	00	260.0	1	0	2	0																						
2	ppu_public	91	14435976	73	257	128.5	stat_sample	0	A0	00	0B	02	00	128.5	1	0	2	0																						
2	ppu_public	91	14436376	74	0	0.0	stat_sample	2	A0	20	0B	02	00	0.0	1	1	2	0																						
2	ppu_public	91	14436376	74	0	0.0	stat_irq_edge	2	A0	20	0B	02	00	0.0	1	1	2	0																						
2	ppu_public	91	14436376	74	2	1.0	mode2_irq_prepare	0	A0	00	0B	02	00	1.0	1	0	2	0																						
2	ppu_public	91	14436384	74	0	0.0	stat_sample	2	A2	20	0B	02	00	0.0	1	0	2	0																						
2	ppu_public	91	14436382	74	8	4.0	mode2_enter	2	A2	20	0B	02	00	4.0	1	0	2	0																						
2	ppu_public	91	14436384	74	0	0.0	stat_sample	3	A2	00	0B	02	00	0.0	1	0	2	0																						
2	ppu_public	91	14436550	74	176	88.0	mode3_enter	3	A2	00	0B	02	00	88.0	1	0	2	0																						
2	ppu_public	91	14436544	74	84	42.0	stat_sample	3	A3	00	0B	02	00	42.0	1	0	2	0																						
2	ppu_public	91	14436894	74	520	260.0	mode0_enter	0	A3	00	0B	02	00	260.0	1	0	2	0																						
2	ppu_public	91	14436888	74	257	128.5	stat_sample	0	A0	00	0B	02	00	128.5	1	0	2	0																						
2	ppu_public	91	14437288	75	0	0.0	stat_sample	2	A0	20	0B	02	00	0.0	1	1	2	0																						
2	ppu_public	91	14437288	75	0	0.0	stat_irq_edge	2	A0	20	0B	02	00	0.0	1	1	2	0																						
2	ppu_public	91	14437288	75	2	1.0	mode2_irq_prepare	0	A0	00	0B	02	00	1.0	1	0	2	0																						
2	ppu_public	91	14437296	75	0	0.0	stat_sample	2	A2	20	0B	02	00	0.0	1	0	2	0																						
2	ppu_public	91	14437294	75	8	4.0	mode2_enter	2	A2	20	0B	02	00	4.0	1	0	2	0																						
2	ppu_public	91	14437296	75	0	0.0	stat_sample	3	A2	00	0B	02	00	0.0	1	0	2	0																						
2	ppu_public	91	14437462	75	176	88.0	mode3_enter	3	A2	00	0B	02	00	88.0	1	0	2	0																						
2	ppu_public	91	14437456	75	84	42.0	stat_sample	3	A3	00	0B	02	00	42.0	1	0	2	0																						
2	ppu_public	91	14437806	75	520	260.0	mode0_enter	0	A3	00	0B	02	00	260.0	1	0	2	0																						
2	ppu_public	91	14437800	75	257	128.5	stat_sample	0	A0	00	0B	02	00	128.5	1	0	2	0																						
2	ppu_public	91	14438200	76	0	0.0	stat_sample	2	A0	20	0B	02	00	0.0	1	1	2	0																						
2	ppu_public	91	14438200	76	0	0.0	stat_irq_edge	2	A0	20	0B	02	00	0.0	1	1	2	0																						
2	ppu_public	91	14438200	76	2	1.0	mode2_irq_prepare	0	A0	00	0B	02	00	1.0	1	0	2	0																						
2	ppu_public	91	14438208	76	0	0.0	stat_sample	2	A2	20	0B	02	00	0.0	1	0	2	0																						
2	ppu_public	91	14438206	76	8	4.0	mode2_enter	2	A2	20	0B	02	00	4.0	1	0	2	0																						
2	ppu_public	91	14438208	76	0	0.0	stat_sample	3	A2	00	0B	02	00	0.0	1	0	2	0																						
2	ppu_public	91	14438374	76	176	88.0	mode3_enter	3	A2	00	0B	02	00	88.0	1	0	2	0																						
2	ppu_public	91	14438368	76	84	42.0	stat_sample	3	A3	00	0B	02	00	42.0	1	0	2	0																						
2	ppu_public	91	14438718	76	520	260.0	mode0_enter	0	A3	00	0B	02	00	260.0	1	0	2	0																						
2	ppu_public	91	14438712	76	257	128.5	stat_sample	0	A0	00	0B	02	00	128.5	1	0	2	0																						
2	ppu_public	91	14439112	77	0	0.0	stat_sample	2	A0	20	0B	02	00	0.0	1	1	2	0																						
2	ppu_public	91	14439112	77	0	0.0	stat_irq_edge	2	A0	20	0B	02	00	0.0	1	1	2	0																						
2	ppu_public	91	14439112	77	2	1.0	mode2_irq_prepare	0	A0	00	0B	02	00	1.0	1	0	2	0																						
2	ppu_public	91	14439120	77	0	0.0	stat_sample	2	A2	20	0B	02	00	0.0	1	0	2	0																						
2	ppu_public	91	14439118	77	8	4.0	mode2_enter	2	A2	20	0B	02	00	4.0	1	0	2	0																						
2	ppu_public	91	14439120	77	0	0.0	stat_sample	3	A2	00	0B	02	00	0.0	1	0	2	0																						
2	ppu_public	91	14439286	77	176	88.0	mode3_enter	3	A2	00	0B	02	00	88.0	1	0	2	0																						
2	ppu_public	91	14439280	77	84	42.0	stat_sample	3	A3	00	0B	02	00	42.0	1	0	2	0																						
2	ppu_public	91	14439630	77	520	260.0	mode0_enter	0	A3	00	0B	02	00	260.0	1	0	2	0																						
2	ppu_public	91	14439624	77	257	128.5	stat_sample	0	A0	00	0B	02	00	128.5	1	0	2	0																						
2	ppu_public	91	14440024	78	0	0.0	stat_sample	2	A0	20	0B	02	00	0.0	1	1	2	0																						
2	ppu_public	91	14440024	78	0	0.0	stat_irq_edge	2	A0	20	0B	02	00	0.0	1	1	2	0																						
2	ppu_public	91	14440024	78	2	1.0	mode2_irq_prepare	0	A0	00	0B	02	00	1.0	1	0	2	0																						
2	ppu_public	91	14440032	78	0	0.0	stat_sample	2	A2	20	0B	02	00	0.0	1	0	2	0																						
2	ppu_public	91	14440030	78	8	4.0	mode2_enter	2	A2	20	0B	02	00	4.0	1	0	2	0																						
2	ppu_public	91	14440032	78	0	0.0	stat_sample	3	A2	00	0B	02	00	0.0	1	0	2	0																						
2	ppu_public	91	14440198	78	176	88.0	mode3_enter	3	A2	00	0B	02	00	88.0	1	0	2	0																						
2	ppu_public	91	14440192	78	84	42.0	stat_sample	3	A3	00	0B	02	00	42.0	1	0	2	0																						
2	ppu_public	91	14440542	78	520	260.0	mode0_enter	0	A3	00	0B	02	00	260.0	1	0	2	0																						
2	ppu_public	91	14440536	78	257	128.5	stat_sample	0	A0	00	0B	02	00	128.5	1	0	2	0																						
2	ppu_public	91	14440936	79	0	0.0	stat_sample	2	A0	20	0B	02	00	0.0	1	1	2	0																						
2	ppu_public	91	14440936	79	0	0.0	stat_irq_edge	2	A0	20	0B	02	00	0.0	1	1	2	0																						
2	ppu_public	91	14440936	79	2	1.0	mode2_irq_prepare	0	A0	00	0B	02	00	1.0	1	0	2	0																						
2	ppu_public	91	14440944	79	0	0.0	stat_sample	2	A2	20	0B	02	00	0.0	1	0	2	0																						
2	ppu_public	91	14440942	79	8	4.0	mode2_enter	2	A2	20	0B	02	00	4.0	1	0	2	0																						
2	ppu_public	91	14440944	79	0	0.0	stat_sample	3	A2	00	0B	02	00	0.0	1	0	2	0																						
2	ppu_public	91	14441110	79	176	88.0	mode3_enter	3	A2	00	0B	02	00	88.0	1	0	2	0																						
2	ppu_public	91	14441104	79	84	42.0	stat_sample	3	A3	00	0B	02	00	42.0	1	0	2	0																						
2	ppu_public	91	14441454	79	520	260.0	mode0_enter	0	A3	00	0B	02	00	260.0	1	0	2	0																						
2	ppu_public	91	14441448	79	257	128.5	stat_sample	0	A0	00	0B	02	00	128.5	1	0	2	0																						
2	ppu_public	91	14441848	80	0	0.0	stat_sample	2	A0	20	0B	02	00	0.0	1	1	2	0																						
2	ppu_public	91	14441848	80	0	0.0	stat_irq_edge	2	A0	20	0B	02	00	0.0	1	1	2	0																						
2	ppu_public	91	14441848	80	2	1.0	mode2_irq_prepare	0	A0	00	0B	02	00	1.0	1	0	2	0																						
2	ppu_public	91	14441856	80	0	0.0	stat_sample	2	A2	20	0B	02	00	0.0	1	0	2	0																						
2	ppu_public	91	14441854	80	8	4.0	mode2_enter	2	A2	20	0B	02	00	4.0	1	0	2	0																						
2	ppu_public	91	14441856	80	0	0.0	stat_sample	3	A2	00	0B	02	00	0.0	1	0	2	0																						
2	ppu_public	91	14442022	80	176	88.0	mode3_enter	3	A2	00	0B	02	00	88.0	1	0	2	0																						
2	ppu_public	91	14442016	80	84	42.0	stat_sample	3	A3	00	0B	02	00	42.0	1	0	2	0																						
2	ppu_public	91	14442366	80	520	260.0	mode0_enter	0	A3	00	0B	02	00	260.0	1	0	2	0																						
2	ppu_public	91	14442360	80	257	128.5	stat_sample	0	A0	00	0B	02	00	128.5	1	0	2	0																						
2	ppu_public	91	14442760	81	0	0.0	stat_sample	2	A0	20	0B	02	00	0.0	1	1	2	0																						
2	ppu_public	91	14442760	81	0	0.0	stat_irq_edge	2	A0	20	0B	02	00	0.0	1	1	2	0																						
2	ppu_public	91	14442760	81	2	1.0	mode2_irq_prepare	0	A0	00	0B	02	00	1.0	1	0	2	0																						
2	ppu_public	91	14442768	81	0	0.0	stat_sample	2	A2	20	0B	02	00	0.0	1	0	2	0																						
2	ppu_public	91	14442766	81	8	4.0	mode2_enter	2	A2	20	0B	02	00	4.0	1	0	2	0																						
2	ppu_public	91	14442768	81	0	0.0	stat_sample	3	A2	00	0B	02	00	0.0	1	0	2	0																						
2	ppu_public	91	14442934	81	176	88.0	mode3_enter	3	A2	00	0B	02	00	88.0	1	0	2	0																						
2	ppu_public	91	14442928	81	84	42.0	stat_sample	3	A3	00	0B	02	00	42.0	1	0	2	0																						
2	ppu_public	91	14443278	81	520	260.0	mode0_enter	0	A3	00	0B	02	00	260.0	1	0	2	0																						
2	ppu_public	91	14443272	81	257	128.5	stat_sample	0	A0	00	0B	02	00	128.5	1	0	2	0																						
2	ppu_public	91	14443672	82	0	0.0	stat_sample	2	A0	20	0B	02	00	0.0	1	1	2	0																						
2	ppu_public	91	14443672	82	0	0.0	stat_irq_edge	2	A0	20	0B	02	00	0.0	1	1	2	0																						
2	ppu_public	91	14443672	82	2	1.0	mode2_irq_prepare	0	A0	00	0B	02	00	1.0	1	0	2	0																						
2	ppu_public	91	14443680	82	0	0.0	stat_sample	2	A2	20	0B	02	00	0.0	1	0	2	0																						
2	ppu_public	91	14443678	82	8	4.0	mode2_enter	2	A2	20	0B	02	00	4.0	1	0	2	0																						
2	ppu_public	91	14443680	82	0	0.0	stat_sample	3	A2	00	0B	02	00	0.0	1	0	2	0																						
2	ppu_public	91	14443846	82	176	88.0	mode3_enter	3	A2	00	0B	02	00	88.0	1	0	2	0																						
2	ppu_public	91	14443840	82	84	42.0	stat_sample	3	A3	00	0B	02	00	42.0	1	0	2	0																						
2	ppu_public	91	14444190	82	520	260.0	mode0_enter	0	A3	00	0B	02	00	260.0	1	0	2	0																						
2	ppu_public	91	14444184	82	257	128.5	stat_sample	0	A0	00	0B	02	00	128.5	1	0	2	0																						
2	ppu_public	91	14444584	83	0	0.0	stat_sample	2	A0	20	0B	02	00	0.0	1	1	2	0																						
2	ppu_public	91	14444584	83	0	0.0	stat_irq_edge	2	A0	20	0B	02	00	0.0	1	1	2	0																						
2	ppu_public	91	14444584	83	2	1.0	mode2_irq_prepare	0	A0	00	0B	02	00	1.0	1	0	2	0																						
2	ppu_public	91	14444592	83	0	0.0	stat_sample	2	A2	20	0B	02	00	0.0	1	0	2	0																						
2	ppu_public	91	14444590	83	8	4.0	mode2_enter	2	A2	20	0B	02	00	4.0	1	0	2	0																						
2	ppu_public	91	14444592	83	0	0.0	stat_sample	3	A2	00	0B	02	00	0.0	1	0	2	0																						
2	ppu_public	91	14444758	83	176	88.0	mode3_enter	3	A2	00	0B	02	00	88.0	1	0	2	0																						
2	ppu_public	91	14444752	83	84	42.0	stat_sample	3	A3	00	0B	02	00	42.0	1	0	2	0																						
2	ppu_public	91	14445102	83	520	260.0	mode0_enter	0	A3	00	0B	02	00	260.0	1	0	2	0																						
2	ppu_public	91	14445096	83	257	128.5	stat_sample	0	A0	00	0B	02	00	128.5	1	0	2	0																						
2	ppu_public	91	14445496	84	0	0.0	stat_sample	2	A0	20	0B	02	00	0.0	1	1	2	0																						
2	ppu_public	91	14445496	84	0	0.0	stat_irq_edge	2	A0	20	0B	02	00	0.0	1	1	2	0																						
2	ppu_public	91	14445496	84	2	1.0	mode2_irq_prepare	0	A0	00	0B	02	00	1.0	1	0	2	0																						
2	ppu_public	91	14445504	84	0	0.0	stat_sample	2	A2	20	0B	02	00	0.0	1	0	2	0																						
2	ppu_public	91	14445502	84	8	4.0	mode2_enter	2	A2	20	0B	02	00	4.0	1	0	2	0																						
2	ppu_public	91	14445504	84	0	0.0	stat_sample	3	A2	00	0B	02	00	0.0	1	0	2	0																						
2	ppu_public	91	14445670	84	176	88.0	mode3_enter	3	A2	00	0B	02	00	88.0	1	0	2	0																						
2	ppu_public	91	14445664	84	84	42.0	stat_sample	3	A3	00	0B	02	00	42.0	1	0	2	0																						
2	ppu_public	91	14446014	84	520	260.0	mode0_enter	0	A3	00	0B	02	00	260.0	1	0	2	0																						
2	ppu_public	91	14446008	84	257	128.5	stat_sample	0	A0	00	0B	02	00	128.5	1	0	2	0																						
2	ppu_public	91	14446408	85	0	0.0	stat_sample	2	A0	20	0B	02	00	0.0	1	1	2	0																						
2	ppu_public	91	14446408	85	0	0.0	stat_irq_edge	2	A0	20	0B	02	00	0.0	1	1	2	0																						
2	ppu_public	91	14446408	85	2	1.0	mode2_irq_prepare	0	A0	00	0B	02	00	1.0	1	0	2	0																						
2	ppu_public	91	14446416	85	0	0.0	stat_sample	2	A2	20	0B	02	00	0.0	1	0	2	0																						
2	ppu_public	91	14446414	85	8	4.0	mode2_enter	2	A2	20	0B	02	00	4.0	1	0	2	0																						
2	ppu_public	91	14446416	85	0	0.0	stat_sample	3	A2	00	0B	02	00	0.0	1	0	2	0																						
2	ppu_public	91	14446582	85	176	88.0	mode3_enter	3	A2	00	0B	02	00	88.0	1	0	2	0																						
2	ppu_public	91	14446576	85	84	42.0	stat_sample	3	A3	00	0B	02	00	42.0	1	0	2	0																						
2	ppu_public	91	14446926	85	520	260.0	mode0_enter	0	A3	00	0B	02	00	260.0	1	0	2	0																						
2	ppu_public	91	14446920	85	257	128.5	stat_sample	0	A0	00	0B	02	00	128.5	1	0	2	0																						
2	ppu_public	91	14447320	86	0	0.0	stat_sample	2	A0	20	0B	02	00	0.0	1	1	2	0																						
2	ppu_public	91	14447320	86	0	0.0	stat_irq_edge	2	A0	20	0B	02	00	0.0	1	1	2	0																						
2	ppu_public	91	14447320	86	2	1.0	mode2_irq_prepare	0	A0	00	0B	02	00	1.0	1	0	2	0																						
2	ppu_public	91	14447328	86	0	0.0	stat_sample	2	A2	20	0B	02	00	0.0	1	0	2	0																						
2	ppu_public	91	14447326	86	8	4.0	mode2_enter	2	A2	20	0B	02	00	4.0	1	0	2	0																						
2	ppu_public	91	14447328	86	0	0.0	stat_sample	3	A2	00	0B	02	00	0.0	1	0	2	0																						
2	ppu_public	91	14447494	86	176	88.0	mode3_enter	3	A2	00	0B	02	00	88.0	1	0	2	0																						
2	ppu_public	91	14447488	86	84	42.0	stat_sample	3	A3	00	0B	02	00	42.0	1	0	2	0																						
2	ppu_public	91	14447838	86	520	260.0	mode0_enter	0	A3	00	0B	02	00	260.0	1	0	2	0																						
2	ppu_public	91	14447832	86	257	128.5	stat_sample	0	A0	00	0B	02	00	128.5	1	0	2	0																						
2	ppu_public	91	14448232	87	0	0.0	stat_sample	2	A0	20	0B	02	00	0.0	1	1	2	0																						
2	ppu_public	91	14448232	87	0	0.0	stat_irq_edge	2	A0	20	0B	02	00	0.0	1	1	2	0																						
2	ppu_public	91	14448232	87	2	1.0	mode2_irq_prepare	0	A0	00	0B	02	00	1.0	1	0	2	0																						
2	ppu_public	91	14448240	87	0	0.0	stat_sample	2	A2	20	0B	02	00	0.0	1	0	2	0																						
2	ppu_public	91	14448238	87	8	4.0	mode2_enter	2	A2	20	0B	02	00	4.0	1	0	2	0																						
2	ppu_public	91	14448240	87	0	0.0	stat_sample	3	A2	00	0B	02	00	0.0	1	0	2	0																						
2	ppu_public	91	14448406	87	176	88.0	mode3_enter	3	A2	00	0B	02	00	88.0	1	0	2	0																						
2	ppu_public	91	14448400	87	84	42.0	stat_sample	3	A3	00	0B	02	00	42.0	1	0	2	0																						
2	ppu_public	91	14448750	87	520	260.0	mode0_enter	0	A3	00	0B	02	00	260.0	1	0	2	0																						
2	ppu_public	91	14448744	87	257	128.5	stat_sample	0	A0	00	0B	02	00	128.5	1	0	2	0																						
2	ppu_public	91	14449144	88	0	0.0	stat_sample	2	A0	20	0B	02	00	0.0	1	1	2	0																						
2	ppu_public	91	14449144	88	0	0.0	stat_irq_edge	2	A0	20	0B	02	00	0.0	1	1	2	0																						
2	ppu_public	91	14449144	88	2	1.0	mode2_irq_prepare	0	A0	00	0B	02	00	1.0	1	0	2	0																						
2	ppu_public	91	14449152	88	0	0.0	stat_sample	2	A2	20	0B	02	00	0.0	1	0	2	0																						
2	ppu_public	91	14449150	88	8	4.0	mode2_enter	2	A2	20	0B	02	00	4.0	1	0	2	0																						
2	ppu_public	91	14449152	88	0	0.0	stat_sample	3	A2	00	0B	02	00	0.0	1	0	2	0																						
2	ppu_public	91	14449318	88	176	88.0	mode3_enter	3	A2	00	0B	02	00	88.0	1	0	2	0																						
2	ppu_public	91	14449312	88	84	42.0	stat_sample	3	A3	00	0B	02	00	42.0	1	0	2	0																						
2	ppu_public	91	14449662	88	520	260.0	mode0_enter	0	A3	00	0B	02	00	260.0	1	0	2	0																						
2	ppu_public	91	14449656	88	257	128.5	stat_sample	0	A0	00	0B	02	00	128.5	1	0	2	0																						
2	ppu_public	91	14450056	89	0	0.0	stat_sample	2	A0	20	0B	02	00	0.0	1	1	2	0																						
2	ppu_public	91	14450056	89	0	0.0	stat_irq_edge	2	A0	20	0B	02	00	0.0	1	1	2	0																						
2	ppu_public	91	14450056	89	2	1.0	mode2_irq_prepare	0	A0	00	0B	02	00	1.0	1	0	2	0																						
2	ppu_public	91	14450064	89	0	0.0	stat_sample	2	A2	20	0B	02	00	0.0	1	0	2	0																						
2	ppu_public	91	14450062	89	8	4.0	mode2_enter	2	A2	20	0B	02	00	4.0	1	0	2	0																						
2	ppu_public	91	14450064	89	0	0.0	stat_sample	3	A2	00	0B	02	00	0.0	1	0	2	0																						
2	ppu_public	91	14450230	89	176	88.0	mode3_enter	3	A2	00	0B	02	00	88.0	1	0	2	0																						
2	ppu_public	91	14450224	89	84	42.0	stat_sample	3	A3	00	0B	02	00	42.0	1	0	2	0																						
2	ppu_public	91	14450574	89	520	260.0	mode0_enter	0	A3	00	0B	02	00	260.0	1	0	2	0																						
2	ppu_public	91	14450568	89	257	128.5	stat_sample	0	A0	00	0B	02	00	128.5	1	0	2	0																						
2	ppu_public	91	14450968	90	0	0.0	stat_sample	2	A0	20	0B	02	00	0.0	1	1	2	0																						
2	ppu_public	91	14450968	90	0	0.0	stat_irq_edge	2	A0	20	0B	02	00	0.0	1	1	2	0																						
2	ppu_public	91	14450968	90	2	1.0	mode2_irq_prepare	0	A0	00	0B	02	00	1.0	1	0	2	0																						
2	ppu_public	91	14450976	90	0	0.0	stat_sample	2	A2	20	0B	02	00	0.0	1	0	2	0																						
2	ppu_public	91	14450974	90	8	4.0	mode2_enter	2	A2	20	0B	02	00	4.0	1	0	2	0																						
2	ppu_public	91	14450976	90	0	0.0	stat_sample	3	A2	00	0B	02	00	0.0	1	0	2	0																						
2	ppu_public	91	14451142	90	176	88.0	mode3_enter	3	A2	00	0B	02	00	88.0	1	0	2	0																						
2	ppu_public	91	14451136	90	84	42.0	stat_sample	3	A3	00	0B	02	00	42.0	1	0	2	0																						
2	ppu_public	91	14451486	90	520	260.0	mode0_enter	0	A3	00	0B	02	00	260.0	1	0	2	0																						
2	ppu_public	91	14451480	90	257	128.5	stat_sample	0	A0	00	0B	02	00	128.5	1	0	2	0																						
2	ppu_public	91	14451880	91	0	0.0	stat_sample	2	A0	20	0B	02	00	0.0	1	1	2	0																						
2	ppu_public	91	14451880	91	0	0.0	stat_irq_edge	2	A0	20	0B	02	00	0.0	1	1	2	0																						
2	ppu_public	91	14451880	91	2	1.0	mode2_irq_prepare	0	A0	00	0B	02	00	1.0	1	0	2	0																						
2	ppu_public	91	14451888	91	0	0.0	stat_sample	2	A2	20	0B	02	00	0.0	1	0	2	0																						
2	ppu_public	91	14451886	91	8	4.0	mode2_enter	2	A2	20	0B	02	00	4.0	1	0	2	0																						
2	ppu_public	91	14451888	91	0	0.0	stat_sample	3	A2	00	0B	02	00	0.0	1	0	2	0																						
2	ppu_public	91	14452054	91	176	88.0	mode3_enter	3	A2	00	0B	02	00	88.0	1	0	2	0																						
2	ppu_public	91	14452048	91	84	42.0	stat_sample	3	A3	00	0B	02	00	42.0	1	0	2	0																						
2	ppu_public	91	14452398	91	520	260.0	mode0_enter	0	A3	00	0B	02	00	260.0	1	0	2	0																						
2	ppu_public	91	14452392	91	257	128.5	stat_sample	0	A0	00	0B	02	00	128.5	1	0	2	0																						
2	ppu_public	91	14452792	92	0	0.0	stat_sample	2	A0	20	0B	02	00	0.0	1	1	2	0																						
2	ppu_public	91	14452792	92	0	0.0	stat_irq_edge	2	A0	20	0B	02	00	0.0	1	1	2	0																						
2	ppu_public	91	14452792	92	2	1.0	mode2_irq_prepare	0	A0	00	0B	02	00	1.0	1	0	2	0																						
2	ppu_public	91	14452800	92	0	0.0	stat_sample	2	A2	20	0B	02	00	0.0	1	0	2	0																						
2	ppu_public	91	14452798	92	8	4.0	mode2_enter	2	A2	20	0B	02	00	4.0	1	0	2	0																						
2	ppu_public	91	14452800	92	0	0.0	stat_sample	3	A2	00	0B	02	00	0.0	1	0	2	0																						
2	ppu_public	91	14452966	92	176	88.0	mode3_enter	3	A2	00	0B	02	00	88.0	1	0	2	0																						
2	ppu_public	91	14452960	92	84	42.0	stat_sample	3	A3	00	0B	02	00	42.0	1	0	2	0																						
2	ppu_public	91	14453310	92	520	260.0	mode0_enter	0	A3	00	0B	02	00	260.0	1	0	2	0																						
2	ppu_public	91	14453304	92	257	128.5	stat_sample	0	A0	00	0B	02	00	128.5	1	0	2	0																						
2	ppu_public	91	14453704	93	0	0.0	stat_sample	2	A0	20	0B	02	00	0.0	1	1	2	0																						
2	ppu_public	91	14453704	93	0	0.0	stat_irq_edge	2	A0	20	0B	02	00	0.0	1	1	2	0																						
2	ppu_public	91	14453704	93	2	1.0	mode2_irq_prepare	0	A0	00	0B	02	00	1.0	1	0	2	0																						
2	ppu_public	91	14453712	93	0	0.0	stat_sample	2	A2	20	0B	02	00	0.0	1	0	2	0																						
2	ppu_public	91	14453710	93	8	4.0	mode2_enter	2	A2	20	0B	02	00	4.0	1	0	2	0																						
2	ppu_public	91	14453712	93	0	0.0	stat_sample	3	A2	00	0B	02	00	0.0	1	0	2	0																						
2	ppu_public	91	14453878	93	176	88.0	mode3_enter	3	A2	00	0B	02	00	88.0	1	0	2	0																						
2	ppu_public	91	14453872	93	84	42.0	stat_sample	3	A3	00	0B	02	00	42.0	1	0	2	0																						
2	ppu_public	91	14454222	93	520	260.0	mode0_enter	0	A3	00	0B	02	00	260.0	1	0	2	0																						
2	ppu_public	91	14454216	93	257	128.5	stat_sample	0	A0	00	0B	02	00	128.5	1	0	2	0																						
2	ppu_public	91	14454616	94	0	0.0	stat_sample	2	A0	20	0B	02	00	0.0	1	1	2	0																						
2	ppu_public	91	14454616	94	0	0.0	stat_irq_edge	2	A0	20	0B	02	00	0.0	1	1	2	0																						
2	ppu_public	91	14454616	94	2	1.0	mode2_irq_prepare	0	A0	00	0B	02	00	1.0	1	0	2	0																						
2	ppu_public	91	14454624	94	0	0.0	stat_sample	2	A2	20	0B	02	00	0.0	1	0	2	0																						
2	ppu_public	91	14454622	94	8	4.0	mode2_enter	2	A2	20	0B	02	00	4.0	1	0	2	0																						
2	ppu_public	91	14454624	94	0	0.0	stat_sample	3	A2	00	0B	02	00	0.0	1	0	2	0																						
2	ppu_public	91	14454790	94	176	88.0	mode3_enter	3	A2	00	0B	02	00	88.0	1	0	2	0																						
2	ppu_public	91	14454784	94	84	42.0	stat_sample	3	A3	00	0B	02	00	42.0	1	0	2	0																						
2	ppu_public	91	14455134	94	520	260.0	mode0_enter	0	A3	00	0B	02	00	260.0	1	0	2	0																						
2	ppu_public	91	14455128	94	257	128.5	stat_sample	0	A0	00	0B	02	00	128.5	1	0	2	0																						
2	ppu_public	91	14455528	95	0	0.0	stat_sample	2	A0	20	0B	02	00	0.0	1	1	2	0																						
2	ppu_public	91	14455528	95	0	0.0	stat_irq_edge	2	A0	20	0B	02	00	0.0	1	1	2	0																						
2	ppu_public	91	14455528	95	2	1.0	mode2_irq_prepare	0	A0	00	0B	02	00	1.0	1	0	2	0																						
2	ppu_public	91	14455536	95	0	0.0	stat_sample	2	A2	20	0B	02	00	0.0	1	0	2	0																						
2	ppu_public	91	14455534	95	8	4.0	mode2_enter	2	A2	20	0B	02	00	4.0	1	0	2	0																						
2	ppu_public	91	14455536	95	0	0.0	stat_sample	3	A2	00	0B	02	00	0.0	1	0	2	0																						
2	ppu_public	91	14455702	95	176	88.0	mode3_enter	3	A2	00	0B	02	00	88.0	1	0	2	0																						
2	ppu_public	91	14455696	95	84	42.0	stat_sample	3	A3	00	0B	02	00	42.0	1	0	2	0																						
2	ppu_public	91	14456046	95	520	260.0	mode0_enter	0	A3	00	0B	02	00	260.0	1	0	2	0																						
2	ppu_public	91	14456040	95	257	128.5	stat_sample	0	A0	00	0B	02	00	128.5	1	0	2	0																						
2	ppu_public	91	14456440	96	0	0.0	stat_sample	2	A0	20	0B	02	00	0.0	1	1	2	0																						
2	ppu_public	91	14456440	96	0	0.0	stat_irq_edge	2	A0	20	0B	02	00	0.0	1	1	2	0																						
2	ppu_public	91	14456440	96	2	1.0	mode2_irq_prepare	0	A0	00	0B	02	00	1.0	1	0	2	0																						
2	ppu_public	91	14456448	96	0	0.0	stat_sample	2	A2	20	0B	02	00	0.0	1	0	2	0																						
2	ppu_public	91	14456446	96	8	4.0	mode2_enter	2	A2	20	0B	02	00	4.0	1	0	2	0																						
2	ppu_public	91	14456448	96	0	0.0	stat_sample	3	A2	00	0B	02	00	0.0	1	0	2	0																						
2	ppu_public	91	14456614	96	176	88.0	mode3_enter	3	A2	00	0B	02	00	88.0	1	0	2	0																						
2	ppu_public	91	14456608	96	84	42.0	stat_sample	3	A3	00	0B	02	00	42.0	1	0	2	0																						
2	ppu_public	91	14456958	96	520	260.0	mode0_enter	0	A3	00	0B	02	00	260.0	1	0	2	0																						
2	ppu_public	91	14456952	96	257	128.5	stat_sample	0	A0	00	0B	02	00	128.5	1	0	2	0																						
2	ppu_public	91	14457352	97	0	0.0	stat_sample	2	A0	20	0B	02	00	0.0	1	1	2	0																						
2	ppu_public	91	14457352	97	0	0.0	stat_irq_edge	2	A0	20	0B	02	00	0.0	1	1	2	0																						
2	ppu_public	91	14457352	97	2	1.0	mode2_irq_prepare	0	A0	00	0B	02	00	1.0	1	0	2	0																						
2	ppu_public	91	14457360	97	0	0.0	stat_sample	2	A2	20	0B	02	00	0.0	1	0	2	0																						
2	ppu_public	91	14457358	97	8	4.0	mode2_enter	2	A2	20	0B	02	00	4.0	1	0	2	0																						
2	ppu_public	91	14457360	97	0	0.0	stat_sample	3	A2	00	0B	02	00	0.0	1	0	2	0																						
2	ppu_public	91	14457526	97	176	88.0	mode3_enter	3	A2	00	0B	02	00	88.0	1	0	2	0																						
2	ppu_public	91	14457520	97	84	42.0	stat_sample	3	A3	00	0B	02	00	42.0	1	0	2	0																						
2	ppu_public	91	14457870	97	520	260.0	mode0_enter	0	A3	00	0B	02	00	260.0	1	0	2	0																						
2	ppu_public	91	14457864	97	257	128.5	stat_sample	0	A0	00	0B	02	00	128.5	1	0	2	0																						
2	ppu_public	91	14458264	98	0	0.0	stat_sample	2	A0	20	0B	02	00	0.0	1	1	2	0																						
2	ppu_public	91	14458264	98	0	0.0	stat_irq_edge	2	A0	20	0B	02	00	0.0	1	1	2	0																						
2	ppu_public	91	14458264	98	2	1.0	mode2_irq_prepare	0	A0	00	0B	02	00	1.0	1	0	2	0																						
2	ppu_public	91	14458272	98	0	0.0	stat_sample	2	A2	20	0B	02	00	0.0	1	0	2	0																						
2	ppu_public	91	14458270	98	8	4.0	mode2_enter	2	A2	20	0B	02	00	4.0	1	0	2	0																						
2	ppu_public	91	14458272	98	0	0.0	stat_sample	3	A2	00	0B	02	00	0.0	1	0	2	0																						
2	ppu_public	91	14458438	98	176	88.0	mode3_enter	3	A2	00	0B	02	00	88.0	1	0	2	0																						
2	ppu_public	91	14458432	98	84	42.0	stat_sample	3	A3	00	0B	02	00	42.0	1	0	2	0																						
2	ppu_public	91	14458782	98	520	260.0	mode0_enter	0	A3	00	0B	02	00	260.0	1	0	2	0																						
2	ppu_public	91	14458776	98	257	128.5	stat_sample	0	A0	00	0B	02	00	128.5	1	0	2	0																						
2	ppu_public	91	14459176	99	0	0.0	stat_sample	2	A0	20	0B	02	00	0.0	1	1	2	0																						
2	ppu_public	91	14459176	99	0	0.0	stat_irq_edge	2	A0	20	0B	02	00	0.0	1	1	2	0																						
2	ppu_public	91	14459176	99	2	1.0	mode2_irq_prepare	0	A0	00	0B	02	00	1.0	1	0	2	0																						
2	ppu_public	91	14459184	99	0	0.0	stat_sample	2	A2	20	0B	02	00	0.0	1	0	2	0																						
2	ppu_public	91	14459182	99	8	4.0	mode2_enter	2	A2	20	0B	02	00	4.0	1	0	2	0																						
2	ppu_public	91	14459184	99	0	0.0	stat_sample	3	A2	00	0B	02	00	0.0	1	0	2	0																						
2	ppu_public	91	14459350	99	176	88.0	mode3_enter	3	A2	00	0B	02	00	88.0	1	0	2	0																						
2	ppu_public	91	14459344	99	84	42.0	stat_sample	3	A3	00	0B	02	00	42.0	1	0	2	0																						
2	ppu_public	91	14459694	99	520	260.0	mode0_enter	0	A3	00	0B	02	00	260.0	1	0	2	0																						
2	ppu_public	91	14459688	99	257	128.5	stat_sample	0	A0	00	0B	02	00	128.5	1	0	2	0																						
2	ppu_public	91	14460088	100	0	0.0	stat_sample	2	A0	20	0B	02	00	0.0	1	1	2	0																						
2	ppu_public	91	14460088	100	0	0.0	stat_irq_edge	2	A0	20	0B	02	00	0.0	1	1	2	0																						
2	ppu_public	91	14460088	100	2	1.0	mode2_irq_prepare	0	A0	00	0B	02	00	1.0	1	0	2	0																						
2	ppu_public	91	14460096	100	0	0.0	stat_sample	2	A2	20	0B	02	00	0.0	1	0	2	0																						
2	ppu_public	91	14460094	100	8	4.0	mode2_enter	2	A2	20	0B	02	00	4.0	1	0	2	0																						
2	ppu_public	91	14460096	100	0	0.0	stat_sample	3	A2	00	0B	02	00	0.0	1	0	2	0																						
2	ppu_public	91	14460262	100	176	88.0	mode3_enter	3	A2	00	0B	02	00	88.0	1	0	2	0																						
2	ppu_public	91	14460256	100	84	42.0	stat_sample	3	A3	00	0B	02	00	42.0	1	0	2	0																						
2	ppu_public	91	14460606	100	520	260.0	mode0_enter	0	A3	00	0B	02	00	260.0	1	0	2	0																						
2	ppu_public	91	14460600	100	257	128.5	stat_sample	0	A0	00	0B	02	00	128.5	1	0	2	0																						
2	ppu_public	91	14461000	101	0	0.0	stat_sample	2	A0	20	0B	02	00	0.0	1	1	2	0																						
2	ppu_public	91	14461000	101	0	0.0	stat_irq_edge	2	A0	20	0B	02	00	0.0	1	1	2	0																						
2	ppu_public	91	14461000	101	2	1.0	mode2_irq_prepare	0	A0	00	0B	02	00	1.0	1	0	2	0																						
2	ppu_public	91	14461008	101	0	0.0	stat_sample	2	A2	20	0B	02	00	0.0	1	0	2	0																						
2	ppu_public	91	14461006	101	8	4.0	mode2_enter	2	A2	20	0B	02	00	4.0	1	0	2	0																						
2	ppu_public	91	14461008	101	0	0.0	stat_sample	3	A2	00	0B	02	00	0.0	1	0	2	0																						
2	ppu_public	91	14461174	101	176	88.0	mode3_enter	3	A2	00	0B	02	00	88.0	1	0	2	0																						
2	ppu_public	91	14461168	101	84	42.0	stat_sample	3	A3	00	0B	02	00	42.0	1	0	2	0																						
2	ppu_public	91	14461518	101	520	260.0	mode0_enter	0	A3	00	0B	02	00	260.0	1	0	2	0																						
2	ppu_public	91	14461512	101	257	128.5	stat_sample	0	A0	00	0B	02	00	128.5	1	0	2	0																						
2	ppu_public	91	14461912	102	0	0.0	stat_sample	2	A0	20	0B	02	00	0.0	1	1	2	0																						
2	ppu_public	91	14461912	102	0	0.0	stat_irq_edge	2	A0	20	0B	02	00	0.0	1	1	2	0																						
2	ppu_public	91	14461912	102	2	1.0	mode2_irq_prepare	0	A0	00	0B	02	00	1.0	1	0	2	0																						
2	ppu_public	91	14461920	102	0	0.0	stat_sample	2	A2	20	0B	02	00	0.0	1	0	2	0																						
2	ppu_public	91	14461918	102	8	4.0	mode2_enter	2	A2	20	0B	02	00	4.0	1	0	2	0																						
2	ppu_public	91	14461920	102	0	0.0	stat_sample	3	A2	00	0B	02	00	0.0	1	0	2	0																						
2	ppu_public	91	14462086	102	176	88.0	mode3_enter	3	A2	00	0B	02	00	88.0	1	0	2	0																						
2	ppu_public	91	14462080	102	84	42.0	stat_sample	3	A3	00	0B	02	00	42.0	1	0	2	0																						
2	ppu_public	91	14462430	102	520	260.0	mode0_enter	0	A3	00	0B	02	00	260.0	1	0	2	0																						
2	ppu_public	91	14462424	102	257	128.5	stat_sample	0	A0	00	0B	02	00	128.5	1	0	2	0																						
2	ppu_public	91	14462824	103	0	0.0	stat_sample	2	A0	20	0B	02	00	0.0	1	1	2	0																						
2	ppu_public	91	14462824	103	0	0.0	stat_irq_edge	2	A0	20	0B	02	00	0.0	1	1	2	0																						
2	ppu_public	91	14462824	103	2	1.0	mode2_irq_prepare	0	A0	00	0B	02	00	1.0	1	0	2	0																						
2	ppu_public	91	14462832	103	0	0.0	stat_sample	2	A2	20	0B	02	00	0.0	1	0	2	0																						
2	ppu_public	91	14462830	103	8	4.0	mode2_enter	2	A2	20	0B	02	00	4.0	1	0	2	0																						
2	ppu_public	91	14462832	103	0	0.0	stat_sample	3	A2	00	0B	02	00	0.0	1	0	2	0																						
2	ppu_public	91	14462998	103	176	88.0	mode3_enter	3	A2	00	0B	02	00	88.0	1	0	2	0																						
2	ppu_public	91	14462992	103	84	42.0	stat_sample	3	A3	00	0B	02	00	42.0	1	0	2	0																						
2	ppu_public	91	14463342	103	520	260.0	mode0_enter	0	A3	00	0B	02	00	260.0	1	0	2	0																						
2	ppu_public	91	14463336	103	257	128.5	stat_sample	0	A0	00	0B	02	00	128.5	1	0	2	0																						
2	ppu_public	91	14463736	104	0	0.0	stat_sample	2	A0	20	0B	02	00	0.0	1	1	2	0																						
2	ppu_public	91	14463736	104	0	0.0	stat_irq_edge	2	A0	20	0B	02	00	0.0	1	1	2	0																						
2	ppu_public	91	14463736	104	2	1.0	mode2_irq_prepare	0	A0	00	0B	02	00	1.0	1	0	2	0																						
2	ppu_public	91	14463744	104	0	0.0	stat_sample	2	A2	20	0B	02	00	0.0	1	0	2	0																						
2	ppu_public	91	14463742	104	8	4.0	mode2_enter	2	A2	20	0B	02	00	4.0	1	0	2	0																						
2	ppu_public	91	14463744	104	0	0.0	stat_sample	3	A2	00	0B	02	00	0.0	1	0	2	0																						
2	ppu_public	91	14463910	104	176	88.0	mode3_enter	3	A2	00	0B	02	00	88.0	1	0	2	0																						
2	ppu_public	91	14463904	104	84	42.0	stat_sample	3	A3	00	0B	02	00	42.0	1	0	2	0																						
2	ppu_public	91	14464254	104	520	260.0	mode0_enter	0	A3	00	0B	02	00	260.0	1	0	2	0																						
2	ppu_public	91	14464248	104	257	128.5	stat_sample	0	A0	00	0B	02	00	128.5	1	0	2	0																						
2	ppu_public	91	14464648	105	0	0.0	stat_sample	2	A0	20	0B	02	00	0.0	1	1	2	0																						
2	ppu_public	91	14464648	105	0	0.0	stat_irq_edge	2	A0	20	0B	02	00	0.0	1	1	2	0																						
2	ppu_public	91	14464648	105	2	1.0	mode2_irq_prepare	0	A0	00	0B	02	00	1.0	1	0	2	0																						
2	ppu_public	91	14464656	105	0	0.0	stat_sample	2	A2	20	0B	02	00	0.0	1	0	2	0																						
2	ppu_public	91	14464654	105	8	4.0	mode2_enter	2	A2	20	0B	02	00	4.0	1	0	2	0																						
2	ppu_public	91	14464656	105	0	0.0	stat_sample	3	A2	00	0B	02	00	0.0	1	0	2	0																						
2	ppu_public	91	14464822	105	176	88.0	mode3_enter	3	A2	00	0B	02	00	88.0	1	0	2	0																						
2	ppu_public	91	14464816	105	84	42.0	stat_sample	3	A3	00	0B	02	00	42.0	1	0	2	0																						
2	ppu_public	91	14465166	105	520	260.0	mode0_enter	0	A3	00	0B	02	00	260.0	1	0	2	0																						
2	ppu_public	91	14465160	105	257	128.5	stat_sample	0	A0	00	0B	02	00	128.5	1	0	2	0																						
2	ppu_public	91	14465560	106	0	0.0	stat_sample	2	A0	20	0B	02	00	0.0	1	1	2	0																						
2	ppu_public	91	14465560	106	0	0.0	stat_irq_edge	2	A0	20	0B	02	00	0.0	1	1	2	0																						
2	ppu_public	91	14465560	106	2	1.0	mode2_irq_prepare	0	A0	00	0B	02	00	1.0	1	0	2	0																						
2	ppu_public	91	14465568	106	0	0.0	stat_sample	2	A2	20	0B	02	00	0.0	1	0	2	0																						
2	ppu_public	91	14465566	106	8	4.0	mode2_enter	2	A2	20	0B	02	00	4.0	1	0	2	0																						
2	ppu_public	91	14465568	106	0	0.0	stat_sample	3	A2	00	0B	02	00	0.0	1	0	2	0																						
2	ppu_public	91	14465734	106	176	88.0	mode3_enter	3	A2	00	0B	02	00	88.0	1	0	2	0																						
2	ppu_public	91	14465728	106	84	42.0	stat_sample	3	A3	00	0B	02	00	42.0	1	0	2	0																						
2	ppu_public	91	14466078	106	520	260.0	mode0_enter	0	A3	00	0B	02	00	260.0	1	0	2	0																						
2	ppu_public	91	14466072	106	257	128.5	stat_sample	0	A0	00	0B	02	00	128.5	1	0	2	0																						
2	ppu_public	91	14466472	107	0	0.0	stat_sample	2	A0	20	0B	02	00	0.0	1	1	2	0																						
2	ppu_public	91	14466472	107	0	0.0	stat_irq_edge	2	A0	20	0B	02	00	0.0	1	1	2	0																						
2	ppu_public	91	14466472	107	2	1.0	mode2_irq_prepare	0	A0	00	0B	02	00	1.0	1	0	2	0																						
2	ppu_public	91	14466480	107	0	0.0	stat_sample	2	A2	20	0B	02	00	0.0	1	0	2	0																						
2	ppu_public	91	14466478	107	8	4.0	mode2_enter	2	A2	20	0B	02	00	4.0	1	0	2	0																						
2	ppu_public	91	14466480	107	0	0.0	stat_sample	3	A2	00	0B	02	00	0.0	1	0	2	0																						
2	ppu_public	91	14466646	107	176	88.0	mode3_enter	3	A2	00	0B	02	00	88.0	1	0	2	0																						
2	ppu_public	91	14466640	107	84	42.0	stat_sample	3	A3	00	0B	02	00	42.0	1	0	2	0																						
2	ppu_public	91	14466990	107	520	260.0	mode0_enter	0	A3	00	0B	02	00	260.0	1	0	2	0																						
2	ppu_public	91	14466984	107	257	128.5	stat_sample	0	A0	00	0B	02	00	128.5	1	0	2	0																						
2	ppu_public	91	14467384	108	0	0.0	stat_sample	2	A0	20	0B	02	00	0.0	1	1	2	0																						
2	ppu_public	91	14467384	108	0	0.0	stat_irq_edge	2	A0	20	0B	02	00	0.0	1	1	2	0																						
2	ppu_public	91	14467384	108	2	1.0	mode2_irq_prepare	0	A0	00	0B	02	00	1.0	1	0	2	0																						
2	ppu_public	91	14467392	108	0	0.0	stat_sample	2	A2	20	0B	02	00	0.0	1	0	2	0																						
2	ppu_public	91	14467390	108	8	4.0	mode2_enter	2	A2	20	0B	02	00	4.0	1	0	2	0																						
2	ppu_public	91	14467392	108	0	0.0	stat_sample	3	A2	00	0B	02	00	0.0	1	0	2	0																						
2	ppu_public	91	14467558	108	176	88.0	mode3_enter	3	A2	00	0B	02	00	88.0	1	0	2	0																						
2	ppu_public	91	14467552	108	84	42.0	stat_sample	3	A3	00	0B	02	00	42.0	1	0	2	0																						
2	ppu_public	91	14467902	108	520	260.0	mode0_enter	0	A3	00	0B	02	00	260.0	1	0	2	0																						
2	ppu_public	91	14467896	108	257	128.5	stat_sample	0	A0	00	0B	02	00	128.5	1	0	2	0																						
2	ppu_public	91	14468296	109	0	0.0	stat_sample	2	A0	20	0B	02	00	0.0	1	1	2	0																						
2	ppu_public	91	14468296	109	0	0.0	stat_irq_edge	2	A0	20	0B	02	00	0.0	1	1	2	0																						
2	ppu_public	91	14468296	109	2	1.0	mode2_irq_prepare	0	A0	00	0B	02	00	1.0	1	0	2	0																						
2	ppu_public	91	14468304	109	0	0.0	stat_sample	2	A2	20	0B	02	00	0.0	1	0	2	0																						
2	ppu_public	91	14468302	109	8	4.0	mode2_enter	2	A2	20	0B	02	00	4.0	1	0	2	0																						
2	ppu_public	91	14468304	109	0	0.0	stat_sample	3	A2	00	0B	02	00	0.0	1	0	2	0																						
2	ppu_public	91	14468470	109	176	88.0	mode3_enter	3	A2	00	0B	02	00	88.0	1	0	2	0																						
2	ppu_public	91	14468464	109	84	42.0	stat_sample	3	A3	00	0B	02	00	42.0	1	0	2	0																						
2	ppu_public	91	14468814	109	520	260.0	mode0_enter	0	A3	00	0B	02	00	260.0	1	0	2	0																						
2	ppu_public	91	14468808	109	257	128.5	stat_sample	0	A0	00	0B	02	00	128.5	1	0	2	0																						
2	ppu_public	91	14469208	110	0	0.0	stat_sample	2	A0	20	0B	02	00	0.0	1	1	2	0																						
2	ppu_public	91	14469208	110	0	0.0	stat_irq_edge	2	A0	20	0B	02	00	0.0	1	1	2	0																						
2	ppu_public	91	14469208	110	2	1.0	mode2_irq_prepare	0	A0	00	0B	02	00	1.0	1	0	2	0																						
2	ppu_public	91	14469216	110	0	0.0	stat_sample	2	A2	20	0B	02	00	0.0	1	0	2	0																						
2	ppu_public	91	14469214	110	8	4.0	mode2_enter	2	A2	20	0B	02	00	4.0	1	0	2	0																						
2	ppu_public	91	14469216	110	0	0.0	stat_sample	3	A2	00	0B	02	00	0.0	1	0	2	0																						
2	ppu_public	91	14469382	110	176	88.0	mode3_enter	3	A2	00	0B	02	00	88.0	1	0	2	0																						
2	ppu_public	91	14469376	110	84	42.0	stat_sample	3	A3	00	0B	02	00	42.0	1	0	2	0																						
2	ppu_public	91	14469726	110	520	260.0	mode0_enter	0	A3	00	0B	02	00	260.0	1	0	2	0																						
2	ppu_public	91	14469720	110	257	128.5	stat_sample	0	A0	00	0B	02	00	128.5	1	0	2	0																						
2	ppu_public	91	14470120	111	0	0.0	stat_sample	2	A0	20	0B	02	00	0.0	1	1	2	0																						
2	ppu_public	91	14470120	111	0	0.0	stat_irq_edge	2	A0	20	0B	02	00	0.0	1	1	2	0																						
2	ppu_public	91	14470120	111	2	1.0	mode2_irq_prepare	0	A0	00	0B	02	00	1.0	1	0	2	0																						
2	ppu_public	91	14470128	111	0	0.0	stat_sample	2	A2	20	0B	02	00	0.0	1	0	2	0																						
2	ppu_public	91	14470126	111	8	4.0	mode2_enter	2	A2	20	0B	02	00	4.0	1	0	2	0																						
2	ppu_public	91	14470128	111	0	0.0	stat_sample	3	A2	00	0B	02	00	0.0	1	0	2	0																						
2	ppu_public	91	14470294	111	176	88.0	mode3_enter	3	A2	00	0B	02	00	88.0	1	0	2	0																						
2	ppu_public	91	14470288	111	84	42.0	stat_sample	3	A3	00	0B	02	00	42.0	1	0	2	0																						
2	ppu_public	91	14470638	111	520	260.0	mode0_enter	0	A3	00	0B	02	00	260.0	1	0	2	0																						
2	ppu_public	91	14470632	111	257	128.5	stat_sample	0	A0	00	0B	02	00	128.5	1	0	2	0																						
2	ppu_public	91	14471032	112	0	0.0	stat_sample	2	A0	20	0B	02	00	0.0	1	1	2	0																						
2	ppu_public	91	14471032	112	0	0.0	stat_irq_edge	2	A0	20	0B	02	00	0.0	1	1	2	0																						
2	ppu_public	91	14471032	112	2	1.0	mode2_irq_prepare	0	A0	00	0B	02	00	1.0	1	0	2	0																						
2	ppu_public	91	14471040	112	0	0.0	stat_sample	2	A2	20	0B	02	00	0.0	1	0	2	0																						
2	ppu_public	91	14471038	112	8	4.0	mode2_enter	2	A2	20	0B	02	00	4.0	1	0	2	0																						
2	ppu_public	91	14471040	112	0	0.0	stat_sample	3	A2	00	0B	02	00	0.0	1	0	2	0																						
2	ppu_public	91	14471206	112	176	88.0	mode3_enter	3	A2	00	0B	02	00	88.0	1	0	2	0																						
2	ppu_public	91	14471200	112	84	42.0	stat_sample	3	A3	00	0B	02	00	42.0	1	0	2	0																						
2	ppu_public	91	14471550	112	520	260.0	mode0_enter	0	A3	00	0B	02	00	260.0	1	0	2	0																						
2	ppu_public	91	14471544	112	257	128.5	stat_sample	0	A0	00	0B	02	00	128.5	1	0	2	0																						
2	ppu_public	91	14471944	113	0	0.0	stat_sample	2	A0	20	0B	02	00	0.0	1	1	2	0																						
2	ppu_public	91	14471944	113	0	0.0	stat_irq_edge	2	A0	20	0B	02	00	0.0	1	1	2	0																						
2	ppu_public	91	14471944	113	2	1.0	mode2_irq_prepare	0	A0	00	0B	02	00	1.0	1	0	2	0																						
2	ppu_public	91	14471952	113	0	0.0	stat_sample	2	A2	20	0B	02	00	0.0	1	0	2	0																						
2	ppu_public	91	14471950	113	8	4.0	mode2_enter	2	A2	20	0B	02	00	4.0	1	0	2	0																						
2	ppu_public	91	14471952	113	0	0.0	stat_sample	3	A2	00	0B	02	00	0.0	1	0	2	0																						
2	ppu_public	91	14472118	113	176	88.0	mode3_enter	3	A2	00	0B	02	00	88.0	1	0	2	0																						
2	ppu_public	91	14472112	113	84	42.0	stat_sample	3	A3	00	0B	02	00	42.0	1	0	2	0																						
2	ppu_public	91	14472462	113	520	260.0	mode0_enter	0	A3	00	0B	02	00	260.0	1	0	2	0																						
2	ppu_public	91	14472456	113	257	128.5	stat_sample	0	A0	00	0B	02	00	128.5	1	0	2	0																						
2	ppu_public	91	14472856	114	0	0.0	stat_sample	2	A0	20	0B	02	00	0.0	1	1	2	0																						
2	ppu_public	91	14472856	114	0	0.0	stat_irq_edge	2	A0	20	0B	02	00	0.0	1	1	2	0																						
2	ppu_public	91	14472856	114	2	1.0	mode2_irq_prepare	0	A0	00	0B	02	00	1.0	1	0	2	0																						
2	ppu_public	91	14472864	114	0	0.0	stat_sample	2	A2	20	0B	02	00	0.0	1	0	2	0																						
2	ppu_public	91	14472862	114	8	4.0	mode2_enter	2	A2	20	0B	02	00	4.0	1	0	2	0																						
2	ppu_public	91	14472864	114	0	0.0	stat_sample	3	A2	00	0B	02	00	0.0	1	0	2	0																						
2	ppu_public	91	14473030	114	176	88.0	mode3_enter	3	A2	00	0B	02	00	88.0	1	0	2	0																						
2	ppu_public	91	14473024	114	84	42.0	stat_sample	3	A3	00	0B	02	00	42.0	1	0	2	0																						
2	ppu_public	91	14473374	114	520	260.0	mode0_enter	0	A3	00	0B	02	00	260.0	1	0	2	0																						
2	ppu_public	91	14473368	114	257	128.5	stat_sample	0	A0	00	0B	02	00	128.5	1	0	2	0																						
2	ppu_public	91	14473768	115	0	0.0	stat_sample	2	A0	20	0B	02	00	0.0	1	1	2	0																						
2	ppu_public	91	14473768	115	0	0.0	stat_irq_edge	2	A0	20	0B	02	00	0.0	1	1	2	0																						
2	ppu_public	91	14473768	115	2	1.0	mode2_irq_prepare	0	A0	00	0B	02	00	1.0	1	0	2	0																						
2	ppu_public	91	14473776	115	0	0.0	stat_sample	2	A2	20	0B	02	00	0.0	1	0	2	0																						
2	ppu_public	91	14473774	115	8	4.0	mode2_enter	2	A2	20	0B	02	00	4.0	1	0	2	0																						
2	ppu_public	91	14473776	115	0	0.0	stat_sample	3	A2	00	0B	02	00	0.0	1	0	2	0																						
2	ppu_public	91	14473942	115	176	88.0	mode3_enter	3	A2	00	0B	02	00	88.0	1	0	2	0																						
2	ppu_public	91	14473936	115	84	42.0	stat_sample	3	A3	00	0B	02	00	42.0	1	0	2	0																						
2	ppu_public	91	14474286	115	520	260.0	mode0_enter	0	A3	00	0B	02	00	260.0	1	0	2	0																						
2	ppu_public	91	14474280	115	257	128.5	stat_sample	0	A0	00	0B	02	00	128.5	1	0	2	0																						
2	ppu_public	91	14474680	116	0	0.0	stat_sample	2	A0	20	0B	02	00	0.0	1	1	2	0																						
2	ppu_public	91	14474680	116	0	0.0	stat_irq_edge	2	A0	20	0B	02	00	0.0	1	1	2	0																						
2	ppu_public	91	14474680	116	2	1.0	mode2_irq_prepare	0	A0	00	0B	02	00	1.0	1	0	2	0																						
2	ppu_public	91	14474688	116	0	0.0	stat_sample	2	A2	20	0B	02	00	0.0	1	0	2	0																						
2	ppu_public	91	14474686	116	8	4.0	mode2_enter	2	A2	20	0B	02	00	4.0	1	0	2	0																						
2	ppu_public	91	14474688	116	0	0.0	stat_sample	3	A2	00	0B	02	00	0.0	1	0	2	0																						
2	ppu_public	91	14474854	116	176	88.0	mode3_enter	3	A2	00	0B	02	00	88.0	1	0	2	0																						
2	ppu_public	91	14474848	116	84	42.0	stat_sample	3	A3	00	0B	02	00	42.0	1	0	2	0																						
2	ppu_public	91	14475198	116	520	260.0	mode0_enter	0	A3	00	0B	02	00	260.0	1	0	2	0																						
2	ppu_public	91	14475192	116	257	128.5	stat_sample	0	A0	00	0B	02	00	128.5	1	0	2	0																						
2	ppu_public	91	14475592	117	0	0.0	stat_sample	2	A0	20	0B	02	00	0.0	1	1	2	0																						
2	ppu_public	91	14475592	117	0	0.0	stat_irq_edge	2	A0	20	0B	02	00	0.0	1	1	2	0																						
2	ppu_public	91	14475592	117	2	1.0	mode2_irq_prepare	0	A0	00	0B	02	00	1.0	1	0	2	0																						
2	ppu_public	91	14475600	117	0	0.0	stat_sample	2	A2	20	0B	02	00	0.0	1	0	2	0																						
2	ppu_public	91	14475598	117	8	4.0	mode2_enter	2	A2	20	0B	02	00	4.0	1	0	2	0																						
2	ppu_public	91	14475600	117	0	0.0	stat_sample	3	A2	00	0B	02	00	0.0	1	0	2	0																						
2	ppu_public	91	14475766	117	176	88.0	mode3_enter	3	A2	00	0B	02	00	88.0	1	0	2	0																						
2	ppu_public	91	14475760	117	84	42.0	stat_sample	3	A3	00	0B	02	00	42.0	1	0	2	0																						
2	ppu_public	91	14476110	117	520	260.0	mode0_enter	0	A3	00	0B	02	00	260.0	1	0	2	0																						
2	ppu_public	91	14476104	117	257	128.5	stat_sample	0	A0	00	0B	02	00	128.5	1	0	2	0																						
2	ppu_public	91	14476504	118	0	0.0	stat_sample	2	A0	20	0B	02	00	0.0	1	1	2	0																						
2	ppu_public	91	14476504	118	0	0.0	stat_irq_edge	2	A0	20	0B	02	00	0.0	1	1	2	0																						
2	ppu_public	91	14476504	118	2	1.0	mode2_irq_prepare	0	A0	00	0B	02	00	1.0	1	0	2	0																						
2	ppu_public	91	14476512	118	0	0.0	stat_sample	2	A2	20	0B	02	00	0.0	1	0	2	0																						
2	ppu_public	91	14476510	118	8	4.0	mode2_enter	2	A2	20	0B	02	00	4.0	1	0	2	0																						
2	ppu_public	91	14476512	118	0	0.0	stat_sample	3	A2	00	0B	02	00	0.0	1	0	2	0																						
2	ppu_public	91	14476678	118	176	88.0	mode3_enter	3	A2	00	0B	02	00	88.0	1	0	2	0																						
2	ppu_public	91	14476672	118	84	42.0	stat_sample	3	A3	00	0B	02	00	42.0	1	0	2	0																						
2	ppu_public	91	14477022	118	520	260.0	mode0_enter	0	A3	00	0B	02	00	260.0	1	0	2	0																						
2	ppu_public	91	14477016	118	257	128.5	stat_sample	0	A0	00	0B	02	00	128.5	1	0	2	0																						
2	ppu_public	91	14477416	119	0	0.0	stat_sample	2	A0	20	0B	02	00	0.0	1	1	2	0																						
2	ppu_public	91	14477416	119	0	0.0	stat_irq_edge	2	A0	20	0B	02	00	0.0	1	1	2	0																						
2	ppu_public	91	14477416	119	2	1.0	mode2_irq_prepare	0	A0	00	0B	02	00	1.0	1	0	2	0																						
2	ppu_public	91	14477424	119	0	0.0	stat_sample	2	A2	20	0B	02	00	0.0	1	0	2	0																						
2	ppu_public	91	14477422	119	8	4.0	mode2_enter	2	A2	20	0B	02	00	4.0	1	0	2	0																						
2	ppu_public	91	14477424	119	0	0.0	stat_sample	3	A2	00	0B	02	00	0.0	1	0	2	0																						
2	ppu_public	91	14477590	119	176	88.0	mode3_enter	3	A2	00	0B	02	00	88.0	1	0	2	0																						
2	ppu_public	91	14477584	119	84	42.0	stat_sample	3	A3	00	0B	02	00	42.0	1	0	2	0																						
2	ppu_public	91	14477934	119	520	260.0	mode0_enter	0	A3	00	0B	02	00	260.0	1	0	2	0																						
2	ppu_public	91	14477928	119	257	128.5	stat_sample	0	A0	00	0B	02	00	128.5	1	0	2	0																						
2	ppu_public	91	14478328	120	0	0.0	stat_sample	2	A0	20	0B	02	00	0.0	1	1	2	0																						
2	ppu_public	91	14478328	120	0	0.0	stat_irq_edge	2	A0	20	0B	02	00	0.0	1	1	2	0																						
2	ppu_public	91	14478328	120	2	1.0	mode2_irq_prepare	0	A0	00	0B	02	00	1.0	1	0	2	0																						
2	ppu_public	91	14478336	120	0	0.0	stat_sample	2	A2	20	0B	02	00	0.0	1	0	2	0																						
2	ppu_public	91	14478334	120	8	4.0	mode2_enter	2	A2	20	0B	02	00	4.0	1	0	2	0																						
2	ppu_public	91	14478336	120	0	0.0	stat_sample	3	A2	00	0B	02	00	0.0	1	0	2	0																						
2	ppu_public	91	14478502	120	176	88.0	mode3_enter	3	A2	00	0B	02	00	88.0	1	0	2	0																						
2	ppu_public	91	14478496	120	84	42.0	stat_sample	3	A3	00	0B	02	00	42.0	1	0	2	0																						
2	ppu_public	91	14478846	120	520	260.0	mode0_enter	0	A3	00	0B	02	00	260.0	1	0	2	0																						
2	ppu_public	91	14478840	120	257	128.5	stat_sample	0	A0	00	0B	02	00	128.5	1	0	2	0																						
2	ppu_public	91	14479240	121	0	0.0	stat_sample	2	A0	20	0B	02	00	0.0	1	1	2	0																						
2	ppu_public	91	14479240	121	0	0.0	stat_irq_edge	2	A0	20	0B	02	00	0.0	1	1	2	0																						
2	ppu_public	91	14479240	121	2	1.0	mode2_irq_prepare	0	A0	00	0B	02	00	1.0	1	0	2	0																						
2	ppu_public	91	14479248	121	0	0.0	stat_sample	2	A2	20	0B	02	00	0.0	1	0	2	0																						
2	ppu_public	91	14479246	121	8	4.0	mode2_enter	2	A2	20	0B	02	00	4.0	1	0	2	0																						
2	ppu_public	91	14479248	121	0	0.0	stat_sample	3	A2	00	0B	02	00	0.0	1	0	2	0																						
2	ppu_public	91	14479414	121	176	88.0	mode3_enter	3	A2	00	0B	02	00	88.0	1	0	2	0																						
2	ppu_public	91	14479408	121	84	42.0	stat_sample	3	A3	00	0B	02	00	42.0	1	0	2	0																						
2	ppu_public	91	14479758	121	520	260.0	mode0_enter	0	A3	00	0B	02	00	260.0	1	0	2	0																						
2	ppu_public	91	14479752	121	257	128.5	stat_sample	0	A0	00	0B	02	00	128.5	1	0	2	0																						
2	ppu_public	91	14480152	122	0	0.0	stat_sample	2	A0	20	0B	02	00	0.0	1	1	2	0																						
2	ppu_public	91	14480152	122	0	0.0	stat_irq_edge	2	A0	20	0B	02	00	0.0	1	1	2	0																						
2	ppu_public	91	14480152	122	2	1.0	mode2_irq_prepare	0	A0	00	0B	02	00	1.0	1	0	2	0																						
2	ppu_public	91	14480160	122	0	0.0	stat_sample	2	A2	20	0B	02	00	0.0	1	0	2	0																						
2	ppu_public	91	14480158	122	8	4.0	mode2_enter	2	A2	20	0B	02	00	4.0	1	0	2	0																						
2	ppu_public	91	14480160	122	0	0.0	stat_sample	3	A2	00	0B	02	00	0.0	1	0	2	0																						
2	ppu_public	91	14480326	122	176	88.0	mode3_enter	3	A2	00	0B	02	00	88.0	1	0	2	0																						
2	ppu_public	91	14480320	122	84	42.0	stat_sample	3	A3	00	0B	02	00	42.0	1	0	2	0																						
2	ppu_public	91	14480670	122	520	260.0	mode0_enter	0	A3	00	0B	02	00	260.0	1	0	2	0																						
2	ppu_public	91	14480664	122	257	128.5	stat_sample	0	A0	00	0B	02	00	128.5	1	0	2	0																						
2	ppu_public	91	14481064	123	0	0.0	stat_sample	2	A0	20	0B	02	00	0.0	1	1	2	0																						
2	ppu_public	91	14481064	123	0	0.0	stat_irq_edge	2	A0	20	0B	02	00	0.0	1	1	2	0																						
2	ppu_public	91	14481064	123	2	1.0	mode2_irq_prepare	0	A0	00	0B	02	00	1.0	1	0	2	0																						
2	ppu_public	91	14481072	123	0	0.0	stat_sample	2	A2	20	0B	02	00	0.0	1	0	2	0																						
2	ppu_public	91	14481070	123	8	4.0	mode2_enter	2	A2	20	0B	02	00	4.0	1	0	2	0																						
2	ppu_public	91	14481072	123	0	0.0	stat_sample	3	A2	00	0B	02	00	0.0	1	0	2	0																						
2	ppu_public	91	14481238	123	176	88.0	mode3_enter	3	A2	00	0B	02	00	88.0	1	0	2	0																						
2	ppu_public	91	14481232	123	84	42.0	stat_sample	3	A3	00	0B	02	00	42.0	1	0	2	0																						
2	ppu_public	91	14481582	123	520	260.0	mode0_enter	0	A3	00	0B	02	00	260.0	1	0	2	0																						
2	ppu_public	91	14481576	123	257	128.5	stat_sample	0	A0	00	0B	02	00	128.5	1	0	2	0																						
2	ppu_public	91	14481976	124	0	0.0	stat_sample	2	A0	20	0B	02	00	0.0	1	1	2	0																						
2	ppu_public	91	14481976	124	0	0.0	stat_irq_edge	2	A0	20	0B	02	00	0.0	1	1	2	0																						
2	ppu_public	91	14481976	124	2	1.0	mode2_irq_prepare	0	A0	00	0B	02	00	1.0	1	0	2	0																						
2	ppu_public	91	14481984	124	0	0.0	stat_sample	2	A2	20	0B	02	00	0.0	1	0	2	0																						
2	ppu_public	91	14481982	124	8	4.0	mode2_enter	2	A2	20	0B	02	00	4.0	1	0	2	0																						
2	ppu_public	91	14481984	124	0	0.0	stat_sample	3	A2	00	0B	02	00	0.0	1	0	2	0																						
2	ppu_public	91	14482150	124	176	88.0	mode3_enter	3	A2	00	0B	02	00	88.0	1	0	2	0																						
2	ppu_public	91	14482144	124	84	42.0	stat_sample	3	A3	00	0B	02	00	42.0	1	0	2	0																						
2	ppu_public	91	14482494	124	520	260.0	mode0_enter	0	A3	00	0B	02	00	260.0	1	0	2	0																						
2	ppu_public	91	14482488	124	257	128.5	stat_sample	0	A0	00	0B	02	00	128.5	1	0	2	0																						
2	ppu_public	91	14482888	125	0	0.0	stat_sample	2	A0	20	0B	02	00	0.0	1	1	2	0																						
2	ppu_public	91	14482888	125	0	0.0	stat_irq_edge	2	A0	20	0B	02	00	0.0	1	1	2	0																						
2	ppu_public	91	14482888	125	2	1.0	mode2_irq_prepare	0	A0	00	0B	02	00	1.0	1	0	2	0																						
2	ppu_public	91	14482896	125	0	0.0	stat_sample	2	A2	20	0B	02	00	0.0	1	0	2	0																						
2	ppu_public	91	14482894	125	8	4.0	mode2_enter	2	A2	20	0B	02	00	4.0	1	0	2	0																						
2	ppu_public	91	14482896	125	0	0.0	stat_sample	3	A2	00	0B	02	00	0.0	1	0	2	0																						
2	ppu_public	91	14483062	125	176	88.0	mode3_enter	3	A2	00	0B	02	00	88.0	1	0	2	0																						
2	ppu_public	91	14483056	125	84	42.0	stat_sample	3	A3	00	0B	02	00	42.0	1	0	2	0																						
2	ppu_public	91	14483406	125	520	260.0	mode0_enter	0	A3	00	0B	02	00	260.0	1	0	2	0																						
2	ppu_public	91	14483400	125	257	128.5	stat_sample	0	A0	00	0B	02	00	128.5	1	0	2	0																						
2	ppu_public	91	14483800	126	0	0.0	stat_sample	2	A0	20	0B	02	00	0.0	1	1	2	0																						
2	ppu_public	91	14483800	126	0	0.0	stat_irq_edge	2	A0	20	0B	02	00	0.0	1	1	2	0																						
2	ppu_public	91	14483800	126	2	1.0	mode2_irq_prepare	0	A0	00	0B	02	00	1.0	1	0	2	0																						
2	ppu_public	91	14483808	126	0	0.0	stat_sample	2	A2	20	0B	02	00	0.0	1	0	2	0																						
2	ppu_public	91	14483806	126	8	4.0	mode2_enter	2	A2	20	0B	02	00	4.0	1	0	2	0																						
2	ppu_public	91	14483808	126	0	0.0	stat_sample	3	A2	00	0B	02	00	0.0	1	0	2	0																						
2	ppu_public	91	14483974	126	176	88.0	mode3_enter	3	A2	00	0B	02	00	88.0	1	0	2	0																						
2	ppu_public	91	14483968	126	84	42.0	stat_sample	3	A3	00	0B	02	00	42.0	1	0	2	0																						
2	ppu_public	91	14484318	126	520	260.0	mode0_enter	0	A3	00	0B	02	00	260.0	1	0	2	0																						
2	ppu_public	91	14484312	126	257	128.5	stat_sample	0	A0	00	0B	02	00	128.5	1	0	2	0																						
2	ppu_public	91	14484712	127	0	0.0	stat_sample	2	A0	20	0B	02	00	0.0	1	1	2	0																						
2	ppu_public	91	14484712	127	0	0.0	stat_irq_edge	2	A0	20	0B	02	00	0.0	1	1	2	0																						
2	ppu_public	91	14484712	127	2	1.0	mode2_irq_prepare	0	A0	00	0B	02	00	1.0	1	0	2	0																						
2	ppu_public	91	14484720	127	0	0.0	stat_sample	2	A2	20	0B	02	00	0.0	1	0	2	0																						
2	ppu_public	91	14484718	127	8	4.0	mode2_enter	2	A2	20	0B	02	00	4.0	1	0	2	0																						
2	ppu_public	91	14484720	127	0	0.0	stat_sample	3	A2	00	0B	02	00	0.0	1	0	2	0																						
2	ppu_public	91	14484886	127	176	88.0	mode3_enter	3	A2	00	0B	02	00	88.0	1	0	2	0																						
2	ppu_public	91	14484880	127	84	42.0	stat_sample	3	A3	00	0B	02	00	42.0	1	0	2	0																						
2	ppu_public	91	14485230	127	520	260.0	mode0_enter	0	A3	00	0B	02	00	260.0	1	0	2	0																						
2	ppu_public	91	14485224	127	257	128.5	stat_sample	0	A0	00	0B	02	00	128.5	1	0	2	0																						
2	ppu_public	91	14485624	128	0	0.0	stat_sample	2	A0	20	0B	02	00	0.0	1	1	2	0																						
2	ppu_public	91	14485624	128	0	0.0	stat_irq_edge	2	A0	20	0B	02	00	0.0	1	1	2	0																						
2	ppu_public	91	14485624	128	2	1.0	mode2_irq_prepare	0	A0	00	0B	02	00	1.0	1	0	2	0																						
2	ppu_public	91	14485632	128	0	0.0	stat_sample	2	A2	20	0B	02	00	0.0	1	0	2	0																						
2	ppu_public	91	14485630	128	8	4.0	mode2_enter	2	A2	20	0B	02	00	4.0	1	0	2	0																						
2	ppu_public	91	14485632	128	0	0.0	stat_sample	3	A2	00	0B	02	00	0.0	1	0	2	0																						
2	ppu_public	91	14485798	128	176	88.0	mode3_enter	3	A2	00	0B	02	00	88.0	1	0	2	0																						
2	ppu_public	91	14485792	128	84	42.0	stat_sample	3	A3	00	0B	02	00	42.0	1	0	2	0																						
2	ppu_public	91	14486142	128	520	260.0	mode0_enter	0	A3	00	0B	02	00	260.0	1	0	2	0																						
2	ppu_public	91	14486136	128	257	128.5	stat_sample	0	A0	00	0B	02	00	128.5	1	0	2	0																						
2	ppu_public	91	14486536	129	0	0.0	stat_sample	2	A0	20	0B	02	00	0.0	1	1	2	0																						
2	ppu_public	91	14486536	129	0	0.0	stat_irq_edge	2	A0	20	0B	02	00	0.0	1	1	2	0																						
2	ppu_public	91	14486536	129	2	1.0	mode2_irq_prepare	0	A0	00	0B	02	00	1.0	1	0	2	0																						
2	ppu_public	91	14486544	129	0	0.0	stat_sample	2	A2	20	0B	02	00	0.0	1	0	2	0																						
2	ppu_public	91	14486542	129	8	4.0	mode2_enter	2	A2	20	0B	02	00	4.0	1	0	2	0																						
2	ppu_public	91	14486544	129	0	0.0	stat_sample	3	A2	00	0B	02	00	0.0	1	0	2	0																						
2	ppu_public	91	14486710	129	176	88.0	mode3_enter	3	A2	00	0B	02	00	88.0	1	0	2	0																						
2	ppu_public	91	14486704	129	84	42.0	stat_sample	3	A3	00	0B	02	00	42.0	1	0	2	0																						
2	ppu_public	91	14487054	129	520	260.0	mode0_enter	0	A3	00	0B	02	00	260.0	1	0	2	0																						
2	ppu_public	91	14487048	129	257	128.5	stat_sample	0	A0	00	0B	02	00	128.5	1	0	2	0																						
2	ppu_public	91	14487448	130	0	0.0	stat_sample	2	A0	20	0B	02	00	0.0	1	1	2	0																						
2	ppu_public	91	14487448	130	0	0.0	stat_irq_edge	2	A0	20	0B	02	00	0.0	1	1	2	0																						
2	ppu_public	91	14487448	130	2	1.0	mode2_irq_prepare	0	A0	00	0B	02	00	1.0	1	0	2	0																						
2	ppu_public	91	14487456	130	0	0.0	stat_sample	2	A2	20	0B	02	00	0.0	1	0	2	0																						
2	ppu_public	91	14487454	130	8	4.0	mode2_enter	2	A2	20	0B	02	00	4.0	1	0	2	0																						
2	ppu_public	91	14487456	130	0	0.0	stat_sample	3	A2	00	0B	02	00	0.0	1	0	2	0																						
2	ppu_public	91	14487622	130	176	88.0	mode3_enter	3	A2	00	0B	02	00	88.0	1	0	2	0																						
2	ppu_public	91	14487616	130	84	42.0	stat_sample	3	A3	00	0B	02	00	42.0	1	0	2	0																						
2	ppu_public	91	14487966	130	520	260.0	mode0_enter	0	A3	00	0B	02	00	260.0	1	0	2	0																						
2	ppu_public	91	14487960	130	257	128.5	stat_sample	0	A0	00	0B	02	00	128.5	1	0	2	0																						
2	ppu_public	91	14488360	131	0	0.0	stat_sample	2	A0	20	0B	02	00	0.0	1	1	2	0																						
2	ppu_public	91	14488360	131	0	0.0	stat_irq_edge	2	A0	20	0B	02	00	0.0	1	1	2	0																						
2	ppu_public	91	14488360	131	2	1.0	mode2_irq_prepare	0	A0	00	0B	02	00	1.0	1	0	2	0																						
2	ppu_public	91	14488368	131	0	0.0	stat_sample	2	A2	20	0B	02	00	0.0	1	0	2	0																						
2	ppu_public	91	14488366	131	8	4.0	mode2_enter	2	A2	20	0B	02	00	4.0	1	0	2	0																						
2	ppu_public	91	14488368	131	0	0.0	stat_sample	3	A2	00	0B	02	00	0.0	1	0	2	0																						
2	ppu_public	91	14488534	131	176	88.0	mode3_enter	3	A2	00	0B	02	00	88.0	1	0	2	0																						
2	ppu_public	91	14488528	131	84	42.0	stat_sample	3	A3	00	0B	02	00	42.0	1	0	2	0																						
2	ppu_public	91	14488878	131	520	260.0	mode0_enter	0	A3	00	0B	02	00	260.0	1	0	2	0																						
2	ppu_public	91	14488872	131	257	128.5	stat_sample	0	A0	00	0B	02	00	128.5	1	0	2	0																						
2	ppu_public	91	14489272	132	0	0.0	stat_sample	2	A0	20	0B	02	00	0.0	1	1	2	0																						
2	ppu_public	91	14489272	132	0	0.0	stat_irq_edge	2	A0	20	0B	02	00	0.0	1	1	2	0																						
2	ppu_public	91	14489272	132	2	1.0	mode2_irq_prepare	0	A0	00	0B	02	00	1.0	1	0	2	0																						
2	ppu_public	91	14489280	132	0	0.0	stat_sample	2	A2	20	0B	02	00	0.0	1	0	2	0																						
2	ppu_public	91	14489278	132	8	4.0	mode2_enter	2	A2	20	0B	02	00	4.0	1	0	2	0																						
2	ppu_public	91	14489280	132	0	0.0	stat_sample	3	A2	00	0B	02	00	0.0	1	0	2	0																						
2	ppu_public	91	14489446	132	176	88.0	mode3_enter	3	A2	00	0B	02	00	88.0	1	0	2	0																						
2	ppu_public	91	14489440	132	84	42.0	stat_sample	3	A3	00	0B	02	00	42.0	1	0	2	0																						
2	ppu_public	91	14489790	132	520	260.0	mode0_enter	0	A3	00	0B	02	00	260.0	1	0	2	0																						
2	ppu_public	91	14489784	132	257	128.5	stat_sample	0	A0	00	0B	02	00	128.5	1	0	2	0																						
2	ppu_public	91	14490184	133	0	0.0	stat_sample	2	A0	20	0B	02	00	0.0	1	1	2	0																						
2	ppu_public	91	14490184	133	0	0.0	stat_irq_edge	2	A0	20	0B	02	00	0.0	1	1	2	0																						
2	ppu_public	91	14490184	133	2	1.0	mode2_irq_prepare	0	A0	00	0B	02	00	1.0	1	0	2	0																						
2	ppu_public	91	14490192	133	0	0.0	stat_sample	2	A2	20	0B	02	00	0.0	1	0	2	0																						
2	ppu_public	91	14490190	133	8	4.0	mode2_enter	2	A2	20	0B	02	00	4.0	1	0	2	0																						
2	ppu_public	91	14490192	133	0	0.0	stat_sample	3	A2	00	0B	02	00	0.0	1	0	2	0																						
2	ppu_public	91	14490358	133	176	88.0	mode3_enter	3	A2	00	0B	02	00	88.0	1	0	2	0																						
2	ppu_public	91	14490352	133	84	42.0	stat_sample	3	A3	00	0B	02	00	42.0	1	0	2	0																						
2	ppu_public	91	14490702	133	520	260.0	mode0_enter	0	A3	00	0B	02	00	260.0	1	0	2	0																						
2	ppu_public	91	14490696	133	257	128.5	stat_sample	0	A0	00	0B	02	00	128.5	1	0	2	0																						
2	ppu_public	91	14491096	134	0	0.0	stat_sample	2	A0	20	0B	02	00	0.0	1	1	2	0																						
2	ppu_public	91	14491096	134	0	0.0	stat_irq_edge	2	A0	20	0B	02	00	0.0	1	1	2	0																						
2	ppu_public	91	14491096	134	2	1.0	mode2_irq_prepare	0	A0	00	0B	02	00	1.0	1	0	2	0																						
2	ppu_public	91	14491104	134	0	0.0	stat_sample	2	A2	20	0B	02	00	0.0	1	0	2	0																						
2	ppu_public	91	14491102	134	8	4.0	mode2_enter	2	A2	20	0B	02	00	4.0	1	0	2	0																						
2	ppu_public	91	14491104	134	0	0.0	stat_sample	3	A2	00	0B	02	00	0.0	1	0	2	0																						
2	ppu_public	91	14491270	134	176	88.0	mode3_enter	3	A2	00	0B	02	00	88.0	1	0	2	0																						
2	ppu_public	91	14491264	134	84	42.0	stat_sample	3	A3	00	0B	02	00	42.0	1	0	2	0																						
2	ppu_public	91	14491614	134	520	260.0	mode0_enter	0	A3	00	0B	02	00	260.0	1	0	2	0																						
2	ppu_public	91	14491608	134	257	128.5	stat_sample	0	A0	00	0B	02	00	128.5	1	0	2	0																						
2	ppu_public	91	14492008	135	0	0.0	stat_sample	2	A0	20	0B	02	00	0.0	1	1	2	0																						
2	ppu_public	91	14492008	135	0	0.0	stat_irq_edge	2	A0	20	0B	02	00	0.0	1	1	2	0																						
2	ppu_public	91	14492008	135	2	1.0	mode2_irq_prepare	0	A0	00	0B	02	00	1.0	1	0	2	0																						
2	ppu_public	91	14492016	135	0	0.0	stat_sample	2	A2	20	0B	02	00	0.0	1	0	2	0																						
2	ppu_public	91	14492014	135	8	4.0	mode2_enter	2	A2	20	0B	02	00	4.0	1	0	2	0																						
2	ppu_public	91	14492016	135	0	0.0	stat_sample	3	A2	00	0B	02	00	0.0	1	0	2	0																						
2	ppu_public	91	14492182	135	176	88.0	mode3_enter	3	A2	00	0B	02	00	88.0	1	0	2	0																						
2	ppu_public	91	14492176	135	84	42.0	stat_sample	3	A3	00	0B	02	00	42.0	1	0	2	0																						
2	ppu_public	91	14492526	135	520	260.0	mode0_enter	0	A3	00	0B	02	00	260.0	1	0	2	0																						
2	ppu_public	91	14492520	135	257	128.5	stat_sample	0	A0	00	0B	02	00	128.5	1	0	2	0																						
2	ppu_public	91	14492920	136	0	0.0	stat_sample	2	A0	20	0B	02	00	0.0	1	1	2	0																						
2	ppu_public	91	14492920	136	0	0.0	stat_irq_edge	2	A0	20	0B	02	00	0.0	1	1	2	0																						
2	ppu_public	91	14492920	136	2	1.0	mode2_irq_prepare	0	A0	00	0B	02	00	1.0	1	0	2	0																						
2	ppu_public	91	14492928	136	0	0.0	stat_sample	2	A2	20	0B	02	00	0.0	1	0	2	0																						
2	ppu_public	91	14492926	136	8	4.0	mode2_enter	2	A2	20	0B	02	00	4.0	1	0	2	0																						
2	ppu_public	91	14492928	136	0	0.0	stat_sample	3	A2	00	0B	02	00	0.0	1	0	2	0																						
2	ppu_public	91	14493094	136	176	88.0	mode3_enter	3	A2	00	0B	02	00	88.0	1	0	2	0																						
2	ppu_public	91	14493088	136	84	42.0	stat_sample	3	A3	00	0B	02	00	42.0	1	0	2	0																						
2	ppu_public	91	14493438	136	520	260.0	mode0_enter	0	A3	00	0B	02	00	260.0	1	0	2	0																						
2	ppu_public	91	14493432	136	257	128.5	stat_sample	0	A0	00	0B	02	00	128.5	1	0	2	0																						
2	ppu_public	91	14493832	137	0	0.0	stat_sample	2	A0	20	0B	02	00	0.0	1	1	2	0																						
2	ppu_public	91	14493832	137	0	0.0	stat_irq_edge	2	A0	20	0B	02	00	0.0	1	1	2	0																						
2	ppu_public	91	14493832	137	2	1.0	mode2_irq_prepare	0	A0	00	0B	02	00	1.0	1	0	2	0																						
2	ppu_public	91	14493840	137	0	0.0	stat_sample	2	A2	20	0B	02	00	0.0	1	0	2	0																						
2	ppu_public	91	14493838	137	8	4.0	mode2_enter	2	A2	20	0B	02	00	4.0	1	0	2	0																						
2	ppu_public	91	14493840	137	0	0.0	stat_sample	3	A2	00	0B	02	00	0.0	1	0	2	0																						
2	ppu_public	91	14494006	137	176	88.0	mode3_enter	3	A2	00	0B	02	00	88.0	1	0	2	0																						
2	ppu_public	91	14494000	137	84	42.0	stat_sample	3	A3	00	0B	02	00	42.0	1	0	2	0																						
2	ppu_public	91	14494350	137	520	260.0	mode0_enter	0	A3	00	0B	02	00	260.0	1	0	2	0																						
2	ppu_public	91	14494344	137	257	128.5	stat_sample	0	A0	00	0B	02	00	128.5	1	0	2	0																						
2	ppu_public	91	14494744	138	0	0.0	stat_sample	2	A0	20	0B	02	00	0.0	1	1	2	0																						
2	ppu_public	91	14494744	138	0	0.0	stat_irq_edge	2	A0	20	0B	02	00	0.0	1	1	2	0																						
2	ppu_public	91	14494744	138	2	1.0	mode2_irq_prepare	0	A0	00	0B	02	00	1.0	1	0	2	0																						
2	ppu_public	91	14494752	138	0	0.0	stat_sample	2	A2	20	0B	02	00	0.0	1	0	2	0																						
2	ppu_public	91	14494750	138	8	4.0	mode2_enter	2	A2	20	0B	02	00	4.0	1	0	2	0																						
2	ppu_public	91	14494752	138	0	0.0	stat_sample	3	A2	00	0B	02	00	0.0	1	0	2	0																						
2	ppu_public	91	14494918	138	176	88.0	mode3_enter	3	A2	00	0B	02	00	88.0	1	0	2	0																						
2	ppu_public	91	14494912	138	84	42.0	stat_sample	3	A3	00	0B	02	00	42.0	1	0	2	0																						
2	ppu_public	91	14495262	138	520	260.0	mode0_enter	0	A3	00	0B	02	00	260.0	1	0	2	0																						
2	ppu_public	91	14495256	138	257	128.5	stat_sample	0	A0	00	0B	02	00	128.5	1	0	2	0																						
2	ppu_public	91	14495656	139	0	0.0	stat_sample	2	A0	20	0B	02	00	0.0	1	1	2	0																						
2	ppu_public	91	14495656	139	0	0.0	stat_irq_edge	2	A0	20	0B	02	00	0.0	1	1	2	0																						
2	ppu_public	91	14495656	139	2	1.0	mode2_irq_prepare	0	A0	00	0B	02	00	1.0	1	0	2	0																						
2	ppu_public	91	14495664	139	0	0.0	stat_sample	2	A2	20	0B	02	00	0.0	1	0	2	0																						
2	ppu_public	91	14495662	139	8	4.0	mode2_enter	2	A2	20	0B	02	00	4.0	1	0	2	0																						
2	ppu_public	91	14495664	139	0	0.0	stat_sample	3	A2	00	0B	02	00	0.0	1	0	2	0																						
2	ppu_public	91	14495830	139	176	88.0	mode3_enter	3	A2	00	0B	02	00	88.0	1	0	2	0																						
2	ppu_public	91	14495824	139	84	42.0	stat_sample	3	A3	00	0B	02	00	42.0	1	0	2	0																						
2	ppu_public	91	14496174	139	520	260.0	mode0_enter	0	A3	00	0B	02	00	260.0	1	0	2	0																						
2	ppu_public	91	14496168	139	257	128.5	stat_sample	0	A0	00	0B	02	00	128.5	1	0	2	0																						
2	ppu_public	91	14496568	140	0	0.0	stat_sample	2	A0	20	0B	02	00	0.0	1	1	2	0																						
2	ppu_public	91	14496568	140	0	0.0	stat_irq_edge	2	A0	20	0B	02	00	0.0	1	1	2	0																						
2	ppu_public	91	14496568	140	2	1.0	mode2_irq_prepare	0	A0	00	0B	02	00	1.0	1	0	2	0																						
2	ppu_public	91	14496576	140	0	0.0	stat_sample	2	A2	20	0B	02	00	0.0	1	0	2	0																						
2	ppu_public	91	14496574	140	8	4.0	mode2_enter	2	A2	20	0B	02	00	4.0	1	0	2	0																						
2	ppu_public	91	14496576	140	0	0.0	stat_sample	3	A2	00	0B	02	00	0.0	1	0	2	0																						
2	ppu_public	91	14496742	140	176	88.0	mode3_enter	3	A2	00	0B	02	00	88.0	1	0	2	0																						
2	ppu_public	91	14496736	140	84	42.0	stat_sample	3	A3	00	0B	02	00	42.0	1	0	2	0																						
2	ppu_public	91	14497086	140	520	260.0	mode0_enter	0	A3	00	0B	02	00	260.0	1	0	2	0																						
2	ppu_public	91	14497080	140	257	128.5	stat_sample	0	A0	00	0B	02	00	128.5	1	0	2	0																						
2	ppu_public	91	14497480	141	0	0.0	stat_sample	2	A0	20	0B	02	00	0.0	1	1	2	0																						
2	ppu_public	91	14497480	141	0	0.0	stat_irq_edge	2	A0	20	0B	02	00	0.0	1	1	2	0																						
2	ppu_public	91	14497480	141	2	1.0	mode2_irq_prepare	0	A0	00	0B	02	00	1.0	1	0	2	0																						
2	ppu_public	91	14497488	141	0	0.0	stat_sample	2	A2	20	0B	02	00	0.0	1	0	2	0																						
2	ppu_public	91	14497486	141	8	4.0	mode2_enter	2	A2	20	0B	02	00	4.0	1	0	2	0																						
2	ppu_public	91	14497488	141	0	0.0	stat_sample	3	A2	00	0B	02	00	0.0	1	0	2	0																						
2	ppu_public	91	14497654	141	176	88.0	mode3_enter	3	A2	00	0B	02	00	88.0	1	0	2	0																						
2	ppu_public	91	14497648	141	84	42.0	stat_sample	3	A3	00	0B	02	00	42.0	1	0	2	0																						
2	ppu_public	91	14497998	141	520	260.0	mode0_enter	0	A3	00	0B	02	00	260.0	1	0	2	0																						
2	ppu_public	91	14497992	141	257	128.5	stat_sample	0	A0	00	0B	02	00	128.5	1	0	2	0																						
2	ppu_public	91	14498392	142	0	0.0	stat_sample	2	A0	20	0B	02	00	0.0	1	1	2	0																						
2	ppu_public	91	14498392	142	0	0.0	stat_irq_edge	2	A0	20	0B	02	00	0.0	1	1	2	0																						
2	ppu_public	91	14498392	142	2	1.0	mode2_irq_prepare	0	A0	00	0B	02	00	1.0	1	0	2	0																						
2	ppu_public	91	14498400	142	0	0.0	stat_sample	2	A2	20	0B	02	00	0.0	1	0	2	0																						
2	ppu_public	91	14498398	142	8	4.0	mode2_enter	2	A2	20	0B	02	00	4.0	1	0	2	0																						
2	ppu_public	91	14498400	142	0	0.0	stat_sample	3	A2	00	0B	02	00	0.0	1	0	2	0																						
2	ppu_public	91	14498566	142	176	88.0	mode3_enter	3	A2	00	0B	02	00	88.0	1	0	2	0																						
2	ppu_public	91	14498560	142	84	42.0	stat_sample	3	A3	00	0B	02	00	42.0	1	0	2	0																						
2	ppu_public	91	14498910	142	520	260.0	mode0_enter	0	A3	00	0B	02	00	260.0	1	0	2	0																						
2	ppu_public	91	14498904	142	257	128.5	stat_sample	0	A0	00	0B	02	00	128.5	1	0	2	0																						
2	ppu_public	91	14499304	143	0	0.0	stat_sample	2	A0	20	0B	02	00	0.0	1	1	2	0																						
2	ppu_public	91	14499304	143	0	0.0	stat_irq_edge	2	A0	20	0B	02	00	0.0	1	1	2	0																						
2	ppu_public	91	14499304	143	2	1.0	mode2_irq_prepare	0	A0	00	0B	02	00	1.0	1	0	2	0																						
2	ppu_public	91	14499312	143	0	0.0	stat_sample	2	A2	20	0B	02	00	0.0	1	0	2	0																						
2	ppu_public	91	14499310	143	8	4.0	mode2_enter	2	A2	20	0B	02	00	4.0	1	0	2	0																						
2	ppu_public	91	14499312	143	0	0.0	stat_sample	3	A2	00	0B	02	00	0.0	1	0	2	0																						
2	ppu_public	91	14499478	143	176	88.0	mode3_enter	3	A2	00	0B	02	00	88.0	1	0	2	0																						
2	ppu_public	91	14499472	143	84	42.0	stat_sample	3	A3	00	0B	02	00	42.0	1	0	2	0																						
2	ppu_public	91	14499822	143	520	260.0	mode0_enter	0	A3	00	0B	02	00	260.0	1	0	2	0																						
2	ppu_public	91	14499816	143	257	128.5	stat_sample	0	A0	00	0B	02	00	128.5	1	0	2	0																						
2	ppu_public	91	14500216	144	0	0.0	stat_sample	0	A0	00	0B	02	00	0.0	1	0	2	0																						
2	ppu_public	91	14500224	144	0	0.0	stat_sample	0	A0	00	0B	02	00	0.0	1	0	2	0																						
2	ppu_public	91	14500224	144	0	0.0	stat_sample	1	A1	00	0B	02	00	0.0	1	0	2	0																						
2	ppu_public	91	14499308	144	6	3.0	frame_vblank	1	A1	00	0B	02	00	3.0	1	1	2	0																						
2	ppu_public	91	14499308	144	6	3.0	vblank_irq_edge	1	A1	00	0B	02	00	3.0	1	1	2	0																						
2	ppu_public	91	14501128	145	0	0.0	stat_sample	1	A1	00	0B	02	00	0.0	1	0	2	0																						
2	ppu_public	91	14501136	145	0	0.0	stat_sample	1	A1	00	0B	02	00	0.0	1	0	2	0																						
2	ppu_public	91	14502040	146	0	0.0	stat_sample	1	A1	00	0B	02	00	0.0	1	0	2	0																						
2	ppu_public	91	14502048	146	0	0.0	stat_sample	1	A1	00	0B	02	00	0.0	1	0	2	0																						
2	ppu_public	91	14502952	147	0	0.0	stat_sample	1	A1	00	0B	02	00	0.0	1	0	2	0																						
2	ppu_public	91	14502960	147	0	0.0	stat_sample	1	A1	00	0B	02	00	0.0	1	0	2	0																						
2	ppu_public	91	14503864	148	0	0.0	stat_sample	1	A1	00	0B	02	00	0.0	1	0	2	0																						
2	ppu_public	91	14503872	148	0	0.0	stat_sample	1	A1	00	0B	02	00	0.0	1	0	2	0																						
2	ppu_public	91	14504776	149	0	0.0	stat_sample	1	A1	00	0B	02	00	0.0	1	0	2	0																						
2	ppu_public	91	14504784	149	0	0.0	stat_sample	1	A1	00	0B	02	00	0.0	1	0	2	0																						
2	ppu_public	91	14505688	150	0	0.0	stat_sample	1	A1	00	0B	02	00	0.0	1	0	2	0																						
2	ppu_public	91	14505696	150	0	0.0	stat_sample	1	A1	00	0B	02	00	0.0	1	0	2	0																						
2	ppu_public	91	14506600	151	0	0.0	stat_sample	1	A1	00	0B	02	00	0.0	1	0	2	0																						
2	ppu_public	91	14506608	151	0	0.0	stat_sample	1	A1	00	0B	02	00	0.0	1	0	2	0																						
2	ppu_public	91	14507512	152	0	0.0	stat_sample	1	A1	00	0B	02	00	0.0	1	0	2	0																						
2	ppu_public	91	14507520	152	0	0.0	stat_sample	1	A1	00	0B	02	00	0.0	1	0	2	0																						
2	ppu_public	91	14508424	153	0	0.0	stat_sample	1	A1	00	0B	02	00	0.0	1	0	2	0																						
2	ppu_public	91	14508432	153	0	0.0	stat_sample	1	A1	00	0B	02	00	0.0	1	0	2	0																						
2	ppu_public	91	14508440	153	0	0.0	stat_sample	1	A1	00	0B	02	00	0.0	1	0	2	0																						
2	ppu_public	91	14508448	153	0	0.0	stat_sample	1	A5	00	0B	02	00	0.0	1	0	2	0																						
2	ppu_public	91	14509336	0	0	0.0	stat_sample	1	A4	00	0B	02	00	0.0	1	0	2	0																						
2	ppu_public	92	14509336	0	2	1.0	mode2_irq_prepare	0	A4	00	0B	02	00	1.0	1	0	2	0																						
2	ppu_public	91	14509344	0	0	0.0	stat_sample	2	A6	20	0B	02	00	0.0	1	1	2	0																						
2	ppu_public	91	14509344	0	0	0.0	stat_irq_edge	2	A6	20	0B	02	00	0.0	1	1	2	0																						
2	ppu_public	92	14509342	0	8	4.0	mode2_enter	2	A6	20	0B	02	00	4.0	1	0	2	0																						
2	ppu_public	91	14509344	0	0	0.0	stat_sample	3	A6	00	0B	02	00	0.0	1	0	2	0																						
2	ppu_public	91	14509510	0	176	88.0	mode3_enter_line0	3	A6	00	0B	02	00	88.0	1	0	2	0																						
2	ppu_public	91	14509504	0	84	42.0	stat_sample	3	A7	00	0B	02	00	42.0	1	0	2	0																						
2	ppu_public	91	14509854	0	520	260.0	mode0_enter	0	A7	00	0B	02	00	260.0	1	0	2	0																						
