schema	kind	frame	raw_tick	ly	line_tick	dot	event	mode	stat	stat_sources	if	ie	lyc	line_dot	lcd_on	irq_edge	model	double_speed	state	x	screen_x	addr	byte	raw_color	palette_kind	palette_reg	palette_value	io_scy	io_scx	io_lcdc	io_wx	io_wy	pos	conflict	write_visible_tick	write_visible_dot	state_block	vram_bank	state_len	state_data
2	ppu_public	90	14227752	0	257	128.5	stat_sample	0	8C	08	0B	02	00	128.5	1	1	2	0																						
2	ppu_public	90	14227752	0	257	128.5	stat_irq_edge	0	8C	08	0B	02	00	128.5	1	1	2	0																						
2	ppu_public	90	14228152	1	0	0.0	stat_sample	2	88	00	0B	02	00	0.0	1	0	2	0																						
2	ppu_public	90	14228152	1	2	1.0	mode2_irq_prepare	0	88	08	0B	02	00	1.0	1	0	2	0																						
2	ppu_public	90	14228160	1	0	0.0	stat_sample	2	8A	00	0B	02	00	0.0	1	0	2	0																						
2	ppu_public	90	14228158	1	8	4.0	mode2_enter	2	8A	00	0B	02	00	4.0	1	0	2	0																						
2	ppu_public	90	14228160	1	0	0.0	stat_sample	3	8A	00	0B	02	00	0.0	1	0	2	0																						
2	ppu_public	90	14228326	1	176	88.0	mode3_enter	3	8A	00	0B	02	00	88.0	1	0	2	0																						
2	ppu_public	90	14228320	1	84	42.0	stat_sample	3	8B	00	0B	02	00	42.0	1	0	2	0																						
2	ppu_public	90	14228670	1	520	260.0	mode0_enter	0	8B	08	0B	02	00	260.0	1	0	2	0																						
2	ppu_public	90	14228664	1	257	128.5	stat_sample	0	88	08	0B	02	00	128.5	1	1	2	0																						
2	ppu_public	90	14228664	1	257	128.5	stat_irq_edge	0	88	08	0B	02	00	128.5	1	1	2	0																						
2	ppu_public	90	14229064	2	0	0.0	stat_sample	2	88	00	0B	02	00	0.0	1	0	2	0																						
2	ppu_public	90	14229064	2	2	1.0	mode2_irq_prepare	0	88	08	0B	02	00	1.0	1	0	2	0																						
2	ppu_public	90	14229072	2	0	0.0	stat_sample	2	8A	00	0B	02	00	0.0	1	0	2	0																						
2	ppu_public	90	14229070	2	8	4.0	mode2_enter	2	8A	00	0B	02	00	4.0	1	0	2	0																						
2	ppu_public	90	14229072	2	0	0.0	stat_sample	3	8A	00	0B	02	00	0.0	1	0	2	0																						
2	ppu_public	90	14229238	2	176	88.0	mode3_enter	3	8A	00	0B	02	00	88.0	1	0	2	0																						
2	ppu_public	90	14229232	2	84	42.0	stat_sample	3	8B	00	0B	02	00	42.0	1	0	2	0																						
2	ppu_public	90	14229582	2	520	260.0	mode0_enter	0	8B	08	0B	02	00	260.0	1	0	2	0																						
2	ppu_public	90	14229576	2	257	128.5	stat_sample	0	88	08	0B	02	00	128.5	1	1	2	0																						
2	ppu_public	90	14229576	2	257	128.5	stat_irq_edge	0	88	08	0B	02	00	128.5	1	1	2	0																						
2	ppu_public	90	14229976	3	0	0.0	stat_sample	2	88	00	0B	02	00	0.0	1	0	2	0																						
2	ppu_public	90	14229976	3	2	1.0	mode2_irq_prepare	0	88	08	0B	02	00	1.0	1	0	2	0																						
2	ppu_public	90	14229984	3	0	0.0	stat_sample	2	8A	00	0B	02	00	0.0	1	0	2	0																						
2	ppu_public	90	14229982	3	8	4.0	mode2_enter	2	8A	00	0B	02	00	4.0	1	0	2	0																						
2	ppu_public	90	14229984	3	0	0.0	stat_sample	3	8A	00	0B	02	00	0.0	1	0	2	0																						
2	ppu_public	90	14230150	3	176	88.0	mode3_enter	3	8A	00	0B	02	00	88.0	1	0	2	0																						
2	ppu_public	90	14230144	3	84	42.0	stat_sample	3	8B	00	0B	02	00	42.0	1	0	2	0																						
2	ppu_public	90	14230494	3	520	260.0	mode0_enter	0	8B	08	0B	02	00	260.0	1	0	2	0																						
2	ppu_public	90	14230488	3	257	128.5	stat_sample	0	88	08	0B	02	00	128.5	1	1	2	0																						
2	ppu_public	90	14230488	3	257	128.5	stat_irq_edge	0	88	08	0B	02	00	128.5	1	1	2	0																						
2	ppu_public	90	14230888	4	0	0.0	stat_sample	2	88	00	0B	02	00	0.0	1	0	2	0																						
2	ppu_public	90	14230888	4	2	1.0	mode2_irq_prepare	0	88	08	0B	02	00	1.0	1	0	2	0																						
2	ppu_public	90	14230896	4	0	0.0	stat_sample	2	8A	00	0B	02	00	0.0	1	0	2	0																						
2	ppu_public	90	14230894	4	8	4.0	mode2_enter	2	8A	00	0B	02	00	4.0	1	0	2	0																						
2	ppu_public	90	14230896	4	0	0.0	stat_sample	3	8A	00	0B	02	00	0.0	1	0	2	0																						
2	ppu_public	90	14231062	4	176	88.0	mode3_enter	3	8A	00	0B	02	00	88.0	1	0	2	0																						
2	ppu_public	90	14231056	4	84	42.0	stat_sample	3	8B	00	0B	02	00	42.0	1	0	2	0																						
2	ppu_public	90	14231406	4	520	260.0	mode0_enter	0	8B	08	0B	02	00	260.0	1	0	2	0																						
2	ppu_public	90	14231400	4	257	128.5	stat_sample	0	88	08	0B	02	00	128.5	1	1	2	0																						
2	ppu_public	90	14231400	4	257	128.5	stat_irq_edge	0	88	08	0B	02	00	128.5	1	1	2	0																						
2	ppu_public	90	14231800	5	0	0.0	stat_sample	2	88	00	0B	02	00	0.0	1	0	2	0																						
2	ppu_public	90	14231800	5	2	1.0	mode2_irq_prepare	0	88	08	0B	02	00	1.0	1	0	2	0																						
2	ppu_public	90	14231808	5	0	0.0	stat_sample	2	8A	00	0B	02	00	0.0	1	0	2	0																						
2	ppu_public	90	14231806	5	8	4.0	mode2_enter	2	8A	00	0B	02	00	4.0	1	0	2	0																						
2	ppu_public	90	14231808	5	0	0.0	stat_sample	3	8A	00	0B	02	00	0.0	1	0	2	0																						
2	ppu_public	90	14231974	5	176	88.0	mode3_enter	3	8A	00	0B	02	00	88.0	1	0	2	0																						
2	ppu_public	90	14231968	5	84	42.0	stat_sample	3	8B	00	0B	02	00	42.0	1	0	2	0																						
2	ppu_public	90	14232318	5	520	260.0	mode0_enter	0	8B	08	0B	02	00	260.0	1	0	2	0																						
2	ppu_public	90	14232312	5	257	128.5	stat_sample	0	88	08	0B	02	00	128.5	1	1	2	0																						
2	ppu_public	90	14232312	5	257	128.5	stat_irq_edge	0	88	08	0B	02	00	128.5	1	1	2	0																						
2	ppu_public	90	14232712	6	0	0.0	stat_sample	2	88	00	0B	02	00	0.0	1	0	2	0																						
2	ppu_public	90	14232712	6	2	1.0	mode2_irq_prepare	0	88	08	0B	02	00	1.0	1	0	2	0																						
2	ppu_public	90	14232720	6	0	0.0	stat_sample	2	8A	00	0B	02	00	0.0	1	0	2	0																						
2	ppu_public	90	14232718	6	8	4.0	mode2_enter	2	8A	00	0B	02	00	4.0	1	0	2	0																						
2	ppu_public	90	14232720	6	0	0.0	stat_sample	3	8A	00	0B	02	00	0.0	1	0	2	0																						
2	ppu_public	90	14232886	6	176	88.0	mode3_enter	3	8A	00	0B	02	00	88.0	1	0	2	0																						
2	ppu_public	90	14232880	6	84	42.0	stat_sample	3	8B	00	0B	02	00	42.0	1	0	2	0																						
2	ppu_public	90	14233230	6	520	260.0	mode0_enter	0	8B	08	0B	02	00	260.0	1	0	2	0																						
2	ppu_public	90	14233224	6	257	128.5	stat_sample	0	88	08	0B	02	00	128.5	1	1	2	0																						
2	ppu_public	90	14233224	6	257	128.5	stat_irq_edge	0	88	08	0B	02	00	128.5	1	1	2	0																						
2	ppu_public	90	14233624	7	0	0.0	stat_sample	2	88	00	0B	02	00	0.0	1	0	2	0																						
2	ppu_public	90	14233624	7	2	1.0	mode2_irq_prepare	0	88	08	0B	02	00	1.0	1	0	2	0																						
2	ppu_public	90	14233632	7	0	0.0	stat_sample	2	8A	00	0B	02	00	0.0	1	0	2	0																						
2	ppu_public	90	14233630	7	8	4.0	mode2_enter	2	8A	00	0B	02	00	4.0	1	0	2	0																						
2	ppu_public	90	14233632	7	0	0.0	stat_sample	3	8A	00	0B	02	00	0.0	1	0	2	0																						
2	ppu_public	90	14233798	7	176	88.0	mode3_enter	3	8A	00	0B	02	00	88.0	1	0	2	0																						
2	ppu_public	90	14233792	7	84	42.0	stat_sample	3	8B	00	0B	02	00	42.0	1	0	2	0																						
2	ppu_public	90	14234142	7	520	260.0	mode0_enter	0	8B	08	0B	02	00	260.0	1	0	2	0																						
2	ppu_public	90	14234136	7	257	128.5	stat_sample	0	88	08	0B	02	00	128.5	1	1	2	0																						
2	ppu_public	90	14234136	7	257	128.5	stat_irq_edge	0	88	08	0B	02	00	128.5	1	1	2	0																						
2	ppu_public	90	14234536	8	0	0.0	stat_sample	2	88	00	0B	02	00	0.0	1	0	2	0																						
2	ppu_public	90	14234536	8	2	1.0	mode2_irq_prepare	0	88	08	0B	02	00	1.0	1	0	2	0																						
2	ppu_public	90	14234544	8	0	0.0	stat_sample	2	8A	00	0B	02	00	0.0	1	0	2	0																						
2	ppu_public	90	14234542	8	8	4.0	mode2_enter	2	8A	00	0B	02	00	4.0	1	0	2	0																						
2	ppu_public	90	14234544	8	0	0.0	stat_sample	3	8A	00	0B	02	00	0.0	1	0	2	0																						
2	ppu_public	90	14234710	8	176	88.0	mode3_enter	3	8A	00	0B	02	00	88.0	1	0	2	0																						
2	ppu_public	90	14234704	8	84	42.0	stat_sample	3	8B	00	0B	02	00	42.0	1	0	2	0																						
2	ppu_public	90	14235054	8	520	260.0	mode0_enter	0	8B	08	0B	02	00	260.0	1	0	2	0																						
2	ppu_public	90	14235048	8	257	128.5	stat_sample	0	88	08	0B	02	00	128.5	1	1	2	0																						
2	ppu_public	90	14235048	8	257	128.5	stat_irq_edge	0	88	08	0B	02	00	128.5	1	1	2	0																						
2	ppu_public	90	14235448	9	0	0.0	stat_sample	2	88	00	0B	02	00	0.0	1	0	2	0																						
2	ppu_public	90	14235448	9	2	1.0	mode2_irq_prepare	0	88	08	0B	02	00	1.0	1	0	2	0																						
2	ppu_public	90	14235456	9	0	0.0	stat_sample	2	8A	00	0B	02	00	0.0	1	0	2	0																						
2	ppu_public	90	14235454	9	8	4.0	mode2_enter	2	8A	00	0B	02	00	4.0	1	0	2	0																						
2	ppu_public	90	14235456	9	0	0.0	stat_sample	3	8A	00	0B	02	00	0.0	1	0	2	0																						
2	ppu_public	90	14235622	9	176	88.0	mode3_enter	3	8A	00	0B	02	00	88.0	1	0	2	0																						
2	ppu_public	90	14235616	9	84	42.0	stat_sample	3	8B	00	0B	02	00	42.0	1	0	2	0																						
2	ppu_public	90	14235966	9	520	260.0	mode0_enter	0	8B	08	0B	02	00	260.0	1	0	2	0																						
2	ppu_public	90	14235960	9	257	128.5	stat_sample	0	88	08	0B	02	00	128.5	1	1	2	0																						
2	ppu_public	90	14235960	9	257	128.5	stat_irq_edge	0	88	08	0B	02	00	128.5	1	1	2	0																						
2	ppu_public	90	14236360	10	0	0.0	stat_sample	2	88	00	0B	02	00	0.0	1	0	2	0																						
2	ppu_public	90	14236360	10	2	1.0	mode2_irq_prepare	0	88	08	0B	02	00	1.0	1	0	2	0																						
2	ppu_public	90	14236368	10	0	0.0	stat_sample	2	8A	00	0B	02	00	0.0	1	0	2	0																						
2	ppu_public	90	14236366	10	8	4.0	mode2_enter	2	8A	00	0B	02	00	4.0	1	0	2	0																						
2	ppu_public	90	14236368	10	0	0.0	stat_sample	3	8A	00	0B	02	00	0.0	1	0	2	0																						
2	ppu_public	90	14236534	10	176	88.0	mode3_enter	3	8A	00	0B	02	00	88.0	1	0	2	0																						
2	ppu_public	90	14236528	10	84	42.0	stat_sample	3	8B	00	0B	02	00	42.0	1	0	2	0																						
2	ppu_public	90	14236878	10	520	260.0	mode0_enter	0	8B	08	0B	02	00	260.0	1	0	2	0																						
2	ppu_public	90	14236872	10	257	128.5	stat_sample	0	88	08	0B	02	00	128.5	1	1	2	0																						
2	ppu_public	90	14236872	10	257	128.5	stat_irq_edge	0	88	08	0B	02	00	128.5	1	1	2	0																						
2	ppu_public	90	14237272	11	0	0.0	stat_sample	2	88	00	0B	02	00	0.0	1	0	2	0																						
2	ppu_public	90	14237272	11	2	1.0	mode2_irq_prepare	0	88	08	0B	02	00	1.0	1	0	2	0																						
2	ppu_public	90	14237280	11	0	0.0	stat_sample	2	8A	00	0B	02	00	0.0	1	0	2	0																						
2	ppu_public	90	14237278	11	8	4.0	mode2_enter	2	8A	00	0B	02	00	4.0	1	0	2	0																						
2	ppu_public	90	14237280	11	0	0.0	stat_sample	3	8A	00	0B	02	00	0.0	1	0	2	0																						
2	ppu_public	90	14237446	11	176	88.0	mode3_enter	3	8A	00	0B	02	00	88.0	1	0	2	0																						
2	ppu_public	90	14237440	11	84	42.0	stat_sample	3	8B	00	0B	02	00	42.0	1	0	2	0																						
2	ppu_public	90	14237790	11	520	260.0	mode0_enter	0	8B	08	0B	02	00	260.0	1	0	2	0																						
2	ppu_public	90	14237784	11	257	128.5	stat_sample	0	88	08	0B	02	00	128.5	1	1	2	0																						
2	ppu_public	90	14237784	11	257	128.5	stat_irq_edge	0	88	08	0B	02	00	128.5	1	1	2	0																						
2	ppu_public	90	14238184	12	0	0.0	stat_sample	2	88	00	0B	02	00	0.0	1	0	2	0																						
2	ppu_public	90	14238184	12	2	1.0	mode2_irq_prepare	0	88	08	0B	02	00	1.0	1	0	2	0																						
2	ppu_public	90	14238192	12	0	0.0	stat_sample	2	8A	00	0B	02	00	0.0	1	0	2	0																						
2	ppu_public	90	14238190	12	8	4.0	mode2_enter	2	8A	00	0B	02	00	4.0	1	0	2	0																						
2	ppu_public	90	14238192	12	0	0.0	stat_sample	3	8A	00	0B	02	00	0.0	1	0	2	0																						
2	ppu_public	90	14238358	12	176	88.0	mode3_enter	3	8A	00	0B	02	00	88.0	1	0	2	0																						
2	ppu_public	90	14238352	12	84	42.0	stat_sample	3	8B	00	0B	02	00	42.0	1	0	2	0																						
2	ppu_public	90	14238702	12	520	260.0	mode0_enter	0	8B	08	0B	02	00	260.0	1	0	2	0																						
2	ppu_public	90	14238696	12	257	128.5	stat_sample	0	88	08	0B	02	00	128.5	1	1	2	0																						
2	ppu_public	90	14238696	12	257	128.5	stat_irq_edge	0	88	08	0B	02	00	128.5	1	1	2	0																						
2	ppu_public	90	14239096	13	0	0.0	stat_sample	2	88	00	0B	02	00	0.0	1	0	2	0																						
2	ppu_public	90	14239096	13	2	1.0	mode2_irq_prepare	0	88	08	0B	02	00	1.0	1	0	2	0																						
2	ppu_public	90	14239104	13	0	0.0	stat_sample	2	8A	00	0B	02	00	0.0	1	0	2	0																						
2	ppu_public	90	14239102	13	8	4.0	mode2_enter	2	8A	00	0B	02	00	4.0	1	0	2	0																						
2	ppu_public	90	14239104	13	0	0.0	stat_sample	3	8A	00	0B	02	00	0.0	1	0	2	0																						
2	ppu_public	90	14239270	13	176	88.0	mode3_enter	3	8A	00	0B	02	00	88.0	1	0	2	0																						
2	ppu_public	90	14239264	13	84	42.0	stat_sample	3	8B	00	0B	02	00	42.0	1	0	2	0																						
2	ppu_public	90	14239614	13	520	260.0	mode0_enter	0	8B	08	0B	02	00	260.0	1	0	2	0																						
2	ppu_public	90	14239608	13	257	128.5	stat_sample	0	88	08	0B	02	00	128.5	1	1	2	0																						
2	ppu_public	90	14239608	13	257	128.5	stat_irq_edge	0	88	08	0B	02	00	128.5	1	1	2	0																						
2	ppu_public	90	14240008	14	0	0.0	stat_sample	2	88	00	0B	02	00	0.0	1	0	2	0																						
2	ppu_public	90	14240008	14	2	1.0	mode2_irq_prepare	0	88	08	0B	02	00	1.0	1	0	2	0																						
2	ppu_public	90	14240016	14	0	0.0	stat_sample	2	8A	00	0B	02	00	0.0	1	0	2	0																						
2	ppu_public	90	14240014	14	8	4.0	mode2_enter	2	8A	00	0B	02	00	4.0	1	0	2	0																						
2	ppu_public	90	14240016	14	0	0.0	stat_sample	3	8A	00	0B	02	00	0.0	1	0	2	0																						
2	ppu_public	90	14240182	14	176	88.0	mode3_enter	3	8A	00	0B	02	00	88.0	1	0	2	0																						
2	ppu_public	90	14240176	14	84	42.0	stat_sample	3	8B	00	0B	02	00	42.0	1	0	2	0																						
2	ppu_public	90	14240526	14	520	260.0	mode0_enter	0	8B	08	0B	02	00	260.0	1	0	2	0																						
2	ppu_public	90	14240520	14	257	128.5	stat_sample	0	88	08	0B	02	00	128.5	1	1	2	0																						
2	ppu_public	90	14240520	14	257	128.5	stat_irq_edge	0	88	08	0B	02	00	128.5	1	1	2	0																						
2	ppu_public	90	14240920	15	0	0.0	stat_sample	2	88	00	0B	02	00	0.0	1	0	2	0																						
2	ppu_public	90	14240920	15	2	1.0	mode2_irq_prepare	0	88	08	0B	02	00	1.0	1	0	2	0																						
2	ppu_public	90	14240928	15	0	0.0	stat_sample	2	8A	00	0B	02	00	0.0	1	0	2	0																						
2	ppu_public	90	14240926	15	8	4.0	mode2_enter	2	8A	00	0B	02	00	4.0	1	0	2	0																						
2	ppu_public	90	14240928	15	0	0.0	stat_sample	3	8A	00	0B	02	00	0.0	1	0	2	0																						
2	ppu_public	90	14241094	15	176	88.0	mode3_enter	3	8A	00	0B	02	00	88.0	1	0	2	0																						
2	ppu_public	90	14241088	15	84	42.0	stat_sample	3	8B	00	0B	02	00	42.0	1	0	2	0																						
2	ppu_public	90	14241438	15	520	260.0	mode0_enter	0	8B	08	0B	02	00	260.0	1	0	2	0																						
2	ppu_public	90	14241432	15	257	128.5	stat_sample	0	88	08	0B	02	00	128.5	1	1	2	0																						
2	ppu_public	90	14241432	15	257	128.5	stat_irq_edge	0	88	08	0B	02	00	128.5	1	1	2	0																						
2	ppu_public	90	14241832	16	0	0.0	stat_sample	2	88	00	0B	02	00	0.0	1	0	2	0																						
2	ppu_public	90	14241832	16	2	1.0	mode2_irq_prepare	0	88	08	0B	02	00	1.0	1	0	2	0																						
2	ppu_public	90	14241840	16	0	0.0	stat_sample	2	8A	00	0B	02	00	0.0	1	0	2	0																						
2	ppu_public	90	14241838	16	8	4.0	mode2_enter	2	8A	00	0B	02	00	4.0	1	0	2	0																						
2	ppu_public	90	14241840	16	0	0.0	stat_sample	3	8A	00	0B	02	00	0.0	1	0	2	0																						
2	ppu_public	90	14242006	16	176	88.0	mode3_enter	3	8A	00	0B	02	00	88.0	1	0	2	0																						
2	ppu_public	90	14242000	16	84	42.0	stat_sample	3	8B	00	0B	02	00	42.0	1	0	2	0																						
2	ppu_public	90	14242350	16	520	260.0	mode0_enter	0	8B	08	0B	02	00	260.0	1	0	2	0																						
2	ppu_public	90	14242344	16	257	128.5	stat_sample	0	88	08	0B	02	00	128.5	1	1	2	0																						
2	ppu_public	90	14242344	16	257	128.5	stat_irq_edge	0	88	08	0B	02	00	128.5	1	1	2	0																						
2	ppu_public	90	14242744	17	0	0.0	stat_sample	2	88	00	0B	02	00	0.0	1	0	2	0																						
2	ppu_public	90	14242744	17	2	1.0	mode2_irq_prepare	0	88	08	0B	02	00	1.0	1	0	2	0																						
2	ppu_public	90	14242752	17	0	0.0	stat_sample	2	8A	00	0B	02	00	0.0	1	0	2	0																						
2	ppu_public	90	14242750	17	8	4.0	mode2_enter	2	8A	00	0B	02	00	4.0	1	0	2	0																						
2	ppu_public	90	14242752	17	0	0.0	stat_sample	3	8A	00	0B	02	00	0.0	1	0	2	0																						
2	ppu_public	90	14242918	17	176	88.0	mode3_enter	3	8A	00	0B	02	00	88.0	1	0	2	0																						
2	ppu_public	90	14242912	17	84	42.0	stat_sample	3	8B	00	0B	02	00	42.0	1	0	2	0																						
2	ppu_public	90	14243262	17	520	260.0	mode0_enter	0	8B	08	0B	02	00	260.0	1	0	2	0																						
2	ppu_public	90	14243256	17	257	128.5	stat_sample	0	88	08	0B	02	00	128.5	1	1	2	0																						
2	ppu_public	90	14243256	17	257	128.5	stat_irq_edge	0	88	08	0B	02	00	128.5	1	1	2	0																						
2	ppu_public	90	14243656	18	0	0.0	stat_sample	2	88	00	0B	02	00	0.0	1	0	2	0																						
2	ppu_public	90	14243656	18	2	1.0	mode2_irq_prepare	0	88	08	0B	02	00	1.0	1	0	2	0																						
2	ppu_public	90	14243664	18	0	0.0	stat_sample	2	8A	00	0B	02	00	0.0	1	0	2	0																						
2	ppu_public	90	14243662	18	8	4.0	mode2_enter	2	8A	00	0B	02	00	4.0	1	0	2	0																						
2	ppu_public	90	14243664	18	0	0.0	stat_sample	3	8A	00	0B	02	00	0.0	1	0	2	0																						
2	ppu_public	90	14243830	18	176	88.0	mode3_enter	3	8A	00	0B	02	00	88.0	1	0	2	0																						
2	ppu_public	90	14243824	18	84	42.0	stat_sample	3	8B	00	0B	02	00	42.0	1	0	2	0																						
2	ppu_public	90	14244174	18	520	260.0	mode0_enter	0	8B	08	0B	02	00	260.0	1	0	2	0																						
2	ppu_public	90	14244168	18	257	128.5	stat_sample	0	88	08	0B	02	00	128.5	1	1	2	0																						
2	ppu_public	90	14244168	18	257	128.5	stat_irq_edge	0	88	08	0B	02	00	128.5	1	1	2	0																						
2	ppu_public	90	14244568	19	0	0.0	stat_sample	2	88	00	0B	02	00	0.0	1	0	2	0																						
2	ppu_public	90	14244568	19	2	1.0	mode2_irq_prepare	0	88	08	0B	02	00	1.0	1	0	2	0																						
2	ppu_public	90	14244576	19	0	0.0	stat_sample	2	8A	00	0B	02	00	0.0	1	0	2	0																						
2	ppu_public	90	14244574	19	8	4.0	mode2_enter	2	8A	00	0B	02	00	4.0	1	0	2	0																						
2	ppu_public	90	14244576	19	0	0.0	stat_sample	3	8A	00	0B	02	00	0.0	1	0	2	0																						
2	ppu_public	90	14244742	19	176	88.0	mode3_enter	3	8A	00	0B	02	00	88.0	1	0	2	0																						
2	ppu_public	90	14244736	19	84	42.0	stat_sample	3	8B	00	0B	02	00	42.0	1	0	2	0																						
2	ppu_public	90	14245086	19	520	260.0	mode0_enter	0	8B	08	0B	02	00	260.0	1	0	2	0																						
2	ppu_public	90	14245080	19	257	128.5	stat_sample	0	88	08	0B	02	00	128.5	1	1	2	0																						
2	ppu_public	90	14245080	19	257	128.5	stat_irq_edge	0	88	08	0B	02	00	128.5	1	1	2	0																						
2	ppu_public	90	14245480	20	0	0.0	stat_sample	2	88	00	0B	02	00	0.0	1	0	2	0																						
2	ppu_public	90	14245480	20	2	1.0	mode2_irq_prepare	0	88	08	0B	02	00	1.0	1	0	2	0																						
2	ppu_public	90	14245488	20	0	0.0	stat_sample	2	8A	00	0B	02	00	0.0	1	0	2	0																						
2	ppu_public	90	14245486	20	8	4.0	mode2_enter	2	8A	00	0B	02	00	4.0	1	0	2	0																						
2	ppu_public	90	14245488	20	0	0.0	stat_sample	3	8A	00	0B	02	00	0.0	1	0	2	0																						
2	ppu_public	90	14245654	20	176	88.0	mode3_enter	3	8A	00	0B	02	00	88.0	1	0	2	0																						
2	ppu_public	90	14245648	20	84	42.0	stat_sample	3	8B	00	0B	02	00	42.0	1	0	2	0																						
2	ppu_public	90	14245998	20	520	260.0	mode0_enter	0	8B	08	0B	02	00	260.0	1	0	2	0																						
2	ppu_public	90	14245992	20	257	128.5	stat_sample	0	88	08	0B	02	00	128.5	1	1	2	0																						
2	ppu_public	90	14245992	20	257	128.5	stat_irq_edge	0	88	08	0B	02	00	128.5	1	1	2	0																						
2	ppu_public	90	14246392	21	0	0.0	stat_sample	2	88	00	0B	02	00	0.0	1	0	2	0																						
2	ppu_public	90	14246392	21	2	1.0	mode2_irq_prepare	0	88	08	0B	02	00	1.0	1	0	2	0																						
2	ppu_public	90	14246400	21	0	0.0	stat_sample	2	8A	00	0B	02	00	0.0	1	0	2	0																						
2	ppu_public	90	14246398	21	8	4.0	mode2_enter	2	8A	00	0B	02	00	4.0	1	0	2	0																						
2	ppu_public	90	14246400	21	0	0.0	stat_sample	3	8A	00	0B	02	00	0.0	1	0	2	0																						
2	ppu_public	90	14246566	21	176	88.0	mode3_enter	3	8A	00	0B	02	00	88.0	1	0	2	0																						
2	ppu_public	90	14246560	21	84	42.0	stat_sample	3	8B	00	0B	02	00	42.0	1	0	2	0																						
2	ppu_public	90	14246910	21	520	260.0	mode0_enter	0	8B	08	0B	02	00	260.0	1	0	2	0																						
2	ppu_public	90	14246904	21	257	128.5	stat_sample	0	88	08	0B	02	00	128.5	1	1	2	0																						
2	ppu_public	90	14246904	21	257	128.5	stat_irq_edge	0	88	08	0B	02	00	128.5	1	1	2	0																						
2	ppu_public	90	14247304	22	0	0.0	stat_sample	2	88	00	0B	02	00	0.0	1	0	2	0																						
2	ppu_public	90	14247304	22	2	1.0	mode2_irq_prepare	0	88	08	0B	02	00	1.0	1	0	2	0																						
2	ppu_public	90	14247312	22	0	0.0	stat_sample	2	8A	00	0B	02	00	0.0	1	0	2	0																						
2	ppu_public	90	14247310	22	8	4.0	mode2_enter	2	8A	00	0B	02	00	4.0	1	0	2	0																						
2	ppu_public	90	14247312	22	0	0.0	stat_sample	3	8A	00	0B	02	00	0.0	1	0	2	0																						
2	ppu_public	90	14247478	22	176	88.0	mode3_enter	3	8A	00	0B	02	00	88.0	1	0	2	0																						
2	ppu_public	90	14247472	22	84	42.0	stat_sample	3	8B	00	0B	02	00	42.0	1	0	2	0																						
2	ppu_public	90	14247822	22	520	260.0	mode0_enter	0	8B	08	0B	02	00	260.0	1	0	2	0																						
2	ppu_public	90	14247816	22	257	128.5	stat_sample	0	88	08	0B	02	00	128.5	1	1	2	0																						
2	ppu_public	90	14247816	22	257	128.5	stat_irq_edge	0	88	08	0B	02	00	128.5	1	1	2	0																						
2	ppu_public	90	14248216	23	0	0.0	stat_sample	2	88	00	0B	02	00	0.0	1	0	2	0																						
2	ppu_public	90	14248216	23	2	1.0	mode2_irq_prepare	0	88	08	0B	02	00	1.0	1	0	2	0																						
2	ppu_public	90	14248224	23	0	0.0	stat_sample	2	8A	00	0B	02	00	0.0	1	0	2	0																						
2	ppu_public	90	14248222	23	8	4.0	mode2_enter	2	8A	00	0B	02	00	4.0	1	0	2	0																						
2	ppu_public	90	14248224	23	0	0.0	stat_sample	3	8A	00	0B	02	00	0.0	1	0	2	0																						
2	ppu_public	90	14248390	23	176	88.0	mode3_enter	3	8A	00	0B	02	00	88.0	1	0	2	0																						
2	ppu_public	90	14248384	23	84	42.0	stat_sample	3	8B	00	0B	02	00	42.0	1	0	2	0																						
2	ppu_public	90	14248734	23	520	260.0	mode0_enter	0	8B	08	0B	02	00	260.0	1	0	2	0																						
2	ppu_public	90	14248728	23	257	128.5	stat_sample	0	88	08	0B	02	00	128.5	1	1	2	0																						
2	ppu_public	90	14248728	23	257	128.5	stat_irq_edge	0	88	08	0B	02	00	128.5	1	1	2	0																						
2	ppu_public	90	14249128	24	0	0.0	stat_sample	2	88	00	0B	02	00	0.0	1	0	2	0																						
2	ppu_public	90	14249128	24	2	1.0	mode2_irq_prepare	0	88	08	0B	02	00	1.0	1	0	2	0																						
2	ppu_public	90	14249136	24	0	0.0	stat_sample	2	8A	00	0B	02	00	0.0	1	0	2	0																						
2	ppu_public	90	14249134	24	8	4.0	mode2_enter	2	8A	00	0B	02	00	4.0	1	0	2	0																						
2	ppu_public	90	14249136	24	0	0.0	stat_sample	3	8A	00	0B	02	00	0.0	1	0	2	0																						
2	ppu_public	90	14249302	24	176	88.0	mode3_enter	3	8A	00	0B	02	00	88.0	1	0	2	0																						
2	ppu_public	90	14249296	24	84	42.0	stat_sample	3	8B	00	0B	02	00	42.0	1	0	2	0																						
2	ppu_public	90	14249646	24	520	260.0	mode0_enter	0	8B	08	0B	02	00	260.0	1	0	2	0																						
2	ppu_public	90	14249640	24	257	128.5	stat_sample	0	88	08	0B	02	00	128.5	1	1	2	0																						
2	ppu_public	90	14249640	24	257	128.5	stat_irq_edge	0	88	08	0B	02	00	128.5	1	1	2	0																						
2	ppu_public	90	14250040	25	0	0.0	stat_sample	2	88	00	0B	02	00	0.0	1	0	2	0																						
2	ppu_public	90	14250040	25	2	1.0	mode2_irq_prepare	0	88	08	0B	02	00	1.0	1	0	2	0																						
2	ppu_public	90	14250048	25	0	0.0	stat_sample	2	8A	00	0B	02	00	0.0	1	0	2	0																						
2	ppu_public	90	14250046	25	8	4.0	mode2_enter	2	8A	00	0B	02	00	4.0	1	0	2	0																						
2	ppu_public	90	14250048	25	0	0.0	stat_sample	3	8A	00	0B	02	00	0.0	1	0	2	0																						
2	ppu_public	90	14250214	25	176	88.0	mode3_enter	3	8A	00	0B	02	00	88.0	1	0	2	0																						
2	ppu_public	90	14250208	25	84	42.0	stat_sample	3	8B	00	0B	02	00	42.0	1	0	2	0																						
2	ppu_public	90	14250558	25	520	260.0	mode0_enter	0	8B	08	0B	02	00	260.0	1	0	2	0																						
2	ppu_public	90	14250552	25	257	128.5	stat_sample	0	88	08	0B	02	00	128.5	1	1	2	0																						
2	ppu_public	90	14250552	25	257	128.5	stat_irq_edge	0	88	08	0B	02	00	128.5	1	1	2	0																						
2	ppu_public	90	14250952	26	0	0.0	stat_sample	2	88	00	0B	02	00	0.0	1	0	2	0																						
2	ppu_public	90	14250952	26	2	1.0	mode2_irq_prepare	0	88	08	0B	02	00	1.0	1	0	2	0																						
2	ppu_public	90	14250960	26	0	0.0	stat_sample	2	8A	00	0B	02	00	0.0	1	0	2	0																						
2	ppu_public	90	14250958	26	8	4.0	mode2_enter	2	8A	00	0B	02	00	4.0	1	0	2	0																						
2	ppu_public	90	14250960	26	0	0.0	stat_sample	3	8A	00	0B	02	00	0.0	1	0	2	0																						
2	ppu_public	90	14251126	26	176	88.0	mode3_enter	3	8A	00	0B	02	00	88.0	1	0	2	0																						
2	ppu_public	90	14251120	26	84	42.0	stat_sample	3	8B	00	0B	02	00	42.0	1	0	2	0																						
2	ppu_public	90	14251470	26	520	260.0	mode0_enter	0	8B	08	0B	02	00	260.0	1	0	2	0																						
2	ppu_public	90	14251464	26	257	128.5	stat_sample	0	88	08	0B	02	00	128.5	1	1	2	0																						
2	ppu_public	90	14251464	26	257	128.5	stat_irq_edge	0	88	08	0B	02	00	128.5	1	1	2	0																						
2	ppu_public	90	14251864	27	0	0.0	stat_sample	2	88	00	0B	02	00	0.0	1	0	2	0																						
2	ppu_public	90	14251864	27	2	1.0	mode2_irq_prepare	0	88	08	0B	02	00	1.0	1	0	2	0																						
2	ppu_public	90	14251872	27	0	0.0	stat_sample	2	8A	00	0B	02	00	0.0	1	0	2	0																						
2	ppu_public	90	14251870	27	8	4.0	mode2_enter	2	8A	00	0B	02	00	4.0	1	0	2	0																						
2	ppu_public	90	14251872	27	0	0.0	stat_sample	3	8A	00	0B	02	00	0.0	1	0	2	0																						
2	ppu_public	90	14252038	27	176	88.0	mode3_enter	3	8A	00	0B	02	00	88.0	1	0	2	0																						
2	ppu_public	90	14252032	27	84	42.0	stat_sample	3	8B	00	0B	02	00	42.0	1	0	2	0																						
2	ppu_public	90	14252382	27	520	260.0	mode0_enter	0	8B	08	0B	02	00	260.0	1	0	2	0																						
2	ppu_public	90	14252376	27	257	128.5	stat_sample	0	88	08	0B	02	00	128.5	1	1	2	0																						
2	ppu_public	90	14252376	27	257	128.5	stat_irq_edge	0	88	08	0B	02	00	128.5	1	1	2	0																						
2	ppu_public	90	14252776	28	0	0.0	stat_sample	2	88	00	0B	02	00	0.0	1	0	2	0																						
2	ppu_public	90	14252776	28	2	1.0	mode2_irq_prepare	0	88	08	0B	02	00	1.0	1	0	2	0																						
2	ppu_public	90	14252784	28	0	0.0	stat_sample	2	8A	00	0B	02	00	0.0	1	0	2	0																						
2	ppu_public	90	14252782	28	8	4.0	mode2_enter	2	8A	00	0B	02	00	4.0	1	0	2	0																						
2	ppu_public	90	14252784	28	0	0.0	stat_sample	3	8A	00	0B	02	00	0.0	1	0	2	0																						
2	ppu_public	90	14252950	28	176	88.0	mode3_enter	3	8A	00	0B	02	00	88.0	1	0	2	0																						
2	ppu_public	90	14252944	28	84	42.0	stat_sample	3	8B	00	0B	02	00	42.0	1	0	2	0																						
2	ppu_public	90	14253294	28	520	260.0	mode0_enter	0	8B	08	0B	02	00	260.0	1	0	2	0																						
2	ppu_public	90	14253288	28	257	128.5	stat_sample	0	88	08	0B	02	00	128.5	1	1	2	0																						
2	ppu_public	90	14253288	28	257	128.5	stat_irq_edge	0	88	08	0B	02	00	128.5	1	1	2	0																						
2	ppu_public	90	14253688	29	0	0.0	stat_sample	2	88	00	0B	02	00	0.0	1	0	2	0																						
2	ppu_public	90	14253688	29	2	1.0	mode2_irq_prepare	0	88	08	0B	02	00	1.0	1	0	2	0																						
2	ppu_public	90	14253696	29	0	0.0	stat_sample	2	8A	00	0B	02	00	0.0	1	0	2	0																						
2	ppu_public	90	14253694	29	8	4.0	mode2_enter	2	8A	00	0B	02	00	4.0	1	0	2	0																						
2	ppu_public	90	14253696	29	0	0.0	stat_sample	3	8A	00	0B	02	00	0.0	1	0	2	0																						
2	ppu_public	90	14253862	29	176	88.0	mode3_enter	3	8A	00	0B	02	00	88.0	1	0	2	0																						
2	ppu_public	90	14253856	29	84	42.0	stat_sample	3	8B	00	0B	02	00	42.0	1	0	2	0																						
2	ppu_public	90	14254206	29	520	260.0	mode0_enter	0	8B	08	0B	02	00	260.0	1	0	2	0																						
2	ppu_public	90	14254200	29	257	128.5	stat_sample	0	88	08	0B	02	00	128.5	1	1	2	0																						
2	ppu_public	90	14254200	29	257	128.5	stat_irq_edge	0	88	08	0B	02	00	128.5	1	1	2	0																						
2	ppu_public	90	14254600	30	0	0.0	stat_sample	2	88	00	0B	02	00	0.0	1	0	2	0																						
2	ppu_public	90	14254600	30	2	1.0	mode2_irq_prepare	0	88	08	0B	02	00	1.0	1	0	2	0																						
2	ppu_public	90	14254608	30	0	0.0	stat_sample	2	8A	00	0B	02	00	0.0	1	0	2	0																						
2	ppu_public	90	14254606	30	8	4.0	mode2_enter	2	8A	00	0B	02	00	4.0	1	0	2	0																						
2	ppu_public	90	14254608	30	0	0.0	stat_sample	3	8A	00	0B	02	00	0.0	1	0	2	0																						
2	ppu_public	90	14254774	30	176	88.0	mode3_enter	3	8A	00	0B	02	00	88.0	1	0	2	0																						
2	ppu_public	90	14254768	30	84	42.0	stat_sample	3	8B	00	0B	02	00	42.0	1	0	2	0																						
2	ppu_public	90	14255118	30	520	260.0	mode0_enter	0	8B	08	0B	02	00	260.0	1	0	2	0																						
2	ppu_public	90	14255112	30	257	128.5	stat_sample	0	88	08	0B	02	00	128.5	1	1	2	0																						
2	ppu_public	90	14255112	30	257	128.5	stat_irq_edge	0	88	08	0B	02	00	128.5	1	1	2	0																						
2	ppu_public	90	14255512	31	0	0.0	stat_sample	2	88	00	0B	02	00	0.0	1	0	2	0																						
2	ppu_public	90	14255512	31	2	1.0	mode2_irq_prepare	0	88	08	0B	02	00	1.0	1	0	2	0																						
2	ppu_public	90	14255520	31	0	0.0	stat_sample	2	8A	00	0B	02	00	0.0	1	0	2	0																						
2	ppu_public	90	14255518	31	8	4.0	mode2_enter	2	8A	00	0B	02	00	4.0	1	0	2	0																						
2	ppu_public	90	14255520	31	0	0.0	stat_sample	3	8A	00	0B	02	00	0.0	1	0	2	0																						
2	ppu_public	90	14255686	31	176	88.0	mode3_enter	3	8A	00	0B	02	00	88.0	1	0	2	0																						
2	ppu_public	90	14255680	31	84	42.0	stat_sample	3	8B	00	0B	02	00	42.0	1	0	2	0																						
2	ppu_public	90	14256030	31	520	260.0	mode0_enter	0	8B	08	0B	02	00	260.0	1	0	2	0																						
2	ppu_public	90	14256024	31	257	128.5	stat_sample	0	88	08	0B	02	00	128.5	1	1	2	0																						
2	ppu_public	90	14256024	31	257	128.5	stat_irq_edge	0	88	08	0B	02	00	128.5	1	1	2	0																						
2	ppu_public	90	14256424	32	0	0.0	stat_sample	2	88	00	0B	02	00	0.0	1	0	2	0																						
2	ppu_public	90	14256424	32	2	1.0	mode2_irq_prepare	0	88	08	0B	02	00	1.0	1	0	2	0																						
2	ppu_public	90	14256432	32	0	0.0	stat_sample	2	8A	00	0B	02	00	0.0	1	0	2	0																						
2	ppu_public	90	14256430	32	8	4.0	mode2_enter	2	8A	00	0B	02	00	4.0	1	0	2	0																						
2	ppu_public	90	14256432	32	0	0.0	stat_sample	3	8A	00	0B	02	00	0.0	1	0	2	0																						
2	ppu_public	90	14256598	32	176	88.0	mode3_enter	3	8A	00	0B	02	00	88.0	1	0	2	0																						
2	ppu_public	90	14256592	32	84	42.0	stat_sample	3	8B	00	0B	02	00	42.0	1	0	2	0																						
2	ppu_public	90	14256942	32	520	260.0	mode0_enter	0	8B	08	0B	02	00	260.0	1	0	2	0																						
2	ppu_public	90	14256936	32	257	128.5	stat_sample	0	88	08	0B	02	00	128.5	1	1	2	0																						
2	ppu_public	90	14256936	32	257	128.5	stat_irq_edge	0	88	08	0B	02	00	128.5	1	1	2	0																						
2	ppu_public	90	14257336	33	0	0.0	stat_sample	2	88	00	0B	02	00	0.0	1	0	2	0																						
2	ppu_public	90	14257336	33	2	1.0	mode2_irq_prepare	0	88	08	0B	02	00	1.0	1	0	2	0																						
2	ppu_public	90	14257344	33	0	0.0	stat_sample	2	8A	00	0B	02	00	0.0	1	0	2	0																						
2	ppu_public	90	14257342	33	8	4.0	mode2_enter	2	8A	00	0B	02	00	4.0	1	0	2	0																						
2	ppu_public	90	14257344	33	0	0.0	stat_sample	3	8A	00	0B	02	00	0.0	1	0	2	0																						
2	ppu_public	90	14257510	33	176	88.0	mode3_enter	3	8A	00	0B	02	00	88.0	1	0	2	0																						
2	ppu_public	90	14257504	33	84	42.0	stat_sample	3	8B	00	0B	02	00	42.0	1	0	2	0																						
2	ppu_public	90	14257854	33	520	260.0	mode0_enter	0	8B	08	0B	02	00	260.0	1	0	2	0																						
2	ppu_public	90	14257848	33	257	128.5	stat_sample	0	88	08	0B	02	00	128.5	1	1	2	0																						
2	ppu_public	90	14257848	33	257	128.5	stat_irq_edge	0	88	08	0B	02	00	128.5	1	1	2	0																						
2	ppu_public	90	14258248	34	0	0.0	stat_sample	2	88	00	0B	02	00	0.0	1	0	2	0																						
2	ppu_public	90	14258248	34	2	1.0	mode2_irq_prepare	0	88	08	0B	02	00	1.0	1	0	2	0																						
2	ppu_public	90	14258256	34	0	0.0	stat_sample	2	8A	00	0B	02	00	0.0	1	0	2	0																						
2	ppu_public	90	14258254	34	8	4.0	mode2_enter	2	8A	00	0B	02	00	4.0	1	0	2	0																						
2	ppu_public	90	14258256	34	0	0.0	stat_sample	3	8A	00	0B	02	00	0.0	1	0	2	0																						
2	ppu_public	90	14258422	34	176	88.0	mode3_enter	3	8A	00	0B	02	00	88.0	1	0	2	0																						
2	ppu_public	90	14258416	34	84	42.0	stat_sample	3	8B	00	0B	02	00	42.0	1	0	2	0																						
2	ppu_public	90	14258766	34	520	260.0	mode0_enter	0	8B	08	0B	02	00	260.0	1	0	2	0																						
2	ppu_public	90	14258760	34	257	128.5	stat_sample	0	88	08	0B	02	00	128.5	1	1	2	0																						
2	ppu_public	90	14258760	34	257	128.5	stat_irq_edge	0	88	08	0B	02	00	128.5	1	1	2	0																						
2	ppu_public	90	14259160	35	0	0.0	stat_sample	2	88	00	0B	02	00	0.0	1	0	2	0																						
2	ppu_public	90	14259160	35	2	1.0	mode2_irq_prepare	0	88	08	0B	02	00	1.0	1	0	2	0																						
2	ppu_public	90	14259168	35	0	0.0	stat_sample	2	8A	00	0B	02	00	0.0	1	0	2	0																						
2	ppu_public	90	14259166	35	8	4.0	mode2_enter	2	8A	00	0B	02	00	4.0	1	0	2	0																						
2	ppu_public	90	14259168	35	0	0.0	stat_sample	3	8A	00	0B	02	00	0.0	1	0	2	0																						
2	ppu_public	90	14259334	35	176	88.0	mode3_enter	3	8A	00	0B	02	00	88.0	1	0	2	0																						
2	ppu_public	90	14259328	35	84	42.0	stat_sample	3	8B	00	0B	02	00	42.0	1	0	2	0																						
2	ppu_public	90	14259678	35	520	260.0	mode0_enter	0	8B	08	0B	02	00	260.0	1	0	2	0																						
2	ppu_public	90	14259672	35	257	128.5	stat_sample	0	88	08	0B	02	00	128.5	1	1	2	0																						
2	ppu_public	90	14259672	35	257	128.5	stat_irq_edge	0	88	08	0B	02	00	128.5	1	1	2	0																						
2	ppu_public	90	14260072	36	0	0.0	stat_sample	2	88	00	0B	02	00	0.0	1	0	2	0																						
2	ppu_public	90	14260072	36	2	1.0	mode2_irq_prepare	0	88	08	0B	02	00	1.0	1	0	2	0																						
2	ppu_public	90	14260080	36	0	0.0	stat_sample	2	8A	00	0B	02	00	0.0	1	0	2	0																						
2	ppu_public	90	14260078	36	8	4.0	mode2_enter	2	8A	00	0B	02	00	4.0	1	0	2	0																						
2	ppu_public	90	14260080	36	0	0.0	stat_sample	3	8A	00	0B	02	00	0.0	1	0	2	0																						
2	ppu_public	90	14260246	36	176	88.0	mode3_enter	3	8A	00	0B	02	00	88.0	1	0	2	0																						
2	ppu_public	90	14260240	36	84	42.0	stat_sample	3	8B	00	0B	02	00	42.0	1	0	2	0																						
2	ppu_public	90	14260590	36	520	260.0	mode0_enter	0	8B	08	0B	02	00	260.0	1	0	2	0																						
2	ppu_public	90	14260584	36	257	128.5	stat_sample	0	88	08	0B	02	00	128.5	1	1	2	0																						
2	ppu_public	90	14260584	36	257	128.5	stat_irq_edge	0	88	08	0B	02	00	128.5	1	1	2	0																						
2	ppu_public	90	14260984	37	0	0.0	stat_sample	2	88	00	0B	02	00	0.0	1	0	2	0																						
2	ppu_public	90	14260984	37	2	1.0	mode2_irq_prepare	0	88	08	0B	02	00	1.0	1	0	2	0																						
2	ppu_public	90	14260992	37	0	0.0	stat_sample	2	8A	00	0B	02	00	0.0	1	0	2	0																						
2	ppu_public	90	14260990	37	8	4.0	mode2_enter	2	8A	00	0B	02	00	4.0	1	0	2	0																						
2	ppu_public	90	14260992	37	0	0.0	stat_sample	3	8A	00	0B	02	00	0.0	1	0	2	0																						
2	ppu_public	90	14261158	37	176	88.0	mode3_enter	3	8A	00	0B	02	00	88.0	1	0	2	0																						
2	ppu_public	90	14261152	37	84	42.0	stat_sample	3	8B	00	0B	02	00	42.0	1	0	2	0																						
2	ppu_public	90	14261502	37	520	260.0	mode0_enter	0	8B	08	0B	02	00	260.0	1	0	2	0																						
2	ppu_public	90	14261496	37	257	128.5	stat_sample	0	88	08	0B	02	00	128.5	1	1	2	0																						
2	ppu_public	90	14261496	37	257	128.5	stat_irq_edge	0	88	08	0B	02	00	128.5	1	1	2	0																						
2	ppu_public	90	14261896	38	0	0.0	stat_sample	2	88	00	0B	02	00	0.0	1	0	2	0																						
2	ppu_public	90	14261896	38	2	1.0	mode2_irq_prepare	0	88	08	0B	02	00	1.0	1	0	2	0																						
2	ppu_public	90	14261904	38	0	0.0	stat_sample	2	8A	00	0B	02	00	0.0	1	0	2	0																						
2	ppu_public	90	14261902	38	8	4.0	mode2_enter	2	8A	00	0B	02	00	4.0	1	0	2	0																						
2	ppu_public	90	14261904	38	0	0.0	stat_sample	3	8A	00	0B	02	00	0.0	1	0	2	0																						
2	ppu_public	90	14262070	38	176	88.0	mode3_enter	3	8A	00	0B	02	00	88.0	1	0	2	0																						
2	ppu_public	90	14262064	38	84	42.0	stat_sample	3	8B	00	0B	02	00	42.0	1	0	2	0																						
2	ppu_public	90	14262414	38	520	260.0	mode0_enter	0	8B	08	0B	02	00	260.0	1	0	2	0																						
2	ppu_public	90	14262408	38	257	128.5	stat_sample	0	88	08	0B	02	00	128.5	1	1	2	0																						
2	ppu_public	90	14262408	38	257	128.5	stat_irq_edge	0	88	08	0B	02	00	128.5	1	1	2	0																						
2	ppu_public	90	14262808	39	0	0.0	stat_sample	2	88	00	0B	02	00	0.0	1	0	2	0																						
2	ppu_public	90	14262808	39	2	1.0	mode2_irq_prepare	0	88	08	0B	02	00	1.0	1	0	2	0																						
2	ppu_public	90	14262816	39	0	0.0	stat_sample	2	8A	00	0B	02	00	0.0	1	0	2	0																						
2	ppu_public	90	14262814	39	8	4.0	mode2_enter	2	8A	00	0B	02	00	4.0	1	0	2	0																						
2	ppu_public	90	14262816	39	0	0.0	stat_sample	3	8A	00	0B	02	00	0.0	1	0	2	0																						
2	ppu_public	90	14262982	39	176	88.0	mode3_enter	3	8A	00	0B	02	00	88.0	1	0	2	0																						
2	ppu_public	90	14262976	39	84	42.0	stat_sample	3	8B	00	0B	02	00	42.0	1	0	2	0																						
2	ppu_public	90	14263326	39	520	260.0	mode0_enter	0	8B	08	0B	02	00	260.0	1	0	2	0																						
2	ppu_public	90	14263320	39	257	128.5	stat_sample	0	88	08	0B	02	00	128.5	1	1	2	0																						
2	ppu_public	90	14263320	39	257	128.5	stat_irq_edge	0	88	08	0B	02	00	128.5	1	1	2	0																						
2	ppu_public	90	14263720	40	0	0.0	stat_sample	2	88	00	0B	02	00	0.0	1	0	2	0																						
2	ppu_public	90	14263720	40	2	1.0	mode2_irq_prepare	0	88	08	0B	02	00	1.0	1	0	2	0																						
2	ppu_public	90	14263728	40	0	0.0	stat_sample	2	8A	00	0B	02	00	0.0	1	0	2	0																						
2	ppu_public	90	14263726	40	8	4.0	mode2_enter	2	8A	00	0B	02	00	4.0	1	0	2	0																						
2	ppu_public	90	14263728	40	0	0.0	stat_sample	3	8A	00	0B	02	00	0.0	1	0	2	0																						
2	ppu_public	90	14263894	40	176	88.0	mode3_enter	3	8A	00	0B	02	00	88.0	1	0	2	0																						
2	ppu_public	90	14263888	40	84	42.0	stat_sample	3	8B	00	0B	02	00	42.0	1	0	2	0																						
2	ppu_public	90	14264238	40	520	260.0	mode0_enter	0	8B	08	0B	02	00	260.0	1	0	2	0																						
2	ppu_public	90	14264232	40	257	128.5	stat_sample	0	88	08	0B	02	00	128.5	1	1	2	0																						
2	ppu_public	90	14264232	40	257	128.5	stat_irq_edge	0	88	08	0B	02	00	128.5	1	1	2	0																						
2	ppu_public	90	14264632	41	0	0.0	stat_sample	2	88	00	0B	02	00	0.0	1	0	2	0																						
2	ppu_public	90	14264632	41	2	1.0	mode2_irq_prepare	0	88	08	0B	02	00	1.0	1	0	2	0																						
2	ppu_public	90	14264640	41	0	0.0	stat_sample	2	8A	00	0B	02	00	0.0	1	0	2	0																						
2	ppu_public	90	14264638	41	8	4.0	mode2_enter	2	8A	00	0B	02	00	4.0	1	0	2	0																						
2	ppu_public	90	14264640	41	0	0.0	stat_sample	3	8A	00	0B	02	00	0.0	1	0	2	0																						
2	ppu_public	90	14264806	41	176	88.0	mode3_enter	3	8A	00	0B	02	00	88.0	1	0	2	0																						
2	ppu_public	90	14264800	41	84	42.0	stat_sample	3	8B	00	0B	02	00	42.0	1	0	2	0																						
2	ppu_public	90	14265150	41	520	260.0	mode0_enter	0	8B	08	0B	02	00	260.0	1	0	2	0																						
2	ppu_public	90	14265144	41	257	128.5	stat_sample	0	88	08	0B	02	00	128.5	1	1	2	0																						
2	ppu_public	90	14265144	41	257	128.5	stat_irq_edge	0	88	08	0B	02	00	128.5	1	1	2	0																						
2	ppu_public	90	14265544	42	0	0.0	stat_sample	2	88	00	0B	02	00	0.0	1	0	2	0																						
2	ppu_public	90	14265544	42	2	1.0	mode2_irq_prepare	0	88	08	0B	02	00	1.0	1	0	2	0																						
2	ppu_public	90	14265552	42	0	0.0	stat_sample	2	8A	00	0B	02	00	0.0	1	0	2	0																						
2	ppu_public	90	14265550	42	8	4.0	mode2_enter	2	8A	00	0B	02	00	4.0	1	0	2	0																						
2	ppu_public	90	14265552	42	0	0.0	stat_sample	3	8A	00	0B	02	00	0.0	1	0	2	0																						
2	ppu_public	90	14265718	42	176	88.0	mode3_enter	3	8A	00	0B	02	00	88.0	1	0	2	0																						
2	ppu_public	90	14265712	42	84	42.0	stat_sample	3	8B	00	0B	02	00	42.0	1	0	2	0																						
2	ppu_public	90	14266062	42	520	260.0	mode0_enter	0	8B	08	0B	02	00	260.0	1	0	2	0																						
2	ppu_public	90	14266056	42	257	128.5	stat_sample	0	88	08	0B	02	00	128.5	1	1	2	0																						
2	ppu_public	90	14266056	42	257	128.5	stat_irq_edge	0	88	08	0B	02	00	128.5	1	1	2	0																						
2	ppu_public	90	14266456	43	0	0.0	stat_sample	2	88	00	0B	02	00	0.0	1	0	2	0																						
2	ppu_public	90	14266456	43	2	1.0	mode2_irq_prepare	0	88	08	0B	02	00	1.0	1	0	2	0																						
2	ppu_public	90	14266464	43	0	0.0	stat_sample	2	8A	00	0B	02	00	0.0	1	0	2	0																						
2	ppu_public	90	14266462	43	8	4.0	mode2_enter	2	8A	00	0B	02	00	4.0	1	0	2	0																						
2	ppu_public	90	14266464	43	0	0.0	stat_sample	3	8A	00	0B	02	00	0.0	1	0	2	0																						
2	ppu_public	90	14266630	43	176	88.0	mode3_enter	3	8A	00	0B	02	00	88.0	1	0	2	0																						
2	ppu_public	90	14266624	43	84	42.0	stat_sample	3	8B	00	0B	02	00	42.0	1	0	2	0																						
2	ppu_public	90	14266974	43	520	260.0	mode0_enter	0	8B	08	0B	02	00	260.0	1	0	2	0																						
2	ppu_public	90	14266968	43	257	128.5	stat_sample	0	88	08	0B	02	00	128.5	1	1	2	0																						
2	ppu_public	90	14266968	43	257	128.5	stat_irq_edge	0	88	08	0B	02	00	128.5	1	1	2	0																						
2	ppu_public	90	14267368	44	0	0.0	stat_sample	2	88	00	0B	02	00	0.0	1	0	2	0																						
2	ppu_public	90	14267368	44	2	1.0	mode2_irq_prepare	0	88	08	0B	02	00	1.0	1	0	2	0																						
2	ppu_public	90	14267376	44	0	0.0	stat_sample	2	8A	00	0B	02	00	0.0	1	0	2	0																						
2	ppu_public	90	14267374	44	8	4.0	mode2_enter	2	8A	00	0B	02	00	4.0	1	0	2	0																						
2	ppu_public	90	14267376	44	0	0.0	stat_sample	3	8A	00	0B	02	00	0.0	1	0	2	0																						
2	ppu_public	90	14267542	44	176	88.0	mode3_enter	3	8A	00	0B	02	00	88.0	1	0	2	0																						
2	ppu_public	90	14267536	44	84	42.0	stat_sample	3	8B	00	0B	02	00	42.0	1	0	2	0																						
2	ppu_public	90	14267886	44	520	260.0	mode0_enter	0	8B	08	0B	02	00	260.0	1	0	2	0																						
2	ppu_public	90	14267880	44	257	128.5	stat_sample	0	88	08	0B	02	00	128.5	1	1	2	0																						
2	ppu_public	90	14267880	44	257	128.5	stat_irq_edge	0	88	08	0B	02	00	128.5	1	1	2	0																						
2	ppu_public	90	14268280	45	0	0.0	stat_sample	2	88	00	0B	02	00	0.0	1	0	2	0																						
2	ppu_public	90	14268280	45	2	1.0	mode2_irq_prepare	0	88	08	0B	02	00	1.0	1	0	2	0																						
2	ppu_public	90	14268288	45	0	0.0	stat_sample	2	8A	00	0B	02	00	0.0	1	0	2	0																						
2	ppu_public	90	14268286	45	8	4.0	mode2_enter	2	8A	00	0B	02	00	4.0	1	0	2	0																						
2	ppu_public	90	14268288	45	0	0.0	stat_sample	3	8A	00	0B	02	00	0.0	1	0	2	0																						
2	ppu_public	90	14268454	45	176	88.0	mode3_enter	3	8A	00	0B	02	00	88.0	1	0	2	0																						
2	ppu_public	90	14268448	45	84	42.0	stat_sample	3	8B	00	0B	02	00	42.0	1	0	2	0																						
2	ppu_public	90	14268798	45	520	260.0	mode0_enter	0	8B	08	0B	02	00	260.0	1	0	2	0																						
2	ppu_public	90	14268792	45	257	128.5	stat_sample	0	88	08	0B	02	00	128.5	1	1	2	0																						
2	ppu_public	90	14268792	45	257	128.5	stat_irq_edge	0	88	08	0B	02	00	128.5	1	1	2	0																						
2	ppu_public	90	14269192	46	0	0.0	stat_sample	2	88	00	0B	02	00	0.0	1	0	2	0																						
2	ppu_public	90	14269192	46	2	1.0	mode2_irq_prepare	0	88	08	0B	02	00	1.0	1	0	2	0																						
2	ppu_public	90	14269200	46	0	0.0	stat_sample	2	8A	00	0B	02	00	0.0	1	0	2	0																						
2	ppu_public	90	14269198	46	8	4.0	mode2_enter	2	8A	00	0B	02	00	4.0	1	0	2	0																						
2	ppu_public	90	14269200	46	0	0.0	stat_sample	3	8A	00	0B	02	00	0.0	1	0	2	0																						
2	ppu_public	90	14269366	46	176	88.0	mode3_enter	3	8A	00	0B	02	00	88.0	1	0	2	0																						
2	ppu_public	90	14269360	46	84	42.0	stat_sample	3	8B	00	0B	02	00	42.0	1	0	2	0																						
2	ppu_public	90	14269710	46	520	260.0	mode0_enter	0	8B	08	0B	02	00	260.0	1	0	2	0																						
2	ppu_public	90	14269704	46	257	128.5	stat_sample	0	88	08	0B	02	00	128.5	1	1	2	0																						
2	ppu_public	90	14269704	46	257	128.5	stat_irq_edge	0	88	08	0B	02	00	128.5	1	1	2	0																						
2	ppu_public	90	14270104	47	0	0.0	stat_sample	2	88	00	0B	02	00	0.0	1	0	2	0																						
2	ppu_public	90	14270104	47	2	1.0	mode2_irq_prepare	0	88	08	0B	02	00	1.0	1	0	2	0																						
2	ppu_public	90	14270112	47	0	0.0	stat_sample	2	8A	00	0B	02	00	0.0	1	0	2	0																						
2	ppu_public	90	14270110	47	8	4.0	mode2_enter	2	8A	00	0B	02	00	4.0	1	0	2	0																						
2	ppu_public	90	14270112	47	0	0.0	stat_sample	3	8A	00	0B	02	00	0.0	1	0	2	0																						
2	ppu_public	90	14270278	47	176	88.0	mode3_enter	3	8A	00	0B	02	00	88.0	1	0	2	0																						
2	ppu_public	90	14270272	47	84	42.0	stat_sample	3	8B	00	0B	02	00	42.0	1	0	2	0																						
2	ppu_public	90	14270622	47	520	260.0	mode0_enter	0	8B	08	0B	02	00	260.0	1	0	2	0																						
2	ppu_public	90	14270616	47	257	128.5	stat_sample	0	88	08	0B	02	00	128.5	1	1	2	0																						
2	ppu_public	90	14270616	47	257	128.5	stat_irq_edge	0	88	08	0B	02	00	128.5	1	1	2	0																						
2	ppu_public	90	14271016	48	0	0.0	stat_sample	2	88	00	0B	02	00	0.0	1	0	2	0																						
2	ppu_public	90	14271016	48	2	1.0	mode2_irq_prepare	0	88	08	0B	02	00	1.0	1	0	2	0																						
2	ppu_public	90	14271024	48	0	0.0	stat_sample	2	8A	00	0B	02	00	0.0	1	0	2	0																						
2	ppu_public	90	14271022	48	8	4.0	mode2_enter	2	8A	00	0B	02	00	4.0	1	0	2	0																						
2	ppu_public	90	14271024	48	0	0.0	stat_sample	3	8A	00	0B	02	00	0.0	1	0	2	0																						
2	ppu_public	90	14271190	48	176	88.0	mode3_enter	3	8A	00	0B	02	00	88.0	1	0	2	0																						
2	ppu_public	90	14271184	48	84	42.0	stat_sample	3	8B	00	0B	02	00	42.0	1	0	2	0																						
2	ppu_public	90	14271534	48	520	260.0	mode0_enter	0	8B	08	0B	02	00	260.0	1	0	2	0																						
2	ppu_public	90	14271528	48	257	128.5	stat_sample	0	88	08	0B	02	00	128.5	1	1	2	0																						
2	ppu_public	90	14271528	48	257	128.5	stat_irq_edge	0	88	08	0B	02	00	128.5	1	1	2	0																						
2	ppu_public	90	14271928	49	0	0.0	stat_sample	2	88	00	0B	02	00	0.0	1	0	2	0																						
2	ppu_public	90	14271928	49	2	1.0	mode2_irq_prepare	0	88	08	0B	02	00	1.0	1	0	2	0																						
2	ppu_public	90	14271936	49	0	0.0	stat_sample	2	8A	00	0B	02	00	0.0	1	0	2	0																						
2	ppu_public	90	14271934	49	8	4.0	mode2_enter	2	8A	00	0B	02	00	4.0	1	0	2	0																						
2	ppu_public	90	14271936	49	0	0.0	stat_sample	3	8A	00	0B	02	00	0.0	1	0	2	0																						
2	ppu_public	90	14272102	49	176	88.0	mode3_enter	3	8A	00	0B	02	00	88.0	1	0	2	0																						
2	ppu_public	90	14272096	49	84	42.0	stat_sample	3	8B	00	0B	02	00	42.0	1	0	2	0																						
2	ppu_public	90	14272446	49	520	260.0	mode0_enter	0	8B	08	0B	02	00	260.0	1	0	2	0																						
2	ppu_public	90	14272440	49	257	128.5	stat_sample	0	88	08	0B	02	00	128.5	1	1	2	0																						
2	ppu_public	90	14272440	49	257	128.5	stat_irq_edge	0	88	08	0B	02	00	128.5	1	1	2	0																						
2	ppu_public	90	14272840	50	0	0.0	stat_sample	2	88	00	0B	02	00	0.0	1	0	2	0																						
2	ppu_public	90	14272840	50	2	1.0	mode2_irq_prepare	0	88	08	0B	02	00	1.0	1	0	2	0																						
2	ppu_public	90	14272848	50	0	0.0	stat_sample	2	8A	00	0B	02	00	0.0	1	0	2	0																						
2	ppu_public	90	14272846	50	8	4.0	mode2_enter	2	8A	00	0B	02	00	4.0	1	0	2	0																						
2	ppu_public	90	14272848	50	0	0.0	stat_sample	3	8A	00	0B	02	00	0.0	1	0	2	0																						
2	ppu_public	90	14273014	50	176	88.0	mode3_enter	3	8A	00	0B	02	00	88.0	1	0	2	0																						
2	ppu_public	90	14273008	50	84	42.0	stat_sample	3	8B	00	0B	02	00	42.0	1	0	2	0																						
2	ppu_public	90	14273358	50	520	260.0	mode0_enter	0	8B	08	0B	02	00	260.0	1	0	2	0																						
2	ppu_public	90	14273352	50	257	128.5	stat_sample	0	88	08	0B	02	00	128.5	1	1	2	0																						
2	ppu_public	90	14273352	50	257	128.5	stat_irq_edge	0	88	08	0B	02	00	128.5	1	1	2	0																						
2	ppu_public	90	14273752	51	0	0.0	stat_sample	2	88	00	0B	02	00	0.0	1	0	2	0																						
2	ppu_public	90	14273752	51	2	1.0	mode2_irq_prepare	0	88	08	0B	02	00	1.0	1	0	2	0																						
2	ppu_public	90	14273760	51	0	0.0	stat_sample	2	8A	00	0B	02	00	0.0	1	0	2	0																						
2	ppu_public	90	14273758	51	8	4.0	mode2_enter	2	8A	00	0B	02	00	4.0	1	0	2	0																						
2	ppu_public	90	14273760	51	0	0.0	stat_sample	3	8A	00	0B	02	00	0.0	1	0	2	0																						
2	ppu_public	90	14273926	51	176	88.0	mode3_enter	3	8A	00	0B	02	00	88.0	1	0	2	0																						
2	ppu_public	90	14273920	51	84	42.0	stat_sample	3	8B	00	0B	02	00	42.0	1	0	2	0																						
2	ppu_public	90	14274270	51	520	260.0	mode0_enter	0	8B	08	0B	02	00	260.0	1	0	2	0																						
2	ppu_public	90	14274264	51	257	128.5	stat_sample	0	88	08	0B	02	00	128.5	1	1	2	0																						
2	ppu_public	90	14274264	51	257	128.5	stat_irq_edge	0	88	08	0B	02	00	128.5	1	1	2	0																						
2	ppu_public	90	14274664	52	0	0.0	stat_sample	2	88	00	0B	02	00	0.0	1	0	2	0																						
2	ppu_public	90	14274664	52	2	1.0	mode2_irq_prepare	0	88	08	0B	02	00	1.0	1	0	2	0																						
2	ppu_public	90	14274672	52	0	0.0	stat_sample	2	8A	00	0B	02	00	0.0	1	0	2	0																						
2	ppu_public	90	14274670	52	8	4.0	mode2_enter	2	8A	00	0B	02	00	4.0	1	0	2	0																						
2	ppu_public	90	14274672	52	0	0.0	stat_sample	3	8A	00	0B	02	00	0.0	1	0	2	0																						
2	ppu_public	90	14274838	52	176	88.0	mode3_enter	3	8A	00	0B	02	00	88.0	1	0	2	0																						
2	ppu_public	90	14274832	52	84	42.0	stat_sample	3	8B	00	0B	02	00	42.0	1	0	2	0																						
2	ppu_public	90	14275182	52	520	260.0	mode0_enter	0	8B	08	0B	02	00	260.0	1	0	2	0																						
2	ppu_public	90	14275176	52	257	128.5	stat_sample	0	88	08	0B	02	00	128.5	1	1	2	0																						
2	ppu_public	90	14275176	52	257	128.5	stat_irq_edge	0	88	08	0B	02	00	128.5	1	1	2	0																						
2	ppu_public	90	14275576	53	0	0.0	stat_sample	2	88	00	0B	02	00	0.0	1	0	2	0																						
2	ppu_public	90	14275576	53	2	1.0	mode2_irq_prepare	0	88	08	0B	02	00	1.0	1	0	2	0																						
2	ppu_public	90	14275584	53	0	0.0	stat_sample	2	8A	00	0B	02	00	0.0	1	0	2	0																						
2	ppu_public	90	14275582	53	8	4.0	mode2_enter	2	8A	00	0B	02	00	4.0	1	0	2	0																						
2	ppu_public	90	14275584	53	0	0.0	stat_sample	3	8A	00	0B	02	00	0.0	1	0	2	0																						
2	ppu_public	90	14275750	53	176	88.0	mode3_enter	3	8A	00	0B	02	00	88.0	1	0	2	0																						
2	ppu_public	90	14275744	53	84	42.0	stat_sample	3	8B	00	0B	02	00	42.0	1	0	2	0																						
2	ppu_public	90	14276094	53	520	260.0	mode0_enter	0	8B	08	0B	02	00	260.0	1	0	2	0																						
2	ppu_public	90	14276088	53	257	128.5	stat_sample	0	88	08	0B	02	00	128.5	1	1	2	0																						
2	ppu_public	90	14276088	53	257	128.5	stat_irq_edge	0	88	08	0B	02	00	128.5	1	1	2	0																						
2	ppu_public	90	14276488	54	0	0.0	stat_sample	2	88	00	0B	02	00	0.0	1	0	2	0																						
2	ppu_public	90	14276488	54	2	1.0	mode2_irq_prepare	0	88	08	0B	02	00	1.0	1	0	2	0																						
2	ppu_public	90	14276496	54	0	0.0	stat_sample	2	8A	00	0B	02	00	0.0	1	0	2	0																						
2	ppu_public	90	14276494	54	8	4.0	mode2_enter	2	8A	00	0B	02	00	4.0	1	0	2	0																						
2	ppu_public	90	14276496	54	0	0.0	stat_sample	3	8A	00	0B	02	00	0.0	1	0	2	0																						
2	ppu_public	90	14276662	54	176	88.0	mode3_enter	3	8A	00	0B	02	00	88.0	1	0	2	0																						
2	ppu_public	90	14276656	54	84	42.0	stat_sample	3	8B	00	0B	02	00	42.0	1	0	2	0																						
2	ppu_public	90	14277006	54	520	260.0	mode0_enter	0	8B	08	0B	02	00	260.0	1	0	2	0																						
2	ppu_public	90	14277000	54	257	128.5	stat_sample	0	88	08	0B	02	00	128.5	1	1	2	0																						
2	ppu_public	90	14277000	54	257	128.5	stat_irq_edge	0	88	08	0B	02	00	128.5	1	1	2	0																						
2	ppu_public	90	14277400	55	0	0.0	stat_sample	2	88	00	0B	02	00	0.0	1	0	2	0																						
2	ppu_public	90	14277400	55	2	1.0	mode2_irq_prepare	0	88	08	0B	02	00	1.0	1	0	2	0																						
2	ppu_public	90	14277408	55	0	0.0	stat_sample	2	8A	00	0B	02	00	0.0	1	0	2	0																						
2	ppu_public	90	14277406	55	8	4.0	mode2_enter	2	8A	00	0B	02	00	4.0	1	0	2	0																						
2	ppu_public	90	14277408	55	0	0.0	stat_sample	3	8A	00	0B	02	00	0.0	1	0	2	0																						
2	ppu_public	90	14277574	55	176	88.0	mode3_enter	3	8A	00	0B	02	00	88.0	1	0	2	0																						
2	ppu_public	90	14277568	55	84	42.0	stat_sample	3	8B	00	0B	02	00	42.0	1	0	2	0																						
2	ppu_public	90	14277918	55	520	260.0	mode0_enter	0	8B	08	0B	02	00	260.0	1	0	2	0																						
2	ppu_public	90	14277912	55	257	128.5	stat_sample	0	88	08	0B	02	00	128.5	1	1	2	0																						
2	ppu_public	90	14277912	55	257	128.5	stat_irq_edge	0	88	08	0B	02	00	128.5	1	1	2	0																						
2	ppu_public	90	14278312	56	0	0.0	stat_sample	2	88	00	0B	02	00	0.0	1	0	2	0																						
2	ppu_public	90	14278312	56	2	1.0	mode2_irq_prepare	0	88	08	0B	02	00	1.0	1	0	2	0																						
2	ppu_public	90	14278320	56	0	0.0	stat_sample	2	8A	00	0B	02	00	0.0	1	0	2	0																						
2	ppu_public	90	14278318	56	8	4.0	mode2_enter	2	8A	00	0B	02	00	4.0	1	0	2	0																						
2	ppu_public	90	14278320	56	0	0.0	stat_sample	3	8A	00	0B	02	00	0.0	1	0	2	0																						
2	ppu_public	90	14278486	56	176	88.0	mode3_enter	3	8A	00	0B	02	00	88.0	1	0	2	0																						
2	ppu_public	90	14278480	56	84	42.0	stat_sample	3	8B	00	0B	02	00	42.0	1	0	2	0																						
2	ppu_public	90	14278830	56	520	260.0	mode0_enter	0	8B	08	0B	02	00	260.0	1	0	2	0																						
2	ppu_public	90	14278824	56	257	128.5	stat_sample	0	88	08	0B	02	00	128.5	1	1	2	0																						
2	ppu_public	90	14278824	56	257	128.5	stat_irq_edge	0	88	08	0B	02	00	128.5	1	1	2	0																						
2	ppu_public	90	14279224	57	0	0.0	stat_sample	2	88	00	0B	02	00	0.0	1	0	2	0																						
2	ppu_public	90	14279224	57	2	1.0	mode2_irq_prepare	0	88	08	0B	02	00	1.0	1	0	2	0																						
2	ppu_public	90	14279232	57	0	0.0	stat_sample	2	8A	00	0B	02	00	0.0	1	0	2	0																						
2	ppu_public	90	14279230	57	8	4.0	mode2_enter	2	8A	00	0B	02	00	4.0	1	0	2	0																						
2	ppu_public	90	14279232	57	0	0.0	stat_sample	3	8A	00	0B	02	00	0.0	1	0	2	0																						
2	ppu_public	90	14279398	57	176	88.0	mode3_enter	3	8A	00	0B	02	00	88.0	1	0	2	0																						
2	ppu_public	90	14279392	57	84	42.0	stat_sample	3	8B	00	0B	02	00	42.0	1	0	2	0																						
2	ppu_public	90	14279742	57	520	260.0	mode0_enter	0	8B	08	0B	02	00	260.0	1	0	2	0																						
2	ppu_public	90	14279736	57	257	128.5	stat_sample	0	88	08	0B	02	00	128.5	1	1	2	0																						
2	ppu_public	90	14279736	57	257	128.5	stat_irq_edge	0	88	08	0B	02	00	128.5	1	1	2	0																						
2	ppu_public	90	14280136	58	0	0.0	stat_sample	2	88	00	0B	02	00	0.0	1	0	2	0																						
2	ppu_public	90	14280136	58	2	1.0	mode2_irq_prepare	0	88	08	0B	02	00	1.0	1	0	2	0																						
2	ppu_public	90	14280144	58	0	0.0	stat_sample	2	8A	00	0B	02	00	0.0	1	0	2	0																						
2	ppu_public	90	14280142	58	8	4.0	mode2_enter	2	8A	00	0B	02	00	4.0	1	0	2	0																						
2	ppu_public	90	14280144	58	0	0.0	stat_sample	3	8A	00	0B	02	00	0.0	1	0	2	0																						
2	ppu_public	90	14280310	58	176	88.0	mode3_enter	3	8A	00	0B	02	00	88.0	1	0	2	0																						
2	ppu_public	90	14280304	58	84	42.0	stat_sample	3	8B	00	0B	02	00	42.0	1	0	2	0																						
2	ppu_public	90	14280654	58	520	260.0	mode0_enter	0	8B	08	0B	02	00	260.0	1	0	2	0																						
2	ppu_public	90	14280648	58	257	128.5	stat_sample	0	88	08	0B	02	00	128.5	1	1	2	0																						
2	ppu_public	90	14280648	58	257	128.5	stat_irq_edge	0	88	08	0B	02	00	128.5	1	1	2	0																						
2	ppu_public	90	14281048	59	0	0.0	stat_sample	2	88	00	0B	02	00	0.0	1	0	2	0																						
2	ppu_public	90	14281048	59	2	1.0	mode2_irq_prepare	0	88	08	0B	02	00	1.0	1	0	2	0																						
2	ppu_public	90	14281056	59	0	0.0	stat_sample	2	8A	00	0B	02	00	0.0	1	0	2	0																						
2	ppu_public	90	14281054	59	8	4.0	mode2_enter	2	8A	00	0B	02	00	4.0	1	0	2	0																						
2	ppu_public	90	14281056	59	0	0.0	stat_sample	3	8A	00	0B	02	00	0.0	1	0	2	0																						
2	ppu_public	90	14281222	59	176	88.0	mode3_enter	3	8A	00	0B	02	00	88.0	1	0	2	0																						
2	ppu_public	90	14281216	59	84	42.0	stat_sample	3	8B	00	0B	02	00	42.0	1	0	2	0																						
2	ppu_public	90	14281566	59	520	260.0	mode0_enter	0	8B	08	0B	02	00	260.0	1	0	2	0																						
2	ppu_public	90	14281560	59	257	128.5	stat_sample	0	88	08	0B	02	00	128.5	1	1	2	0																						
2	ppu_public	90	14281560	59	257	128.5	stat_irq_edge	0	88	08	0B	02	00	128.5	1	1	2	0																						
2	ppu_public	90	14281960	60	0	0.0	stat_sample	2	88	00	0B	02	00	0.0	1	0	2	0																						
2	ppu_public	90	14281960	60	2	1.0	mode2_irq_prepare	0	88	08	0B	02	00	1.0	1	0	2	0																						
2	ppu_public	90	14281968	60	0	0.0	stat_sample	2	8A	00	0B	02	00	0.0	1	0	2	0																						
2	ppu_public	90	14281966	60	8	4.0	mode2_enter	2	8A	00	0B	02	00	4.0	1	0	2	0																						
2	ppu_public	90	14281968	60	0	0.0	stat_sample	3	8A	00	0B	02	00	0.0	1	0	2	0																						
2	ppu_public	90	14282134	60	176	88.0	mode3_enter	3	8A	00	0B	02	00	88.0	1	0	2	0																						
2	ppu_public	90	14282128	60	84	42.0	stat_sample	3	8B	00	0B	02	00	42.0	1	0	2	0																						
2	ppu_public	90	14282478	60	520	260.0	mode0_enter	0	8B	08	0B	02	00	260.0	1	0	2	0																						
2	ppu_public	90	14282472	60	257	128.5	stat_sample	0	88	08	0B	02	00	128.5	1	1	2	0																						
2	ppu_public	90	14282472	60	257	128.5	stat_irq_edge	0	88	08	0B	02	00	128.5	1	1	2	0																						
2	ppu_public	90	14282872	61	0	0.0	stat_sample	2	88	00	0B	02	00	0.0	1	0	2	0																						
2	ppu_public	90	14282872	61	2	1.0	mode2_irq_prepare	0	88	08	0B	02	00	1.0	1	0	2	0																						
2	ppu_public	90	14282880	61	0	0.0	stat_sample	2	8A	00	0B	02	00	0.0	1	0	2	0																						
2	ppu_public	90	14282878	61	8	4.0	mode2_enter	2	8A	00	0B	02	00	4.0	1	0	2	0																						
2	ppu_public	90	14282880	61	0	0.0	stat_sample	3	8A	00	0B	02	00	0.0	1	0	2	0																						
2	ppu_public	90	14283046	61	176	88.0	mode3_enter	3	8A	00	0B	02	00	88.0	1	0	2	0																						
2	ppu_public	90	14283040	61	84	42.0	stat_sample	3	8B	00	0B	02	00	42.0	1	0	2	0																						
2	ppu_public	90	14283390	61	520	260.0	mode0_enter	0	8B	08	0B	02	00	260.0	1	0	2	0																						
2	ppu_public	90	14283384	61	257	128.5	stat_sample	0	88	08	0B	02	00	128.5	1	1	2	0																						
2	ppu_public	90	14283384	61	257	128.5	stat_irq_edge	0	88	08	0B	02	00	128.5	1	1	2	0																						
2	ppu_public	90	14283784	62	0	0.0	stat_sample	2	88	00	0B	02	00	0.0	1	0	2	0																						
2	ppu_public	90	14283784	62	2	1.0	mode2_irq_prepare	0	88	08	0B	02	00	1.0	1	0	2	0																						
2	ppu_public	90	14283792	62	0	0.0	stat_sample	2	8A	00	0B	02	00	0.0	1	0	2	0																						
2	ppu_public	90	14283790	62	8	4.0	mode2_enter	2	8A	00	0B	02	00	4.0	1	0	2	0																						
2	ppu_public	90	14283792	62	0	0.0	stat_sample	3	8A	00	0B	02	00	0.0	1	0	2	0																						
2	ppu_public	90	14283958	62	176	88.0	mode3_enter	3	8A	00	0B	02	00	88.0	1	0	2	0																						
2	ppu_public	90	14283952	62	84	42.0	stat_sample	3	8B	00	0B	02	00	42.0	1	0	2	0																						
2	ppu_public	90	14284302	62	520	260.0	mode0_enter	0	8B	08	0B	02	00	260.0	1	0	2	0																						
2	ppu_public	90	14284296	62	257	128.5	stat_sample	0	88	08	0B	02	00	128.5	1	1	2	0																						
2	ppu_public	90	14284296	62	257	128.5	stat_irq_edge	0	88	08	0B	02	00	128.5	1	1	2	0																						
2	ppu_public	90	14284696	63	0	0.0	stat_sample	2	88	00	0B	02	00	0.0	1	0	2	0																						
2	ppu_public	90	14284696	63	2	1.0	mode2_irq_prepare	0	88	08	0B	02	00	1.0	1	0	2	0																						
2	ppu_public	90	14284704	63	0	0.0	stat_sample	2	8A	00	0B	02	00	0.0	1	0	2	0																						
2	ppu_public	90	14284702	63	8	4.0	mode2_enter	2	8A	00	0B	02	00	4.0	1	0	2	0																						
2	ppu_public	90	14284704	63	0	0.0	stat_sample	3	8A	00	0B	02	00	0.0	1	0	2	0																						
2	ppu_public	90	14284870	63	176	88.0	mode3_enter	3	8A	00	0B	02	00	88.0	1	0	2	0																						
2	ppu_public	90	14284864	63	84	42.0	stat_sample	3	8B	00	0B	02	00	42.0	1	0	2	0																						
2	ppu_public	90	14285214	63	520	260.0	mode0_enter	0	8B	08	0B	02	00	260.0	1	0	2	0																						
2	ppu_public	90	14285208	63	257	128.5	stat_sample	0	88	08	0B	02	00	128.5	1	1	2	0																						
2	ppu_public	90	14285208	63	257	128.5	stat_irq_edge	0	88	08	0B	02	00	128.5	1	1	2	0																						
2	ppu_public	90	14285608	64	0	0.0	stat_sample	2	88	00	0B	02	00	0.0	1	0	2	0																						
2	ppu_public	90	14285608	64	2	1.0	mode2_irq_prepare	0	88	08	0B	02	00	1.0	1	0	2	0																						
2	ppu_public	90	14285616	64	0	0.0	stat_sample	2	8A	00	0B	02	00	0.0	1	0	2	0																						
2	ppu_public	90	14285614	64	8	4.0	mode2_enter	2	8A	00	0B	02	00	4.0	1	0	2	0																						
2	ppu_public	90	14285616	64	0	0.0	stat_sample	3	8A	00	0B	02	00	0.0	1	0	2	0																						
2	ppu_public	90	14285782	64	176	88.0	mode3_enter	3	8A	00	0B	02	00	88.0	1	0	2	0																						
2	ppu_public	90	14285776	64	84	42.0	stat_sample	3	8B	00	0B	02	00	42.0	1	0	2	0																						
2	ppu_public	90	14286126	64	520	260.0	mode0_enter	0	8B	08	0B	02	00	260.0	1	0	2	0																						
2	ppu_public	90	14286120	64	257	128.5	stat_sample	0	88	08	0B	02	00	128.5	1	1	2	0																						
2	ppu_public	90	14286120	64	257	128.5	stat_irq_edge	0	88	08	0B	02	00	128.5	1	1	2	0																						
2	ppu_public	90	14286520	65	0	0.0	stat_sample	2	88	00	0B	02	00	0.0	1	0	2	0																						
2	ppu_public	90	14286520	65	2	1.0	mode2_irq_prepare	0	88	08	0B	02	00	1.0	1	0	2	0																						
2	ppu_public	90	14286528	65	0	0.0	stat_sample	2	8A	00	0B	02	00	0.0	1	0	2	0																						
2	ppu_public	90	14286526	65	8	4.0	mode2_enter	2	8A	00	0B	02	00	4.0	1	0	2	0																						
2	ppu_public	90	14286528	65	0	0.0	stat_sample	3	8A	00	0B	02	00	0.0	1	0	2	0																						
2	ppu_public	90	14286694	65	176	88.0	mode3_enter	3	8A	00	0B	02	00	88.0	1	0	2	0																						
2	ppu_public	90	14286688	65	84	42.0	stat_sample	3	8B	00	0B	02	00	42.0	1	0	2	0																						
2	ppu_public	90	14287038	65	520	260.0	mode0_enter	0	8B	08	0B	02	00	260.0	1	0	2	0																						
2	ppu_public	90	14287032	65	257	128.5	stat_sample	0	88	08	0B	02	00	128.5	1	1	2	0																						
2	ppu_public	90	14287032	65	257	128.5	stat_irq_edge	0	88	08	0B	02	00	128.5	1	1	2	0																						
2	ppu_public	90	14287432	66	0	0.0	stat_sample	2	88	00	0B	02	00	0.0	1	0	2	0																						
2	ppu_public	90	14287432	66	2	1.0	mode2_irq_prepare	0	88	08	0B	02	00	1.0	1	0	2	0																						
2	ppu_public	90	14287440	66	0	0.0	stat_sample	2	8A	00	0B	02	00	0.0	1	0	2	0																						
2	ppu_public	90	14287438	66	8	4.0	mode2_enter	2	8A	00	0B	02	00	4.0	1	0	2	0																						
2	ppu_public	90	14287440	66	0	0.0	stat_sample	3	8A	00	0B	02	00	0.0	1	0	2	0																						
2	ppu_public	90	14287606	66	176	88.0	mode3_enter	3	8A	00	0B	02	00	88.0	1	0	2	0																						
2	ppu_public	90	14287600	66	84	42.0	stat_sample	3	8B	00	0B	02	00	42.0	1	0	2	0																						
2	ppu_public	90	14287950	66	520	260.0	mode0_enter	0	8B	08	0B	02	00	260.0	1	0	2	0																						
2	ppu_public	90	14287944	66	257	128.5	stat_sample	0	88	08	0B	02	00	128.5	1	1	2	0																						
2	ppu_public	90	14287944	66	257	128.5	stat_irq_edge	0	88	08	0B	02	00	128.5	1	1	2	0																						
2	ppu_public	90	14288344	67	0	0.0	stat_sample	2	88	00	0B	02	00	0.0	1	0	2	0																						
2	ppu_public	90	14288344	67	2	1.0	mode2_irq_prepare	0	88	08	0B	02	00	1.0	1	0	2	0																						
2	ppu_public	90	14288352	67	0	0.0	stat_sample	2	8A	00	0B	02	00	0.0	1	0	2	0																						
2	ppu_public	90	14288350	67	8	4.0	mode2_enter	2	8A	00	0B	02	00	4.0	1	0	2	0																						
2	ppu_public	90	14288352	67	0	0.0	stat_sample	3	8A	00	0B	02	00	0.0	1	0	2	0																						
2	ppu_public	90	14288518	67	176	88.0	mode3_enter	3	8A	00	0B	02	00	88.0	1	0	2	0																						
2	ppu_public	90	14288512	67	84	42.0	stat_sample	3	8B	00	0B	02	00	42.0	1	0	2	0																						
2	ppu_public	90	14288862	67	520	260.0	mode0_enter	0	8B	08	0B	02	00	260.0	1	0	2	0																						
2	ppu_public	90	14288856	67	257	128.5	stat_sample	0	88	08	0B	02	00	128.5	1	1	2	0																						
2	ppu_public	90	14288856	67	257	128.5	stat_irq_edge	0	88	08	0B	02	00	128.5	1	1	2	0																						
2	ppu_public	90	14289256	68	0	0.0	stat_sample	2	88	00	0B	02	00	0.0	1	0	2	0																						
2	ppu_public	90	14289256	68	2	1.0	mode2_irq_prepare	0	88	08	0B	02	00	1.0	1	0	2	0																						
2	ppu_public	90	14289264	68	0	0.0	stat_sample	2	8A	00	0B	02	00	0.0	1	0	2	0																						
2	ppu_public	90	14289262	68	8	4.0	mode2_enter	2	8A	00	0B	02	00	4.0	1	0	2	0																						
2	ppu_public	90	14289264	68	0	0.0	stat_sample	3	8A	00	0B	02	00	0.0	1	0	2	0																						
2	ppu_public	90	14289430	68	176	88.0	mode3_enter	3	8A	00	0B	02	00	88.0	1	0	2	0																						
2	ppu_public	90	14289424	68	84	42.0	stat_sample	3	8B	00	0B	02	00	42.0	1	0	2	0																						
2	ppu_public	90	14289774	68	520	260.0	mode0_enter	0	8B	08	0B	02	00	260.0	1	0	2	0																						
2	ppu_public	90	14289768	68	257	128.5	stat_sample	0	88	08	0B	02	00	128.5	1	1	2	0																						
2	ppu_public	90	14289768	68	257	128.5	stat_irq_edge	0	88	08	0B	02	00	128.5	1	1	2	0																						
2	ppu_public	90	14290168	69	0	0.0	stat_sample	2	88	00	0B	02	00	0.0	1	0	2	0																						
2	ppu_public	90	14290168	69	2	1.0	mode2_irq_prepare	0	88	08	0B	02	00	1.0	1	0	2	0																						
2	ppu_public	90	14290176	69	0	0.0	stat_sample	2	8A	00	0B	02	00	0.0	1	0	2	0																						
2	ppu_public	90	14290174	69	8	4.0	mode2_enter	2	8A	00	0B	02	00	4.0	1	0	2	0																						
2	ppu_public	90	14290176	69	0	0.0	stat_sample	3	8A	00	0B	02	00	0.0	1	0	2	0																						
2	ppu_public	90	14290342	69	176	88.0	mode3_enter	3	8A	00	0B	02	00	88.0	1	0	2	0																						
2	ppu_public	90	14290336	69	84	42.0	stat_sample	3	8B	00	0B	02	00	42.0	1	0	2	0																						
2	ppu_public	90	14290686	69	520	260.0	mode0_enter	0	8B	08	0B	02	00	260.0	1	0	2	0																						
2	ppu_public	90	14290680	69	257	128.5	stat_sample	0	88	08	0B	02	00	128.5	1	1	2	0																						
2	ppu_public	90	14290680	69	257	128.5	stat_irq_edge	0	88	08	0B	02	00	128.5	1	1	2	0																						
2	ppu_public	90	14291080	70	0	0.0	stat_sample	2	88	00	0B	02	00	0.0	1	0	2	0																						
2	ppu_public	90	14291080	70	2	1.0	mode2_irq_prepare	0	88	08	0B	02	00	1.0	1	0	2	0																						
2	ppu_public	90	14291088	70	0	0.0	stat_sample	2	8A	00	0B	02	00	0.0	1	0	2	0																						
2	ppu_public	90	14291086	70	8	4.0	mode2_enter	2	8A	00	0B	02	00	4.0	1	0	2	0																						
2	ppu_public	90	14291088	70	0	0.0	stat_sample	3	8A	00	0B	02	00	0.0	1	0	2	0																						
2	ppu_public	90	14291254	70	176	88.0	mode3_enter	3	8A	00	0B	02	00	88.0	1	0	2	0																						
2	ppu_public	90	14291248	70	84	42.0	stat_sample	3	8B	00	0B	02	00	42.0	1	0	2	0																						
2	ppu_public	90	14291598	70	520	260.0	mode0_enter	0	8B	08	0B	02	00	260.0	1	0	2	0																						
2	ppu_public	90	14291592	70	257	128.5	stat_sample	0	88	08	0B	02	00	128.5	1	1	2	0																						
2	ppu_public	90	14291592	70	257	128.5	stat_irq_edge	0	88	08	0B	02	00	128.5	1	1	2	0																						
2	ppu_public	90	14291992	71	0	0.0	stat_sample	2	88	00	0B	02	00	0.0	1	0	2	0																						
2	ppu_public	90	14291992	71	2	1.0	mode2_irq_prepare	0	88	08	0B	02	00	1.0	1	0	2	0																						
2	ppu_public	90	14292000	71	0	0.0	stat_sample	2	8A	00	0B	02	00	0.0	1	0	2	0																						
2	ppu_public	90	14291998	71	8	4.0	mode2_enter	2	8A	00	0B	02	00	4.0	1	0	2	0																						
2	ppu_public	90	14292000	71	0	0.0	stat_sample	3	8A	00	0B	02	00	0.0	1	0	2	0																						
2	ppu_public	90	14292166	71	176	88.0	mode3_enter	3	8A	00	0B	02	00	88.0	1	0	2	0																						
2	ppu_public	90	14292160	71	84	42.0	stat_sample	3	8B	00	0B	02	00	42.0	1	0	2	0																						
2	ppu_public	90	14292510	71	520	260.0	mode0_enter	0	8B	08	0B	02	00	260.0	1	0	2	0																						
2	ppu_public	90	14292504	71	257	128.5	stat_sample	0	88	08	0B	02	00	128.5	1	1	2	0																						
2	ppu_public	90	14292504	71	257	128.5	stat_irq_edge	0	88	08	0B	02	00	128.5	1	1	2	0																						
2	ppu_public	90	14292904	72	0	0.0	stat_sample	2	88	00	0B	02	00	0.0	1	0	2	0																						
2	ppu_public	90	14292904	72	2	1.0	mode2_irq_prepare	0	88	08	0B	02	00	1.0	1	0	2	0																						
2	ppu_public	90	14292912	72	0	0.0	stat_sample	2	8A	00	0B	02	00	0.0	1	0	2	0																						
2	ppu_public	90	14292910	72	8	4.0	mode2_enter	2	8A	00	0B	02	00	4.0	1	0	2	0																						
2	ppu_public	90	14292912	72	0	0.0	stat_sample	3	8A	00	0B	02	00	0.0	1	0	2	0																						
2	ppu_public	90	14293078	72	176	88.0	mode3_enter	3	8A	00	0B	02	00	88.0	1	0	2	0																						
2	ppu_public	90	14293072	72	84	42.0	stat_sample	3	8B	00	0B	02	00	42.0	1	0	2	0																						
2	ppu_public	90	14293422	72	520	260.0	mode0_enter	0	8B	08	0B	02	00	260.0	1	0	2	0																						
2	ppu_public	90	14293416	72	257	128.5	stat_sample	0	88	08	0B	02	00	128.5	1	1	2	0																						
2	ppu_public	90	14293416	72	257	128.5	stat_irq_edge	0	88	08	0B	02	00	128.5	1	1	2	0																						
2	ppu_public	90	14293816	73	0	0.0	stat_sample	2	88	00	0B	02	00	0.0	1	0	2	0																						
2	ppu_public	90	14293816	73	2	1.0	mode2_irq_prepare	0	88	08	0B	02	00	1.0	1	0	2	0																						
2	ppu_public	90	14293824	73	0	0.0	stat_sample	2	8A	00	0B	02	00	0.0	1	0	2	0																						
2	ppu_public	90	14293822	73	8	4.0	mode2_enter	2	8A	00	0B	02	00	4.0	1	0	2	0																						
2	ppu_public	90	14293824	73	0	0.0	stat_sample	3	8A	00	0B	02	00	0.0	1	0	2	0																						
2	ppu_public	90	14293990	73	176	88.0	mode3_enter	3	8A	00	0B	02	00	88.0	1	0	2	0																						
2	ppu_public	90	14293984	73	84	42.0	stat_sample	3	8B	00	0B	02	00	42.0	1	0	2	0																						
2	ppu_public	90	14294334	73	520	260.0	mode0_enter	0	8B	08	0B	02	00	260.0	1	0	2	0																						
2	ppu_public	90	14294328	73	257	128.5	stat_sample	0	88	08	0B	02	00	128.5	1	1	2	0																						
2	ppu_public	90	14294328	73	257	128.5	stat_irq_edge	0	88	08	0B	02	00	128.5	1	1	2	0																						
2	ppu_public	90	14294728	74	0	0.0	stat_sample	2	88	00	0B	02	00	0.0	1	0	2	0																						
2	ppu_public	90	14294728	74	2	1.0	mode2_irq_prepare	0	88	08	0B	02	00	1.0	1	0	2	0																						
2	ppu_public	90	14294736	74	0	0.0	stat_sample	2	8A	00	0B	02	00	0.0	1	0	2	0																						
2	ppu_public	90	14294734	74	8	4.0	mode2_enter	2	8A	00	0B	02	00	4.0	1	0	2	0																						
2	ppu_public	90	14294736	74	0	0.0	stat_sample	3	8A	00	0B	02	00	0.0	1	0	2	0																						
2	ppu_public	90	14294902	74	176	88.0	mode3_enter	3	8A	00	0B	02	00	88.0	1	0	2	0																						
2	ppu_public	90	14294896	74	84	42.0	stat_sample	3	8B	00	0B	02	00	42.0	1	0	2	0																						
2	ppu_public	90	14295246	74	520	260.0	mode0_enter	0	8B	08	0B	02	00	260.0	1	0	2	0																						
2	ppu_public	90	14295240	74	257	128.5	stat_sample	0	88	08	0B	02	00	128.5	1	1	2	0																						
2	ppu_public	90	14295240	74	257	128.5	stat_irq_edge	0	88	08	0B	02	00	128.5	1	1	2	0																						
2	ppu_public	90	14295640	75	0	0.0	stat_sample	2	88	00	0B	02	00	0.0	1	0	2	0																						
2	ppu_public	90	14295640	75	2	1.0	mode2_irq_prepare	0	88	08	0B	02	00	1.0	1	0	2	0																						
2	ppu_public	90	14295648	75	0	0.0	stat_sample	2	8A	00	0B	02	00	0.0	1	0	2	0																						
2	ppu_public	90	14295646	75	8	4.0	mode2_enter	2	8A	00	0B	02	00	4.0	1	0	2	0																						
2	ppu_public	90	14295648	75	0	0.0	stat_sample	3	8A	00	0B	02	00	0.0	1	0	2	0																						
2	ppu_public	90	14295814	75	176	88.0	mode3_enter	3	8A	00	0B	02	00	88.0	1	0	2	0																						
2	ppu_public	90	14295808	75	84	42.0	stat_sample	3	8B	00	0B	02	00	42.0	1	0	2	0																						
2	ppu_public	90	14296158	75	520	260.0	mode0_enter	0	8B	08	0B	02	00	260.0	1	0	2	0																						
2	ppu_public	90	14296152	75	257	128.5	stat_sample	0	88	08	0B	02	00	128.5	1	1	2	0																						
2	ppu_public	90	14296152	75	257	128.5	stat_irq_edge	0	88	08	0B	02	00	128.5	1	1	2	0																						
2	ppu_public	90	14296552	76	0	0.0	stat_sample	2	88	00	0B	02	00	0.0	1	0	2	0																						
2	ppu_public	90	14296552	76	2	1.0	mode2_irq_prepare	0	88	08	0B	02	00	1.0	1	0	2	0																						
2	ppu_public	90	14296560	76	0	0.0	stat_sample	2	8A	00	0B	02	00	0.0	1	0	2	0																						
2	ppu_public	90	14296558	76	8	4.0	mode2_enter	2	8A	00	0B	02	00	4.0	1	0	2	0																						
2	ppu_public	90	14296560	76	0	0.0	stat_sample	3	8A	00	0B	02	00	0.0	1	0	2	0																						
2	ppu_public	90	14296726	76	176	88.0	mode3_enter	3	8A	00	0B	02	00	88.0	1	0	2	0																						
2	ppu_public	90	14296720	76	84	42.0	stat_sample	3	8B	00	0B	02	00	42.0	1	0	2	0																						
2	ppu_public	90	14297070	76	520	260.0	mode0_enter	0	8B	08	0B	02	00	260.0	1	0	2	0																						
2	ppu_public	90	14297064	76	257	128.5	stat_sample	0	88	08	0B	02	00	128.5	1	1	2	0																						
2	ppu_public	90	14297064	76	257	128.5	stat_irq_edge	0	88	08	0B	02	00	128.5	1	1	2	0																						
2	ppu_public	90	14297464	77	0	0.0	stat_sample	2	88	00	0B	02	00	0.0	1	0	2	0																						
2	ppu_public	90	14297464	77	2	1.0	mode2_irq_prepare	0	88	08	0B	02	00	1.0	1	0	2	0																						
2	ppu_public	90	14297472	77	0	0.0	stat_sample	2	8A	00	0B	02	00	0.0	1	0	2	0																						
2	ppu_public	90	14297470	77	8	4.0	mode2_enter	2	8A	00	0B	02	00	4.0	1	0	2	0																						
2	ppu_public	90	14297472	77	0	0.0	stat_sample	3	8A	00	0B	02	00	0.0	1	0	2	0																						
2	ppu_public	90	14297638	77	176	88.0	mode3_enter	3	8A	00	0B	02	00	88.0	1	0	2	0																						
2	ppu_public	90	14297632	77	84	42.0	stat_sample	3	8B	00	0B	02	00	42.0	1	0	2	0																						
2	ppu_public	90	14297982	77	520	260.0	mode0_enter	0	8B	08	0B	02	00	260.0	1	0	2	0																						
2	ppu_public	90	14297976	77	257	128.5	stat_sample	0	88	08	0B	02	00	128.5	1	1	2	0																						
2	ppu_public	90	14297976	77	257	128.5	stat_irq_edge	0	88	08	0B	02	00	128.5	1	1	2	0																						
2	ppu_public	90	14298376	78	0	0.0	stat_sample	2	88	00	0B	02	00	0.0	1	0	2	0																						
2	ppu_public	90	14298376	78	2	1.0	mode2_irq_prepare	0	88	08	0B	02	00	1.0	1	0	2	0																						
2	ppu_public	90	14298384	78	0	0.0	stat_sample	2	8A	00	0B	02	00	0.0	1	0	2	0																						
2	ppu_public	90	14298382	78	8	4.0	mode2_enter	2	8A	00	0B	02	00	4.0	1	0	2	0																						
2	ppu_public	90	14298384	78	0	0.0	stat_sample	3	8A	00	0B	02	00	0.0	1	0	2	0																						
2	ppu_public	90	14298550	78	176	88.0	mode3_enter	3	8A	00	0B	02	00	88.0	1	0	2	0																						
2	ppu_public	90	14298544	78	84	42.0	stat_sample	3	8B	00	0B	02	00	42.0	1	0	2	0																						
2	ppu_public	90	14298894	78	520	260.0	mode0_enter	0	8B	08	0B	02	00	260.0	1	0	2	0																						
2	ppu_public	90	14298888	78	257	128.5	stat_sample	0	88	08	0B	02	00	128.5	1	1	2	0																						
2	ppu_public	90	14298888	78	257	128.5	stat_irq_edge	0	88	08	0B	02	00	128.5	1	1	2	0																						
2	ppu_public	90	14299288	79	0	0.0	stat_sample	2	88	00	0B	02	00	0.0	1	0	2	0																						
2	ppu_public	90	14299288	79	2	1.0	mode2_irq_prepare	0	88	08	0B	02	00	1.0	1	0	2	0																						
2	ppu_public	90	14299296	79	0	0.0	stat_sample	2	8A	00	0B	02	00	0.0	1	0	2	0																						
2	ppu_public	90	14299294	79	8	4.0	mode2_enter	2	8A	00	0B	02	00	4.0	1	0	2	0																						
2	ppu_public	90	14299296	79	0	0.0	stat_sample	3	8A	00	0B	02	00	0.0	1	0	2	0																						
2	ppu_public	90	14299462	79	176	88.0	mode3_enter	3	8A	00	0B	02	00	88.0	1	0	2	0																						
2	ppu_public	90	14299456	79	84	42.0	stat_sample	3	8B	00	0B	02	00	42.0	1	0	2	0																						
2	ppu_public	90	14299806	79	520	260.0	mode0_enter	0	8B	08	0B	02	00	260.0	1	0	2	0																						
2	ppu_public	90	14299800	79	257	128.5	stat_sample	0	88	08	0B	02	00	128.5	1	1	2	0																						
2	ppu_public	90	14299800	79	257	128.5	stat_irq_edge	0	88	08	0B	02	00	128.5	1	1	2	0																						
2	ppu_public	90	14300200	80	0	0.0	stat_sample	2	88	00	0B	02	00	0.0	1	0	2	0																						
2	ppu_public	90	14300200	80	2	1.0	mode2_irq_prepare	0	88	08	0B	02	00	1.0	1	0	2	0																						
2	ppu_public	90	14300208	80	0	0.0	stat_sample	2	8A	00	0B	02	00	0.0	1	0	2	0																						
2	ppu_public	90	14300206	80	8	4.0	mode2_enter	2	8A	00	0B	02	00	4.0	1	0	2	0																						
2	ppu_public	90	14300208	80	0	0.0	stat_sample	3	8A	00	0B	02	00	0.0	1	0	2	0																						
2	ppu_public	90	14300374	80	176	88.0	mode3_enter	3	8A	00	0B	02	00	88.0	1	0	2	0																						
2	ppu_public	90	14300368	80	84	42.0	stat_sample	3	8B	00	0B	02	00	42.0	1	0	2	0																						
2	ppu_public	90	14300718	80	520	260.0	mode0_enter	0	8B	08	0B	02	00	260.0	1	0	2	0																						
2	ppu_public	90	14300712	80	257	128.5	stat_sample	0	88	08	0B	02	00	128.5	1	1	2	0																						
2	ppu_public	90	14300712	80	257	128.5	stat_irq_edge	0	88	08	0B	02	00	128.5	1	1	2	0																						
2	ppu_public	90	14301112	81	0	0.0	stat_sample	2	88	00	0B	02	00	0.0	1	0	2	0																						
2	ppu_public	90	14301112	81	2	1.0	mode2_irq_prepare	0	88	08	0B	02	00	1.0	1	0	2	0																						
2	ppu_public	90	14301120	81	0	0.0	stat_sample	2	8A	00	0B	02	00	0.0	1	0	2	0																						
2	ppu_public	90	14301118	81	8	4.0	mode2_enter	2	8A	00	0B	02	00	4.0	1	0	2	0																						
2	ppu_public	90	14301120	81	0	0.0	stat_sample	3	8A	00	0B	02	00	0.0	1	0	2	0																						
2	ppu_public	90	14301286	81	176	88.0	mode3_enter	3	8A	00	0B	02	00	88.0	1	0	2	0																						
2	ppu_public	90	14301280	81	84	42.0	stat_sample	3	8B	00	0B	02	00	42.0	1	0	2	0																						
2	ppu_public	90	14301630	81	520	260.0	mode0_enter	0	8B	08	0B	02	00	260.0	1	0	2	0																						
2	ppu_public	90	14301624	81	257	128.5	stat_sample	0	88	08	0B	02	00	128.5	1	1	2	0																						
2	ppu_public	90	14301624	81	257	128.5	stat_irq_edge	0	88	08	0B	02	00	128.5	1	1	2	0																						
2	ppu_public	90	14302024	82	0	0.0	stat_sample	2	88	00	0B	02	00	0.0	1	0	2	0																						
2	ppu_public	90	14302024	82	2	1.0	mode2_irq_prepare	0	88	08	0B	02	00	1.0	1	0	2	0																						
2	ppu_public	90	14302032	82	0	0.0	stat_sample	2	8A	00	0B	02	00	0.0	1	0	2	0																						
2	ppu_public	90	14302030	82	8	4.0	mode2_enter	2	8A	00	0B	02	00	4.0	1	0	2	0																						
2	ppu_public	90	14302032	82	0	0.0	stat_sample	3	8A	00	0B	02	00	0.0	1	0	2	0																						
2	ppu_public	90	14302198	82	176	88.0	mode3_enter	3	8A	00	0B	02	00	88.0	1	0	2	0																						
2	ppu_public	90	14302192	82	84	42.0	stat_sample	3	8B	00	0B	02	00	42.0	1	0	2	0																						
2	ppu_public	90	14302542	82	520	260.0	mode0_enter	0	8B	08	0B	02	00	260.0	1	0	2	0																						
2	ppu_public	90	14302536	82	257	128.5	stat_sample	0	88	08	0B	02	00	128.5	1	1	2	0																						
2	ppu_public	90	14302536	82	257	128.5	stat_irq_edge	0	88	08	0B	02	00	128.5	1	1	2	0																						
2	ppu_public	90	14302936	83	0	0.0	stat_sample	2	88	00	0B	02	00	0.0	1	0	2	0																						
2	ppu_public	90	14302936	83	2	1.0	mode2_irq_prepare	0	88	08	0B	02	00	1.0	1	0	2	0																						
2	ppu_public	90	14302944	83	0	0.0	stat_sample	2	8A	00	0B	02	00	0.0	1	0	2	0																						
2	ppu_public	90	14302942	83	8	4.0	mode2_enter	2	8A	00	0B	02	00	4.0	1	0	2	0																						
2	ppu_public	90	14302944	83	0	0.0	stat_sample	3	8A	00	0B	02	00	0.0	1	0	2	0																						
2	ppu_public	90	14303110	83	176	88.0	mode3_enter	3	8A	00	0B	02	00	88.0	1	0	2	0																						
2	ppu_public	90	14303104	83	84	42.0	stat_sample	3	8B	00	0B	02	00	42.0	1	0	2	0																						
2	ppu_public	90	14303454	83	520	260.0	mode0_enter	0	8B	08	0B	02	00	260.0	1	0	2	0																						
2	ppu_public	90	14303448	83	257	128.5	stat_sample	0	88	08	0B	02	00	128.5	1	1	2	0																						
2	ppu_public	90	14303448	83	257	128.5	stat_irq_edge	0	88	08	0B	02	00	128.5	1	1	2	0																						
2	ppu_public	90	14303848	84	0	0.0	stat_sample	2	88	00	0B	02	00	0.0	1	0	2	0																						
2	ppu_public	90	14303848	84	2	1.0	mode2_irq_prepare	0	88	08	0B	02	00	1.0	1	0	2	0																						
2	ppu_public	90	14303856	84	0	0.0	stat_sample	2	8A	00	0B	02	00	0.0	1	0	2	0																						
2	ppu_public	90	14303854	84	8	4.0	mode2_enter	2	8A	00	0B	02	00	4.0	1	0	2	0																						
2	ppu_public	90	14303856	84	0	0.0	stat_sample	3	8A	00	0B	02	00	0.0	1	0	2	0																						
2	ppu_public	90	14304022	84	176	88.0	mode3_enter	3	8A	00	0B	02	00	88.0	1	0	2	0																						
2	ppu_public	90	14304016	84	84	42.0	stat_sample	3	8B	00	0B	02	00	42.0	1	0	2	0																						
2	ppu_public	90	14304366	84	520	260.0	mode0_enter	0	8B	08	0B	02	00	260.0	1	0	2	0																						
2	ppu_public	90	14304360	84	257	128.5	stat_sample	0	88	08	0B	02	00	128.5	1	1	2	0																						
2	ppu_public	90	14304360	84	257	128.5	stat_irq_edge	0	88	08	0B	02	00	128.5	1	1	2	0																						
2	ppu_public	90	14304760	85	0	0.0	stat_sample	2	88	00	0B	02	00	0.0	1	0	2	0																						
2	ppu_public	90	14304760	85	2	1.0	mode2_irq_prepare	0	88	08	0B	02	00	1.0	1	0	2	0																						
2	ppu_public	90	14304768	85	0	0.0	stat_sample	2	8A	00	0B	02	00	0.0	1	0	2	0																						
2	ppu_public	90	14304766	85	8	4.0	mode2_enter	2	8A	00	0B	02	00	4.0	1	0	2	0																						
2	ppu_public	90	14304768	85	0	0.0	stat_sample	3	8A	00	0B	02	00	0.0	1	0	2	0																						
2	ppu_public	90	14304934	85	176	88.0	mode3_enter	3	8A	00	0B	02	00	88.0	1	0	2	0																						
2	ppu_public	90	14304928	85	84	42.0	stat_sample	3	8B	00	0B	02	00	42.0	1	0	2	0																						
2	ppu_public	90	14305278	85	520	260.0	mode0_enter	0	8B	08	0B	02	00	260.0	1	0	2	0																						
2	ppu_public	90	14305272	85	257	128.5	stat_sample	0	88	08	0B	02	00	128.5	1	1	2	0																						
2	ppu_public	90	14305272	85	257	128.5	stat_irq_edge	0	88	08	0B	02	00	128.5	1	1	2	0																						
2	ppu_public	90	14305672	86	0	0.0	stat_sample	2	88	00	0B	02	00	0.0	1	0	2	0																						
2	ppu_public	90	14305672	86	2	1.0	mode2_irq_prepare	0	88	08	0B	02	00	1.0	1	0	2	0																						
2	ppu_public	90	14305680	86	0	0.0	stat_sample	2	8A	00	0B	02	00	0.0	1	0	2	0																						
2	ppu_public	90	14305678	86	8	4.0	mode2_enter	2	8A	00	0B	02	00	4.0	1	0	2	0																						
2	ppu_public	90	14305680	86	0	0.0	stat_sample	3	8A	00	0B	02	00	0.0	1	0	2	0																						
2	ppu_public	90	14305846	86	176	88.0	mode3_enter	3	8A	00	0B	02	00	88.0	1	0	2	0																						
2	ppu_public	90	14305840	86	84	42.0	stat_sample	3	8B	00	0B	02	00	42.0	1	0	2	0																						
2	ppu_public	90	14306190	86	520	260.0	mode0_enter	0	8B	08	0B	02	00	260.0	1	0	2	0																						
2	ppu_public	90	14306184	86	257	128.5	stat_sample	0	88	08	0B	02	00	128.5	1	1	2	0																						
2	ppu_public	90	14306184	86	257	128.5	stat_irq_edge	0	88	08	0B	02	00	128.5	1	1	2	0																						
2	ppu_public	90	14306584	87	0	0.0	stat_sample	2	88	00	0B	02	00	0.0	1	0	2	0																						
2	ppu_public	90	14306584	87	2	1.0	mode2_irq_prepare	0	88	08	0B	02	00	1.0	1	0	2	0																						
2	ppu_public	90	14306592	87	0	0.0	stat_sample	2	8A	00	0B	02	00	0.0	1	0	2	0																						
2	ppu_public	90	14306590	87	8	4.0	mode2_enter	2	8A	00	0B	02	00	4.0	1	0	2	0																						
2	ppu_public	90	14306592	87	0	0.0	stat_sample	3	8A	00	0B	02	00	0.0	1	0	2	0																						
2	ppu_public	90	14306758	87	176	88.0	mode3_enter	3	8A	00	0B	02	00	88.0	1	0	2	0																						
2	ppu_public	90	14306752	87	84	42.0	stat_sample	3	8B	00	0B	02	00	42.0	1	0	2	0																						
2	ppu_public	90	14307102	87	520	260.0	mode0_enter	0	8B	08	0B	02	00	260.0	1	0	2	0																						
2	ppu_public	90	14307096	87	257	128.5	stat_sample	0	88	08	0B	02	00	128.5	1	1	2	0																						
2	ppu_public	90	14307096	87	257	128.5	stat_irq_edge	0	88	08	0B	02	00	128.5	1	1	2	0																						
2	ppu_public	90	14307496	88	0	0.0	stat_sample	2	88	00	0B	02	00	0.0	1	0	2	0																						
2	ppu_public	90	14307496	88	2	1.0	mode2_irq_prepare	0	88	08	0B	02	00	1.0	1	0	2	0																						
2	ppu_public	90	14307504	88	0	0.0	stat_sample	2	8A	00	0B	02	00	0.0	1	0	2	0																						
2	ppu_public	90	14307502	88	8	4.0	mode2_enter	2	8A	00	0B	02	00	4.0	1	0	2	0																						
2	ppu_public	90	14307504	88	0	0.0	stat_sample	3	8A	00	0B	02	00	0.0	1	0	2	0																						
2	ppu_public	90	14307670	88	176	88.0	mode3_enter	3	8A	00	0B	02	00	88.0	1	0	2	0																						
2	ppu_public	90	14307664	88	84	42.0	stat_sample	3	8B	00	0B	02	00	42.0	1	0	2	0																						
2	ppu_public	90	14308014	88	520	260.0	mode0_enter	0	8B	08	0B	02	00	260.0	1	0	2	0																						
2	ppu_public	90	14308008	88	257	128.5	stat_sample	0	88	08	0B	02	00	128.5	1	1	2	0																						
2	ppu_public	90	14308008	88	257	128.5	stat_irq_edge	0	88	08	0B	02	00	128.5	1	1	2	0																						
2	ppu_public	90	14308408	89	0	0.0	stat_sample	2	88	00	0B	02	00	0.0	1	0	2	0																						
2	ppu_public	90	14308408	89	2	1.0	mode2_irq_prepare	0	88	08	0B	02	00	1.0	1	0	2	0																						
2	ppu_public	90	14308416	89	0	0.0	stat_sample	2	8A	00	0B	02	00	0.0	1	0	2	0																						
2	ppu_public	90	14308414	89	8	4.0	mode2_enter	2	8A	00	0B	02	00	4.0	1	0	2	0																						
2	ppu_public	90	14308416	89	0	0.0	stat_sample	3	8A	00	0B	02	00	0.0	1	0	2	0																						
2	ppu_public	90	14308582	89	176	88.0	mode3_enter	3	8A	00	0B	02	00	88.0	1	0	2	0																						
2	ppu_public	90	14308576	89	84	42.0	stat_sample	3	8B	00	0B	02	00	42.0	1	0	2	0																						
2	ppu_public	90	14308926	89	520	260.0	mode0_enter	0	8B	08	0B	02	00	260.0	1	0	2	0																						
2	ppu_public	90	14308920	89	257	128.5	stat_sample	0	88	08	0B	02	00	128.5	1	1	2	0																						
2	ppu_public	90	14308920	89	257	128.5	stat_irq_edge	0	88	08	0B	02	00	128.5	1	1	2	0																						
2	ppu_public	90	14309320	90	0	0.0	stat_sample	2	88	00	0B	02	00	0.0	1	0	2	0																						
2	ppu_public	90	14309320	90	2	1.0	mode2_irq_prepare	0	88	08	0B	02	00	1.0	1	0	2	0																						
2	ppu_public	90	14309328	90	0	0.0	stat_sample	2	8A	00	0B	02	00	0.0	1	0	2	0																						
2	ppu_public	90	14309326	90	8	4.0	mode2_enter	2	8A	00	0B	02	00	4.0	1	0	2	0																						
2	ppu_public	90	14309328	90	0	0.0	stat_sample	3	8A	00	0B	02	00	0.0	1	0	2	0																						
2	ppu_public	90	14309494	90	176	88.0	mode3_enter	3	8A	00	0B	02	00	88.0	1	0	2	0																						
2	ppu_public	90	14309488	90	84	42.0	stat_sample	3	8B	00	0B	02	00	42.0	1	0	2	0																						
2	ppu_public	90	14309838	90	520	260.0	mode0_enter	0	8B	08	0B	02	00	260.0	1	0	2	0																						
2	ppu_public	90	14309832	90	257	128.5	stat_sample	0	88	08	0B	02	00	128.5	1	1	2	0																						
2	ppu_public	90	14309832	90	257	128.5	stat_irq_edge	0	88	08	0B	02	00	128.5	1	1	2	0																						
2	ppu_public	90	14310232	91	0	0.0	stat_sample	2	88	00	0B	02	00	0.0	1	0	2	0																						
2	ppu_public	90	14310232	91	2	1.0	mode2_irq_prepare	0	88	08	0B	02	00	1.0	1	0	2	0																						
2	ppu_public	90	14310240	91	0	0.0	stat_sample	2	8A	00	0B	02	00	0.0	1	0	2	0																						
2	ppu_public	90	14310238	91	8	4.0	mode2_enter	2	8A	00	0B	02	00	4.0	1	0	2	0																						
2	ppu_public	90	14310240	91	0	0.0	stat_sample	3	8A	00	0B	02	00	0.0	1	0	2	0																						
2	ppu_public	90	14310406	91	176	88.0	mode3_enter	3	8A	00	0B	02	00	88.0	1	0	2	0																						
2	ppu_public	90	14310400	91	84	42.0	stat_sample	3	8B	00	0B	02	00	42.0	1	0	2	0																						
2	ppu_public	90	14310750	91	520	260.0	mode0_enter	0	8B	08	0B	02	00	260.0	1	0	2	0																						
2	ppu_public	90	14310744	91	257	128.5	stat_sample	0	88	08	0B	02	00	128.5	1	1	2	0																						
2	ppu_public	90	14310744	91	257	128.5	stat_irq_edge	0	88	08	0B	02	00	128.5	1	1	2	0																						
2	ppu_public	90	14311144	92	0	0.0	stat_sample	2	88	00	0B	02	00	0.0	1	0	2	0																						
2	ppu_public	90	14311144	92	2	1.0	mode2_irq_prepare	0	88	08	0B	02	00	1.0	1	0	2	0																						
2	ppu_public	90	14311152	92	0	0.0	stat_sample	2	8A	00	0B	02	00	0.0	1	0	2	0																						
2	ppu_public	90	14311150	92	8	4.0	mode2_enter	2	8A	00	0B	02	00	4.0	1	0	2	0																						
2	ppu_public	90	14311152	92	0	0.0	stat_sample	3	8A	00	0B	02	00	0.0	1	0	2	0																						
2	ppu_public	90	14311318	92	176	88.0	mode3_enter	3	8A	00	0B	02	00	88.0	1	0	2	0																						
2	ppu_public	90	14311312	92	84	42.0	stat_sample	3	8B	00	0B	02	00	42.0	1	0	2	0																						
2	ppu_public	90	14311662	92	520	260.0	mode0_enter	0	8B	08	0B	02	00	260.0	1	0	2	0																						
2	ppu_public	90	14311656	92	257	128.5	stat_sample	0	88	08	0B	02	00	128.5	1	1	2	0																						
2	ppu_public	90	14311656	92	257	128.5	stat_irq_edge	0	88	08	0B	02	00	128.5	1	1	2	0																						
2	ppu_public	90	14312056	93	0	0.0	stat_sample	2	88	00	0B	02	00	0.0	1	0	2	0																						
2	ppu_public	90	14312056	93	2	1.0	mode2_irq_prepare	0	88	08	0B	02	00	1.0	1	0	2	0																						
2	ppu_public	90	14312064	93	0	0.0	stat_sample	2	8A	00	0B	02	00	0.0	1	0	2	0																						
2	ppu_public	90	14312062	93	8	4.0	mode2_enter	2	8A	00	0B	02	00	4.0	1	0	2	0																						
2	ppu_public	90	14312064	93	0	0.0	stat_sample	3	8A	00	0B	02	00	0.0	1	0	2	0																						
2	ppu_public	90	14312230	93	176	88.0	mode3_enter	3	8A	00	0B	02	00	88.0	1	0	2	0																						
2	ppu_public	90	14312224	93	84	42.0	stat_sample	3	8B	00	0B	02	00	42.0	1	0	2	0																						
2	ppu_public	90	14312574	93	520	260.0	mode0_enter	0	8B	08	0B	02	00	260.0	1	0	2	0																						
2	ppu_public	90	14312568	93	257	128.5	stat_sample	0	88	08	0B	02	00	128.5	1	1	2	0																						
2	ppu_public	90	14312568	93	257	128.5	stat_irq_edge	0	88	08	0B	02	00	128.5	1	1	2	0																						
2	ppu_public	90	14312968	94	0	0.0	stat_sample	2	88	00	0B	02	00	0.0	1	0	2	0																						
2	ppu_public	90	14312968	94	2	1.0	mode2_irq_prepare	0	88	08	0B	02	00	1.0	1	0	2	0																						
2	ppu_public	90	14312976	94	0	0.0	stat_sample	2	8A	00	0B	02	00	0.0	1	0	2	0																						
2	ppu_public	90	14312974	94	8	4.0	mode2_enter	2	8A	00	0B	02	00	4.0	1	0	2	0																						
2	ppu_public	90	14312976	94	0	0.0	stat_sample	3	8A	00	0B	02	00	0.0	1	0	2	0																						
2	ppu_public	90	14313142	94	176	88.0	mode3_enter	3	8A	00	0B	02	00	88.0	1	0	2	0																						
2	ppu_public	90	14313136	94	84	42.0	stat_sample	3	8B	00	0B	02	00	42.0	1	0	2	0																						
2	ppu_public	90	14313486	94	520	260.0	mode0_enter	0	8B	08	0B	02	00	260.0	1	0	2	0																						
2	ppu_public	90	14313480	94	257	128.5	stat_sample	0	88	08	0B	02	00	128.5	1	1	2	0																						
2	ppu_public	90	14313480	94	257	128.5	stat_irq_edge	0	88	08	0B	02	00	128.5	1	1	2	0																						
2	ppu_public	90	14313880	95	0	0.0	stat_sample	2	88	00	0B	02	00	0.0	1	0	2	0																						
2	ppu_public	90	14313880	95	2	1.0	mode2_irq_prepare	0	88	08	0B	02	00	1.0	1	0	2	0																						
2	ppu_public	90	14313888	95	0	0.0	stat_sample	2	8A	00	0B	02	00	0.0	1	0	2	0																						
2	ppu_public	90	14313886	95	8	4.0	mode2_enter	2	8A	00	0B	02	00	4.0	1	0	2	0																						
2	ppu_public	90	14313888	95	0	0.0	stat_sample	3	8A	00	0B	02	00	0.0	1	0	2	0																						
2	ppu_public	90	14314054	95	176	88.0	mode3_enter	3	8A	00	0B	02	00	88.0	1	0	2	0																						
2	ppu_public	90	14314048	95	84	42.0	stat_sample	3	8B	00	0B	02	00	42.0	1	0	2	0																						
2	ppu_public	90	14314398	95	520	260.0	mode0_enter	0	8B	08	0B	02	00	260.0	1	0	2	0																						
2	ppu_public	90	14314392	95	257	128.5	stat_sample	0	88	08	0B	02	00	128.5	1	1	2	0																						
2	ppu_public	90	14314392	95	257	128.5	stat_irq_edge	0	88	08	0B	02	00	128.5	1	1	2	0																						
2	ppu_public	90	14314792	96	0	0.0	stat_sample	2	88	00	0B	02	00	0.0	1	0	2	0																						
2	ppu_public	90	14314792	96	2	1.0	mode2_irq_prepare	0	88	08	0B	02	00	1.0	1	0	2	0																						
2	ppu_public	90	14314800	96	0	0.0	stat_sample	2	8A	00	0B	02	00	0.0	1	0	2	0																						
2	ppu_public	90	14314798	96	8	4.0	mode2_enter	2	8A	00	0B	02	00	4.0	1	0	2	0																						
2	ppu_public	90	14314800	96	0	0.0	stat_sample	3	8A	00	0B	02	00	0.0	1	0	2	0																						
2	ppu_public	90	14314966	96	176	88.0	mode3_enter	3	8A	00	0B	02	00	88.0	1	0	2	0																						
2	ppu_public	90	14314960	96	84	42.0	stat_sample	3	8B	00	0B	02	00	42.0	1	0	2	0																						
2	ppu_public	90	14315310	96	520	260.0	mode0_enter	0	8B	08	0B	02	00	260.0	1	0	2	0																						
2	ppu_public	90	14315304	96	257	128.5	stat_sample	0	88	08	0B	02	00	128.5	1	1	2	0																						
2	ppu_public	90	14315304	96	257	128.5	stat_irq_edge	0	88	08	0B	02	00	128.5	1	1	2	0																						
2	ppu_public	90	14315704	97	0	0.0	stat_sample	2	88	00	0B	02	00	0.0	1	0	2	0																						
2	ppu_public	90	14315704	97	2	1.0	mode2_irq_prepare	0	88	08	0B	02	00	1.0	1	0	2	0																						
2	ppu_public	90	14315712	97	0	0.0	stat_sample	2	8A	00	0B	02	00	0.0	1	0	2	0																						
2	ppu_public	90	14315710	97	8	4.0	mode2_enter	2	8A	00	0B	02	00	4.0	1	0	2	0																						
2	ppu_public	90	14315712	97	0	0.0	stat_sample	3	8A	00	0B	02	00	0.0	1	0	2	0																						
2	ppu_public	90	14315878	97	176	88.0	mode3_enter	3	8A	00	0B	02	00	88.0	1	0	2	0																						
2	ppu_public	90	14315872	97	84	42.0	stat_sample	3	8B	00	0B	02	00	42.0	1	0	2	0																						
2	ppu_public	90	14316222	97	520	260.0	mode0_enter	0	8B	08	0B	02	00	260.0	1	0	2	0																						
2	ppu_public	90	14316216	97	257	128.5	stat_sample	0	88	08	0B	02	00	128.5	1	1	2	0																						
2	ppu_public	90	14316216	97	257	128.5	stat_irq_edge	0	88	08	0B	02	00	128.5	1	1	2	0																						
2	ppu_public	90	14316616	98	0	0.0	stat_sample	2	88	00	0B	02	00	0.0	1	0	2	0																						
2	ppu_public	90	14316616	98	2	1.0	mode2_irq_prepare	0	88	08	0B	02	00	1.0	1	0	2	0																						
2	ppu_public	90	14316624	98	0	0.0	stat_sample	2	8A	00	0B	02	00	0.0	1	0	2	0																						
2	ppu_public	90	14316622	98	8	4.0	mode2_enter	2	8A	00	0B	02	00	4.0	1	0	2	0																						
2	ppu_public	90	14316624	98	0	0.0	stat_sample	3	8A	00	0B	02	00	0.0	1	0	2	0																						
2	ppu_public	90	14316790	98	176	88.0	mode3_enter	3	8A	00	0B	02	00	88.0	1	0	2	0																						
2	ppu_public	90	14316784	98	84	42.0	stat_sample	3	8B	00	0B	02	00	42.0	1	0	2	0																						
2	ppu_public	90	14317134	98	520	260.0	mode0_enter	0	8B	08	0B	02	00	260.0	1	0	2	0																						
2	ppu_public	90	14317128	98	257	128.5	stat_sample	0	88	08	0B	02	00	128.5	1	1	2	0																						
2	ppu_public	90	14317128	98	257	128.5	stat_irq_edge	0	88	08	0B	02	00	128.5	1	1	2	0																						
2	ppu_public	90	14317528	99	0	0.0	stat_sample	2	88	00	0B	02	00	0.0	1	0	2	0																						
2	ppu_public	90	14317528	99	2	1.0	mode2_irq_prepare	0	88	08	0B	02	00	1.0	1	0	2	0																						
2	ppu_public	90	14317536	99	0	0.0	stat_sample	2	8A	00	0B	02	00	0.0	1	0	2	0																						
2	ppu_public	90	14317534	99	8	4.0	mode2_enter	2	8A	00	0B	02	00	4.0	1	0	2	0																						
2	ppu_public	90	14317536	99	0	0.0	stat_sample	3	8A	00	0B	02	00	0.0	1	0	2	0																						
2	ppu_public	90	14317702	99	176	88.0	mode3_enter	3	8A	00	0B	02	00	88.0	1	0	2	0																						
2	ppu_public	90	14317696	99	84	42.0	stat_sample	3	8B	00	0B	02	00	42.0	1	0	2	0																						
2	ppu_public	90	14318046	99	520	260.0	mode0_enter	0	8B	08	0B	02	00	260.0	1	0	2	0																						
2	ppu_public	90	14318040	99	257	128.5	stat_sample	0	88	08	0B	02	00	128.5	1	1	2	0																						
2	ppu_public	90	14318040	99	257	128.5	stat_irq_edge	0	88	08	0B	02	00	128.5	1	1	2	0																						
2	ppu_public	90	14318440	100	0	0.0	stat_sample	2	88	00	0B	02	00	0.0	1	0	2	0																						
2	ppu_public	90	14318440	100	2	1.0	mode2_irq_prepare	0	88	08	0B	02	00	1.0	1	0	2	0																						
2	ppu_public	90	14318448	100	0	0.0	stat_sample	2	8A	00	0B	02	00	0.0	1	0	2	0																						
2	ppu_public	90	14318446	100	8	4.0	mode2_enter	2	8A	00	0B	02	00	4.0	1	0	2	0																						
2	ppu_public	90	14318448	100	0	0.0	stat_sample	3	8A	00	0B	02	00	0.0	1	0	2	0																						
2	ppu_public	90	14318614	100	176	88.0	mode3_enter	3	8A	00	0B	02	00	88.0	1	0	2	0																						
2	ppu_public	90	14318608	100	84	42.0	stat_sample	3	8B	00	0B	02	00	42.0	1	0	2	0																						
2	ppu_public	90	14318958	100	520	260.0	mode0_enter	0	8B	08	0B	02	00	260.0	1	0	2	0																						
2	ppu_public	90	14318952	100	257	128.5	stat_sample	0	88	08	0B	02	00	128.5	1	1	2	0																						
2	ppu_public	90	14318952	100	257	128.5	stat_irq_edge	0	88	08	0B	02	00	128.5	1	1	2	0																						
2	ppu_public	90	14319352	101	0	0.0	stat_sample	2	88	00	0B	02	00	0.0	1	0	2	0																						
2	ppu_public	90	14319352	101	2	1.0	mode2_irq_prepare	0	88	08	0B	02	00	1.0	1	0	2	0																						
2	ppu_public	90	14319360	101	0	0.0	stat_sample	2	8A	00	0B	02	00	0.0	1	0	2	0																						
2	ppu_public	90	14319358	101	8	4.0	mode2_enter	2	8A	00	0B	02	00	4.0	1	0	2	0																						
2	ppu_public	90	14319360	101	0	0.0	stat_sample	3	8A	00	0B	02	00	0.0	1	0	2	0																						
2	ppu_public	90	14319526	101	176	88.0	mode3_enter	3	8A	00	0B	02	00	88.0	1	0	2	0																						
2	ppu_public	90	14319520	101	84	42.0	stat_sample	3	8B	00	0B	02	00	42.0	1	0	2	0																						
2	ppu_public	90	14319870	101	520	260.0	mode0_enter	0	8B	08	0B	02	00	260.0	1	0	2	0																						
2	ppu_public	90	14319864	101	257	128.5	stat_sample	0	88	08	0B	02	00	128.5	1	1	2	0																						
2	ppu_public	90	14319864	101	257	128.5	stat_irq_edge	0	88	08	0B	02	00	128.5	1	1	2	0																						
2	ppu_public	90	14320264	102	0	0.0	stat_sample	2	88	00	0B	02	00	0.0	1	0	2	0																						
2	ppu_public	90	14320264	102	2	1.0	mode2_irq_prepare	0	88	08	0B	02	00	1.0	1	0	2	0																						
2	ppu_public	90	14320272	102	0	0.0	stat_sample	2	8A	00	0B	02	00	0.0	1	0	2	0																						
2	ppu_public	90	14320270	102	8	4.0	mode2_enter	2	8A	00	0B	02	00	4.0	1	0	2	0																						
2	ppu_public	90	14320272	102	0	0.0	stat_sample	3	8A	00	0B	02	00	0.0	1	0	2	0																						
2	ppu_public	90	14320438	102	176	88.0	mode3_enter	3	8A	00	0B	02	00	88.0	1	0	2	0																						
2	ppu_public	90	14320432	102	84	42.0	stat_sample	3	8B	00	0B	02	00	42.0	1	0	2	0																						
2	ppu_public	90	14320782	102	520	260.0	mode0_enter	0	8B	08	0B	02	00	260.0	1	0	2	0																						
2	ppu_public	90	14320776	102	257	128.5	stat_sample	0	88	08	0B	02	00	128.5	1	1	2	0																						
2	ppu_public	90	14320776	102	257	128.5	stat_irq_edge	0	88	08	0B	02	00	128.5	1	1	2	0																						
2	ppu_public	90	14321176	103	0	0.0	stat_sample	2	88	00	0B	02	00	0.0	1	0	2	0																						
2	ppu_public	90	14321176	103	2	1.0	mode2_irq_prepare	0	88	08	0B	02	00	1.0	1	0	2	0																						
2	ppu_public	90	14321184	103	0	0.0	stat_sample	2	8A	00	0B	02	00	0.0	1	0	2	0																						
2	ppu_public	90	14321182	103	8	4.0	mode2_enter	2	8A	00	0B	02	00	4.0	1	0	2	0																						
2	ppu_public	90	14321184	103	0	0.0	stat_sample	3	8A	00	0B	02	00	0.0	1	0	2	0																						
2	ppu_public	90	14321350	103	176	88.0	mode3_enter	3	8A	00	0B	02	00	88.0	1	0	2	0																						
2	ppu_public	90	14321344	103	84	42.0	stat_sample	3	8B	00	0B	02	00	42.0	1	0	2	0																						
2	ppu_public	90	14321694	103	520	260.0	mode0_enter	0	8B	08	0B	02	00	260.0	1	0	2	0																						
2	ppu_public	90	14321688	103	257	128.5	stat_sample	0	88	08	0B	02	00	128.5	1	1	2	0																						
2	ppu_public	90	14321688	103	257	128.5	stat_irq_edge	0	88	08	0B	02	00	128.5	1	1	2	0																						
2	ppu_public	90	14322088	104	0	0.0	stat_sample	2	88	00	0B	02	00	0.0	1	0	2	0																						
2	ppu_public	90	14322088	104	2	1.0	mode2_irq_prepare	0	88	08	0B	02	00	1.0	1	0	2	0																						
2	ppu_public	90	14322096	104	0	0.0	stat_sample	2	8A	00	0B	02	00	0.0	1	0	2	0																						
2	ppu_public	90	14322094	104	8	4.0	mode2_enter	2	8A	00	0B	02	00	4.0	1	0	2	0																						
2	ppu_public	90	14322096	104	0	0.0	stat_sample	3	8A	00	0B	02	00	0.0	1	0	2	0																						
2	ppu_public	90	14322262	104	176	88.0	mode3_enter	3	8A	00	0B	02	00	88.0	1	0	2	0																						
2	ppu_public	90	14322256	104	84	42.0	stat_sample	3	8B	00	0B	02	00	42.0	1	0	2	0																						
2	ppu_public	90	14322606	104	520	260.0	mode0_enter	0	8B	08	0B	02	00	260.0	1	0	2	0																						
2	ppu_public	90	14322600	104	257	128.5	stat_sample	0	88	08	0B	02	00	128.5	1	1	2	0																						
2	ppu_public	90	14322600	104	257	128.5	stat_irq_edge	0	88	08	0B	02	00	128.5	1	1	2	0																						
2	ppu_public	90	14323000	105	0	0.0	stat_sample	2	88	00	0B	02	00	0.0	1	0	2	0																						
2	ppu_public	90	14323000	105	2	1.0	mode2_irq_prepare	0	88	08	0B	02	00	1.0	1	0	2	0																						
2	ppu_public	90	14323008	105	0	0.0	stat_sample	2	8A	00	0B	02	00	0.0	1	0	2	0																						
2	ppu_public	90	14323006	105	8	4.0	mode2_enter	2	8A	00	0B	02	00	4.0	1	0	2	0																						
2	ppu_public	90	14323008	105	0	0.0	stat_sample	3	8A	00	0B	02	00	0.0	1	0	2	0																						
2	ppu_public	90	14323174	105	176	88.0	mode3_enter	3	8A	00	0B	02	00	88.0	1	0	2	0																						
2	ppu_public	90	14323168	105	84	42.0	stat_sample	3	8B	00	0B	02	00	42.0	1	0	2	0																						
2	ppu_public	90	14323518	105	520	260.0	mode0_enter	0	8B	08	0B	02	00	260.0	1	0	2	0																						
2	ppu_public	90	14323512	105	257	128.5	stat_sample	0	88	08	0B	02	00	128.5	1	1	2	0																						
2	ppu_public	90	14323512	105	257	128.5	stat_irq_edge	0	88	08	0B	02	00	128.5	1	1	2	0																						
2	ppu_public	90	14323912	106	0	0.0	stat_sample	2	88	00	0B	02	00	0.0	1	0	2	0																						
2	ppu_public	90	14323912	106	2	1.0	mode2_irq_prepare	0	88	08	0B	02	00	1.0	1	0	2	0																						
2	ppu_public	90	14323920	106	0	0.0	stat_sample	2	8A	00	0B	02	00	0.0	1	0	2	0																						
2	ppu_public	90	14323918	106	8	4.0	mode2_enter	2	8A	00	0B	02	00	4.0	1	0	2	0																						
2	ppu_public	90	14323920	106	0	0.0	stat_sample	3	8A	00	0B	02	00	0.0	1	0	2	0																						
2	ppu_public	90	14324086	106	176	88.0	mode3_enter	3	8A	00	0B	02	00	88.0	1	0	2	0																						
2	ppu_public	90	14324080	106	84	42.0	stat_sample	3	8B	00	0B	02	00	42.0	1	0	2	0																						
2	ppu_public	90	14324430	106	520	260.0	mode0_enter	0	8B	08	0B	02	00	260.0	1	0	2	0																						
2	ppu_public	90	14324424	106	257	128.5	stat_sample	0	88	08	0B	02	00	128.5	1	1	2	0																						
2	ppu_public	90	14324424	106	257	128.5	stat_irq_edge	0	88	08	0B	02	00	128.5	1	1	2	0																						
2	ppu_public	90	14324824	107	0	0.0	stat_sample	2	88	00	0B	02	00	0.0	1	0	2	0																						
2	ppu_public	90	14324824	107	2	1.0	mode2_irq_prepare	0	88	08	0B	02	00	1.0	1	0	2	0																						
2	ppu_public	90	14324832	107	0	0.0	stat_sample	2	8A	00	0B	02	00	0.0	1	0	2	0																						
2	ppu_public	90	14324830	107	8	4.0	mode2_enter	2	8A	00	0B	02	00	4.0	1	0	2	0																						
2	ppu_public	90	14324832	107	0	0.0	stat_sample	3	8A	00	0B	02	00	0.0	1	0	2	0																						
2	ppu_public	90	14324998	107	176	88.0	mode3_enter	3	8A	00	0B	02	00	88.0	1	0	2	0																						
2	ppu_public	90	14324992	107	84	42.0	stat_sample	3	8B	00	0B	02	00	42.0	1	0	2	0																						
2	ppu_public	90	14325342	107	520	260.0	mode0_enter	0	8B	08	0B	02	00	260.0	1	0	2	0																						
2	ppu_public	90	14325336	107	257	128.5	stat_sample	0	88	08	0B	02	00	128.5	1	1	2	0																						
2	ppu_public	90	14325336	107	257	128.5	stat_irq_edge	0	88	08	0B	02	00	128.5	1	1	2	0																						
2	ppu_public	90	14325736	108	0	0.0	stat_sample	2	88	00	0B	02	00	0.0	1	0	2	0																						
2	ppu_public	90	14325736	108	2	1.0	mode2_irq_prepare	0	88	08	0B	02	00	1.0	1	0	2	0																						
2	ppu_public	90	14325744	108	0	0.0	stat_sample	2	8A	00	0B	02	00	0.0	1	0	2	0																						
2	ppu_public	90	14325742	108	8	4.0	mode2_enter	2	8A	00	0B	02	00	4.0	1	0	2	0																						
2	ppu_public	90	14325744	108	0	0.0	stat_sample	3	8A	00	0B	02	00	0.0	1	0	2	0																						
2	ppu_public	90	14325910	108	176	88.0	mode3_enter	3	8A	00	0B	02	00	88.0	1	0	2	0																						
2	ppu_public	90	14325904	108	84	42.0	stat_sample	3	8B	00	0B	02	00	42.0	1	0	2	0																						
2	ppu_public	90	14326254	108	520	260.0	mode0_enter	0	8B	08	0B	02	00	260.0	1	0	2	0																						
2	ppu_public	90	14326248	108	257	128.5	stat_sample	0	88	08	0B	02	00	128.5	1	1	2	0																						
2	ppu_public	90	14326248	108	257	128.5	stat_irq_edge	0	88	08	0B	02	00	128.5	1	1	2	0																						
2	ppu_public	90	14326648	109	0	0.0	stat_sample	2	88	00	0B	02	00	0.0	1	0	2	0																						
2	ppu_public	90	14326648	109	2	1.0	mode2_irq_prepare	0	88	08	0B	02	00	1.0	1	0	2	0																						
2	ppu_public	90	14326656	109	0	0.0	stat_sample	2	8A	00	0B	02	00	0.0	1	0	2	0																						
2	ppu_public	90	14326654	109	8	4.0	mode2_enter	2	8A	00	0B	02	00	4.0	1	0	2	0																						
2	ppu_public	90	14326656	109	0	0.0	stat_sample	3	8A	00	0B	02	00	0.0	1	0	2	0																						
2	ppu_public	90	14326822	109	176	88.0	mode3_enter	3	8A	00	0B	02	00	88.0	1	0	2	0																						
2	ppu_public	90	14326816	109	84	42.0	stat_sample	3	8B	00	0B	02	00	42.0	1	0	2	0																						
2	ppu_public	90	14327166	109	520	260.0	mode0_enter	0	8B	08	0B	02	00	260.0	1	0	2	0																						
2	ppu_public	90	14327160	109	257	128.5	stat_sample	0	88	08	0B	02	00	128.5	1	1	2	0																						
2	ppu_public	90	14327160	109	257	128.5	stat_irq_edge	0	88	08	0B	02	00	128.5	1	1	2	0																						
2	ppu_public	90	14327560	110	0	0.0	stat_sample	2	88	00	0B	02	00	0.0	1	0	2	0																						
2	ppu_public	90	14327560	110	2	1.0	mode2_irq_prepare	0	88	08	0B	02	00	1.0	1	0	2	0																						
2	ppu_public	90	14327568	110	0	0.0	stat_sample	2	8A	00	0B	02	00	0.0	1	0	2	0																						
2	ppu_public	90	14327566	110	8	4.0	mode2_enter	2	8A	00	0B	02	00	4.0	1	0	2	0																						
2	ppu_public	90	14327568	110	0	0.0	stat_sample	3	8A	00	0B	02	00	0.0	1	0	2	0																						
2	ppu_public	90	14327734	110	176	88.0	mode3_enter	3	8A	00	0B	02	00	88.0	1	0	2	0																						
2	ppu_public	90	14327728	110	84	42.0	stat_sample	3	8B	00	0B	02	00	42.0	1	0	2	0																						
2	ppu_public	90	14328078	110	520	260.0	mode0_enter	0	8B	08	0B	02	00	260.0	1	0	2	0																						
2	ppu_public	90	14328072	110	257	128.5	stat_sample	0	88	08	0B	02	00	128.5	1	1	2	0																						
2	ppu_public	90	14328072	110	257	128.5	stat_irq_edge	0	88	08	0B	02	00	128.5	1	1	2	0																						
2	ppu_public	90	14328472	111	0	0.0	stat_sample	2	88	00	0B	02	00	0.0	1	0	2	0																						
2	ppu_public	90	14328472	111	2	1.0	mode2_irq_prepare	0	88	08	0B	02	00	1.0	1	0	2	0																						
2	ppu_public	90	14328480	111	0	0.0	stat_sample	2	8A	00	0B	02	00	0.0	1	0	2	0																						
2	ppu_public	90	14328478	111	8	4.0	mode2_enter	2	8A	00	0B	02	00	4.0	1	0	2	0																						
2	ppu_public	90	14328480	111	0	0.0	stat_sample	3	8A	00	0B	02	00	0.0	1	0	2	0																						
2	ppu_public	90	14328646	111	176	88.0	mode3_enter	3	8A	00	0B	02	00	88.0	1	0	2	0																						
2	ppu_public	90	14328640	111	84	42.0	stat_sample	3	8B	00	0B	02	00	42.0	1	0	2	0																						
2	ppu_public	90	14328990	111	520	260.0	mode0_enter	0	8B	08	0B	02	00	260.0	1	0	2	0																						
2	ppu_public	90	14328984	111	257	128.5	stat_sample	0	88	08	0B	02	00	128.5	1	1	2	0																						
2	ppu_public	90	14328984	111	257	128.5	stat_irq_edge	0	88	08	0B	02	00	128.5	1	1	2	0																						
2	ppu_public	90	14329384	112	0	0.0	stat_sample	2	88	00	0B	02	00	0.0	1	0	2	0																						
2	ppu_public	90	14329384	112	2	1.0	mode2_irq_prepare	0	88	08	0B	02	00	1.0	1	0	2	0																						
2	ppu_public	90	14329392	112	0	0.0	stat_sample	2	8A	00	0B	02	00	0.0	1	0	2	0																						
2	ppu_public	90	14329390	112	8	4.0	mode2_enter	2	8A	00	0B	02	00	4.0	1	0	2	0																						
2	ppu_public	90	14329392	112	0	0.0	stat_sample	3	8A	00	0B	02	00	0.0	1	0	2	0																						
2	ppu_public	90	14329558	112	176	88.0	mode3_enter	3	8A	00	0B	02	00	88.0	1	0	2	0																						
2	ppu_public	90	14329552	112	84	42.0	stat_sample	3	8B	00	0B	02	00	42.0	1	0	2	0																						
2	ppu_public	90	14329902	112	520	260.0	mode0_enter	0	8B	08	0B	02	00	260.0	1	0	2	0																						
2	ppu_public	90	14329896	112	257	128.5	stat_sample	0	88	08	0B	02	00	128.5	1	1	2	0																						
2	ppu_public	90	14329896	112	257	128.5	stat_irq_edge	0	88	08	0B	02	00	128.5	1	1	2	0																						
2	ppu_public	90	14330296	113	0	0.0	stat_sample	2	88	00	0B	02	00	0.0	1	0	2	0																						
2	ppu_public	90	14330296	113	2	1.0	mode2_irq_prepare	0	88	08	0B	02	00	1.0	1	0	2	0																						
2	ppu_public	90	14330304	113	0	0.0	stat_sample	2	8A	00	0B	02	00	0.0	1	0	2	0																						
2	ppu_public	90	14330302	113	8	4.0	mode2_enter	2	8A	00	0B	02	00	4.0	1	0	2	0																						
2	ppu_public	90	14330304	113	0	0.0	stat_sample	3	8A	00	0B	02	00	0.0	1	0	2	0																						
2	ppu_public	90	14330470	113	176	88.0	mode3_enter	3	8A	00	0B	02	00	88.0	1	0	2	0																						
2	ppu_public	90	14330464	113	84	42.0	stat_sample	3	8B	00	0B	02	00	42.0	1	0	2	0																						
2	ppu_public	90	14330814	113	520	260.0	mode0_enter	0	8B	08	0B	02	00	260.0	1	0	2	0																						
2	ppu_public	90	14330808	113	257	128.5	stat_sample	0	88	08	0B	02	00	128.5	1	1	2	0																						
2	ppu_public	90	14330808	113	257	128.5	stat_irq_edge	0	88	08	0B	02	00	128.5	1	1	2	0																						
2	ppu_public	90	14331208	114	0	0.0	stat_sample	2	88	00	0B	02	00	0.0	1	0	2	0																						
2	ppu_public	90	14331208	114	2	1.0	mode2_irq_prepare	0	88	08	0B	02	00	1.0	1	0	2	0																						
2	ppu_public	90	14331216	114	0	0.0	stat_sample	2	8A	00	0B	02	00	0.0	1	0	2	0																						
2	ppu_public	90	14331214	114	8	4.0	mode2_enter	2	8A	00	0B	02	00	4.0	1	0	2	0																						
2	ppu_public	90	14331216	114	0	0.0	stat_sample	3	8A	00	0B	02	00	0.0	1	0	2	0																						
2	ppu_public	90	14331382	114	176	88.0	mode3_enter	3	8A	00	0B	02	00	88.0	1	0	2	0																						
2	ppu_public	90	14331376	114	84	42.0	stat_sample	3	8B	00	0B	02	00	42.0	1	0	2	0																						
2	ppu_public	90	14331726	114	520	260.0	mode0_enter	0	8B	08	0B	02	00	260.0	1	0	2	0																						
2	ppu_public	90	14331720	114	257	128.5	stat_sample	0	88	08	0B	02	00	128.5	1	1	2	0																						
2	ppu_public	90	14331720	114	257	128.5	stat_irq_edge	0	88	08	0B	02	00	128.5	1	1	2	0																						
2	ppu_public	90	14332120	115	0	0.0	stat_sample	2	88	00	0B	02	00	0.0	1	0	2	0																						
2	ppu_public	90	14332120	115	2	1.0	mode2_irq_prepare	0	88	08	0B	02	00	1.0	1	0	2	0																						
2	ppu_public	90	14332128	115	0	0.0	stat_sample	2	8A	00	0B	02	00	0.0	1	0	2	0																						
2	ppu_public	90	14332126	115	8	4.0	mode2_enter	2	8A	00	0B	02	00	4.0	1	0	2	0																						
2	ppu_public	90	14332128	115	0	0.0	stat_sample	3	8A	00	0B	02	00	0.0	1	0	2	0																						
2	ppu_public	90	14332294	115	176	88.0	mode3_enter	3	8A	00	0B	02	00	88.0	1	0	2	0																						
2	ppu_public	90	14332288	115	84	42.0	stat_sample	3	8B	00	0B	02	00	42.0	1	0	2	0																						
2	ppu_public	90	14332638	115	520	260.0	mode0_enter	0	8B	08	0B	02	00	260.0	1	0	2	0																						
2	ppu_public	90	14332632	115	257	128.5	stat_sample	0	88	08	0B	02	00	128.5	1	1	2	0																						
2	ppu_public	90	14332632	115	257	128.5	stat_irq_edge	0	88	08	0B	02	00	128.5	1	1	2	0																						
2	ppu_public	90	14333032	116	0	0.0	stat_sample	2	88	00	0B	02	00	0.0	1	0	2	0																						
2	ppu_public	90	14333032	116	2	1.0	mode2_irq_prepare	0	88	08	0B	02	00	1.0	1	0	2	0																						
2	ppu_public	90	14333040	116	0	0.0	stat_sample	2	8A	00	0B	02	00	0.0	1	0	2	0																						
2	ppu_public	90	14333038	116	8	4.0	mode2_enter	2	8A	00	0B	02	00	4.0	1	0	2	0																						
2	ppu_public	90	14333040	116	0	0.0	stat_sample	3	8A	00	0B	02	00	0.0	1	0	2	0																						
2	ppu_public	90	14333206	116	176	88.0	mode3_enter	3	8A	00	0B	02	00	88.0	1	0	2	0																						
2	ppu_public	90	14333200	116	84	42.0	stat_sample	3	8B	00	0B	02	00	42.0	1	0	2	0																						
2	ppu_public	90	14333550	116	520	260.0	mode0_enter	0	8B	08	0B	02	00	260.0	1	0	2	0																						
2	ppu_public	90	14333544	116	257	128.5	stat_sample	0	88	08	0B	02	00	128.5	1	1	2	0																						
2	ppu_public	90	14333544	116	257	128.5	stat_irq_edge	0	88	08	0B	02	00	128.5	1	1	2	0																						
2	ppu_public	90	14333944	117	0	0.0	stat_sample	2	88	00	0B	02	00	0.0	1	0	2	0																						
2	ppu_public	90	14333944	117	2	1.0	mode2_irq_prepare	0	88	08	0B	02	00	1.0	1	0	2	0																						
2	ppu_public	90	14333952	117	0	0.0	stat_sample	2	8A	00	0B	02	00	0.0	1	0	2	0																						
2	ppu_public	90	14333950	117	8	4.0	mode2_enter	2	8A	00	0B	02	00	4.0	1	0	2	0																						
2	ppu_public	90	14333952	117	0	0.0	stat_sample	3	8A	00	0B	02	00	0.0	1	0	2	0																						
2	ppu_public	90	14334118	117	176	88.0	mode3_enter	3	8A	00	0B	02	00	88.0	1	0	2	0																						
2	ppu_public	90	14334112	117	84	42.0	stat_sample	3	8B	00	0B	02	00	42.0	1	0	2	0																						
2	ppu_public	90	14334462	117	520	260.0	mode0_enter	0	8B	08	0B	02	00	260.0	1	0	2	0																						
2	ppu_public	90	14334456	117	257	128.5	stat_sample	0	88	08	0B	02	00	128.5	1	1	2	0																						
2	ppu_public	90	14334456	117	257	128.5	stat_irq_edge	0	88	08	0B	02	00	128.5	1	1	2	0																						
2	ppu_public	90	14334856	118	0	0.0	stat_sample	2	88	00	0B	02	00	0.0	1	0	2	0																						
2	ppu_public	90	14334856	118	2	1.0	mode2_irq_prepare	0	88	08	0B	02	00	1.0	1	0	2	0																						
2	ppu_public	90	14334864	118	0	0.0	stat_sample	2	8A	00	0B	02	00	0.0	1	0	2	0																						
2	ppu_public	90	14334862	118	8	4.0	mode2_enter	2	8A	00	0B	02	00	4.0	1	0	2	0																						
2	ppu_public	90	14334864	118	0	0.0	stat_sample	3	8A	00	0B	02	00	0.0	1	0	2	0																						
2	ppu_public	90	14335030	118	176	88.0	mode3_enter	3	8A	00	0B	02	00	88.0	1	0	2	0																						
2	ppu_public	90	14335024	118	84	42.0	stat_sample	3	8B	00	0B	02	00	42.0	1	0	2	0																						
2	ppu_public	90	14335374	118	520	260.0	mode0_enter	0	8B	08	0B	02	00	260.0	1	0	2	0																						
2	ppu_public	90	14335368	118	257	128.5	stat_sample	0	88	08	0B	02	00	128.5	1	1	2	0																						
2	ppu_public	90	14335368	118	257	128.5	stat_irq_edge	0	88	08	0B	02	00	128.5	1	1	2	0																						
2	ppu_public	90	14335768	119	0	0.0	stat_sample	2	88	00	0B	02	00	0.0	1	0	2	0																						
2	ppu_public	90	14335768	119	2	1.0	mode2_irq_prepare	0	88	08	0B	02	00	1.0	1	0	2	0																						
2	ppu_public	90	14335776	119	0	0.0	stat_sample	2	8A	00	0B	02	00	0.0	1	0	2	0																						
2	ppu_public	90	14335774	119	8	4.0	mode2_enter	2	8A	00	0B	02	00	4.0	1	0	2	0																						
2	ppu_public	90	14335776	119	0	0.0	stat_sample	3	8A	00	0B	02	00	0.0	1	0	2	0																						
2	ppu_public	90	14335942	119	176	88.0	mode3_enter	3	8A	00	0B	02	00	88.0	1	0	2	0																						
2	ppu_public	90	14335936	119	84	42.0	stat_sample	3	8B	00	0B	02	00	42.0	1	0	2	0																						
2	ppu_public	90	14336286	119	520	260.0	mode0_enter	0	8B	08	0B	02	00	260.0	1	0	2	0																						
2	ppu_public	90	14336280	119	257	128.5	stat_sample	0	88	08	0B	02	00	128.5	1	1	2	0																						
2	ppu_public	90	14336280	119	257	128.5	stat_irq_edge	0	88	08	0B	02	00	128.5	1	1	2	0																						
2	ppu_public	90	14336680	120	0	0.0	stat_sample	2	88	00	0B	02	00	0.0	1	0	2	0																						
2	ppu_public	90	14336680	120	2	1.0	mode2_irq_prepare	0	88	08	0B	02	00	1.0	1	0	2	0																						
2	ppu_public	90	14336688	120	0	0.0	stat_sample	2	8A	00	0B	02	00	0.0	1	0	2	0																						
2	ppu_public	90	14336686	120	8	4.0	mode2_enter	2	8A	00	0B	02	00	4.0	1	0	2	0																						
2	ppu_public	90	14336688	120	0	0.0	stat_sample	3	8A	00	0B	02	00	0.0	1	0	2	0																						
2	ppu_public	90	14336854	120	176	88.0	mode3_enter	3	8A	00	0B	02	00	88.0	1	0	2	0																						
2	ppu_public	90	14336848	120	84	42.0	stat_sample	3	8B	00	0B	02	00	42.0	1	0	2	0																						
2	ppu_public	90	14337198	120	520	260.0	mode0_enter	0	8B	08	0B	02	00	260.0	1	0	2	0																						
2	ppu_public	90	14337192	120	257	128.5	stat_sample	0	88	08	0B	02	00	128.5	1	1	2	0																						
2	ppu_public	90	14337192	120	257	128.5	stat_irq_edge	0	88	08	0B	02	00	128.5	1	1	2	0																						
2	ppu_public	90	14337592	121	0	0.0	stat_sample	2	88	00	0B	02	00	0.0	1	0	2	0																						
2	ppu_public	90	14337592	121	2	1.0	mode2_irq_prepare	0	88	08	0B	02	00	1.0	1	0	2	0																						
2	ppu_public	90	14337600	121	0	0.0	stat_sample	2	8A	00	0B	02	00	0.0	1	0	2	0																						
2	ppu_public	90	14337598	121	8	4.0	mode2_enter	2	8A	00	0B	02	00	4.0	1	0	2	0																						
2	ppu_public	90	14337600	121	0	0.0	stat_sample	3	8A	00	0B	02	00	0.0	1	0	2	0																						
2	ppu_public	90	14337766	121	176	88.0	mode3_enter	3	8A	00	0B	02	00	88.0	1	0	2	0																						
2	ppu_public	90	14337760	121	84	42.0	stat_sample	3	8B	00	0B	02	00	42.0	1	0	2	0																						
2	ppu_public	90	14338110	121	520	260.0	mode0_enter	0	8B	08	0B	02	00	260.0	1	0	2	0																						
2	ppu_public	90	14338104	121	257	128.5	stat_sample	0	88	08	0B	02	00	128.5	1	1	2	0																						
2	ppu_public	90	14338104	121	257	128.5	stat_irq_edge	0	88	08	0B	02	00	128.5	1	1	2	0																						
2	ppu_public	90	14338504	122	0	0.0	stat_sample	2	88	00	0B	02	00	0.0	1	0	2	0																						
2	ppu_public	90	14338504	122	2	1.0	mode2_irq_prepare	0	88	08	0B	02	00	1.0	1	0	2	0																						
2	ppu_public	90	14338512	122	0	0.0	stat_sample	2	8A	00	0B	02	00	0.0	1	0	2	0																						
2	ppu_public	90	14338510	122	8	4.0	mode2_enter	2	8A	00	0B	02	00	4.0	1	0	2	0																						
2	ppu_public	90	14338512	122	0	0.0	stat_sample	3	8A	00	0B	02	00	0.0	1	0	2	0																						
2	ppu_public	90	14338678	122	176	88.0	mode3_enter	3	8A	00	0B	02	00	88.0	1	0	2	0																						
2	ppu_public	90	14338672	122	84	42.0	stat_sample	3	8B	00	0B	02	00	42.0	1	0	2	0																						
2	ppu_public	90	14339022	122	520	260.0	mode0_enter	0	8B	08	0B	02	00	260.0	1	0	2	0																						
2	ppu_public	90	14339016	122	257	128.5	stat_sample	0	88	08	0B	02	00	128.5	1	1	2	0																						
2	ppu_public	90	14339016	122	257	128.5	stat_irq_edge	0	88	08	0B	02	00	128.5	1	1	2	0																						
2	ppu_public	90	14339416	123	0	0.0	stat_sample	2	88	00	0B	02	00	0.0	1	0	2	0																						
2	ppu_public	90	14339416	123	2	1.0	mode2_irq_prepare	0	88	08	0B	02	00	1.0	1	0	2	0																						
2	ppu_public	90	14339424	123	0	0.0	stat_sample	2	8A	00	0B	02	00	0.0	1	0	2	0																						
2	ppu_public	90	14339422	123	8	4.0	mode2_enter	2	8A	00	0B	02	00	4.0	1	0	2	0																						
2	ppu_public	90	14339424	123	0	0.0	stat_sample	3	8A	00	0B	02	00	0.0	1	0	2	0																						
2	ppu_public	90	14339590	123	176	88.0	mode3_enter	3	8A	00	0B	02	00	88.0	1	0	2	0																						
2	ppu_public	90	14339584	123	84	42.0	stat_sample	3	8B	00	0B	02	00	42.0	1	0	2	0																						
2	ppu_public	90	14339934	123	520	260.0	mode0_enter	0	8B	08	0B	02	00	260.0	1	0	2	0																						
2	ppu_public	90	14339928	123	257	128.5	stat_sample	0	88	08	0B	02	00	128.5	1	1	2	0																						
2	ppu_public	90	14339928	123	257	128.5	stat_irq_edge	0	88	08	0B	02	00	128.5	1	1	2	0																						
2	ppu_public	90	14340328	124	0	0.0	stat_sample	2	88	00	0B	02	00	0.0	1	0	2	0																						
2	ppu_public	90	14340328	124	2	1.0	mode2_irq_prepare	0	88	08	0B	02	00	1.0	1	0	2	0																						
2	ppu_public	90	14340336	124	0	0.0	stat_sample	2	8A	00	0B	02	00	0.0	1	0	2	0																						
2	ppu_public	90	14340334	124	8	4.0	mode2_enter	2	8A	00	0B	02	00	4.0	1	0	2	0																						
2	ppu_public	90	14340336	124	0	0.0	stat_sample	3	8A	00	0B	02	00	0.0	1	0	2	0																						
2	ppu_public	90	14340502	124	176	88.0	mode3_enter	3	8A	00	0B	02	00	88.0	1	0	2	0																						
2	ppu_public	90	14340496	124	84	42.0	stat_sample	3	8B	00	0B	02	00	42.0	1	0	2	0																						
2	ppu_public	90	14340846	124	520	260.0	mode0_enter	0	8B	08	0B	02	00	260.0	1	0	2	0																						
2	ppu_public	90	14340840	124	257	128.5	stat_sample	0	88	08	0B	02	00	128.5	1	1	2	0																						
2	ppu_public	90	14340840	124	257	128.5	stat_irq_edge	0	88	08	0B	02	00	128.5	1	1	2	0																						
2	ppu_public	90	14341240	125	0	0.0	stat_sample	2	88	00	0B	02	00	0.0	1	0	2	0																						
2	ppu_public	90	14341240	125	2	1.0	mode2_irq_prepare	0	88	08	0B	02	00	1.0	1	0	2	0																						
2	ppu_public	90	14341248	125	0	0.0	stat_sample	2	8A	00	0B	02	00	0.0	1	0	2	0																						
2	ppu_public	90	14341246	125	8	4.0	mode2_enter	2	8A	00	0B	02	00	4.0	1	0	2	0																						
2	ppu_public	90	14341248	125	0	0.0	stat_sample	3	8A	00	0B	02	00	0.0	1	0	2	0																						
2	ppu_public	90	14341414	125	176	88.0	mode3_enter	3	8A	00	0B	02	00	88.0	1	0	2	0																						
2	ppu_public	90	14341408	125	84	42.0	stat_sample	3	8B	00	0B	02	00	42.0	1	0	2	0																						
2	ppu_public	90	14341758	125	520	260.0	mode0_enter	0	8B	08	0B	02	00	260.0	1	0	2	0																						
2	ppu_public	90	14341752	125	257	128.5	stat_sample	0	88	08	0B	02	00	128.5	1	1	2	0																						
2	ppu_public	90	14341752	125	257	128.5	stat_irq_edge	0	88	08	0B	02	00	128.5	1	1	2	0																						
2	ppu_public	90	14342152	126	0	0.0	stat_sample	2	88	00	0B	02	00	0.0	1	0	2	0																						
2	ppu_public	90	14342152	126	2	1.0	mode2_irq_prepare	0	88	08	0B	02	00	1.0	1	0	2	0																						
2	ppu_public	90	14342160	126	0	0.0	stat_sample	2	8A	00	0B	02	00	0.0	1	0	2	0																						
2	ppu_public	90	14342158	126	8	4.0	mode2_enter	2	8A	00	0B	02	00	4.0	1	0	2	0																						
2	ppu_public	90	14342160	126	0	0.0	stat_sample	3	8A	00	0B	02	00	0.0	1	0	2	0																						
2	ppu_public	90	14342326	126	176	88.0	mode3_enter	3	8A	00	0B	02	00	88.0	1	0	2	0																						
2	ppu_public	90	14342320	126	84	42.0	stat_sample	3	8B	00	0B	02	00	42.0	1	0	2	0																						
2	ppu_public	90	14342670	126	520	260.0	mode0_enter	0	8B	08	0B	02	00	260.0	1	0	2	0																						
2	ppu_public	90	14342664	126	257	128.5	stat_sample	0	88	08	0B	02	00	128.5	1	1	2	0																						
2	ppu_public	90	14342664	126	257	128.5	stat_irq_edge	0	88	08	0B	02	00	128.5	1	1	2	0																						
2	ppu_public	90	14343064	127	0	0.0	stat_sample	2	88	00	0B	02	00	0.0	1	0	2	0																						
2	ppu_public	90	14343064	127	2	1.0	mode2_irq_prepare	0	88	08	0B	02	00	1.0	1	0	2	0																						
2	ppu_public	90	14343072	127	0	0.0	stat_sample	2	8A	00	0B	02	00	0.0	1	0	2	0																						
2	ppu_public	90	14343070	127	8	4.0	mode2_enter	2	8A	00	0B	02	00	4.0	1	0	2	0																						
2	ppu_public	90	14343072	127	0	0.0	stat_sample	3	8A	00	0B	02	00	0.0	1	0	2	0																						
2	ppu_public	90	14343238	127	176	88.0	mode3_enter	3	8A	00	0B	02	00	88.0	1	0	2	0																						
2	ppu_public	90	14343232	127	84	42.0	stat_sample	3	8B	00	0B	02	00	42.0	1	0	2	0																						
2	ppu_public	90	14343582	127	520	260.0	mode0_enter	0	8B	08	0B	02	00	260.0	1	0	2	0																						
2	ppu_public	90	14343576	127	257	128.5	stat_sample	0	88	08	0B	02	00	128.5	1	1	2	0																						
2	ppu_public	90	14343576	127	257	128.5	stat_irq_edge	0	88	08	0B	02	00	128.5	1	1	2	0																						
2	ppu_public	90	14343976	128	0	0.0	stat_sample	2	88	00	0B	02	00	0.0	1	0	2	0																						
2	ppu_public	90	14343976	128	2	1.0	mode2_irq_prepare	0	88	08	0B	02	00	1.0	1	0	2	0																						
2	ppu_public	90	14343984	128	0	0.0	stat_sample	2	8A	00	0B	02	00	0.0	1	0	2	0																						
2	ppu_public	90	14343982	128	8	4.0	mode2_enter	2	8A	00	0B	02	00	4.0	1	0	2	0																						
2	ppu_public	90	14343984	128	0	0.0	stat_sample	3	8A	00	0B	02	00	0.0	1	0	2	0																						
2	ppu_public	90	14344150	128	176	88.0	mode3_enter	3	8A	00	0B	02	00	88.0	1	0	2	0																						
2	ppu_public	90	14344144	128	84	42.0	stat_sample	3	8B	00	0B	02	00	42.0	1	0	2	0																						
2	ppu_public	90	14344494	128	520	260.0	mode0_enter	0	8B	08	0B	02	00	260.0	1	0	2	0																						
2	ppu_public	90	14344488	128	257	128.5	stat_sample	0	88	08	0B	02	00	128.5	1	1	2	0																						
2	ppu_public	90	14344488	128	257	128.5	stat_irq_edge	0	88	08	0B	02	00	128.5	1	1	2	0																						
2	ppu_public	90	14344888	129	0	0.0	stat_sample	2	88	00	0B	02	00	0.0	1	0	2	0																						
2	ppu_public	90	14344888	129	2	1.0	mode2_irq_prepare	0	88	08	0B	02	00	1.0	1	0	2	0																						
2	ppu_public	90	14344896	129	0	0.0	stat_sample	2	8A	00	0B	02	00	0.0	1	0	2	0																						
2	ppu_public	90	14344894	129	8	4.0	mode2_enter	2	8A	00	0B	02	00	4.0	1	0	2	0																						
2	ppu_public	90	14344896	129	0	0.0	stat_sample	3	8A	00	0B	02	00	0.0	1	0	2	0																						
2	ppu_public	90	14345062	129	176	88.0	mode3_enter	3	8A	00	0B	02	00	88.0	1	0	2	0																						
2	ppu_public	90	14345056	129	84	42.0	stat_sample	3	8B	00	0B	02	00	42.0	1	0	2	0																						
2	ppu_public	90	14345406	129	520	260.0	mode0_enter	0	8B	08	0B	02	00	260.0	1	0	2	0																						
2	ppu_public	90	14345400	129	257	128.5	stat_sample	0	88	08	0B	02	00	128.5	1	1	2	0																						
2	ppu_public	90	14345400	129	257	128.5	stat_irq_edge	0	88	08	0B	02	00	128.5	1	1	2	0																						
2	ppu_public	90	14345800	130	0	0.0	stat_sample	2	88	00	0B	02	00	0.0	1	0	2	0																						
2	ppu_public	90	14345800	130	2	1.0	mode2_irq_prepare	0	88	08	0B	02	00	1.0	1	0	2	0																						
2	ppu_public	90	14345808	130	0	0.0	stat_sample	2	8A	00	0B	02	00	0.0	1	0	2	0																						
2	ppu_public	90	14345806	130	8	4.0	mode2_enter	2	8A	00	0B	02	00	4.0	1	0	2	0																						
2	ppu_public	90	14345808	130	0	0.0	stat_sample	3	8A	00	0B	02	00	0.0	1	0	2	0																						
2	ppu_public	90	14345974	130	176	88.0	mode3_enter	3	8A	00	0B	02	00	88.0	1	0	2	0																						
2	ppu_public	90	14345968	130	84	42.0	stat_sample	3	8B	00	0B	02	00	42.0	1	0	2	0																						
2	ppu_public	90	14346318	130	520	260.0	mode0_enter	0	8B	08	0B	02	00	260.0	1	0	2	0																						
2	ppu_public	90	14346312	130	257	128.5	stat_sample	0	88	08	0B	02	00	128.5	1	1	2	0																						
2	ppu_public	90	14346312	130	257	128.5	stat_irq_edge	0	88	08	0B	02	00	128.5	1	1	2	0																						
2	ppu_public	90	14346712	131	0	0.0	stat_sample	2	88	00	0B	02	00	0.0	1	0	2	0																						
2	ppu_public	90	14346712	131	2	1.0	mode2_irq_prepare	0	88	08	0B	02	00	1.0	1	0	2	0																						
2	ppu_public	90	14346720	131	0	0.0	stat_sample	2	8A	00	0B	02	00	0.0	1	0	2	0																						
2	ppu_public	90	14346718	131	8	4.0	mode2_enter	2	8A	00	0B	02	00	4.0	1	0	2	0																						
2	ppu_public	90	14346720	131	0	0.0	stat_sample	3	8A	00	0B	02	00	0.0	1	0	2	0																						
2	ppu_public	90	14346886	131	176	88.0	mode3_enter	3	8A	00	0B	02	00	88.0	1	0	2	0																						
2	ppu_public	90	14346880	131	84	42.0	stat_sample	3	8B	00	0B	02	00	42.0	1	0	2	0																						
2	ppu_public	90	14347230	131	520	260.0	mode0_enter	0	8B	08	0B	02	00	260.0	1	0	2	0																						
2	ppu_public	90	14347224	131	257	128.5	stat_sample	0	88	08	0B	02	00	128.5	1	1	2	0																						
2	ppu_public	90	14347224	131	257	128.5	stat_irq_edge	0	88	08	0B	02	00	128.5	1	1	2	0																						
2	ppu_public	90	14347624	132	0	0.0	stat_sample	2	88	00	0B	02	00	0.0	1	0	2	0																						
2	ppu_public	90	14347624	132	2	1.0	mode2_irq_prepare	0	88	08	0B	02	00	1.0	1	0	2	0																						
2	ppu_public	90	14347632	132	0	0.0	stat_sample	2	8A	00	0B	02	00	0.0	1	0	2	0																						
2	ppu_public	90	14347630	132	8	4.0	mode2_enter	2	8A	00	0B	02	00	4.0	1	0	2	0																						
2	ppu_public	90	14347632	132	0	0.0	stat_sample	3	8A	00	0B	02	00	0.0	1	0	2	0																						
2	ppu_public	90	14347798	132	176	88.0	mode3_enter	3	8A	00	0B	02	00	88.0	1	0	2	0																						
2	ppu_public	90	14347792	132	84	42.0	stat_sample	3	8B	00	0B	02	00	42.0	1	0	2	0																						
2	ppu_public	90	14348142	132	520	260.0	mode0_enter	0	8B	08	0B	02	00	260.0	1	0	2	0																						
2	ppu_public	90	14348136	132	257	128.5	stat_sample	0	88	08	0B	02	00	128.5	1	1	2	0																						
2	ppu_public	90	14348136	132	257	128.5	stat_irq_edge	0	88	08	0B	02	00	128.5	1	1	2	0																						
2	ppu_public	90	14348536	133	0	0.0	stat_sample	2	88	00	0B	02	00	0.0	1	0	2	0																						
2	ppu_public	90	14348536	133	2	1.0	mode2_irq_prepare	0	88	08	0B	02	00	1.0	1	0	2	0																						
2	ppu_public	90	14348544	133	0	0.0	stat_sample	2	8A	00	0B	02	00	0.0	1	0	2	0																						
2	ppu_public	90	14348542	133	8	4.0	mode2_enter	2	8A	00	0B	02	00	4.0	1	0	2	0																						
2	ppu_public	90	14348544	133	0	0.0	stat_sample	3	8A	00	0B	02	00	0.0	1	0	2	0																						
2	ppu_public	90	14348710	133	176	88.0	mode3_enter	3	8A	00	0B	02	00	88.0	1	0	2	0																						
2	ppu_public	90	14348704	133	84	42.0	stat_sample	3	8B	00	0B	02	00	42.0	1	0	2	0																						
2	ppu_public	90	14349054	133	520	260.0	mode0_enter	0	8B	08	0B	02	00	260.0	1	0	2	0																						
2	ppu_public	90	14349048	133	257	128.5	stat_sample	0	88	08	0B	02	00	128.5	1	1	2	0																						
2	ppu_public	90	14349048	133	257	128.5	stat_irq_edge	0	88	08	0B	02	00	128.5	1	1	2	0																						
2	ppu_public	90	14349448	134	0	0.0	stat_sample	2	88	00	0B	02	00	0.0	1	0	2	0																						
2	ppu_public	90	14349448	134	2	1.0	mode2_irq_prepare	0	88	08	0B	02	00	1.0	1	0	2	0																						
2	ppu_public	90	14349456	134	0	0.0	stat_sample	2	8A	00	0B	02	00	0.0	1	0	2	0																						
2	ppu_public	90	14349454	134	8	4.0	mode2_enter	2	8A	00	0B	02	00	4.0	1	0	2	0																						
2	ppu_public	90	14349456	134	0	0.0	stat_sample	3	8A	00	0B	02	00	0.0	1	0	2	0																						
2	ppu_public	90	14349622	134	176	88.0	mode3_enter	3	8A	00	0B	02	00	88.0	1	0	2	0																						
2	ppu_public	90	14349616	134	84	42.0	stat_sample	3	8B	00	0B	02	00	42.0	1	0	2	0																						
2	ppu_public	90	14349966	134	520	260.0	mode0_enter	0	8B	08	0B	02	00	260.0	1	0	2	0																						
2	ppu_public	90	14349960	134	257	128.5	stat_sample	0	88	08	0B	02	00	128.5	1	1	2	0																						
2	ppu_public	90	14349960	134	257	128.5	stat_irq_edge	0	88	08	0B	02	00	128.5	1	1	2	0																						
2	ppu_public	90	14350360	135	0	0.0	stat_sample	2	88	00	0B	02	00	0.0	1	0	2	0																						
2	ppu_public	90	14350360	135	2	1.0	mode2_irq_prepare	0	88	08	0B	02	00	1.0	1	0	2	0																						
2	ppu_public	90	14350368	135	0	0.0	stat_sample	2	8A	00	0B	02	00	0.0	1	0	2	0																						
2	ppu_public	90	14350366	135	8	4.0	mode2_enter	2	8A	00	0B	02	00	4.0	1	0	2	0																						
2	ppu_public	90	14350368	135	0	0.0	stat_sample	3	8A	00	0B	02	00	0.0	1	0	2	0																						
2	ppu_public	90	14350534	135	176	88.0	mode3_enter	3	8A	00	0B	02	00	88.0	1	0	2	0																						
2	ppu_public	90	14350528	135	84	42.0	stat_sample	3	8B	00	0B	02	00	42.0	1	0	2	0																						
2	ppu_public	90	14350878	135	520	260.0	mode0_enter	0	8B	08	0B	02	00	260.0	1	0	2	0																						
2	ppu_public	90	14350872	135	257	128.5	stat_sample	0	88	08	0B	02	00	128.5	1	1	2	0																						
2	ppu_public	90	14350872	135	257	128.5	stat_irq_edge	0	88	08	0B	02	00	128.5	1	1	2	0																						
2	ppu_public	90	14351272	136	0	0.0	stat_sample	2	88	00	0B	02	00	0.0	1	0	2	0																						
2	ppu_public	90	14351272	136	2	1.0	mode2_irq_prepare	0	88	08	0B	02	00	1.0	1	0	2	0																						
2	ppu_public	90	14351280	136	0	0.0	stat_sample	2	8A	00	0B	02	00	0.0	1	0	2	0																						
2	ppu_public	90	14351278	136	8	4.0	mode2_enter	2	8A	00	0B	02	00	4.0	1	0	2	0																						
2	ppu_public	90	14351280	136	0	0.0	stat_sample	3	8A	00	0B	02	00	0.0	1	0	2	0																						
2	ppu_public	90	14351446	136	176	88.0	mode3_enter	3	8A	00	0B	02	00	88.0	1	0	2	0																						
2	ppu_public	90	14351440	136	84	42.0	stat_sample	3	8B	00	0B	02	00	42.0	1	0	2	0																						
2	ppu_public	90	14351790	136	520	260.0	mode0_enter	0	8B	08	0B	02	00	260.0	1	0	2	0																						
2	ppu_public	90	14351784	136	257	128.5	stat_sample	0	88	08	0B	02	00	128.5	1	1	2	0																						
2	ppu_public	90	14351784	136	257	128.5	stat_irq_edge	0	88	08	0B	02	00	128.5	1	1	2	0																						
2	ppu_public	90	14352184	137	0	0.0	stat_sample	2	88	00	0B	02	00	0.0	1	0	2	0																						
2	ppu_public	90	14352184	137	2	1.0	mode2_irq_prepare	0	88	08	0B	02	00	1.0	1	0	2	0																						
2	ppu_public	90	14352192	137	0	0.0	stat_sample	2	8A	00	0B	02	00	0.0	1	0	2	0																						
2	ppu_public	90	14352190	137	8	4.0	mode2_enter	2	8A	00	0B	02	00	4.0	1	0	2	0																						
2	ppu_public	90	14352192	137	0	0.0	stat_sample	3	8A	00	0B	02	00	0.0	1	0	2	0																						
2	ppu_public	90	14352358	137	176	88.0	mode3_enter	3	8A	00	0B	02	00	88.0	1	0	2	0																						
2	ppu_public	90	14352352	137	84	42.0	stat_sample	3	8B	00	0B	02	00	42.0	1	0	2	0																						
2	ppu_public	90	14352702	137	520	260.0	mode0_enter	0	8B	08	0B	02	00	260.0	1	0	2	0																						
2	ppu_public	90	14352696	137	257	128.5	stat_sample	0	88	08	0B	02	00	128.5	1	1	2	0																						
2	ppu_public	90	14352696	137	257	128.5	stat_irq_edge	0	88	08	0B	02	00	128.5	1	1	2	0																						
2	ppu_public	90	14353096	138	0	0.0	stat_sample	2	88	00	0B	02	00	0.0	1	0	2	0																						
2	ppu_public	90	14353096	138	2	1.0	mode2_irq_prepare	0	88	08	0B	02	00	1.0	1	0	2	0																						
2	ppu_public	90	14353104	138	0	0.0	stat_sample	2	8A	00	0B	02	00	0.0	1	0	2	0																						
2	ppu_public	90	14353102	138	8	4.0	mode2_enter	2	8A	00	0B	02	00	4.0	1	0	2	0																						
2	ppu_public	90	14353104	138	0	0.0	stat_sample	3	8A	00	0B	02	00	0.0	1	0	2	0																						
2	ppu_public	90	14353270	138	176	88.0	mode3_enter	3	8A	00	0B	02	00	88.0	1	0	2	0																						
2	ppu_public	90	14353264	138	84	42.0	stat_sample	3	8B	00	0B	02	00	42.0	1	0	2	0																						
2	ppu_public	90	14353614	138	520	260.0	mode0_enter	0	8B	08	0B	02	00	260.0	1	0	2	0																						
2	ppu_public	90	14353608	138	257	128.5	stat_sample	0	88	08	0B	02	00	128.5	1	1	2	0																						
2	ppu_public	90	14353608	138	257	128.5	stat_irq_edge	0	88	08	0B	02	00	128.5	1	1	2	0																						
2	ppu_public	90	14354008	139	0	0.0	stat_sample	2	88	00	0B	02	00	0.0	1	0	2	0																						
2	ppu_public	90	14354008	139	2	1.0	mode2_irq_prepare	0	88	08	0B	02	00	1.0	1	0	2	0																						
2	ppu_public	90	14354016	139	0	0.0	stat_sample	2	8A	00	0B	02	00	0.0	1	0	2	0																						
2	ppu_public	90	14354014	139	8	4.0	mode2_enter	2	8A	00	0B	02	00	4.0	1	0	2	0																						
2	ppu_public	90	14354016	139	0	0.0	stat_sample	3	8A	00	0B	02	00	0.0	1	0	2	0																						
2	ppu_public	90	14354182	139	176	88.0	mode3_enter	3	8A	00	0B	02	00	88.0	1	0	2	0																						
2	ppu_public	90	14354176	139	84	42.0	stat_sample	3	8B	00	0B	02	00	42.0	1	0	2	0																						
2	ppu_public	90	14354526	139	520	260.0	mode0_enter	0	8B	08	0B	02	00	260.0	1	0	2	0																						
2	ppu_public	90	14354520	139	257	128.5	stat_sample	0	88	08	0B	02	00	128.5	1	1	2	0																						
2	ppu_public	90	14354520	139	257	128.5	stat_irq_edge	0	88	08	0B	02	00	128.5	1	1	2	0																						
2	ppu_public	90	14354920	140	0	0.0	stat_sample	2	88	00	0B	02	00	0.0	1	0	2	0																						
2	ppu_public	90	14354920	140	2	1.0	mode2_irq_prepare	0	88	08	0B	02	00	1.0	1	0	2	0																						
2	ppu_public	90	14354928	140	0	0.0	stat_sample	2	8A	00	0B	02	00	0.0	1	0	2	0																						
2	ppu_public	90	14354926	140	8	4.0	mode2_enter	2	8A	00	0B	02	00	4.0	1	0	2	0																						
2	ppu_public	90	14354928	140	0	0.0	stat_sample	3	8A	00	0B	02	00	0.0	1	0	2	0																						
2	ppu_public	90	14355094	140	176	88.0	mode3_enter	3	8A	00	0B	02	00	88.0	1	0	2	0																						
2	ppu_public	90	14355088	140	84	42.0	stat_sample	3	8B	00	0B	02	00	42.0	1	0	2	0																						
2	ppu_public	90	14355438	140	520	260.0	mode0_enter	0	8B	08	0B	02	00	260.0	1	0	2	0																						
2	ppu_public	90	14355432	140	257	128.5	stat_sample	0	88	08	0B	02	00	128.5	1	1	2	0																						
2	ppu_public	90	14355432	140	257	128.5	stat_irq_edge	0	88	08	0B	02	00	128.5	1	1	2	0																						
2	ppu_public	90	14355832	141	0	0.0	stat_sample	2	88	00	0B	02	00	0.0	1	0	2	0																						
2	ppu_public	90	14355832	141	2	1.0	mode2_irq_prepare	0	88	08	0B	02	00	1.0	1	0	2	0																						
2	ppu_public	90	14355840	141	0	0.0	stat_sample	2	8A	00	0B	02	00	0.0	1	0	2	0																						
2	ppu_public	90	14355838	141	8	4.0	mode2_enter	2	8A	00	0B	02	00	4.0	1	0	2	0																						
2	ppu_public	90	14355840	141	0	0.0	stat_sample	3	8A	00	0B	02	00	0.0	1	0	2	0																						
2	ppu_public	90	14356006	141	176	88.0	mode3_enter	3	8A	00	0B	02	00	88.0	1	0	2	0																						
2	ppu_public	90	14356000	141	84	42.0	stat_sample	3	8B	00	0B	02	00	42.0	1	0	2	0																						
2	ppu_public	90	14356350	141	520	260.0	mode0_enter	0	8B	08	0B	02	00	260.0	1	0	2	0																						
2	ppu_public	90	14356344	141	257	128.5	stat_sample	0	88	08	0B	02	00	128.5	1	1	2	0																						
2	ppu_public	90	14356344	141	257	128.5	stat_irq_edge	0	88	08	0B	02	00	128.5	1	1	2	0																						
2	ppu_public	90	14356744	142	0	0.0	stat_sample	2	88	00	0B	02	00	0.0	1	0	2	0																						
2	ppu_public	90	14356744	142	2	1.0	mode2_irq_prepare	0	88	08	0B	02	00	1.0	1	0	2	0																						
2	ppu_public	90	14356752	142	0	0.0	stat_sample	2	8A	00	0B	02	00	0.0	1	0	2	0																						
2	ppu_public	90	14356750	142	8	4.0	mode2_enter	2	8A	00	0B	02	00	4.0	1	0	2	0																						
2	ppu_public	90	14356752	142	0	0.0	stat_sample	3	8A	00	0B	02	00	0.0	1	0	2	0																						
2	ppu_public	90	14356918	142	176	88.0	mode3_enter	3	8A	00	0B	02	00	88.0	1	0	2	0																						
2	ppu_public	90	14356912	142	84	42.0	stat_sample	3	8B	00	0B	02	00	42.0	1	0	2	0																						
2	ppu_public	90	14357262	142	520	260.0	mode0_enter	0	8B	08	0B	02	00	260.0	1	0	2	0																						
2	ppu_public	90	14357256	142	257	128.5	stat_sample	0	88	08	0B	02	00	128.5	1	1	2	0																						
2	ppu_public	90	14357256	142	257	128.5	stat_irq_edge	0	88	08	0B	02	00	128.5	1	1	2	0																						
2	ppu_public	90	14357656	143	0	0.0	stat_sample	2	88	00	0B	02	00	0.0	1	0	2	0																						
2	ppu_public	90	14357656	143	2	1.0	mode2_irq_prepare	0	88	08	0B	02	00	1.0	1	0	2	0																						
2	ppu_public	90	14357664	143	0	0.0	stat_sample	2	8A	00	0B	02	00	0.0	1	0	2	0																						
2	ppu_public	90	14357662	143	8	4.0	mode2_enter	2	8A	00	0B	02	00	4.0	1	0	2	0																						
2	ppu_public	90	14357664	143	0	0.0	stat_sample	3	8A	00	0B	02	00	0.0	1	0	2	0																						
2	ppu_public	90	14357830	143	176	88.0	mode3_enter	3	8A	00	0B	02	00	88.0	1	0	2	0																						
2	ppu_public	90	14357824	143	84	42.0	stat_sample	3	8B	00	0B	02	00	42.0	1	0	2	0																						
2	ppu_public	90	14358174	143	520	260.0	mode0_enter	0	8B	08	0B	02	00	260.0	1	0	2	0																						
2	ppu_public	90	14358168	143	257	128.5	stat_sample	0	88	08	0B	02	00	128.5	1	1	2	0																						
2	ppu_public	90	14358168	143	257	128.5	stat_irq_edge	0	88	08	0B	02	00	128.5	1	1	2	0																						
2	ppu_public	90	14358568	144	0	0.0	stat_sample	0	88	08	0B	02	00	0.0	1	0	2	0																						
2	ppu_public	90	14358576	144	0	0.0	stat_sample	0	88	08	0B	02	00	0.0	1	0	2	0																						
2	ppu_public	90	14358576	144	0	0.0	stat_sample	1	89	00	0B	02	00	0.0	1	0	2	0																						
2	ppu_public	90	14357660	144	6	3.0	frame_vblank	1	89	00	0B	02	00	3.0	1	1	2	0																						
2	ppu_public	90	14357660	144	6	3.0	vblank_irq_edge	1	89	00	0B	02	00	3.0	1	1	2	0																						
2	initial_state	90	14359488	145	8	4.0		1	89		0B	02	00	4.0	1		2	0				FF40	91																	
2	initial_state	90	14359488	145	8	4.0		1	89		0B	02	00	4.0	1		2	0				FF41	89																	
2	initial_state	90	14359488	145	8	4.0		1	89		0B	02	00	4.0	1		2	0				FF42	00																	
2	initial_state	90	14359488	145	8	4.0		1	89		0B	02	00	4.0	1		2	0				FF43	00																	
2	initial_state	90	14359488	145	8	4.0		1	89		0B	02	00	4.0	1		2	0				FF45	00																	
2	cpu	90	14359488	145	8	4.0	write	1	89		0B	02	00	8.0	1		2	0				FF40	91					00	00	91	00	00		READ_OLD	14359488	4.0				
2	ppu_public	90	14359480	145	0	0.0	stat_sample	1	89	00	0B	02	00	0.0	1	0	2	0																						
2	ppu_public	90	14359488	145	0	0.0	stat_sample	1	89	00	0B	02	00	0.0	1	0	2	0																						
2	ppu_public	90	14360392	146	0	0.0	stat_sample	1	89	00	0B	02	00	0.0	1	0	2	0																						
2	ppu_public	90	14360400	146	0	0.0	stat_sample	1	89	00	0B	02	00	0.0	1	0	2	0																						
2	ppu_public	90	14361304	147	0	0.0	stat_sample	1	89	00	0B	02	00	0.0	1	0	2	0																						
2	ppu_public	90	14361312	147	0	0.0	stat_sample	1	89	00	0B	02	00	0.0	1	0	2	0																						
2	ppu_public	90	14362216	148	0	0.0	stat_sample	1	89	00	0B	02	00	0.0	1	0	2	0																						
2	ppu_public	90	14362224	148	0	0.0	stat_sample	1	89	00	0B	02	00	0.0	1	0	2	0																						
2	ppu_public	90	14363128	149	0	0.0	stat_sample	1	89	00	0B	02	00	0.0	1	0	2	0																						
2	ppu_public	90	14363136	149	0	0.0	stat_sample	1	89	00	0B	02	00	0.0	1	0	2	0																						
2	ppu_public	90	14364040	150	0	0.0	stat_sample	1	89	00	0B	02	00	0.0	1	0	2	0																						
2	ppu_public	90	14364048	150	0	0.0	stat_sample	1	89	00	0B	02	00	0.0	1	0	2	0																						
2	ppu_public	90	14364952	151	0	0.0	stat_sample	1	89	00	0B	02	00	0.0	1	0	2	0																						
2	ppu_public	90	14364960	151	0	0.0	stat_sample	1	89	00	0B	02	00	0.0	1	0	2	0																						
2	ppu_public	90	14365864	152	0	0.0	stat_sample	1	89	00	0B	02	00	0.0	1	0	2	0																						
2	ppu_public	90	14365872	152	0	0.0	stat_sample	1	89	00	0B	02	00	0.0	1	0	2	0																						
2	ppu_public	90	14366776	153	0	0.0	stat_sample	1	89	00	0B	02	00	0.0	1	0	2	0																						
2	ppu_public	90	14366784	153	0	0.0	stat_sample	1	89	00	0B	02	00	0.0	1	0	2	0																						
2	ppu_public	90	14366792	153	0	0.0	stat_sample	1	89	00	0B	02	00	0.0	1	0	2	0																						
2	ppu_public	90	14366800	153	0	0.0	stat_sample	1	8D	00	0B	02	00	0.0	1	0	2	0																						
2	ppu_public	90	14367688	0	0	0.0	stat_sample	1	8C	00	0B	02	00	0.0	1	0	2	0																						
2	ppu_public	91	14367688	0	2	1.0	mode2_irq_prepare	0	8C	08	0B	02	00	1.0	1	0	2	0																						
2	ppu_public	90	14367696	0	0	0.0	stat_sample	2	8E	00	0B	02	00	0.0	1	0	2	0																						
2	ppu_public	91	14367694	0	8	4.0	mode2_enter	2	8E	00	0B	02	00	4.0	1	0	2	0																						
2	ppu_public	90	14367696	0	0	0.0	stat_sample	3	8E	00	0B	02	00	0.0	1	0	2	0																						
2	ppu_public	90	14367862	0	176	88.0	mode3_enter_line0	3	8E	00	0B	02	00	88.0	1	0	2	0																						
2	ppu_public	90	14367856	0	84	42.0	stat_sample	3	8F	00	0B	02	00	42.0	1	0	2	0																						
2	ppu_public	90	14368206	0	520	260.0	mode0_enter	0	8F	08	0B	02	00	260.0	1	0	2	0																						
2	ppu_public	91	14368200	0	257	128.5	stat_sample	0	8C	08	0B	02	00	128.5	1	1	2	0																						
2	ppu_public	91	14368200	0	257	128.5	stat_irq_edge	0	8C	08	0B	02	00	128.5	1	1	2	0																						
2	ppu_public	91	14368600	1	0	0.0	stat_sample	2	88	00	0B	02	00	0.0	1	0	2	0																						
2	ppu_public	91	14368600	1	2	1.0	mode2_irq_prepare	0	88	08	0B	02	00	1.0	1	0	2	0																						
2	ppu_public	91	14368608	1	0	0.0	stat_sample	2	8A	00	0B	02	00	0.0	1	0	2	0																						
2	ppu_public	91	14368606	1	8	4.0	mode2_enter	2	8A	00	0B	02	00	4.0	1	0	2	0																						
2	ppu_public	91	14368608	1	0	0.0	stat_sample	3	8A	00	0B	02	00	0.0	1	0	2	0																						
2	ppu_public	91	14368774	1	176	88.0	mode3_enter	3	8A	00	0B	02	00	88.0	1	0	2	0																						
2	ppu_public	91	14368768	1	84	42.0	stat_sample	3	8B	00	0B	02	00	42.0	1	0	2	0																						
2	ppu_public	91	14369118	1	520	260.0	mode0_enter	0	8B	08	0B	02	00	260.0	1	0	2	0																						
2	ppu_public	91	14369112	1	257	128.5	stat_sample	0	88	08	0B	02	00	128.5	1	1	2	0																						
2	ppu_public	91	14369112	1	257	128.5	stat_irq_edge	0	88	08	0B	02	00	128.5	1	1	2	0																						
2	ppu_public	91	14369512	2	0	0.0	stat_sample	2	88	00	0B	02	00	0.0	1	0	2	0																						
2	ppu_public	91	14369512	2	2	1.0	mode2_irq_prepare	0	88	08	0B	02	00	1.0	1	0	2	0																						
2	ppu_public	91	14369520	2	0	0.0	stat_sample	2	8A	00	0B	02	00	0.0	1	0	2	0																						
2	ppu_public	91	14369518	2	8	4.0	mode2_enter	2	8A	00	0B	02	00	4.0	1	0	2	0																						
2	ppu_public	91	14369520	2	0	0.0	stat_sample	3	8A	00	0B	02	00	0.0	1	0	2	0																						
2	ppu_public	91	14369686	2	176	88.0	mode3_enter	3	8A	00	0B	02	00	88.0	1	0	2	0																						
2	ppu_public	91	14369680	2	84	42.0	stat_sample	3	8B	00	0B	02	00	42.0	1	0	2	0																						
2	ppu_public	91	14370030	2	520	260.0	mode0_enter	0	8B	08	0B	02	00	260.0	1	0	2	0																						
2	ppu_public	91	14370024	2	257	128.5	stat_sample	0	88	08	0B	02	00	128.5	1	1	2	0																						
2	ppu_public	91	14370024	2	257	128.5	stat_irq_edge	0	88	08	0B	02	00	128.5	1	1	2	0																						
2	ppu_public	91	14370424	3	0	0.0	stat_sample	2	88	00	0B	02	00	0.0	1	0	2	0																						
2	ppu_public	91	14370424	3	2	1.0	mode2_irq_prepare	0	88	08	0B	02	00	1.0	1	0	2	0																						
2	ppu_public	91	14370432	3	0	0.0	stat_sample	2	8A	00	0B	02	00	0.0	1	0	2	0																						
2	ppu_public	91	14370430	3	8	4.0	mode2_enter	2	8A	00	0B	02	00	4.0	1	0	2	0																						
2	ppu_public	91	14370432	3	0	0.0	stat_sample	3	8A	00	0B	02	00	0.0	1	0	2	0																						
2	ppu_public	91	14370598	3	176	88.0	mode3_enter	3	8A	00	0B	02	00	88.0	1	0	2	0																						
2	ppu_public	91	14370592	3	84	42.0	stat_sample	3	8B	00	0B	02	00	42.0	1	0	2	0																						
2	ppu_public	91	14370942	3	520	260.0	mode0_enter	0	8B	08	0B	02	00	260.0	1	0	2	0																						
2	ppu_public	91	14370936	3	257	128.5	stat_sample	0	88	08	0B	02	00	128.5	1	1	2	0																						
2	ppu_public	91	14370936	3	257	128.5	stat_irq_edge	0	88	08	0B	02	00	128.5	1	1	2	0																						
2	ppu_public	91	14371336	4	0	0.0	stat_sample	2	88	00	0B	02	00	0.0	1	0	2	0																						
2	ppu_public	91	14371336	4	2	1.0	mode2_irq_prepare	0	88	08	0B	02	00	1.0	1	0	2	0																						
2	ppu_public	91	14371344	4	0	0.0	stat_sample	2	8A	00	0B	02	00	0.0	1	0	2	0																						
2	ppu_public	91	14371342	4	8	4.0	mode2_enter	2	8A	00	0B	02	00	4.0	1	0	2	0																						
2	ppu_public	91	14371344	4	0	0.0	stat_sample	3	8A	00	0B	02	00	0.0	1	0	2	0																						
2	ppu_public	91	14371510	4	176	88.0	mode3_enter	3	8A	00	0B	02	00	88.0	1	0	2	0																						
2	ppu_public	91	14371504	4	84	42.0	stat_sample	3	8B	00	0B	02	00	42.0	1	0	2	0																						
2	ppu_public	91	14371854	4	520	260.0	mode0_enter	0	8B	08	0B	02	00	260.0	1	0	2	0																						
2	ppu_public	91	14371848	4	257	128.5	stat_sample	0	88	08	0B	02	00	128.5	1	1	2	0																						
2	ppu_public	91	14371848	4	257	128.5	stat_irq_edge	0	88	08	0B	02	00	128.5	1	1	2	0																						
2	ppu_public	91	14372248	5	0	0.0	stat_sample	2	88	00	0B	02	00	0.0	1	0	2	0																						
2	ppu_public	91	14372248	5	2	1.0	mode2_irq_prepare	0	88	08	0B	02	00	1.0	1	0	2	0																						
2	ppu_public	91	14372256	5	0	0.0	stat_sample	2	8A	00	0B	02	00	0.0	1	0	2	0																						
2	ppu_public	91	14372254	5	8	4.0	mode2_enter	2	8A	00	0B	02	00	4.0	1	0	2	0																						
2	ppu_public	91	14372256	5	0	0.0	stat_sample	3	8A	00	0B	02	00	0.0	1	0	2	0																						
2	ppu_public	91	14372422	5	176	88.0	mode3_enter	3	8A	00	0B	02	00	88.0	1	0	2	0																						
2	ppu_public	91	14372416	5	84	42.0	stat_sample	3	8B	00	0B	02	00	42.0	1	0	2	0																						
2	ppu_public	91	14372766	5	520	260.0	mode0_enter	0	8B	08	0B	02	00	260.0	1	0	2	0																						
2	ppu_public	91	14372760	5	257	128.5	stat_sample	0	88	08	0B	02	00	128.5	1	1	2	0																						
2	ppu_public	91	14372760	5	257	128.5	stat_irq_edge	0	88	08	0B	02	00	128.5	1	1	2	0																						
2	ppu_public	91	14373160	6	0	0.0	stat_sample	2	88	00	0B	02	00	0.0	1	0	2	0																						
2	ppu_public	91	14373160	6	2	1.0	mode2_irq_prepare	0	88	08	0B	02	00	1.0	1	0	2	0																						
2	ppu_public	91	14373168	6	0	0.0	stat_sample	2	8A	00	0B	02	00	0.0	1	0	2	0																						
2	ppu_public	91	14373166	6	8	4.0	mode2_enter	2	8A	00	0B	02	00	4.0	1	0	2	0																						
2	ppu_public	91	14373168	6	0	0.0	stat_sample	3	8A	00	0B	02	00	0.0	1	0	2	0																						
2	ppu_public	91	14373334	6	176	88.0	mode3_enter	3	8A	00	0B	02	00	88.0	1	0	2	0																						
2	ppu_public	91	14373328	6	84	42.0	stat_sample	3	8B	00	0B	02	00	42.0	1	0	2	0																						
2	ppu_public	91	14373678	6	520	260.0	mode0_enter	0	8B	08	0B	02	00	260.0	1	0	2	0																						
2	ppu_public	91	14373672	6	257	128.5	stat_sample	0	88	08	0B	02	00	128.5	1	1	2	0																						
2	ppu_public	91	14373672	6	257	128.5	stat_irq_edge	0	88	08	0B	02	00	128.5	1	1	2	0																						
2	ppu_public	91	14374072	7	0	0.0	stat_sample	2	88	00	0B	02	00	0.0	1	0	2	0																						
2	ppu_public	91	14374072	7	2	1.0	mode2_irq_prepare	0	88	08	0B	02	00	1.0	1	0	2	0																						
2	ppu_public	91	14374080	7	0	0.0	stat_sample	2	8A	00	0B	02	00	0.0	1	0	2	0																						
2	ppu_public	91	14374078	7	8	4.0	mode2_enter	2	8A	00	0B	02	00	4.0	1	0	2	0																						
2	ppu_public	91	14374080	7	0	0.0	stat_sample	3	8A	00	0B	02	00	0.0	1	0	2	0																						
2	ppu_public	91	14374246	7	176	88.0	mode3_enter	3	8A	00	0B	02	00	88.0	1	0	2	0																						
2	ppu_public	91	14374240	7	84	42.0	stat_sample	3	8B	00	0B	02	00	42.0	1	0	2	0																						
2	ppu_public	91	14374590	7	520	260.0	mode0_enter	0	8B	08	0B	02	00	260.0	1	0	2	0																						
2	ppu_public	91	14374584	7	257	128.5	stat_sample	0	88	08	0B	02	00	128.5	1	1	2	0																						
2	ppu_public	91	14374584	7	257	128.5	stat_irq_edge	0	88	08	0B	02	00	128.5	1	1	2	0																						
2	ppu_public	91	14374984	8	0	0.0	stat_sample	2	88	00	0B	02	00	0.0	1	0	2	0																						
2	ppu_public	91	14374984	8	2	1.0	mode2_irq_prepare	0	88	08	0B	02	00	1.0	1	0	2	0																						
2	ppu_public	91	14374992	8	0	0.0	stat_sample	2	8A	00	0B	02	00	0.0	1	0	2	0																						
2	ppu_public	91	14374990	8	8	4.0	mode2_enter	2	8A	00	0B	02	00	4.0	1	0	2	0																						
2	ppu_public	91	14374992	8	0	0.0	stat_sample	3	8A	00	0B	02	00	0.0	1	0	2	0																						
2	ppu_public	91	14375158	8	176	88.0	mode3_enter	3	8A	00	0B	02	00	88.0	1	0	2	0																						
2	ppu_public	91	14375152	8	84	42.0	stat_sample	3	8B	00	0B	02	00	42.0	1	0	2	0																						
2	ppu_public	91	14375502	8	520	260.0	mode0_enter	0	8B	08	0B	02	00	260.0	1	0	2	0																						
2	ppu_public	91	14375496	8	257	128.5	stat_sample	0	88	08	0B	02	00	128.5	1	1	2	0																						
2	ppu_public	91	14375496	8	257	128.5	stat_irq_edge	0	88	08	0B	02	00	128.5	1	1	2	0																						
2	ppu_public	91	14375896	9	0	0.0	stat_sample	2	88	00	0B	02	00	0.0	1	0	2	0																						
2	ppu_public	91	14375896	9	2	1.0	mode2_irq_prepare	0	88	08	0B	02	00	1.0	1	0	2	0																						
2	ppu_public	91	14375904	9	0	0.0	stat_sample	2	8A	00	0B	02	00	0.0	1	0	2	0																						
2	ppu_public	91	14375902	9	8	4.0	mode2_enter	2	8A	00	0B	02	00	4.0	1	0	2	0																						
2	ppu_public	91	14375904	9	0	0.0	stat_sample	3	8A	00	0B	02	00	0.0	1	0	2	0																						
2	ppu_public	91	14376070	9	176	88.0	mode3_enter	3	8A	00	0B	02	00	88.0	1	0	2	0																						
2	ppu_public	91	14376064	9	84	42.0	stat_sample	3	8B	00	0B	02	00	42.0	1	0	2	0																						
2	ppu_public	91	14376414	9	520	260.0	mode0_enter	0	8B	08	0B	02	00	260.0	1	0	2	0																						
2	ppu_public	91	14376408	9	257	128.5	stat_sample	0	88	08	0B	02	00	128.5	1	1	2	0																						
2	ppu_public	91	14376408	9	257	128.5	stat_irq_edge	0	88	08	0B	02	00	128.5	1	1	2	0																						
2	ppu_public	91	14376808	10	0	0.0	stat_sample	2	88	00	0B	02	00	0.0	1	0	2	0																						
2	ppu_public	91	14376808	10	2	1.0	mode2_irq_prepare	0	88	08	0B	02	00	1.0	1	0	2	0																						
2	ppu_public	91	14376816	10	0	0.0	stat_sample	2	8A	00	0B	02	00	0.0	1	0	2	0																						
2	ppu_public	91	14376814	10	8	4.0	mode2_enter	2	8A	00	0B	02	00	4.0	1	0	2	0																						
2	ppu_public	91	14376816	10	0	0.0	stat_sample	3	8A	00	0B	02	00	0.0	1	0	2	0																						
2	ppu_public	91	14376982	10	176	88.0	mode3_enter	3	8A	00	0B	02	00	88.0	1	0	2	0																						
2	ppu_public	91	14376976	10	84	42.0	stat_sample	3	8B	00	0B	02	00	42.0	1	0	2	0																						
2	ppu_public	91	14377326	10	520	260.0	mode0_enter	0	8B	08	0B	02	00	260.0	1	0	2	0																						
2	ppu_public	91	14377320	10	257	128.5	stat_sample	0	88	08	0B	02	00	128.5	1	1	2	0																						
2	ppu_public	91	14377320	10	257	128.5	stat_irq_edge	0	88	08	0B	02	00	128.5	1	1	2	0																						
2	ppu_public	91	14377720	11	0	0.0	stat_sample	2	88	00	0B	02	00	0.0	1	0	2	0																						
2	ppu_public	91	14377720	11	2	1.0	mode2_irq_prepare	0	88	08	0B	02	00	1.0	1	0	2	0																						
2	ppu_public	91	14377728	11	0	0.0	stat_sample	2	8A	00	0B	02	00	0.0	1	0	2	0																						
2	ppu_public	91	14377726	11	8	4.0	mode2_enter	2	8A	00	0B	02	00	4.0	1	0	2	0																						
2	ppu_public	91	14377728	11	0	0.0	stat_sample	3	8A	00	0B	02	00	0.0	1	0	2	0																						
2	ppu_public	91	14377894	11	176	88.0	mode3_enter	3	8A	00	0B	02	00	88.0	1	0	2	0																						
2	ppu_public	91	14377888	11	84	42.0	stat_sample	3	8B	00	0B	02	00	42.0	1	0	2	0																						
2	ppu_public	91	14378238	11	520	260.0	mode0_enter	0	8B	08	0B	02	00	260.0	1	0	2	0																						
2	ppu_public	91	14378232	11	257	128.5	stat_sample	0	88	08	0B	02	00	128.5	1	1	2	0																						
2	ppu_public	91	14378232	11	257	128.5	stat_irq_edge	0	88	08	0B	02	00	128.5	1	1	2	0																						
2	ppu_public	91	14378632	12	0	0.0	stat_sample	2	88	00	0B	02	00	0.0	1	0	2	0																						
2	ppu_public	91	14378632	12	2	1.0	mode2_irq_prepare	0	88	08	0B	02	00	1.0	1	0	2	0																						
2	ppu_public	91	14378640	12	0	0.0	stat_sample	2	8A	00	0B	02	00	0.0	1	0	2	0																						
2	ppu_public	91	14378638	12	8	4.0	mode2_enter	2	8A	00	0B	02	00	4.0	1	0	2	0																						
2	ppu_public	91	14378640	12	0	0.0	stat_sample	3	8A	00	0B	02	00	0.0	1	0	2	0																						
2	ppu_public	91	14378806	12	176	88.0	mode3_enter	3	8A	00	0B	02	00	88.0	1	0	2	0																						
2	ppu_public	91	14378800	12	84	42.0	stat_sample	3	8B	00	0B	02	00	42.0	1	0	2	0																						
2	ppu_public	91	14379150	12	520	260.0	mode0_enter	0	8B	08	0B	02	00	260.0	1	0	2	0																						
2	ppu_public	91	14379144	12	257	128.5	stat_sample	0	88	08	0B	02	00	128.5	1	1	2	0																						
2	ppu_public	91	14379144	12	257	128.5	stat_irq_edge	0	88	08	0B	02	00	128.5	1	1	2	0																						
2	ppu_public	91	14379544	13	0	0.0	stat_sample	2	88	00	0B	02	00	0.0	1	0	2	0																						
2	ppu_public	91	14379544	13	2	1.0	mode2_irq_prepare	0	88	08	0B	02	00	1.0	1	0	2	0																						
2	ppu_public	91	14379552	13	0	0.0	stat_sample	2	8A	00	0B	02	00	0.0	1	0	2	0																						
2	ppu_public	91	14379550	13	8	4.0	mode2_enter	2	8A	00	0B	02	00	4.0	1	0	2	0																						
2	ppu_public	91	14379552	13	0	0.0	stat_sample	3	8A	00	0B	02	00	0.0	1	0	2	0																						
2	ppu_public	91	14379718	13	176	88.0	mode3_enter	3	8A	00	0B	02	00	88.0	1	0	2	0																						
2	ppu_public	91	14379712	13	84	42.0	stat_sample	3	8B	00	0B	02	00	42.0	1	0	2	0																						
2	ppu_public	91	14380062	13	520	260.0	mode0_enter	0	8B	08	0B	02	00	260.0	1	0	2	0																						
2	ppu_public	91	14380056	13	257	128.5	stat_sample	0	88	08	0B	02	00	128.5	1	1	2	0																						
2	ppu_public	91	14380056	13	257	128.5	stat_irq_edge	0	88	08	0B	02	00	128.5	1	1	2	0																						
2	ppu_public	91	14380456	14	0	0.0	stat_sample	2	88	00	0B	02	00	0.0	1	0	2	0																						
2	ppu_public	91	14380456	14	2	1.0	mode2_irq_prepare	0	88	08	0B	02	00	1.0	1	0	2	0																						
2	ppu_public	91	14380464	14	0	0.0	stat_sample	2	8A	00	0B	02	00	0.0	1	0	2	0																						
2	ppu_public	91	14380462	14	8	4.0	mode2_enter	2	8A	00	0B	02	00	4.0	1	0	2	0																						
2	ppu_public	91	14380464	14	0	0.0	stat_sample	3	8A	00	0B	02	00	0.0	1	0	2	0																						
2	ppu_public	91	14380630	14	176	88.0	mode3_enter	3	8A	00	0B	02	00	88.0	1	0	2	0																						
2	ppu_public	91	14380624	14	84	42.0	stat_sample	3	8B	00	0B	02	00	42.0	1	0	2	0																						
2	ppu_public	91	14380974	14	520	260.0	mode0_enter	0	8B	08	0B	02	00	260.0	1	0	2	0																						
2	ppu_public	91	14380968	14	257	128.5	stat_sample	0	88	08	0B	02	00	128.5	1	1	2	0																						
2	ppu_public	91	14380968	14	257	128.5	stat_irq_edge	0	88	08	0B	02	00	128.5	1	1	2	0																						
2	ppu_public	91	14381368	15	0	0.0	stat_sample	2	88	00	0B	02	00	0.0	1	0	2	0																						
2	ppu_public	91	14381368	15	2	1.0	mode2_irq_prepare	0	88	08	0B	02	00	1.0	1	0	2	0																						
2	ppu_public	91	14381376	15	0	0.0	stat_sample	2	8A	00	0B	02	00	0.0	1	0	2	0																						
2	ppu_public	91	14381374	15	8	4.0	mode2_enter	2	8A	00	0B	02	00	4.0	1	0	2	0																						
2	ppu_public	91	14381376	15	0	0.0	stat_sample	3	8A	00	0B	02	00	0.0	1	0	2	0																						
2	ppu_public	91	14381542	15	176	88.0	mode3_enter	3	8A	00	0B	02	00	88.0	1	0	2	0																						
2	ppu_public	91	14381536	15	84	42.0	stat_sample	3	8B	00	0B	02	00	42.0	1	0	2	0																						
2	ppu_public	91	14381886	15	520	260.0	mode0_enter	0	8B	08	0B	02	00	260.0	1	0	2	0																						
2	ppu_public	91	14381880	15	257	128.5	stat_sample	0	88	08	0B	02	00	128.5	1	1	2	0																						
2	ppu_public	91	14381880	15	257	128.5	stat_irq_edge	0	88	08	0B	02	00	128.5	1	1	2	0																						
2	ppu_public	91	14382280	16	0	0.0	stat_sample	2	88	00	0B	02	00	0.0	1	0	2	0																						
2	ppu_public	91	14382280	16	2	1.0	mode2_irq_prepare	0	88	08	0B	02	00	1.0	1	0	2	0																						
2	ppu_public	91	14382288	16	0	0.0	stat_sample	2	8A	00	0B	02	00	0.0	1	0	2	0																						
2	ppu_public	91	14382286	16	8	4.0	mode2_enter	2	8A	00	0B	02	00	4.0	1	0	2	0																						
2	ppu_public	91	14382288	16	0	0.0	stat_sample	3	8A	00	0B	02	00	0.0	1	0	2	0																						
2	ppu_public	91	14382454	16	176	88.0	mode3_enter	3	8A	00	0B	02	00	88.0	1	0	2	0																						
2	ppu_public	91	14382448	16	84	42.0	stat_sample	3	8B	00	0B	02	00	42.0	1	0	2	0																						
2	ppu_public	91	14382798	16	520	260.0	mode0_enter	0	8B	08	0B	02	00	260.0	1	0	2	0																						
2	ppu_public	91	14382792	16	257	128.5	stat_sample	0	88	08	0B	02	00	128.5	1	1	2	0																						
2	ppu_public	91	14382792	16	257	128.5	stat_irq_edge	0	88	08	0B	02	00	128.5	1	1	2	0																						
2	ppu_public	91	14383192	17	0	0.0	stat_sample	2	88	00	0B	02	00	0.0	1	0	2	0																						
2	ppu_public	91	14383192	17	2	1.0	mode2_irq_prepare	0	88	08	0B	02	00	1.0	1	0	2	0																						
2	ppu_public	91	14383200	17	0	0.0	stat_sample	2	8A	00	0B	02	00	0.0	1	0	2	0																						
2	ppu_public	91	14383198	17	8	4.0	mode2_enter	2	8A	00	0B	02	00	4.0	1	0	2	0																						
2	ppu_public	91	14383200	17	0	0.0	stat_sample	3	8A	00	0B	02	00	0.0	1	0	2	0																						
2	ppu_public	91	14383366	17	176	88.0	mode3_enter	3	8A	00	0B	02	00	88.0	1	0	2	0																						
2	ppu_public	91	14383360	17	84	42.0	stat_sample	3	8B	00	0B	02	00	42.0	1	0	2	0																						
2	ppu_public	91	14383710	17	520	260.0	mode0_enter	0	8B	08	0B	02	00	260.0	1	0	2	0																						
2	ppu_public	91	14383704	17	257	128.5	stat_sample	0	88	08	0B	02	00	128.5	1	1	2	0																						
2	ppu_public	91	14383704	17	257	128.5	stat_irq_edge	0	88	08	0B	02	00	128.5	1	1	2	0																						
2	ppu_public	91	14384104	18	0	0.0	stat_sample	2	88	00	0B	02	00	0.0	1	0	2	0																						
2	ppu_public	91	14384104	18	2	1.0	mode2_irq_prepare	0	88	08	0B	02	00	1.0	1	0	2	0																						
2	ppu_public	91	14384112	18	0	0.0	stat_sample	2	8A	00	0B	02	00	0.0	1	0	2	0																						
2	ppu_public	91	14384110	18	8	4.0	mode2_enter	2	8A	00	0B	02	00	4.0	1	0	2	0																						
2	ppu_public	91	14384112	18	0	0.0	stat_sample	3	8A	00	0B	02	00	0.0	1	0	2	0																						
2	ppu_public	91	14384278	18	176	88.0	mode3_enter	3	8A	00	0B	02	00	88.0	1	0	2	0																						
2	ppu_public	91	14384272	18	84	42.0	stat_sample	3	8B	00	0B	02	00	42.0	1	0	2	0																						
2	ppu_public	91	14384622	18	520	260.0	mode0_enter	0	8B	08	0B	02	00	260.0	1	0	2	0																						
2	ppu_public	91	14384616	18	257	128.5	stat_sample	0	88	08	0B	02	00	128.5	1	1	2	0																						
2	ppu_public	91	14384616	18	257	128.5	stat_irq_edge	0	88	08	0B	02	00	128.5	1	1	2	0																						
2	ppu_public	91	14385016	19	0	0.0	stat_sample	2	88	00	0B	02	00	0.0	1	0	2	0																						
2	ppu_public	91	14385016	19	2	1.0	mode2_irq_prepare	0	88	08	0B	02	00	1.0	1	0	2	0																						
2	ppu_public	91	14385024	19	0	0.0	stat_sample	2	8A	00	0B	02	00	0.0	1	0	2	0																						
2	ppu_public	91	14385022	19	8	4.0	mode2_enter	2	8A	00	0B	02	00	4.0	1	0	2	0																						
2	ppu_public	91	14385024	19	0	0.0	stat_sample	3	8A	00	0B	02	00	0.0	1	0	2	0																						
2	ppu_public	91	14385190	19	176	88.0	mode3_enter	3	8A	00	0B	02	00	88.0	1	0	2	0																						
2	ppu_public	91	14385184	19	84	42.0	stat_sample	3	8B	00	0B	02	00	42.0	1	0	2	0																						
2	ppu_public	91	14385534	19	520	260.0	mode0_enter	0	8B	08	0B	02	00	260.0	1	0	2	0																						
2	ppu_public	91	14385528	19	257	128.5	stat_sample	0	88	08	0B	02	00	128.5	1	1	2	0																						
2	ppu_public	91	14385528	19	257	128.5	stat_irq_edge	0	88	08	0B	02	00	128.5	1	1	2	0																						
2	ppu_public	91	14385928	20	0	0.0	stat_sample	2	88	00	0B	02	00	0.0	1	0	2	0																						
2	ppu_public	91	14385928	20	2	1.0	mode2_irq_prepare	0	88	08	0B	02	00	1.0	1	0	2	0																						
2	ppu_public	91	14385936	20	0	0.0	stat_sample	2	8A	00	0B	02	00	0.0	1	0	2	0																						
2	ppu_public	91	14385934	20	8	4.0	mode2_enter	2	8A	00	0B	02	00	4.0	1	0	2	0																						
2	ppu_public	91	14385936	20	0	0.0	stat_sample	3	8A	00	0B	02	00	0.0	1	0	2	0																						
2	ppu_public	91	14386102	20	176	88.0	mode3_enter	3	8A	00	0B	02	00	88.0	1	0	2	0																						
2	ppu_public	91	14386096	20	84	42.0	stat_sample	3	8B	00	0B	02	00	42.0	1	0	2	0																						
2	ppu_public	91	14386446	20	520	260.0	mode0_enter	0	8B	08	0B	02	00	260.0	1	0	2	0																						
2	ppu_public	91	14386440	20	257	128.5	stat_sample	0	88	08	0B	02	00	128.5	1	1	2	0																						
2	ppu_public	91	14386440	20	257	128.5	stat_irq_edge	0	88	08	0B	02	00	128.5	1	1	2	0																						
2	ppu_public	91	14386840	21	0	0.0	stat_sample	2	88	00	0B	02	00	0.0	1	0	2	0																						
2	ppu_public	91	14386840	21	2	1.0	mode2_irq_prepare	0	88	08	0B	02	00	1.0	1	0	2	0																						
2	ppu_public	91	14386848	21	0	0.0	stat_sample	2	8A	00	0B	02	00	0.0	1	0	2	0																						
2	ppu_public	91	14386846	21	8	4.0	mode2_enter	2	8A	00	0B	02	00	4.0	1	0	2	0																						
2	ppu_public	91	14386848	21	0	0.0	stat_sample	3	8A	00	0B	02	00	0.0	1	0	2	0																						
2	ppu_public	91	14387014	21	176	88.0	mode3_enter	3	8A	00	0B	02	00	88.0	1	0	2	0																						
2	ppu_public	91	14387008	21	84	42.0	stat_sample	3	8B	00	0B	02	00	42.0	1	0	2	0																						
2	ppu_public	91	14387358	21	520	260.0	mode0_enter	0	8B	08	0B	02	00	260.0	1	0	2	0																						
2	ppu_public	91	14387352	21	257	128.5	stat_sample	0	88	08	0B	02	00	128.5	1	1	2	0																						
2	ppu_public	91	14387352	21	257	128.5	stat_irq_edge	0	88	08	0B	02	00	128.5	1	1	2	0																						
2	ppu_public	91	14387752	22	0	0.0	stat_sample	2	88	00	0B	02	00	0.0	1	0	2	0																						
2	ppu_public	91	14387752	22	2	1.0	mode2_irq_prepare	0	88	08	0B	02	00	1.0	1	0	2	0																						
2	ppu_public	91	14387760	22	0	0.0	stat_sample	2	8A	00	0B	02	00	0.0	1	0	2	0																						
2	ppu_public	91	14387758	22	8	4.0	mode2_enter	2	8A	00	0B	02	00	4.0	1	0	2	0																						
2	ppu_public	91	14387760	22	0	0.0	stat_sample	3	8A	00	0B	02	00	0.0	1	0	2	0																						
2	ppu_public	91	14387926	22	176	88.0	mode3_enter	3	8A	00	0B	02	00	88.0	1	0	2	0																						
2	ppu_public	91	14387920	22	84	42.0	stat_sample	3	8B	00	0B	02	00	42.0	1	0	2	0																						
2	ppu_public	91	14388270	22	520	260.0	mode0_enter	0	8B	08	0B	02	00	260.0	1	0	2	0																						
2	ppu_public	91	14388264	22	257	128.5	stat_sample	0	88	08	0B	02	00	128.5	1	1	2	0																						
2	ppu_public	91	14388264	22	257	128.5	stat_irq_edge	0	88	08	0B	02	00	128.5	1	1	2	0																						
2	ppu_public	91	14388664	23	0	0.0	stat_sample	2	88	00	0B	02	00	0.0	1	0	2	0																						
2	ppu_public	91	14388664	23	2	1.0	mode2_irq_prepare	0	88	08	0B	02	00	1.0	1	0	2	0																						
2	ppu_public	91	14388672	23	0	0.0	stat_sample	2	8A	00	0B	02	00	0.0	1	0	2	0																						
2	ppu_public	91	14388670	23	8	4.0	mode2_enter	2	8A	00	0B	02	00	4.0	1	0	2	0																						
2	ppu_public	91	14388672	23	0	0.0	stat_sample	3	8A	00	0B	02	00	0.0	1	0	2	0																						
2	ppu_public	91	14388838	23	176	88.0	mode3_enter	3	8A	00	0B	02	00	88.0	1	0	2	0																						
2	ppu_public	91	14388832	23	84	42.0	stat_sample	3	8B	00	0B	02	00	42.0	1	0	2	0																						
2	ppu_public	91	14389182	23	520	260.0	mode0_enter	0	8B	08	0B	02	00	260.0	1	0	2	0																						
2	ppu_public	91	14389176	23	257	128.5	stat_sample	0	88	08	0B	02	00	128.5	1	1	2	0																						
2	ppu_public	91	14389176	23	257	128.5	stat_irq_edge	0	88	08	0B	02	00	128.5	1	1	2	0																						
2	ppu_public	91	14389576	24	0	0.0	stat_sample	2	88	00	0B	02	00	0.0	1	0	2	0																						
2	ppu_public	91	14389576	24	2	1.0	mode2_irq_prepare	0	88	08	0B	02	00	1.0	1	0	2	0																						
2	ppu_public	91	14389584	24	0	0.0	stat_sample	2	8A	00	0B	02	00	0.0	1	0	2	0																						
2	ppu_public	91	14389582	24	8	4.0	mode2_enter	2	8A	00	0B	02	00	4.0	1	0	2	0																						
2	ppu_public	91	14389584	24	0	0.0	stat_sample	3	8A	00	0B	02	00	0.0	1	0	2	0																						
2	ppu_public	91	14389750	24	176	88.0	mode3_enter	3	8A	00	0B	02	00	88.0	1	0	2	0																						
2	ppu_public	91	14389744	24	84	42.0	stat_sample	3	8B	00	0B	02	00	42.0	1	0	2	0																						
2	ppu_public	91	14390094	24	520	260.0	mode0_enter	0	8B	08	0B	02	00	260.0	1	0	2	0																						
2	ppu_public	91	14390088	24	257	128.5	stat_sample	0	88	08	0B	02	00	128.5	1	1	2	0																						
2	ppu_public	91	14390088	24	257	128.5	stat_irq_edge	0	88	08	0B	02	00	128.5	1	1	2	0																						
2	ppu_public	91	14390488	25	0	0.0	stat_sample	2	88	00	0B	02	00	0.0	1	0	2	0																						
2	ppu_public	91	14390488	25	2	1.0	mode2_irq_prepare	0	88	08	0B	02	00	1.0	1	0	2	0																						
2	ppu_public	91	14390496	25	0	0.0	stat_sample	2	8A	00	0B	02	00	0.0	1	0	2	0																						
2	ppu_public	91	14390494	25	8	4.0	mode2_enter	2	8A	00	0B	02	00	4.0	1	0	2	0																						
2	ppu_public	91	14390496	25	0	0.0	stat_sample	3	8A	00	0B	02	00	0.0	1	0	2	0																						
2	ppu_public	91	14390662	25	176	88.0	mode3_enter	3	8A	00	0B	02	00	88.0	1	0	2	0																						
2	ppu_public	91	14390656	25	84	42.0	stat_sample	3	8B	00	0B	02	00	42.0	1	0	2	0																						
2	ppu_public	91	14391006	25	520	260.0	mode0_enter	0	8B	08	0B	02	00	260.0	1	0	2	0																						
2	ppu_public	91	14391000	25	257	128.5	stat_sample	0	88	08	0B	02	00	128.5	1	1	2	0																						
2	ppu_public	91	14391000	25	257	128.5	stat_irq_edge	0	88	08	0B	02	00	128.5	1	1	2	0																						
2	ppu_public	91	14391400	26	0	0.0	stat_sample	2	88	00	0B	02	00	0.0	1	0	2	0																						
2	ppu_public	91	14391400	26	2	1.0	mode2_irq_prepare	0	88	08	0B	02	00	1.0	1	0	2	0																						
2	ppu_public	91	14391408	26	0	0.0	stat_sample	2	8A	00	0B	02	00	0.0	1	0	2	0																						
2	ppu_public	91	14391406	26	8	4.0	mode2_enter	2	8A	00	0B	02	00	4.0	1	0	2	0																						
2	ppu_public	91	14391408	26	0	0.0	stat_sample	3	8A	00	0B	02	00	0.0	1	0	2	0																						
2	ppu_public	91	14391574	26	176	88.0	mode3_enter	3	8A	00	0B	02	00	88.0	1	0	2	0																						
2	ppu_public	91	14391568	26	84	42.0	stat_sample	3	8B	00	0B	02	00	42.0	1	0	2	0																						
2	ppu_public	91	14391918	26	520	260.0	mode0_enter	0	8B	08	0B	02	00	260.0	1	0	2	0																						
2	ppu_public	91	14391912	26	257	128.5	stat_sample	0	88	08	0B	02	00	128.5	1	1	2	0																						
2	ppu_public	91	14391912	26	257	128.5	stat_irq_edge	0	88	08	0B	02	00	128.5	1	1	2	0																						
2	ppu_public	91	14392312	27	0	0.0	stat_sample	2	88	00	0B	02	00	0.0	1	0	2	0																						
2	ppu_public	91	14392312	27	2	1.0	mode2_irq_prepare	0	88	08	0B	02	00	1.0	1	0	2	0																						
2	ppu_public	91	14392320	27	0	0.0	stat_sample	2	8A	00	0B	02	00	0.0	1	0	2	0																						
2	ppu_public	91	14392318	27	8	4.0	mode2_enter	2	8A	00	0B	02	00	4.0	1	0	2	0																						
2	ppu_public	91	14392320	27	0	0.0	stat_sample	3	8A	00	0B	02	00	0.0	1	0	2	0																						
2	ppu_public	91	14392486	27	176	88.0	mode3_enter	3	8A	00	0B	02	00	88.0	1	0	2	0																						
2	ppu_public	91	14392480	27	84	42.0	stat_sample	3	8B	00	0B	02	00	42.0	1	0	2	0																						
2	ppu_public	91	14392830	27	520	260.0	mode0_enter	0	8B	08	0B	02	00	260.0	1	0	2	0																						
2	ppu_public	91	14392824	27	257	128.5	stat_sample	0	88	08	0B	02	00	128.5	1	1	2	0																						
2	ppu_public	91	14392824	27	257	128.5	stat_irq_edge	0	88	08	0B	02	00	128.5	1	1	2	0																						
2	ppu_public	91	14393224	28	0	0.0	stat_sample	2	88	00	0B	02	00	0.0	1	0	2	0																						
2	ppu_public	91	14393224	28	2	1.0	mode2_irq_prepare	0	88	08	0B	02	00	1.0	1	0	2	0																						
2	ppu_public	91	14393232	28	0	0.0	stat_sample	2	8A	00	0B	02	00	0.0	1	0	2	0																						
2	ppu_public	91	14393230	28	8	4.0	mode2_enter	2	8A	00	0B	02	00	4.0	1	0	2	0																						
2	ppu_public	91	14393232	28	0	0.0	stat_sample	3	8A	00	0B	02	00	0.0	1	0	2	0																						
2	ppu_public	91	14393398	28	176	88.0	mode3_enter	3	8A	00	0B	02	00	88.0	1	0	2	0																						
2	ppu_public	91	14393392	28	84	42.0	stat_sample	3	8B	00	0B	02	00	42.0	1	0	2	0																						
2	ppu_public	91	14393742	28	520	260.0	mode0_enter	0	8B	08	0B	02	00	260.0	1	0	2	0																						
2	ppu_public	91	14393736	28	257	128.5	stat_sample	0	88	08	0B	02	00	128.5	1	1	2	0																						
2	ppu_public	91	14393736	28	257	128.5	stat_irq_edge	0	88	08	0B	02	00	128.5	1	1	2	0																						
2	ppu_public	91	14394136	29	0	0.0	stat_sample	2	88	00	0B	02	00	0.0	1	0	2	0																						
2	ppu_public	91	14394136	29	2	1.0	mode2_irq_prepare	0	88	08	0B	02	00	1.0	1	0	2	0																						
2	ppu_public	91	14394144	29	0	0.0	stat_sample	2	8A	00	0B	02	00	0.0	1	0	2	0																						
2	ppu_public	91	14394142	29	8	4.0	mode2_enter	2	8A	00	0B	02	00	4.0	1	0	2	0																						
2	ppu_public	91	14394144	29	0	0.0	stat_sample	3	8A	00	0B	02	00	0.0	1	0	2	0																						
2	ppu_public	91	14394310	29	176	88.0	mode3_enter	3	8A	00	0B	02	00	88.0	1	0	2	0																						
2	ppu_public	91	14394304	29	84	42.0	stat_sample	3	8B	00	0B	02	00	42.0	1	0	2	0																						
2	ppu_public	91	14394654	29	520	260.0	mode0_enter	0	8B	08	0B	02	00	260.0	1	0	2	0																						
2	ppu_public	91	14394648	29	257	128.5	stat_sample	0	88	08	0B	02	00	128.5	1	1	2	0																						
2	ppu_public	91	14394648	29	257	128.5	stat_irq_edge	0	88	08	0B	02	00	128.5	1	1	2	0																						
2	ppu_public	91	14395048	30	0	0.0	stat_sample	2	88	00	0B	02	00	0.0	1	0	2	0																						
2	ppu_public	91	14395048	30	2	1.0	mode2_irq_prepare	0	88	08	0B	02	00	1.0	1	0	2	0																						
2	ppu_public	91	14395056	30	0	0.0	stat_sample	2	8A	00	0B	02	00	0.0	1	0	2	0																						
2	ppu_public	91	14395054	30	8	4.0	mode2_enter	2	8A	00	0B	02	00	4.0	1	0	2	0																						
2	ppu_public	91	14395056	30	0	0.0	stat_sample	3	8A	00	0B	02	00	0.0	1	0	2	0																						
2	ppu_public	91	14395222	30	176	88.0	mode3_enter	3	8A	00	0B	02	00	88.0	1	0	2	0																						
2	ppu_public	91	14395216	30	84	42.0	stat_sample	3	8B	00	0B	02	00	42.0	1	0	2	0																						
2	ppu_public	91	14395566	30	520	260.0	mode0_enter	0	8B	08	0B	02	00	260.0	1	0	2	0																						
2	ppu_public	91	14395560	30	257	128.5	stat_sample	0	88	08	0B	02	00	128.5	1	1	2	0																						
2	ppu_public	91	14395560	30	257	128.5	stat_irq_edge	0	88	08	0B	02	00	128.5	1	1	2	0																						
2	ppu_public	91	14395960	31	0	0.0	stat_sample	2	88	00	0B	02	00	0.0	1	0	2	0																						
2	ppu_public	91	14395960	31	2	1.0	mode2_irq_prepare	0	88	08	0B	02	00	1.0	1	0	2	0																						
2	ppu_public	91	14395968	31	0	0.0	stat_sample	2	8A	00	0B	02	00	0.0	1	0	2	0																						
2	ppu_public	91	14395966	31	8	4.0	mode2_enter	2	8A	00	0B	02	00	4.0	1	0	2	0																						
2	ppu_public	91	14395968	31	0	0.0	stat_sample	3	8A	00	0B	02	00	0.0	1	0	2	0																						
2	ppu_public	91	14396134	31	176	88.0	mode3_enter	3	8A	00	0B	02	00	88.0	1	0	2	0																						
2	ppu_public	91	14396128	31	84	42.0	stat_sample	3	8B	00	0B	02	00	42.0	1	0	2	0																						
2	ppu_public	91	14396478	31	520	260.0	mode0_enter	0	8B	08	0B	02	00	260.0	1	0	2	0																						
2	ppu_public	91	14396472	31	257	128.5	stat_sample	0	88	08	0B	02	00	128.5	1	1	2	0																						
2	ppu_public	91	14396472	31	257	128.5	stat_irq_edge	0	88	08	0B	02	00	128.5	1	1	2	0																						
2	ppu_public	91	14396872	32	0	0.0	stat_sample	2	88	00	0B	02	00	0.0	1	0	2	0																						
2	ppu_public	91	14396872	32	2	1.0	mode2_irq_prepare	0	88	08	0B	02	00	1.0	1	0	2	0																						
2	ppu_public	91	14396880	32	0	0.0	stat_sample	2	8A	00	0B	02	00	0.0	1	0	2	0																						
2	ppu_public	91	14396878	32	8	4.0	mode2_enter	2	8A	00	0B	02	00	4.0	1	0	2	0																						
2	ppu_public	91	14396880	32	0	0.0	stat_sample	3	8A	00	0B	02	00	0.0	1	0	2	0																						
2	ppu_public	91	14397046	32	176	88.0	mode3_enter	3	8A	00	0B	02	00	88.0	1	0	2	0																						
2	ppu_public	91	14397040	32	84	42.0	stat_sample	3	8B	00	0B	02	00	42.0	1	0	2	0																						
2	ppu_public	91	14397390	32	520	260.0	mode0_enter	0	8B	08	0B	02	00	260.0	1	0	2	0																						
2	ppu_public	91	14397384	32	257	128.5	stat_sample	0	88	08	0B	02	00	128.5	1	1	2	0																						
2	ppu_public	91	14397384	32	257	128.5	stat_irq_edge	0	88	08	0B	02	00	128.5	1	1	2	0																						
2	ppu_public	91	14397784	33	0	0.0	stat_sample	2	88	00	0B	02	00	0.0	1	0	2	0																						
2	ppu_public	91	14397784	33	2	1.0	mode2_irq_prepare	0	88	08	0B	02	00	1.0	1	0	2	0																						
2	ppu_public	91	14397792	33	0	0.0	stat_sample	2	8A	00	0B	02	00	0.0	1	0	2	0																						
2	ppu_public	91	14397790	33	8	4.0	mode2_enter	2	8A	00	0B	02	00	4.0	1	0	2	0																						
2	ppu_public	91	14397792	33	0	0.0	stat_sample	3	8A	00	0B	02	00	0.0	1	0	2	0																						
2	ppu_public	91	14397958	33	176	88.0	mode3_enter	3	8A	00	0B	02	00	88.0	1	0	2	0																						
2	ppu_public	91	14397952	33	84	42.0	stat_sample	3	8B	00	0B	02	00	42.0	1	0	2	0																						
2	ppu_public	91	14398302	33	520	260.0	mode0_enter	0	8B	08	0B	02	00	260.0	1	0	2	0																						
2	ppu_public	91	14398296	33	257	128.5	stat_sample	0	88	08	0B	02	00	128.5	1	1	2	0																						
2	ppu_public	91	14398296	33	257	128.5	stat_irq_edge	0	88	08	0B	02	00	128.5	1	1	2	0																						
2	ppu_public	91	14398696	34	0	0.0	stat_sample	2	88	00	0B	02	00	0.0	1	0	2	0																						
2	ppu_public	91	14398696	34	2	1.0	mode2_irq_prepare	0	88	08	0B	02	00	1.0	1	0	2	0																						
2	ppu_public	91	14398704	34	0	0.0	stat_sample	2	8A	00	0B	02	00	0.0	1	0	2	0																						
2	ppu_public	91	14398702	34	8	4.0	mode2_enter	2	8A	00	0B	02	00	4.0	1	0	2	0																						
2	ppu_public	91	14398704	34	0	0.0	stat_sample	3	8A	00	0B	02	00	0.0	1	0	2	0																						
2	ppu_public	91	14398870	34	176	88.0	mode3_enter	3	8A	00	0B	02	00	88.0	1	0	2	0																						
2	ppu_public	91	14398864	34	84	42.0	stat_sample	3	8B	00	0B	02	00	42.0	1	0	2	0																						
2	ppu_public	91	14399214	34	520	260.0	mode0_enter	0	8B	08	0B	02	00	260.0	1	0	2	0																						
2	ppu_public	91	14399208	34	257	128.5	stat_sample	0	88	08	0B	02	00	128.5	1	1	2	0																						
2	ppu_public	91	14399208	34	257	128.5	stat_irq_edge	0	88	08	0B	02	00	128.5	1	1	2	0																						
2	ppu_public	91	14399608	35	0	0.0	stat_sample	2	88	00	0B	02	00	0.0	1	0	2	0																						
2	ppu_public	91	14399608	35	2	1.0	mode2_irq_prepare	0	88	08	0B	02	00	1.0	1	0	2	0																						
2	ppu_public	91	14399616	35	0	0.0	stat_sample	2	8A	00	0B	02	00	0.0	1	0	2	0																						
2	ppu_public	91	14399614	35	8	4.0	mode2_enter	2	8A	00	0B	02	00	4.0	1	0	2	0																						
2	ppu_public	91	14399616	35	0	0.0	stat_sample	3	8A	00	0B	02	00	0.0	1	0	2	0																						
2	ppu_public	91	14399782	35	176	88.0	mode3_enter	3	8A	00	0B	02	00	88.0	1	0	2	0																						
2	ppu_public	91	14399776	35	84	42.0	stat_sample	3	8B	00	0B	02	00	42.0	1	0	2	0																						
2	ppu_public	91	14400126	35	520	260.0	mode0_enter	0	8B	08	0B	02	00	260.0	1	0	2	0																						
2	ppu_public	91	14400120	35	257	128.5	stat_sample	0	88	08	0B	02	00	128.5	1	1	2	0																						
2	ppu_public	91	14400120	35	257	128.5	stat_irq_edge	0	88	08	0B	02	00	128.5	1	1	2	0																						
2	ppu_public	91	14400520	36	0	0.0	stat_sample	2	88	00	0B	02	00	0.0	1	0	2	0																						
2	ppu_public	91	14400520	36	2	1.0	mode2_irq_prepare	0	88	08	0B	02	00	1.0	1	0	2	0																						
2	ppu_public	91	14400528	36	0	0.0	stat_sample	2	8A	00	0B	02	00	0.0	1	0	2	0																						
2	ppu_public	91	14400526	36	8	4.0	mode2_enter	2	8A	00	0B	02	00	4.0	1	0	2	0																						
2	ppu_public	91	14400528	36	0	0.0	stat_sample	3	8A	00	0B	02	00	0.0	1	0	2	0																						
2	ppu_public	91	14400694	36	176	88.0	mode3_enter	3	8A	00	0B	02	00	88.0	1	0	2	0																						
2	ppu_public	91	14400688	36	84	42.0	stat_sample	3	8B	00	0B	02	00	42.0	1	0	2	0																						
2	ppu_public	91	14401038	36	520	260.0	mode0_enter	0	8B	08	0B	02	00	260.0	1	0	2	0																						
2	ppu_public	91	14401032	36	257	128.5	stat_sample	0	88	08	0B	02	00	128.5	1	1	2	0																						
2	ppu_public	91	14401032	36	257	128.5	stat_irq_edge	0	88	08	0B	02	00	128.5	1	1	2	0																						
2	ppu_public	91	14401432	37	0	0.0	stat_sample	2	88	00	0B	02	00	0.0	1	0	2	0																						
2	ppu_public	91	14401432	37	2	1.0	mode2_irq_prepare	0	88	08	0B	02	00	1.0	1	0	2	0																						
2	ppu_public	91	14401440	37	0	0.0	stat_sample	2	8A	00	0B	02	00	0.0	1	0	2	0																						
2	ppu_public	91	14401438	37	8	4.0	mode2_enter	2	8A	00	0B	02	00	4.0	1	0	2	0																						
2	ppu_public	91	14401440	37	0	0.0	stat_sample	3	8A	00	0B	02	00	0.0	1	0	2	0																						
2	ppu_public	91	14401606	37	176	88.0	mode3_enter	3	8A	00	0B	02	00	88.0	1	0	2	0																						
2	ppu_public	91	14401600	37	84	42.0	stat_sample	3	8B	00	0B	02	00	42.0	1	0	2	0																						
2	ppu_public	91	14401950	37	520	260.0	mode0_enter	0	8B	08	0B	02	00	260.0	1	0	2	0																						
2	ppu_public	91	14401944	37	257	128.5	stat_sample	0	88	08	0B	02	00	128.5	1	1	2	0																						
2	ppu_public	91	14401944	37	257	128.5	stat_irq_edge	0	88	08	0B	02	00	128.5	1	1	2	0																						
2	ppu_public	91	14402344	38	0	0.0	stat_sample	2	88	00	0B	02	00	0.0	1	0	2	0																						
2	ppu_public	91	14402344	38	2	1.0	mode2_irq_prepare	0	88	08	0B	02	00	1.0	1	0	2	0																						
2	ppu_public	91	14402352	38	0	0.0	stat_sample	2	8A	00	0B	02	00	0.0	1	0	2	0																						
2	ppu_public	91	14402350	38	8	4.0	mode2_enter	2	8A	00	0B	02	00	4.0	1	0	2	0																						
2	ppu_public	91	14402352	38	0	0.0	stat_sample	3	8A	00	0B	02	00	0.0	1	0	2	0																						
2	ppu_public	91	14402518	38	176	88.0	mode3_enter	3	8A	00	0B	02	00	88.0	1	0	2	0																						
2	ppu_public	91	14402512	38	84	42.0	stat_sample	3	8B	00	0B	02	00	42.0	1	0	2	0																						
2	ppu_public	91	14402862	38	520	260.0	mode0_enter	0	8B	08	0B	02	00	260.0	1	0	2	0																						
2	ppu_public	91	14402856	38	257	128.5	stat_sample	0	88	08	0B	02	00	128.5	1	1	2	0																						
2	ppu_public	91	14402856	38	257	128.5	stat_irq_edge	0	88	08	0B	02	00	128.5	1	1	2	0																						
2	ppu_public	91	14403256	39	0	0.0	stat_sample	2	88	00	0B	02	00	0.0	1	0	2	0																						
2	ppu_public	91	14403256	39	2	1.0	mode2_irq_prepare	0	88	08	0B	02	00	1.0	1	0	2	0																						
2	ppu_public	91	14403264	39	0	0.0	stat_sample	2	8A	00	0B	02	00	0.0	1	0	2	0																						
2	ppu_public	91	14403262	39	8	4.0	mode2_enter	2	8A	00	0B	02	00	4.0	1	0	2	0																						
2	ppu_public	91	14403264	39	0	0.0	stat_sample	3	8A	00	0B	02	00	0.0	1	0	2	0																						
2	ppu_public	91	14403430	39	176	88.0	mode3_enter	3	8A	00	0B	02	00	88.0	1	0	2	0																						
2	ppu_public	91	14403424	39	84	42.0	stat_sample	3	8B	00	0B	02	00	42.0	1	0	2	0																						
2	ppu_public	91	14403774	39	520	260.0	mode0_enter	0	8B	08	0B	02	00	260.0	1	0	2	0																						
2	ppu_public	91	14403768	39	257	128.5	stat_sample	0	88	08	0B	02	00	128.5	1	1	2	0																						
2	ppu_public	91	14403768	39	257	128.5	stat_irq_edge	0	88	08	0B	02	00	128.5	1	1	2	0																						
2	ppu_public	91	14404168	40	0	0.0	stat_sample	2	88	00	0B	02	00	0.0	1	0	2	0																						
2	ppu_public	91	14404168	40	2	1.0	mode2_irq_prepare	0	88	08	0B	02	00	1.0	1	0	2	0																						
2	ppu_public	91	14404176	40	0	0.0	stat_sample	2	8A	00	0B	02	00	0.0	1	0	2	0																						
2	ppu_public	91	14404174	40	8	4.0	mode2_enter	2	8A	00	0B	02	00	4.0	1	0	2	0																						
2	ppu_public	91	14404176	40	0	0.0	stat_sample	3	8A	00	0B	02	00	0.0	1	0	2	0																						
2	ppu_public	91	14404342	40	176	88.0	mode3_enter	3	8A	00	0B	02	00	88.0	1	0	2	0																						
2	ppu_public	91	14404336	40	84	42.0	stat_sample	3	8B	00	0B	02	00	42.0	1	0	2	0																						
2	ppu_public	91	14404686	40	520	260.0	mode0_enter	0	8B	08	0B	02	00	260.0	1	0	2	0																						
2	ppu_public	91	14404680	40	257	128.5	stat_sample	0	88	08	0B	02	00	128.5	1	1	2	0																						
2	ppu_public	91	14404680	40	257	128.5	stat_irq_edge	0	88	08	0B	02	00	128.5	1	1	2	0																						
2	ppu_public	91	14405080	41	0	0.0	stat_sample	2	88	00	0B	02	00	0.0	1	0	2	0																						
2	ppu_public	91	14405080	41	2	1.0	mode2_irq_prepare	0	88	08	0B	02	00	1.0	1	0	2	0																						
2	ppu_public	91	14405088	41	0	0.0	stat_sample	2	8A	00	0B	02	00	0.0	1	0	2	0																						
2	ppu_public	91	14405086	41	8	4.0	mode2_enter	2	8A	00	0B	02	00	4.0	1	0	2	0																						
2	ppu_public	91	14405088	41	0	0.0	stat_sample	3	8A	00	0B	02	00	0.0	1	0	2	0																						
2	ppu_public	91	14405254	41	176	88.0	mode3_enter	3	8A	00	0B	02	00	88.0	1	0	2	0																						
2	ppu_public	91	14405248	41	84	42.0	stat_sample	3	8B	00	0B	02	00	42.0	1	0	2	0																						
2	ppu_public	91	14405598	41	520	260.0	mode0_enter	0	8B	08	0B	02	00	260.0	1	0	2	0																						
2	ppu_public	91	14405592	41	257	128.5	stat_sample	0	88	08	0B	02	00	128.5	1	1	2	0																						
2	ppu_public	91	14405592	41	257	128.5	stat_irq_edge	0	88	08	0B	02	00	128.5	1	1	2	0																						
2	ppu_public	91	14405992	42	0	0.0	stat_sample	2	88	00	0B	02	00	0.0	1	0	2	0																						
2	ppu_public	91	14405992	42	2	1.0	mode2_irq_prepare	0	88	08	0B	02	00	1.0	1	0	2	0																						
2	ppu_public	91	14406000	42	0	0.0	stat_sample	2	8A	00	0B	02	00	0.0	1	0	2	0																						
2	ppu_public	91	14405998	42	8	4.0	mode2_enter	2	8A	00	0B	02	00	4.0	1	0	2	0																						
2	ppu_public	91	14406000	42	0	0.0	stat_sample	3	8A	00	0B	02	00	0.0	1	0	2	0																						
2	ppu_public	91	14406166	42	176	88.0	mode3_enter	3	8A	00	0B	02	00	88.0	1	0	2	0																						
2	ppu_public	91	14406160	42	84	42.0	stat_sample	3	8B	00	0B	02	00	42.0	1	0	2	0																						
2	ppu_public	91	14406510	42	520	260.0	mode0_enter	0	8B	08	0B	02	00	260.0	1	0	2	0																						
2	ppu_public	91	14406504	42	257	128.5	stat_sample	0	88	08	0B	02	00	128.5	1	1	2	0																						
2	ppu_public	91	14406504	42	257	128.5	stat_irq_edge	0	88	08	0B	02	00	128.5	1	1	2	0																						
2	ppu_public	91	14406904	43	0	0.0	stat_sample	2	88	00	0B	02	00	0.0	1	0	2	0																						
2	ppu_public	91	14406904	43	2	1.0	mode2_irq_prepare	0	88	08	0B	02	00	1.0	1	0	2	0																						
2	ppu_public	91	14406912	43	0	0.0	stat_sample	2	8A	00	0B	02	00	0.0	1	0	2	0																						
2	ppu_public	91	14406910	43	8	4.0	mode2_enter	2	8A	00	0B	02	00	4.0	1	0	2	0																						
2	ppu_public	91	14406912	43	0	0.0	stat_sample	3	8A	00	0B	02	00	0.0	1	0	2	0																						
2	ppu_public	91	14407078	43	176	88.0	mode3_enter	3	8A	00	0B	02	00	88.0	1	0	2	0																						
2	ppu_public	91	14407072	43	84	42.0	stat_sample	3	8B	00	0B	02	00	42.0	1	0	2	0																						
2	ppu_public	91	14407422	43	520	260.0	mode0_enter	0	8B	08	0B	02	00	260.0	1	0	2	0																						
2	ppu_public	91	14407416	43	257	128.5	stat_sample	0	88	08	0B	02	00	128.5	1	1	2	0																						
2	ppu_public	91	14407416	43	257	128.5	stat_irq_edge	0	88	08	0B	02	00	128.5	1	1	2	0																						
2	ppu_public	91	14407816	44	0	0.0	stat_sample	2	88	00	0B	02	00	0.0	1	0	2	0																						
2	ppu_public	91	14407816	44	2	1.0	mode2_irq_prepare	0	88	08	0B	02	00	1.0	1	0	2	0																						
2	ppu_public	91	14407824	44	0	0.0	stat_sample	2	8A	00	0B	02	00	0.0	1	0	2	0																						
2	ppu_public	91	14407822	44	8	4.0	mode2_enter	2	8A	00	0B	02	00	4.0	1	0	2	0																						
2	ppu_public	91	14407824	44	0	0.0	stat_sample	3	8A	00	0B	02	00	0.0	1	0	2	0																						
2	ppu_public	91	14407990	44	176	88.0	mode3_enter	3	8A	00	0B	02	00	88.0	1	0	2	0																						
2	ppu_public	91	14407984	44	84	42.0	stat_sample	3	8B	00	0B	02	00	42.0	1	0	2	0																						
2	ppu_public	91	14408334	44	520	260.0	mode0_enter	0	8B	08	0B	02	00	260.0	1	0	2	0																						
2	ppu_public	91	14408328	44	257	128.5	stat_sample	0	88	08	0B	02	00	128.5	1	1	2	0																						
2	ppu_public	91	14408328	44	257	128.5	stat_irq_edge	0	88	08	0B	02	00	128.5	1	1	2	0																						
2	ppu_public	91	14408728	45	0	0.0	stat_sample	2	88	00	0B	02	00	0.0	1	0	2	0																						
2	ppu_public	91	14408728	45	2	1.0	mode2_irq_prepare	0	88	08	0B	02	00	1.0	1	0	2	0																						
2	ppu_public	91	14408736	45	0	0.0	stat_sample	2	8A	00	0B	02	00	0.0	1	0	2	0																						
2	ppu_public	91	14408734	45	8	4.0	mode2_enter	2	8A	00	0B	02	00	4.0	1	0	2	0																						
2	ppu_public	91	14408736	45	0	0.0	stat_sample	3	8A	00	0B	02	00	0.0	1	0	2	0																						
2	ppu_public	91	14408902	45	176	88.0	mode3_enter	3	8A	00	0B	02	00	88.0	1	0	2	0																						
2	ppu_public	91	14408896	45	84	42.0	stat_sample	3	8B	00	0B	02	00	42.0	1	0	2	0																						
2	ppu_public	91	14409246	45	520	260.0	mode0_enter	0	8B	08	0B	02	00	260.0	1	0	2	0																						
2	ppu_public	91	14409240	45	257	128.5	stat_sample	0	88	08	0B	02	00	128.5	1	1	2	0																						
2	ppu_public	91	14409240	45	257	128.5	stat_irq_edge	0	88	08	0B	02	00	128.5	1	1	2	0																						
2	ppu_public	91	14409640	46	0	0.0	stat_sample	2	88	00	0B	02	00	0.0	1	0	2	0																						
2	ppu_public	91	14409640	46	2	1.0	mode2_irq_prepare	0	88	08	0B	02	00	1.0	1	0	2	0																						
2	ppu_public	91	14409648	46	0	0.0	stat_sample	2	8A	00	0B	02	00	0.0	1	0	2	0																						
2	ppu_public	91	14409646	46	8	4.0	mode2_enter	2	8A	00	0B	02	00	4.0	1	0	2	0																						
2	ppu_public	91	14409648	46	0	0.0	stat_sample	3	8A	00	0B	02	00	0.0	1	0	2	0																						
2	ppu_public	91	14409814	46	176	88.0	mode3_enter	3	8A	00	0B	02	00	88.0	1	0	2	0																						
2	ppu_public	91	14409808	46	84	42.0	stat_sample	3	8B	00	0B	02	00	42.0	1	0	2	0																						
2	ppu_public	91	14410158	46	520	260.0	mode0_enter	0	8B	08	0B	02	00	260.0	1	0	2	0																						
2	ppu_public	91	14410152	46	257	128.5	stat_sample	0	88	08	0B	02	00	128.5	1	1	2	0																						
2	ppu_public	91	14410152	46	257	128.5	stat_irq_edge	0	88	08	0B	02	00	128.5	1	1	2	0																						
2	ppu_public	91	14410552	47	0	0.0	stat_sample	2	88	00	0B	02	00	0.0	1	0	2	0																						
2	ppu_public	91	14410552	47	2	1.0	mode2_irq_prepare	0	88	08	0B	02	00	1.0	1	0	2	0																						
2	ppu_public	91	14410560	47	0	0.0	stat_sample	2	8A	00	0B	02	00	0.0	1	0	2	0																						
2	ppu_public	91	14410558	47	8	4.0	mode2_enter	2	8A	00	0B	02	00	4.0	1	0	2	0																						
2	ppu_public	91	14410560	47	0	0.0	stat_sample	3	8A	00	0B	02	00	0.0	1	0	2	0																						
2	ppu_public	91	14410726	47	176	88.0	mode3_enter	3	8A	00	0B	02	00	88.0	1	0	2	0																						
2	ppu_public	91	14410720	47	84	42.0	stat_sample	3	8B	00	0B	02	00	42.0	1	0	2	0																						
2	ppu_public	91	14411070	47	520	260.0	mode0_enter	0	8B	08	0B	02	00	260.0	1	0	2	0																						
2	ppu_public	91	14411064	47	257	128.5	stat_sample	0	88	08	0B	02	00	128.5	1	1	2	0																						
2	ppu_public	91	14411064	47	257	128.5	stat_irq_edge	0	88	08	0B	02	00	128.5	1	1	2	0																						
2	ppu_public	91	14411464	48	0	0.0	stat_sample	2	88	00	0B	02	00	0.0	1	0	2	0																						
2	ppu_public	91	14411464	48	2	1.0	mode2_irq_prepare	0	88	08	0B	02	00	1.0	1	0	2	0																						
2	ppu_public	91	14411472	48	0	0.0	stat_sample	2	8A	00	0B	02	00	0.0	1	0	2	0																						
2	ppu_public	91	14411470	48	8	4.0	mode2_enter	2	8A	00	0B	02	00	4.0	1	0	2	0																						
2	ppu_public	91	14411472	48	0	0.0	stat_sample	3	8A	00	0B	02	00	0.0	1	0	2	0																						
2	ppu_public	91	14411638	48	176	88.0	mode3_enter	3	8A	00	0B	02	00	88.0	1	0	2	0																						
2	ppu_public	91	14411632	48	84	42.0	stat_sample	3	8B	00	0B	02	00	42.0	1	0	2	0																						
2	ppu_public	91	14411982	48	520	260.0	mode0_enter	0	8B	08	0B	02	00	260.0	1	0	2	0																						
2	ppu_public	91	14411976	48	257	128.5	stat_sample	0	88	08	0B	02	00	128.5	1	1	2	0																						
2	ppu_public	91	14411976	48	257	128.5	stat_irq_edge	0	88	08	0B	02	00	128.5	1	1	2	0																						
2	ppu_public	91	14412376	49	0	0.0	stat_sample	2	88	00	0B	02	00	0.0	1	0	2	0																						
2	ppu_public	91	14412376	49	2	1.0	mode2_irq_prepare	0	88	08	0B	02	00	1.0	1	0	2	0																						
2	ppu_public	91	14412384	49	0	0.0	stat_sample	2	8A	00	0B	02	00	0.0	1	0	2	0																						
2	ppu_public	91	14412382	49	8	4.0	mode2_enter	2	8A	00	0B	02	00	4.0	1	0	2	0																						
2	ppu_public	91	14412384	49	0	0.0	stat_sample	3	8A	00	0B	02	00	0.0	1	0	2	0																						
2	ppu_public	91	14412550	49	176	88.0	mode3_enter	3	8A	00	0B	02	00	88.0	1	0	2	0																						
2	ppu_public	91	14412544	49	84	42.0	stat_sample	3	8B	00	0B	02	00	42.0	1	0	2	0																						
2	ppu_public	91	14412894	49	520	260.0	mode0_enter	0	8B	08	0B	02	00	260.0	1	0	2	0																						
2	ppu_public	91	14412888	49	257	128.5	stat_sample	0	88	08	0B	02	00	128.5	1	1	2	0																						
2	ppu_public	91	14412888	49	257	128.5	stat_irq_edge	0	88	08	0B	02	00	128.5	1	1	2	0																						
2	ppu_public	91	14413288	50	0	0.0	stat_sample	2	88	00	0B	02	00	0.0	1	0	2	0																						
2	ppu_public	91	14413288	50	2	1.0	mode2_irq_prepare	0	88	08	0B	02	00	1.0	1	0	2	0																						
2	ppu_public	91	14413296	50	0	0.0	stat_sample	2	8A	00	0B	02	00	0.0	1	0	2	0																						
2	ppu_public	91	14413294	50	8	4.0	mode2_enter	2	8A	00	0B	02	00	4.0	1	0	2	0																						
2	ppu_public	91	14413296	50	0	0.0	stat_sample	3	8A	00	0B	02	00	0.0	1	0	2	0																						
2	ppu_public	91	14413462	50	176	88.0	mode3_enter	3	8A	00	0B	02	00	88.0	1	0	2	0																						
2	ppu_public	91	14413456	50	84	42.0	stat_sample	3	8B	00	0B	02	00	42.0	1	0	2	0																						
2	ppu_public	91	14413806	50	520	260.0	mode0_enter	0	8B	08	0B	02	00	260.0	1	0	2	0																						
2	ppu_public	91	14413800	50	257	128.5	stat_sample	0	88	08	0B	02	00	128.5	1	1	2	0																						
2	ppu_public	91	14413800	50	257	128.5	stat_irq_edge	0	88	08	0B	02	00	128.5	1	1	2	0																						
2	ppu_public	91	14414200	51	0	0.0	stat_sample	2	88	00	0B	02	00	0.0	1	0	2	0																						
2	ppu_public	91	14414200	51	2	1.0	mode2_irq_prepare	0	88	08	0B	02	00	1.0	1	0	2	0																						
2	ppu_public	91	14414208	51	0	0.0	stat_sample	2	8A	00	0B	02	00	0.0	1	0	2	0																						
2	ppu_public	91	14414206	51	8	4.0	mode2_enter	2	8A	00	0B	02	00	4.0	1	0	2	0																						
2	ppu_public	91	14414208	51	0	0.0	stat_sample	3	8A	00	0B	02	00	0.0	1	0	2	0																						
2	ppu_public	91	14414374	51	176	88.0	mode3_enter	3	8A	00	0B	02	00	88.0	1	0	2	0																						
2	ppu_public	91	14414368	51	84	42.0	stat_sample	3	8B	00	0B	02	00	42.0	1	0	2	0																						
2	ppu_public	91	14414718	51	520	260.0	mode0_enter	0	8B	08	0B	02	00	260.0	1	0	2	0																						
2	ppu_public	91	14414712	51	257	128.5	stat_sample	0	88	08	0B	02	00	128.5	1	1	2	0																						
2	ppu_public	91	14414712	51	257	128.5	stat_irq_edge	0	88	08	0B	02	00	128.5	1	1	2	0																						
2	ppu_public	91	14415112	52	0	0.0	stat_sample	2	88	00	0B	02	00	0.0	1	0	2	0																						
2	ppu_public	91	14415112	52	2	1.0	mode2_irq_prepare	0	88	08	0B	02	00	1.0	1	0	2	0																						
2	ppu_public	91	14415120	52	0	0.0	stat_sample	2	8A	00	0B	02	00	0.0	1	0	2	0																						
2	ppu_public	91	14415118	52	8	4.0	mode2_enter	2	8A	00	0B	02	00	4.0	1	0	2	0																						
2	ppu_public	91	14415120	52	0	0.0	stat_sample	3	8A	00	0B	02	00	0.0	1	0	2	0																						
2	ppu_public	91	14415286	52	176	88.0	mode3_enter	3	8A	00	0B	02	00	88.0	1	0	2	0																						
2	ppu_public	91	14415280	52	84	42.0	stat_sample	3	8B	00	0B	02	00	42.0	1	0	2	0																						
2	ppu_public	91	14415630	52	520	260.0	mode0_enter	0	8B	08	0B	02	00	260.0	1	0	2	0																						
2	ppu_public	91	14415624	52	257	128.5	stat_sample	0	88	08	0B	02	00	128.5	1	1	2	0																						
2	ppu_public	91	14415624	52	257	128.5	stat_irq_edge	0	88	08	0B	02	00	128.5	1	1	2	0																						
2	ppu_public	91	14416024	53	0	0.0	stat_sample	2	88	00	0B	02	00	0.0	1	0	2	0																						
2	ppu_public	91	14416024	53	2	1.0	mode2_irq_prepare	0	88	08	0B	02	00	1.0	1	0	2	0																						
2	ppu_public	91	14416032	53	0	0.0	stat_sample	2	8A	00	0B	02	00	0.0	1	0	2	0																						
2	ppu_public	91	14416030	53	8	4.0	mode2_enter	2	8A	00	0B	02	00	4.0	1	0	2	0																						
2	ppu_public	91	14416032	53	0	0.0	stat_sample	3	8A	00	0B	02	00	0.0	1	0	2	0																						
2	ppu_public	91	14416198	53	176	88.0	mode3_enter	3	8A	00	0B	02	00	88.0	1	0	2	0																						
2	ppu_public	91	14416192	53	84	42.0	stat_sample	3	8B	00	0B	02	00	42.0	1	0	2	0																						
2	ppu_public	91	14416542	53	520	260.0	mode0_enter	0	8B	08	0B	02	00	260.0	1	0	2	0																						
2	ppu_public	91	14416536	53	257	128.5	stat_sample	0	88	08	0B	02	00	128.5	1	1	2	0																						
2	ppu_public	91	14416536	53	257	128.5	stat_irq_edge	0	88	08	0B	02	00	128.5	1	1	2	0																						
2	ppu_public	91	14416936	54	0	0.0	stat_sample	2	88	00	0B	02	00	0.0	1	0	2	0																						
2	ppu_public	91	14416936	54	2	1.0	mode2_irq_prepare	0	88	08	0B	02	00	1.0	1	0	2	0																						
2	ppu_public	91	14416944	54	0	0.0	stat_sample	2	8A	00	0B	02	00	0.0	1	0	2	0																						
2	ppu_public	91	14416942	54	8	4.0	mode2_enter	2	8A	00	0B	02	00	4.0	1	0	2	0																						
2	ppu_public	91	14416944	54	0	0.0	stat_sample	3	8A	00	0B	02	00	0.0	1	0	2	0																						
2	ppu_public	91	14417110	54	176	88.0	mode3_enter	3	8A	00	0B	02	00	88.0	1	0	2	0																						
2	ppu_public	91	14417104	54	84	42.0	stat_sample	3	8B	00	0B	02	00	42.0	1	0	2	0																						
2	ppu_public	91	14417454	54	520	260.0	mode0_enter	0	8B	08	0B	02	00	260.0	1	0	2	0																						
2	ppu_public	91	14417448	54	257	128.5	stat_sample	0	88	08	0B	02	00	128.5	1	1	2	0																						
2	ppu_public	91	14417448	54	257	128.5	stat_irq_edge	0	88	08	0B	02	00	128.5	1	1	2	0																						
2	ppu_public	91	14417848	55	0	0.0	stat_sample	2	88	00	0B	02	00	0.0	1	0	2	0																						
2	ppu_public	91	14417848	55	2	1.0	mode2_irq_prepare	0	88	08	0B	02	00	1.0	1	0	2	0																						
2	ppu_public	91	14417856	55	0	0.0	stat_sample	2	8A	00	0B	02	00	0.0	1	0	2	0																						
2	ppu_public	91	14417854	55	8	4.0	mode2_enter	2	8A	00	0B	02	00	4.0	1	0	2	0																						
2	ppu_public	91	14417856	55	0	0.0	stat_sample	3	8A	00	0B	02	00	0.0	1	0	2	0																						
2	ppu_public	91	14418022	55	176	88.0	mode3_enter	3	8A	00	0B	02	00	88.0	1	0	2	0																						
2	ppu_public	91	14418016	55	84	42.0	stat_sample	3	8B	00	0B	02	00	42.0	1	0	2	0																						
2	ppu_public	91	14418366	55	520	260.0	mode0_enter	0	8B	08	0B	02	00	260.0	1	0	2	0																						
2	ppu_public	91	14418360	55	257	128.5	stat_sample	0	88	08	0B	02	00	128.5	1	1	2	0																						
2	ppu_public	91	14418360	55	257	128.5	stat_irq_edge	0	88	08	0B	02	00	128.5	1	1	2	0																						
2	ppu_public	91	14418760	56	0	0.0	stat_sample	2	88	00	0B	02	00	0.0	1	0	2	0																						
2	ppu_public	91	14418760	56	2	1.0	mode2_irq_prepare	0	88	08	0B	02	00	1.0	1	0	2	0																						
2	ppu_public	91	14418768	56	0	0.0	stat_sample	2	8A	00	0B	02	00	0.0	1	0	2	0																						
2	ppu_public	91	14418766	56	8	4.0	mode2_enter	2	8A	00	0B	02	00	4.0	1	0	2	0																						
2	ppu_public	91	14418768	56	0	0.0	stat_sample	3	8A	00	0B	02	00	0.0	1	0	2	0																						
2	ppu_public	91	14418934	56	176	88.0	mode3_enter	3	8A	00	0B	02	00	88.0	1	0	2	0																						
2	ppu_public	91	14418928	56	84	42.0	stat_sample	3	8B	00	0B	02	00	42.0	1	0	2	0																						
2	ppu_public	91	14419278	56	520	260.0	mode0_enter	0	8B	08	0B	02	00	260.0	1	0	2	0																						
2	ppu_public	91	14419272	56	257	128.5	stat_sample	0	88	08	0B	02	00	128.5	1	1	2	0																						
2	ppu_public	91	14419272	56	257	128.5	stat_irq_edge	0	88	08	0B	02	00	128.5	1	1	2	0																						
2	ppu_public	91	14419672	57	0	0.0	stat_sample	2	88	00	0B	02	00	0.0	1	0	2	0																						
2	ppu_public	91	14419672	57	2	1.0	mode2_irq_prepare	0	88	08	0B	02	00	1.0	1	0	2	0																						
2	ppu_public	91	14419680	57	0	0.0	stat_sample	2	8A	00	0B	02	00	0.0	1	0	2	0																						
2	ppu_public	91	14419678	57	8	4.0	mode2_enter	2	8A	00	0B	02	00	4.0	1	0	2	0																						
2	ppu_public	91	14419680	57	0	0.0	stat_sample	3	8A	00	0B	02	00	0.0	1	0	2	0																						
2	ppu_public	91	14419846	57	176	88.0	mode3_enter	3	8A	00	0B	02	00	88.0	1	0	2	0																						
2	ppu_public	91	14419840	57	84	42.0	stat_sample	3	8B	00	0B	02	00	42.0	1	0	2	0																						
2	ppu_public	91	14420190	57	520	260.0	mode0_enter	0	8B	08	0B	02	00	260.0	1	0	2	0																						
2	ppu_public	91	14420184	57	257	128.5	stat_sample	0	88	08	0B	02	00	128.5	1	1	2	0																						
2	ppu_public	91	14420184	57	257	128.5	stat_irq_edge	0	88	08	0B	02	00	128.5	1	1	2	0																						
2	ppu_public	91	14420584	58	0	0.0	stat_sample	2	88	00	0B	02	00	0.0	1	0	2	0																						
2	ppu_public	91	14420584	58	2	1.0	mode2_irq_prepare	0	88	08	0B	02	00	1.0	1	0	2	0																						
2	ppu_public	91	14420592	58	0	0.0	stat_sample	2	8A	00	0B	02	00	0.0	1	0	2	0																						
2	ppu_public	91	14420590	58	8	4.0	mode2_enter	2	8A	00	0B	02	00	4.0	1	0	2	0																						
2	ppu_public	91	14420592	58	0	0.0	stat_sample	3	8A	00	0B	02	00	0.0	1	0	2	0																						
2	ppu_public	91	14420758	58	176	88.0	mode3_enter	3	8A	00	0B	02	00	88.0	1	0	2	0																						
2	ppu_public	91	14420752	58	84	42.0	stat_sample	3	8B	00	0B	02	00	42.0	1	0	2	0																						
2	ppu_public	91	14421102	58	520	260.0	mode0_enter	0	8B	08	0B	02	00	260.0	1	0	2	0																						
2	ppu_public	91	14421096	58	257	128.5	stat_sample	0	88	08	0B	02	00	128.5	1	1	2	0																						
2	ppu_public	91	14421096	58	257	128.5	stat_irq_edge	0	88	08	0B	02	00	128.5	1	1	2	0																						
2	ppu_public	91	14421496	59	0	0.0	stat_sample	2	88	00	0B	02	00	0.0	1	0	2	0																						
2	ppu_public	91	14421496	59	2	1.0	mode2_irq_prepare	0	88	08	0B	02	00	1.0	1	0	2	0																						
2	ppu_public	91	14421504	59	0	0.0	stat_sample	2	8A	00	0B	02	00	0.0	1	0	2	0																						
2	ppu_public	91	14421502	59	8	4.0	mode2_enter	2	8A	00	0B	02	00	4.0	1	0	2	0																						
2	ppu_public	91	14421504	59	0	0.0	stat_sample	3	8A	00	0B	02	00	0.0	1	0	2	0																						
2	ppu_public	91	14421670	59	176	88.0	mode3_enter	3	8A	00	0B	02	00	88.0	1	0	2	0																						
2	ppu_public	91	14421664	59	84	42.0	stat_sample	3	8B	00	0B	02	00	42.0	1	0	2	0																						
2	ppu_public	91	14422014	59	520	260.0	mode0_enter	0	8B	08	0B	02	00	260.0	1	0	2	0																						
2	ppu_public	91	14422008	59	257	128.5	stat_sample	0	88	08	0B	02	00	128.5	1	1	2	0																						
2	ppu_public	91	14422008	59	257	128.5	stat_irq_edge	0	88	08	0B	02	00	128.5	1	1	2	0																						
2	ppu_public	91	14422408	60	0	0.0	stat_sample	2	88	00	0B	02	00	0.0	1	0	2	0																						
2	ppu_public	91	14422408	60	2	1.0	mode2_irq_prepare	0	88	08	0B	02	00	1.0	1	0	2	0																						
2	ppu_public	91	14422416	60	0	0.0	stat_sample	2	8A	00	0B	02	00	0.0	1	0	2	0																						
2	ppu_public	91	14422414	60	8	4.0	mode2_enter	2	8A	00	0B	02	00	4.0	1	0	2	0																						
2	ppu_public	91	14422416	60	0	0.0	stat_sample	3	8A	00	0B	02	00	0.0	1	0	2	0																						
2	ppu_public	91	14422582	60	176	88.0	mode3_enter	3	8A	00	0B	02	00	88.0	1	0	2	0																						
2	ppu_public	91	14422576	60	84	42.0	stat_sample	3	8B	00	0B	02	00	42.0	1	0	2	0																						
2	ppu_public	91	14422926	60	520	260.0	mode0_enter	0	8B	08	0B	02	00	260.0	1	0	2	0																						
2	ppu_public	91	14422920	60	257	128.5	stat_sample	0	88	08	0B	02	00	128.5	1	1	2	0																						
2	ppu_public	91	14422920	60	257	128.5	stat_irq_edge	0	88	08	0B	02	00	128.5	1	1	2	0																						
2	ppu_public	91	14423320	61	0	0.0	stat_sample	2	88	00	0B	02	00	0.0	1	0	2	0																						
2	ppu_public	91	14423320	61	2	1.0	mode2_irq_prepare	0	88	08	0B	02	00	1.0	1	0	2	0																						
2	ppu_public	91	14423328	61	0	0.0	stat_sample	2	8A	00	0B	02	00	0.0	1	0	2	0																						
2	ppu_public	91	14423326	61	8	4.0	mode2_enter	2	8A	00	0B	02	00	4.0	1	0	2	0																						
2	ppu_public	91	14423328	61	0	0.0	stat_sample	3	8A	00	0B	02	00	0.0	1	0	2	0																						
2	ppu_public	91	14423494	61	176	88.0	mode3_enter	3	8A	00	0B	02	00	88.0	1	0	2	0																						
2	ppu_public	91	14423488	61	84	42.0	stat_sample	3	8B	00	0B	02	00	42.0	1	0	2	0																						
2	ppu_public	91	14423838	61	520	260.0	mode0_enter	0	8B	08	0B	02	00	260.0	1	0	2	0																						
2	ppu_public	91	14423832	61	257	128.5	stat_sample	0	88	08	0B	02	00	128.5	1	1	2	0																						
2	ppu_public	91	14423832	61	257	128.5	stat_irq_edge	0	88	08	0B	02	00	128.5	1	1	2	0																						
2	ppu_public	91	14424232	62	0	0.0	stat_sample	2	88	00	0B	02	00	0.0	1	0	2	0																						
2	ppu_public	91	14424232	62	2	1.0	mode2_irq_prepare	0	88	08	0B	02	00	1.0	1	0	2	0																						
2	ppu_public	91	14424240	62	0	0.0	stat_sample	2	8A	00	0B	02	00	0.0	1	0	2	0																						
2	ppu_public	91	14424238	62	8	4.0	mode2_enter	2	8A	00	0B	02	00	4.0	1	0	2	0																						
2	ppu_public	91	14424240	62	0	0.0	stat_sample	3	8A	00	0B	02	00	0.0	1	0	2	0																						
2	ppu_public	91	14424406	62	176	88.0	mode3_enter	3	8A	00	0B	02	00	88.0	1	0	2	0																						
2	ppu_public	91	14424400	62	84	42.0	stat_sample	3	8B	00	0B	02	00	42.0	1	0	2	0																						
2	ppu_public	91	14424750	62	520	260.0	mode0_enter	0	8B	08	0B	02	00	260.0	1	0	2	0																						
2	ppu_public	91	14424744	62	257	128.5	stat_sample	0	88	08	0B	02	00	128.5	1	1	2	0																						
2	ppu_public	91	14424744	62	257	128.5	stat_irq_edge	0	88	08	0B	02	00	128.5	1	1	2	0																						
2	ppu_public	91	14425144	63	0	0.0	stat_sample	2	88	00	0B	02	00	0.0	1	0	2	0																						
2	ppu_public	91	14425144	63	2	1.0	mode2_irq_prepare	0	88	08	0B	02	00	1.0	1	0	2	0																						
2	ppu_public	91	14425152	63	0	0.0	stat_sample	2	8A	00	0B	02	00	0.0	1	0	2	0																						
2	ppu_public	91	14425150	63	8	4.0	mode2_enter	2	8A	00	0B	02	00	4.0	1	0	2	0																						
2	ppu_public	91	14425152	63	0	0.0	stat_sample	3	8A	00	0B	02	00	0.0	1	0	2	0																						
2	ppu_public	91	14425318	63	176	88.0	mode3_enter	3	8A	00	0B	02	00	88.0	1	0	2	0																						
2	ppu_public	91	14425312	63	84	42.0	stat_sample	3	8B	00	0B	02	00	42.0	1	0	2	0																						
2	ppu_public	91	14425662	63	520	260.0	mode0_enter	0	8B	08	0B	02	00	260.0	1	0	2	0																						
2	ppu_public	91	14425656	63	257	128.5	stat_sample	0	88	08	0B	02	00	128.5	1	1	2	0																						
2	ppu_public	91	14425656	63	257	128.5	stat_irq_edge	0	88	08	0B	02	00	128.5	1	1	2	0																						
2	ppu_public	91	14426056	64	0	0.0	stat_sample	2	88	00	0B	02	00	0.0	1	0	2	0																						
2	ppu_public	91	14426056	64	2	1.0	mode2_irq_prepare	0	88	08	0B	02	00	1.0	1	0	2	0																						
2	ppu_public	91	14426064	64	0	0.0	stat_sample	2	8A	00	0B	02	00	0.0	1	0	2	0																						
2	ppu_public	91	14426062	64	8	4.0	mode2_enter	2	8A	00	0B	02	00	4.0	1	0	2	0																						
2	ppu_public	91	14426064	64	0	0.0	stat_sample	3	8A	00	0B	02	00	0.0	1	0	2	0																						
2	ppu_public	91	14426230	64	176	88.0	mode3_enter	3	8A	00	0B	02	00	88.0	1	0	2	0																						
2	ppu_public	91	14426224	64	84	42.0	stat_sample	3	8B	00	0B	02	00	42.0	1	0	2	0																						
2	ppu_public	91	14426574	64	520	260.0	mode0_enter	0	8B	08	0B	02	00	260.0	1	0	2	0																						
2	ppu_public	91	14426568	64	257	128.5	stat_sample	0	88	08	0B	02	00	128.5	1	1	2	0																						
2	ppu_public	91	14426568	64	257	128.5	stat_irq_edge	0	88	08	0B	02	00	128.5	1	1	2	0																						
2	ppu_public	91	14426968	65	0	0.0	stat_sample	2	88	00	0B	02	00	0.0	1	0	2	0																						
2	ppu_public	91	14426968	65	2	1.0	mode2_irq_prepare	0	88	08	0B	02	00	1.0	1	0	2	0																						
2	ppu_public	91	14426976	65	0	0.0	stat_sample	2	8A	00	0B	02	00	0.0	1	0	2	0																						
2	ppu_public	91	14426974	65	8	4.0	mode2_enter	2	8A	00	0B	02	00	4.0	1	0	2	0																						
2	ppu_public	91	14426976	65	0	0.0	stat_sample	3	8A	00	0B	02	00	0.0	1	0	2	0																						
2	ppu_public	91	14427142	65	176	88.0	mode3_enter	3	8A	00	0B	02	00	88.0	1	0	2	0																						
2	ppu_public	91	14427136	65	84	42.0	stat_sample	3	8B	00	0B	02	00	42.0	1	0	2	0																						
2	ppu_public	91	14427486	65	520	260.0	mode0_enter	0	8B	08	0B	02	00	260.0	1	0	2	0																						
2	ppu_public	91	14427480	65	257	128.5	stat_sample	0	88	08	0B	02	00	128.5	1	1	2	0																						
2	ppu_public	91	14427480	65	257	128.5	stat_irq_edge	0	88	08	0B	02	00	128.5	1	1	2	0																						
2	ppu_public	91	14427880	66	0	0.0	stat_sample	2	88	00	0B	02	00	0.0	1	0	2	0																						
2	ppu_public	91	14427880	66	2	1.0	mode2_irq_prepare	0	88	08	0B	02	00	1.0	1	0	2	0																						
2	ppu_public	91	14427888	66	0	0.0	stat_sample	2	8A	00	0B	02	00	0.0	1	0	2	0																						
2	ppu_public	91	14427886	66	8	4.0	mode2_enter	2	8A	00	0B	02	00	4.0	1	0	2	0																						
2	ppu_public	91	14427888	66	0	0.0	stat_sample	3	8A	00	0B	02	00	0.0	1	0	2	0																						
2	ppu_public	91	14428054	66	176	88.0	mode3_enter	3	8A	00	0B	02	00	88.0	1	0	2	0																						
2	ppu_public	91	14428048	66	84	42.0	stat_sample	3	8B	00	0B	02	00	42.0	1	0	2	0																						
2	ppu_public	91	14428398	66	520	260.0	mode0_enter	0	8B	08	0B	02	00	260.0	1	0	2	0																						
2	ppu_public	91	14428392	66	257	128.5	stat_sample	0	88	08	0B	02	00	128.5	1	1	2	0																						
2	ppu_public	91	14428392	66	257	128.5	stat_irq_edge	0	88	08	0B	02	00	128.5	1	1	2	0																						
2	ppu_public	91	14428792	67	0	0.0	stat_sample	2	88	00	0B	02	00	0.0	1	0	2	0																						
2	ppu_public	91	14428792	67	2	1.0	mode2_irq_prepare	0	88	08	0B	02	00	1.0	1	0	2	0																						
2	ppu_public	91	14428800	67	0	0.0	stat_sample	2	8A	00	0B	02	00	0.0	1	0	2	0																						
2	ppu_public	91	14428798	67	8	4.0	mode2_enter	2	8A	00	0B	02	00	4.0	1	0	2	0																						
2	ppu_public	91	14428800	67	0	0.0	stat_sample	3	8A	00	0B	02	00	0.0	1	0	2	0																						
2	ppu_public	91	14428966	67	176	88.0	mode3_enter	3	8A	00	0B	02	00	88.0	1	0	2	0																						
2	ppu_public	91	14428960	67	84	42.0	stat_sample	3	8B	00	0B	02	00	42.0	1	0	2	0																						
2	ppu_public	91	14429310	67	520	260.0	mode0_enter	0	8B	08	0B	02	00	260.0	1	0	2	0																						
2	ppu_public	91	14429304	67	257	128.5	stat_sample	0	88	08	0B	02	00	128.5	1	1	2	0																						
2	ppu_public	91	14429304	67	257	128.5	stat_irq_edge	0	88	08	0B	02	00	128.5	1	1	2	0																						
2	ppu_public	91	14429704	68	0	0.0	stat_sample	2	88	00	0B	02	00	0.0	1	0	2	0																						
2	ppu_public	91	14429704	68	2	1.0	mode2_irq_prepare	0	88	08	0B	02	00	1.0	1	0	2	0																						
2	ppu_public	91	14429712	68	0	0.0	stat_sample	2	8A	00	0B	02	00	0.0	1	0	2	0																						
2	ppu_public	91	14429710	68	8	4.0	mode2_enter	2	8A	00	0B	02	00	4.0	1	0	2	0																						
2	ppu_public	91	14429712	68	0	0.0	stat_sample	3	8A	00	0B	02	00	0.0	1	0	2	0																						
2	ppu_public	91	14429878	68	176	88.0	mode3_enter	3	8A	00	0B	02	00	88.0	1	0	2	0																						
2	ppu_public	91	14429872	68	84	42.0	stat_sample	3	8B	00	0B	02	00	42.0	1	0	2	0																						
2	ppu_public	91	14430222	68	520	260.0	mode0_enter	0	8B	08	0B	02	00	260.0	1	0	2	0																						
2	ppu_public	91	14430216	68	257	128.5	stat_sample	0	88	08	0B	02	00	128.5	1	1	2	0																						
2	ppu_public	91	14430216	68	257	128.5	stat_irq_edge	0	88	08	0B	02	00	128.5	1	1	2	0																						
2	ppu_public	91	14430616	69	0	0.0	stat_sample	2	88	00	0B	02	00	0.0	1	0	2	0																						
2	ppu_public	91	14430616	69	2	1.0	mode2_irq_prepare	0	88	08	0B	02	00	1.0	1	0	2	0																						
2	ppu_public	91	14430624	69	0	0.0	stat_sample	2	8A	00	0B	02	00	0.0	1	0	2	0																						
2	ppu_public	91	14430622	69	8	4.0	mode2_enter	2	8A	00	0B	02	00	4.0	1	0	2	0																						
2	ppu_public	91	14430624	69	0	0.0	stat_sample	3	8A	00	0B	02	00	0.0	1	0	2	0																						
2	ppu_public	91	14430790	69	176	88.0	mode3_enter	3	8A	00	0B	02	00	88.0	1	0	2	0																						
2	ppu_public	91	14430784	69	84	42.0	stat_sample	3	8B	00	0B	02	00	42.0	1	0	2	0																						
2	ppu_public	91	14431134	69	520	260.0	mode0_enter	0	8B	08	0B	02	00	260.0	1	0	2	0																						
2	ppu_public	91	14431128	69	257	128.5	stat_sample	0	88	08	0B	02	00	128.5	1	1	2	0																						
2	ppu_public	91	14431128	69	257	128.5	stat_irq_edge	0	88	08	0B	02	00	128.5	1	1	2	0																						
2	ppu_public	91	14431528	70	0	0.0	stat_sample	2	88	00	0B	02	00	0.0	1	0	2	0																						
2	ppu_public	91	14431528	70	2	1.0	mode2_irq_prepare	0	88	08	0B	02	00	1.0	1	0	2	0																						
2	ppu_public	91	14431536	70	0	0.0	stat_sample	2	8A	00	0B	02	00	0.0	1	0	2	0																						
2	ppu_public	91	14431534	70	8	4.0	mode2_enter	2	8A	00	0B	02	00	4.0	1	0	2	0																						
2	ppu_public	91	14431536	70	0	0.0	stat_sample	3	8A	00	0B	02	00	0.0	1	0	2	0																						
2	ppu_public	91	14431702	70	176	88.0	mode3_enter	3	8A	00	0B	02	00	88.0	1	0	2	0																						
2	ppu_public	91	14431696	70	84	42.0	stat_sample	3	8B	00	0B	02	00	42.0	1	0	2	0																						
2	ppu_public	91	14432046	70	520	260.0	mode0_enter	0	8B	08	0B	02	00	260.0	1	0	2	0																						
2	ppu_public	91	14432040	70	257	128.5	stat_sample	0	88	08	0B	02	00	128.5	1	1	2	0																						
2	ppu_public	91	14432040	70	257	128.5	stat_irq_edge	0	88	08	0B	02	00	128.5	1	1	2	0																						
2	ppu_public	91	14432440	71	0	0.0	stat_sample	2	88	00	0B	02	00	0.0	1	0	2	0																						
2	ppu_public	91	14432440	71	2	1.0	mode2_irq_prepare	0	88	08	0B	02	00	1.0	1	0	2	0																						
2	ppu_public	91	14432448	71	0	0.0	stat_sample	2	8A	00	0B	02	00	0.0	1	0	2	0																						
2	ppu_public	91	14432446	71	8	4.0	mode2_enter	2	8A	00	0B	02	00	4.0	1	0	2	0																						
2	ppu_public	91	14432448	71	0	0.0	stat_sample	3	8A	00	0B	02	00	0.0	1	0	2	0																						
2	ppu_public	91	14432614	71	176	88.0	mode3_enter	3	8A	00	0B	02	00	88.0	1	0	2	0																						
2	ppu_public	91	14432608	71	84	42.0	stat_sample	3	8B	00	0B	02	00	42.0	1	0	2	0																						
2	ppu_public	91	14432958	71	520	260.0	mode0_enter	0	8B	08	0B	02	00	260.0	1	0	2	0																						
2	ppu_public	91	14432952	71	257	128.5	stat_sample	0	88	08	0B	02	00	128.5	1	1	2	0																						
2	ppu_public	91	14432952	71	257	128.5	stat_irq_edge	0	88	08	0B	02	00	128.5	1	1	2	0																						
2	ppu_public	91	14433352	72	0	0.0	stat_sample	2	88	00	0B	02	00	0.0	1	0	2	0																						
2	ppu_public	91	14433352	72	2	1.0	mode2_irq_prepare	0	88	08	0B	02	00	1.0	1	0	2	0																						
2	ppu_public	91	14433360	72	0	0.0	stat_sample	2	8A	00	0B	02	00	0.0	1	0	2	0																						
2	ppu_public	91	14433358	72	8	4.0	mode2_enter	2	8A	00	0B	02	00	4.0	1	0	2	0																						
2	ppu_public	91	14433360	72	0	0.0	stat_sample	3	8A	00	0B	02	00	0.0	1	0	2	0																						
2	ppu_public	91	14433526	72	176	88.0	mode3_enter	3	8A	00	0B	02	00	88.0	1	0	2	0																						
2	ppu_public	91	14433520	72	84	42.0	stat_sample	3	8B	00	0B	02	00	42.0	1	0	2	0																						
2	ppu_public	91	14433870	72	520	260.0	mode0_enter	0	8B	08	0B	02	00	260.0	1	0	2	0																						
2	ppu_public	91	14433864	72	257	128.5	stat_sample	0	88	08	0B	02	00	128.5	1	1	2	0																						
2	ppu_public	91	14433864	72	257	128.5	stat_irq_edge	0	88	08	0B	02	00	128.5	1	1	2	0																						
2	ppu_public	91	14434264	73	0	0.0	stat_sample	2	88	00	0B	02	00	0.0	1	0	2	0																						
2	ppu_public	91	14434264	73	2	1.0	mode2_irq_prepare	0	88	08	0B	02	00	1.0	1	0	2	0																						
2	ppu_public	91	14434272	73	0	0.0	stat_sample	2	8A	00	0B	02	00	0.0	1	0	2	0																						
2	ppu_public	91	14434270	73	8	4.0	mode2_enter	2	8A	00	0B	02	00	4.0	1	0	2	0																						
2	ppu_public	91	14434272	73	0	0.0	stat_sample	3	8A	00	0B	02	00	0.0	1	0	2	0																						
2	ppu_public	91	14434438	73	176	88.0	mode3_enter	3	8A	00	0B	02	00	88.0	1	0	2	0																						
2	ppu_public	91	14434432	73	84	42.0	stat_sample	3	8B	00	0B	02	00	42.0	1	0	2	0																						
2	ppu_public	91	14434782	73	520	260.0	mode0_enter	0	8B	08	0B	02	00	260.0	1	0	2	0																						
2	ppu_public	91	14434776	73	257	128.5	stat_sample	0	88	08	0B	02	00	128.5	1	1	2	0																						
2	ppu_public	91	14434776	73	257	128.5	stat_irq_edge	0	88	08	0B	02	00	128.5	1	1	2	0																						
2	ppu_public	91	14435176	74	0	0.0	stat_sample	2	88	00	0B	02	00	0.0	1	0	2	0																						
2	ppu_public	91	14435176	74	2	1.0	mode2_irq_prepare	0	88	08	0B	02	00	1.0	1	0	2	0																						
2	ppu_public	91	14435184	74	0	0.0	stat_sample	2	8A	00	0B	02	00	0.0	1	0	2	0																						
2	ppu_public	91	14435182	74	8	4.0	mode2_enter	2	8A	00	0B	02	00	4.0	1	0	2	0																						
2	ppu_public	91	14435184	74	0	0.0	stat_sample	3	8A	00	0B	02	00	0.0	1	0	2	0																						
2	ppu_public	91	14435350	74	176	88.0	mode3_enter	3	8A	00	0B	02	00	88.0	1	0	2	0																						
2	ppu_public	91	14435344	74	84	42.0	stat_sample	3	8B	00	0B	02	00	42.0	1	0	2	0																						
2	ppu_public	91	14435694	74	520	260.0	mode0_enter	0	8B	08	0B	02	00	260.0	1	0	2	0																						
2	ppu_public	91	14435688	74	257	128.5	stat_sample	0	88	08	0B	02	00	128.5	1	1	2	0																						
2	ppu_public	91	14435688	74	257	128.5	stat_irq_edge	0	88	08	0B	02	00	128.5	1	1	2	0																						
2	ppu_public	91	14436088	75	0	0.0	stat_sample	2	88	00	0B	02	00	0.0	1	0	2	0																						
2	ppu_public	91	14436088	75	2	1.0	mode2_irq_prepare	0	88	08	0B	02	00	1.0	1	0	2	0																						
2	ppu_public	91	14436096	75	0	0.0	stat_sample	2	8A	00	0B	02	00	0.0	1	0	2	0																						
2	ppu_public	91	14436094	75	8	4.0	mode2_enter	2	8A	00	0B	02	00	4.0	1	0	2	0																						
2	ppu_public	91	14436096	75	0	0.0	stat_sample	3	8A	00	0B	02	00	0.0	1	0	2	0																						
2	ppu_public	91	14436262	75	176	88.0	mode3_enter	3	8A	00	0B	02	00	88.0	1	0	2	0																						
2	ppu_public	91	14436256	75	84	42.0	stat_sample	3	8B	00	0B	02	00	42.0	1	0	2	0																						
2	ppu_public	91	14436606	75	520	260.0	mode0_enter	0	8B	08	0B	02	00	260.0	1	0	2	0																						
2	ppu_public	91	14436600	75	257	128.5	stat_sample	0	88	08	0B	02	00	128.5	1	1	2	0																						
2	ppu_public	91	14436600	75	257	128.5	stat_irq_edge	0	88	08	0B	02	00	128.5	1	1	2	0																						
2	ppu_public	91	14437000	76	0	0.0	stat_sample	2	88	00	0B	02	00	0.0	1	0	2	0																						
2	ppu_public	91	14437000	76	2	1.0	mode2_irq_prepare	0	88	08	0B	02	00	1.0	1	0	2	0																						
2	ppu_public	91	14437008	76	0	0.0	stat_sample	2	8A	00	0B	02	00	0.0	1	0	2	0																						
2	ppu_public	91	14437006	76	8	4.0	mode2_enter	2	8A	00	0B	02	00	4.0	1	0	2	0																						
2	ppu_public	91	14437008	76	0	0.0	stat_sample	3	8A	00	0B	02	00	0.0	1	0	2	0																						
2	ppu_public	91	14437174	76	176	88.0	mode3_enter	3	8A	00	0B	02	00	88.0	1	0	2	0																						
2	ppu_public	91	14437168	76	84	42.0	stat_sample	3	8B	00	0B	02	00	42.0	1	0	2	0																						
2	ppu_public	91	14437518	76	520	260.0	mode0_enter	0	8B	08	0B	02	00	260.0	1	0	2	0																						
2	ppu_public	91	14437512	76	257	128.5	stat_sample	0	88	08	0B	02	00	128.5	1	1	2	0																						
2	ppu_public	91	14437512	76	257	128.5	stat_irq_edge	0	88	08	0B	02	00	128.5	1	1	2	0																						
2	ppu_public	91	14437912	77	0	0.0	stat_sample	2	88	00	0B	02	00	0.0	1	0	2	0																						
2	ppu_public	91	14437912	77	2	1.0	mode2_irq_prepare	0	88	08	0B	02	00	1.0	1	0	2	0																						
2	ppu_public	91	14437920	77	0	0.0	stat_sample	2	8A	00	0B	02	00	0.0	1	0	2	0																						
2	ppu_public	91	14437918	77	8	4.0	mode2_enter	2	8A	00	0B	02	00	4.0	1	0	2	0																						
2	ppu_public	91	14437920	77	0	0.0	stat_sample	3	8A	00	0B	02	00	0.0	1	0	2	0																						
2	ppu_public	91	14438086	77	176	88.0	mode3_enter	3	8A	00	0B	02	00	88.0	1	0	2	0																						
2	ppu_public	91	14438080	77	84	42.0	stat_sample	3	8B	00	0B	02	00	42.0	1	0	2	0																						
2	ppu_public	91	14438430	77	520	260.0	mode0_enter	0	8B	08	0B	02	00	260.0	1	0	2	0																						
2	ppu_public	91	14438424	77	257	128.5	stat_sample	0	88	08	0B	02	00	128.5	1	1	2	0																						
2	ppu_public	91	14438424	77	257	128.5	stat_irq_edge	0	88	08	0B	02	00	128.5	1	1	2	0																						
2	ppu_public	91	14438824	78	0	0.0	stat_sample	2	88	00	0B	02	00	0.0	1	0	2	0																						
2	ppu_public	91	14438824	78	2	1.0	mode2_irq_prepare	0	88	08	0B	02	00	1.0	1	0	2	0																						
2	ppu_public	91	14438832	78	0	0.0	stat_sample	2	8A	00	0B	02	00	0.0	1	0	2	0																						
2	ppu_public	91	14438830	78	8	4.0	mode2_enter	2	8A	00	0B	02	00	4.0	1	0	2	0																						
2	ppu_public	91	14438832	78	0	0.0	stat_sample	3	8A	00	0B	02	00	0.0	1	0	2	0																						
2	ppu_public	91	14438998	78	176	88.0	mode3_enter	3	8A	00	0B	02	00	88.0	1	0	2	0																						
2	ppu_public	91	14438992	78	84	42.0	stat_sample	3	8B	00	0B	02	00	42.0	1	0	2	0																						
2	ppu_public	91	14439342	78	520	260.0	mode0_enter	0	8B	08	0B	02	00	260.0	1	0	2	0																						
2	ppu_public	91	14439336	78	257	128.5	stat_sample	0	88	08	0B	02	00	128.5	1	1	2	0																						
2	ppu_public	91	14439336	78	257	128.5	stat_irq_edge	0	88	08	0B	02	00	128.5	1	1	2	0																						
2	ppu_public	91	14439736	79	0	0.0	stat_sample	2	88	00	0B	02	00	0.0	1	0	2	0																						
2	ppu_public	91	14439736	79	2	1.0	mode2_irq_prepare	0	88	08	0B	02	00	1.0	1	0	2	0																						
2	ppu_public	91	14439744	79	0	0.0	stat_sample	2	8A	00	0B	02	00	0.0	1	0	2	0																						
2	ppu_public	91	14439742	79	8	4.0	mode2_enter	2	8A	00	0B	02	00	4.0	1	0	2	0																						
2	ppu_public	91	14439744	79	0	0.0	stat_sample	3	8A	00	0B	02	00	0.0	1	0	2	0																						
2	ppu_public	91	14439910	79	176	88.0	mode3_enter	3	8A	00	0B	02	00	88.0	1	0	2	0																						
2	ppu_public	91	14439904	79	84	42.0	stat_sample	3	8B	00	0B	02	00	42.0	1	0	2	0																						
2	ppu_public	91	14440254	79	520	260.0	mode0_enter	0	8B	08	0B	02	00	260.0	1	0	2	0																						
2	ppu_public	91	14440248	79	257	128.5	stat_sample	0	88	08	0B	02	00	128.5	1	1	2	0																						
2	ppu_public	91	14440248	79	257	128.5	stat_irq_edge	0	88	08	0B	02	00	128.5	1	1	2	0																						
2	ppu_public	91	14440648	80	0	0.0	stat_sample	2	88	00	0B	02	00	0.0	1	0	2	0																						
2	ppu_public	91	14440648	80	2	1.0	mode2_irq_prepare	0	88	08	0B	02	00	1.0	1	0	2	0																						
2	ppu_public	91	14440656	80	0	0.0	stat_sample	2	8A	00	0B	02	00	0.0	1	0	2	0																						
2	ppu_public	91	14440654	80	8	4.0	mode2_enter	2	8A	00	0B	02	00	4.0	1	0	2	0																						
2	ppu_public	91	14440656	80	0	0.0	stat_sample	3	8A	00	0B	02	00	0.0	1	0	2	0																						
2	ppu_public	91	14440822	80	176	88.0	mode3_enter	3	8A	00	0B	02	00	88.0	1	0	2	0																						
2	ppu_public	91	14440816	80	84	42.0	stat_sample	3	8B	00	0B	02	00	42.0	1	0	2	0																						
2	ppu_public	91	14441166	80	520	260.0	mode0_enter	0	8B	08	0B	02	00	260.0	1	0	2	0																						
2	ppu_public	91	14441160	80	257	128.5	stat_sample	0	88	08	0B	02	00	128.5	1	1	2	0																						
2	ppu_public	91	14441160	80	257	128.5	stat_irq_edge	0	88	08	0B	02	00	128.5	1	1	2	0																						
2	ppu_public	91	14441560	81	0	0.0	stat_sample	2	88	00	0B	02	00	0.0	1	0	2	0																						
2	ppu_public	91	14441560	81	2	1.0	mode2_irq_prepare	0	88	08	0B	02	00	1.0	1	0	2	0																						
2	ppu_public	91	14441568	81	0	0.0	stat_sample	2	8A	00	0B	02	00	0.0	1	0	2	0																						
2	ppu_public	91	14441566	81	8	4.0	mode2_enter	2	8A	00	0B	02	00	4.0	1	0	2	0																						
2	ppu_public	91	14441568	81	0	0.0	stat_sample	3	8A	00	0B	02	00	0.0	1	0	2	0																						
2	ppu_public	91	14441734	81	176	88.0	mode3_enter	3	8A	00	0B	02	00	88.0	1	0	2	0																						
2	ppu_public	91	14441728	81	84	42.0	stat_sample	3	8B	00	0B	02	00	42.0	1	0	2	0																						
2	ppu_public	91	14442078	81	520	260.0	mode0_enter	0	8B	08	0B	02	00	260.0	1	0	2	0																						
2	ppu_public	91	14442072	81	257	128.5	stat_sample	0	88	08	0B	02	00	128.5	1	1	2	0																						
2	ppu_public	91	14442072	81	257	128.5	stat_irq_edge	0	88	08	0B	02	00	128.5	1	1	2	0																						
2	ppu_public	91	14442472	82	0	0.0	stat_sample	2	88	00	0B	02	00	0.0	1	0	2	0																						
2	ppu_public	91	14442472	82	2	1.0	mode2_irq_prepare	0	88	08	0B	02	00	1.0	1	0	2	0																						
2	ppu_public	91	14442480	82	0	0.0	stat_sample	2	8A	00	0B	02	00	0.0	1	0	2	0																						
2	ppu_public	91	14442478	82	8	4.0	mode2_enter	2	8A	00	0B	02	00	4.0	1	0	2	0																						
2	ppu_public	91	14442480	82	0	0.0	stat_sample	3	8A	00	0B	02	00	0.0	1	0	2	0																						
2	ppu_public	91	14442646	82	176	88.0	mode3_enter	3	8A	00	0B	02	00	88.0	1	0	2	0																						
2	ppu_public	91	14442640	82	84	42.0	stat_sample	3	8B	00	0B	02	00	42.0	1	0	2	0																						
2	ppu_public	91	14442990	82	520	260.0	mode0_enter	0	8B	08	0B	02	00	260.0	1	0	2	0																						
2	ppu_public	91	14442984	82	257	128.5	stat_sample	0	88	08	0B	02	00	128.5	1	1	2	0																						
2	ppu_public	91	14442984	82	257	128.5	stat_irq_edge	0	88	08	0B	02	00	128.5	1	1	2	0																						
2	ppu_public	91	14443384	83	0	0.0	stat_sample	2	88	00	0B	02	00	0.0	1	0	2	0																						
2	ppu_public	91	14443384	83	2	1.0	mode2_irq_prepare	0	88	08	0B	02	00	1.0	1	0	2	0																						
2	ppu_public	91	14443392	83	0	0.0	stat_sample	2	8A	00	0B	02	00	0.0	1	0	2	0																						
2	ppu_public	91	14443390	83	8	4.0	mode2_enter	2	8A	00	0B	02	00	4.0	1	0	2	0																						
2	ppu_public	91	14443392	83	0	0.0	stat_sample	3	8A	00	0B	02	00	0.0	1	0	2	0																						
2	ppu_public	91	14443558	83	176	88.0	mode3_enter	3	8A	00	0B	02	00	88.0	1	0	2	0																						
2	ppu_public	91	14443552	83	84	42.0	stat_sample	3	8B	00	0B	02	00	42.0	1	0	2	0																						
2	ppu_public	91	14443902	83	520	260.0	mode0_enter	0	8B	08	0B	02	00	260.0	1	0	2	0																						
2	ppu_public	91	14443896	83	257	128.5	stat_sample	0	88	08	0B	02	00	128.5	1	1	2	0																						
2	ppu_public	91	14443896	83	257	128.5	stat_irq_edge	0	88	08	0B	02	00	128.5	1	1	2	0																						
2	ppu_public	91	14444296	84	0	0.0	stat_sample	2	88	00	0B	02	00	0.0	1	0	2	0																						
2	ppu_public	91	14444296	84	2	1.0	mode2_irq_prepare	0	88	08	0B	02	00	1.0	1	0	2	0																						
2	ppu_public	91	14444304	84	0	0.0	stat_sample	2	8A	00	0B	02	00	0.0	1	0	2	0																						
2	ppu_public	91	14444302	84	8	4.0	mode2_enter	2	8A	00	0B	02	00	4.0	1	0	2	0																						
2	ppu_public	91	14444304	84	0	0.0	stat_sample	3	8A	00	0B	02	00	0.0	1	0	2	0																						
2	ppu_public	91	14444470	84	176	88.0	mode3_enter	3	8A	00	0B	02	00	88.0	1	0	2	0																						
2	ppu_public	91	14444464	84	84	42.0	stat_sample	3	8B	00	0B	02	00	42.0	1	0	2	0																						
2	ppu_public	91	14444814	84	520	260.0	mode0_enter	0	8B	08	0B	02	00	260.0	1	0	2	0																						
2	ppu_public	91	14444808	84	257	128.5	stat_sample	0	88	08	0B	02	00	128.5	1	1	2	0																						
2	ppu_public	91	14444808	84	257	128.5	stat_irq_edge	0	88	08	0B	02	00	128.5	1	1	2	0																						
2	ppu_public	91	14445208	85	0	0.0	stat_sample	2	88	00	0B	02	00	0.0	1	0	2	0																						
2	ppu_public	91	14445208	85	2	1.0	mode2_irq_prepare	0	88	08	0B	02	00	1.0	1	0	2	0																						
2	ppu_public	91	14445216	85	0	0.0	stat_sample	2	8A	00	0B	02	00	0.0	1	0	2	0																						
2	ppu_public	91	14445214	85	8	4.0	mode2_enter	2	8A	00	0B	02	00	4.0	1	0	2	0																						
2	ppu_public	91	14445216	85	0	0.0	stat_sample	3	8A	00	0B	02	00	0.0	1	0	2	0																						
2	ppu_public	91	14445382	85	176	88.0	mode3_enter	3	8A	00	0B	02	00	88.0	1	0	2	0																						
2	ppu_public	91	14445376	85	84	42.0	stat_sample	3	8B	00	0B	02	00	42.0	1	0	2	0																						
2	ppu_public	91	14445726	85	520	260.0	mode0_enter	0	8B	08	0B	02	00	260.0	1	0	2	0																						
2	ppu_public	91	14445720	85	257	128.5	stat_sample	0	88	08	0B	02	00	128.5	1	1	2	0																						
2	ppu_public	91	14445720	85	257	128.5	stat_irq_edge	0	88	08	0B	02	00	128.5	1	1	2	0																						
2	ppu_public	91	14446120	86	0	0.0	stat_sample	2	88	00	0B	02	00	0.0	1	0	2	0																						
2	ppu_public	91	14446120	86	2	1.0	mode2_irq_prepare	0	88	08	0B	02	00	1.0	1	0	2	0																						
2	ppu_public	91	14446128	86	0	0.0	stat_sample	2	8A	00	0B	02	00	0.0	1	0	2	0																						
2	ppu_public	91	14446126	86	8	4.0	mode2_enter	2	8A	00	0B	02	00	4.0	1	0	2	0																						
2	ppu_public	91	14446128	86	0	0.0	stat_sample	3	8A	00	0B	02	00	0.0	1	0	2	0																						
2	ppu_public	91	14446294	86	176	88.0	mode3_enter	3	8A	00	0B	02	00	88.0	1	0	2	0																						
2	ppu_public	91	14446288	86	84	42.0	stat_sample	3	8B	00	0B	02	00	42.0	1	0	2	0																						
2	ppu_public	91	14446638	86	520	260.0	mode0_enter	0	8B	08	0B	02	00	260.0	1	0	2	0																						
2	ppu_public	91	14446632	86	257	128.5	stat_sample	0	88	08	0B	02	00	128.5	1	1	2	0																						
2	ppu_public	91	14446632	86	257	128.5	stat_irq_edge	0	88	08	0B	02	00	128.5	1	1	2	0																						
2	ppu_public	91	14447032	87	0	0.0	stat_sample	2	88	00	0B	02	00	0.0	1	0	2	0																						
2	ppu_public	91	14447032	87	2	1.0	mode2_irq_prepare	0	88	08	0B	02	00	1.0	1	0	2	0																						
2	ppu_public	91	14447040	87	0	0.0	stat_sample	2	8A	00	0B	02	00	0.0	1	0	2	0																						
2	ppu_public	91	14447038	87	8	4.0	mode2_enter	2	8A	00	0B	02	00	4.0	1	0	2	0																						
2	ppu_public	91	14447040	87	0	0.0	stat_sample	3	8A	00	0B	02	00	0.0	1	0	2	0																						
2	ppu_public	91	14447206	87	176	88.0	mode3_enter	3	8A	00	0B	02	00	88.0	1	0	2	0																						
2	ppu_public	91	14447200	87	84	42.0	stat_sample	3	8B	00	0B	02	00	42.0	1	0	2	0																						
2	ppu_public	91	14447550	87	520	260.0	mode0_enter	0	8B	08	0B	02	00	260.0	1	0	2	0																						
2	ppu_public	91	14447544	87	257	128.5	stat_sample	0	88	08	0B	02	00	128.5	1	1	2	0																						
2	ppu_public	91	14447544	87	257	128.5	stat_irq_edge	0	88	08	0B	02	00	128.5	1	1	2	0																						
2	ppu_public	91	14447944	88	0	0.0	stat_sample	2	88	00	0B	02	00	0.0	1	0	2	0																						
2	ppu_public	91	14447944	88	2	1.0	mode2_irq_prepare	0	88	08	0B	02	00	1.0	1	0	2	0																						
2	ppu_public	91	14447952	88	0	0.0	stat_sample	2	8A	00	0B	02	00	0.0	1	0	2	0																						
2	ppu_public	91	14447950	88	8	4.0	mode2_enter	2	8A	00	0B	02	00	4.0	1	0	2	0																						
2	ppu_public	91	14447952	88	0	0.0	stat_sample	3	8A	00	0B	02	00	0.0	1	0	2	0																						
2	ppu_public	91	14448118	88	176	88.0	mode3_enter	3	8A	00	0B	02	00	88.0	1	0	2	0																						
2	ppu_public	91	14448112	88	84	42.0	stat_sample	3	8B	00	0B	02	00	42.0	1	0	2	0																						
2	ppu_public	91	14448462	88	520	260.0	mode0_enter	0	8B	08	0B	02	00	260.0	1	0	2	0																						
2	ppu_public	91	14448456	88	257	128.5	stat_sample	0	88	08	0B	02	00	128.5	1	1	2	0																						
2	ppu_public	91	14448456	88	257	128.5	stat_irq_edge	0	88	08	0B	02	00	128.5	1	1	2	0																						
2	ppu_public	91	14448856	89	0	0.0	stat_sample	2	88	00	0B	02	00	0.0	1	0	2	0																						
2	ppu_public	91	14448856	89	2	1.0	mode2_irq_prepare	0	88	08	0B	02	00	1.0	1	0	2	0																						
2	ppu_public	91	14448864	89	0	0.0	stat_sample	2	8A	00	0B	02	00	0.0	1	0	2	0																						
2	ppu_public	91	14448862	89	8	4.0	mode2_enter	2	8A	00	0B	02	00	4.0	1	0	2	0																						
2	ppu_public	91	14448864	89	0	0.0	stat_sample	3	8A	00	0B	02	00	0.0	1	0	2	0																						
2	ppu_public	91	14449030	89	176	88.0	mode3_enter	3	8A	00	0B	02	00	88.0	1	0	2	0																						
2	ppu_public	91	14449024	89	84	42.0	stat_sample	3	8B	00	0B	02	00	42.0	1	0	2	0																						
2	ppu_public	91	14449374	89	520	260.0	mode0_enter	0	8B	08	0B	02	00	260.0	1	0	2	0																						
2	ppu_public	91	14449368	89	257	128.5	stat_sample	0	88	08	0B	02	00	128.5	1	1	2	0																						
2	ppu_public	91	14449368	89	257	128.5	stat_irq_edge	0	88	08	0B	02	00	128.5	1	1	2	0																						
2	ppu_public	91	14449768	90	0	0.0	stat_sample	2	88	00	0B	02	00	0.0	1	0	2	0																						
2	ppu_public	91	14449768	90	2	1.0	mode2_irq_prepare	0	88	08	0B	02	00	1.0	1	0	2	0																						
2	ppu_public	91	14449776	90	0	0.0	stat_sample	2	8A	00	0B	02	00	0.0	1	0	2	0																						
2	ppu_public	91	14449774	90	8	4.0	mode2_enter	2	8A	00	0B	02	00	4.0	1	0	2	0																						
2	ppu_public	91	14449776	90	0	0.0	stat_sample	3	8A	00	0B	02	00	0.0	1	0	2	0																						
2	ppu_public	91	14449942	90	176	88.0	mode3_enter	3	8A	00	0B	02	00	88.0	1	0	2	0																						
2	ppu_public	91	14449936	90	84	42.0	stat_sample	3	8B	00	0B	02	00	42.0	1	0	2	0																						
2	ppu_public	91	14450286	90	520	260.0	mode0_enter	0	8B	08	0B	02	00	260.0	1	0	2	0																						
2	ppu_public	91	14450280	90	257	128.5	stat_sample	0	88	08	0B	02	00	128.5	1	1	2	0																						
2	ppu_public	91	14450280	90	257	128.5	stat_irq_edge	0	88	08	0B	02	00	128.5	1	1	2	0																						
2	ppu_public	91	14450680	91	0	0.0	stat_sample	2	88	00	0B	02	00	0.0	1	0	2	0																						
2	ppu_public	91	14450680	91	2	1.0	mode2_irq_prepare	0	88	08	0B	02	00	1.0	1	0	2	0																						
2	ppu_public	91	14450688	91	0	0.0	stat_sample	2	8A	00	0B	02	00	0.0	1	0	2	0																						
2	ppu_public	91	14450686	91	8	4.0	mode2_enter	2	8A	00	0B	02	00	4.0	1	0	2	0																						
2	ppu_public	91	14450688	91	0	0.0	stat_sample	3	8A	00	0B	02	00	0.0	1	0	2	0																						
2	ppu_public	91	14450854	91	176	88.0	mode3_enter	3	8A	00	0B	02	00	88.0	1	0	2	0																						
2	ppu_public	91	14450848	91	84	42.0	stat_sample	3	8B	00	0B	02	00	42.0	1	0	2	0																						
2	ppu_public	91	14451198	91	520	260.0	mode0_enter	0	8B	08	0B	02	00	260.0	1	0	2	0																						
2	ppu_public	91	14451192	91	257	128.5	stat_sample	0	88	08	0B	02	00	128.5	1	1	2	0																						
2	ppu_public	91	14451192	91	257	128.5	stat_irq_edge	0	88	08	0B	02	00	128.5	1	1	2	0																						
2	ppu_public	91	14451592	92	0	0.0	stat_sample	2	88	00	0B	02	00	0.0	1	0	2	0																						
2	ppu_public	91	14451592	92	2	1.0	mode2_irq_prepare	0	88	08	0B	02	00	1.0	1	0	2	0																						
2	ppu_public	91	14451600	92	0	0.0	stat_sample	2	8A	00	0B	02	00	0.0	1	0	2	0																						
2	ppu_public	91	14451598	92	8	4.0	mode2_enter	2	8A	00	0B	02	00	4.0	1	0	2	0																						
2	ppu_public	91	14451600	92	0	0.0	stat_sample	3	8A	00	0B	02	00	0.0	1	0	2	0																						
2	ppu_public	91	14451766	92	176	88.0	mode3_enter	3	8A	00	0B	02	00	88.0	1	0	2	0																						
2	ppu_public	91	14451760	92	84	42.0	stat_sample	3	8B	00	0B	02	00	42.0	1	0	2	0																						
2	ppu_public	91	14452110	92	520	260.0	mode0_enter	0	8B	08	0B	02	00	260.0	1	0	2	0																						
2	ppu_public	91	14452104	92	257	128.5	stat_sample	0	88	08	0B	02	00	128.5	1	1	2	0																						
2	ppu_public	91	14452104	92	257	128.5	stat_irq_edge	0	88	08	0B	02	00	128.5	1	1	2	0																						
2	ppu_public	91	14452504	93	0	0.0	stat_sample	2	88	00	0B	02	00	0.0	1	0	2	0																						
2	ppu_public	91	14452504	93	2	1.0	mode2_irq_prepare	0	88	08	0B	02	00	1.0	1	0	2	0																						
2	ppu_public	91	14452512	93	0	0.0	stat_sample	2	8A	00	0B	02	00	0.0	1	0	2	0																						
2	ppu_public	91	14452510	93	8	4.0	mode2_enter	2	8A	00	0B	02	00	4.0	1	0	2	0																						
2	ppu_public	91	14452512	93	0	0.0	stat_sample	3	8A	00	0B	02	00	0.0	1	0	2	0																						
2	ppu_public	91	14452678	93	176	88.0	mode3_enter	3	8A	00	0B	02	00	88.0	1	0	2	0																						
2	ppu_public	91	14452672	93	84	42.0	stat_sample	3	8B	00	0B	02	00	42.0	1	0	2	0																						
2	ppu_public	91	14453022	93	520	260.0	mode0_enter	0	8B	08	0B	02	00	260.0	1	0	2	0																						
2	ppu_public	91	14453016	93	257	128.5	stat_sample	0	88	08	0B	02	00	128.5	1	1	2	0																						
2	ppu_public	91	14453016	93	257	128.5	stat_irq_edge	0	88	08	0B	02	00	128.5	1	1	2	0																						
2	ppu_public	91	14453416	94	0	0.0	stat_sample	2	88	00	0B	02	00	0.0	1	0	2	0																						
2	ppu_public	91	14453416	94	2	1.0	mode2_irq_prepare	0	88	08	0B	02	00	1.0	1	0	2	0																						
2	ppu_public	91	14453424	94	0	0.0	stat_sample	2	8A	00	0B	02	00	0.0	1	0	2	0																						
2	ppu_public	91	14453422	94	8	4.0	mode2_enter	2	8A	00	0B	02	00	4.0	1	0	2	0																						
2	ppu_public	91	14453424	94	0	0.0	stat_sample	3	8A	00	0B	02	00	0.0	1	0	2	0																						
2	ppu_public	91	14453590	94	176	88.0	mode3_enter	3	8A	00	0B	02	00	88.0	1	0	2	0																						
2	ppu_public	91	14453584	94	84	42.0	stat_sample	3	8B	00	0B	02	00	42.0	1	0	2	0																						
2	ppu_public	91	14453934	94	520	260.0	mode0_enter	0	8B	08	0B	02	00	260.0	1	0	2	0																						
2	ppu_public	91	14453928	94	257	128.5	stat_sample	0	88	08	0B	02	00	128.5	1	1	2	0																						
2	ppu_public	91	14453928	94	257	128.5	stat_irq_edge	0	88	08	0B	02	00	128.5	1	1	2	0																						
2	ppu_public	91	14454328	95	0	0.0	stat_sample	2	88	00	0B	02	00	0.0	1	0	2	0																						
2	ppu_public	91	14454328	95	2	1.0	mode2_irq_prepare	0	88	08	0B	02	00	1.0	1	0	2	0																						
2	ppu_public	91	14454336	95	0	0.0	stat_sample	2	8A	00	0B	02	00	0.0	1	0	2	0																						
2	ppu_public	91	14454334	95	8	4.0	mode2_enter	2	8A	00	0B	02	00	4.0	1	0	2	0																						
2	ppu_public	91	14454336	95	0	0.0	stat_sample	3	8A	00	0B	02	00	0.0	1	0	2	0																						
2	ppu_public	91	14454502	95	176	88.0	mode3_enter	3	8A	00	0B	02	00	88.0	1	0	2	0																						
2	ppu_public	91	14454496	95	84	42.0	stat_sample	3	8B	00	0B	02	00	42.0	1	0	2	0																						
2	ppu_public	91	14454846	95	520	260.0	mode0_enter	0	8B	08	0B	02	00	260.0	1	0	2	0																						
2	ppu_public	91	14454840	95	257	128.5	stat_sample	0	88	08	0B	02	00	128.5	1	1	2	0																						
2	ppu_public	91	14454840	95	257	128.5	stat_irq_edge	0	88	08	0B	02	00	128.5	1	1	2	0																						
2	ppu_public	91	14455240	96	0	0.0	stat_sample	2	88	00	0B	02	00	0.0	1	0	2	0																						
2	ppu_public	91	14455240	96	2	1.0	mode2_irq_prepare	0	88	08	0B	02	00	1.0	1	0	2	0																						
2	ppu_public	91	14455248	96	0	0.0	stat_sample	2	8A	00	0B	02	00	0.0	1	0	2	0																						
2	ppu_public	91	14455246	96	8	4.0	mode2_enter	2	8A	00	0B	02	00	4.0	1	0	2	0																						
2	ppu_public	91	14455248	96	0	0.0	stat_sample	3	8A	00	0B	02	00	0.0	1	0	2	0																						
2	ppu_public	91	14455414	96	176	88.0	mode3_enter	3	8A	00	0B	02	00	88.0	1	0	2	0																						
2	ppu_public	91	14455408	96	84	42.0	stat_sample	3	8B	00	0B	02	00	42.0	1	0	2	0																						
2	ppu_public	91	14455758	96	520	260.0	mode0_enter	0	8B	08	0B	02	00	260.0	1	0	2	0																						
2	ppu_public	91	14455752	96	257	128.5	stat_sample	0	88	08	0B	02	00	128.5	1	1	2	0																						
2	ppu_public	91	14455752	96	257	128.5	stat_irq_edge	0	88	08	0B	02	00	128.5	1	1	2	0																						
2	ppu_public	91	14456152	97	0	0.0	stat_sample	2	88	00	0B	02	00	0.0	1	0	2	0																						
2	ppu_public	91	14456152	97	2	1.0	mode2_irq_prepare	0	88	08	0B	02	00	1.0	1	0	2	0																						
2	ppu_public	91	14456160	97	0	0.0	stat_sample	2	8A	00	0B	02	00	0.0	1	0	2	0																						
2	ppu_public	91	14456158	97	8	4.0	mode2_enter	2	8A	00	0B	02	00	4.0	1	0	2	0																						
2	ppu_public	91	14456160	97	0	0.0	stat_sample	3	8A	00	0B	02	00	0.0	1	0	2	0																						
2	ppu_public	91	14456326	97	176	88.0	mode3_enter	3	8A	00	0B	02	00	88.0	1	0	2	0																						
2	ppu_public	91	14456320	97	84	42.0	stat_sample	3	8B	00	0B	02	00	42.0	1	0	2	0																						
2	ppu_public	91	14456670	97	520	260.0	mode0_enter	0	8B	08	0B	02	00	260.0	1	0	2	0																						
2	ppu_public	91	14456664	97	257	128.5	stat_sample	0	88	08	0B	02	00	128.5	1	1	2	0																						
2	ppu_public	91	14456664	97	257	128.5	stat_irq_edge	0	88	08	0B	02	00	128.5	1	1	2	0																						
2	ppu_public	91	14457064	98	0	0.0	stat_sample	2	88	00	0B	02	00	0.0	1	0	2	0																						
2	ppu_public	91	14457064	98	2	1.0	mode2_irq_prepare	0	88	08	0B	02	00	1.0	1	0	2	0																						
2	ppu_public	91	14457072	98	0	0.0	stat_sample	2	8A	00	0B	02	00	0.0	1	0	2	0																						
2	ppu_public	91	14457070	98	8	4.0	mode2_enter	2	8A	00	0B	02	00	4.0	1	0	2	0																						
2	ppu_public	91	14457072	98	0	0.0	stat_sample	3	8A	00	0B	02	00	0.0	1	0	2	0																						
2	ppu_public	91	14457238	98	176	88.0	mode3_enter	3	8A	00	0B	02	00	88.0	1	0	2	0																						
2	ppu_public	91	14457232	98	84	42.0	stat_sample	3	8B	00	0B	02	00	42.0	1	0	2	0																						
2	ppu_public	91	14457582	98	520	260.0	mode0_enter	0	8B	08	0B	02	00	260.0	1	0	2	0																						
2	ppu_public	91	14457576	98	257	128.5	stat_sample	0	88	08	0B	02	00	128.5	1	1	2	0																						
2	ppu_public	91	14457576	98	257	128.5	stat_irq_edge	0	88	08	0B	02	00	128.5	1	1	2	0																						
2	ppu_public	91	14457976	99	0	0.0	stat_sample	2	88	00	0B	02	00	0.0	1	0	2	0																						
2	ppu_public	91	14457976	99	2	1.0	mode2_irq_prepare	0	88	08	0B	02	00	1.0	1	0	2	0																						
2	ppu_public	91	14457984	99	0	0.0	stat_sample	2	8A	00	0B	02	00	0.0	1	0	2	0																						
2	ppu_public	91	14457982	99	8	4.0	mode2_enter	2	8A	00	0B	02	00	4.0	1	0	2	0																						
2	ppu_public	91	14457984	99	0	0.0	stat_sample	3	8A	00	0B	02	00	0.0	1	0	2	0																						
2	ppu_public	91	14458150	99	176	88.0	mode3_enter	3	8A	00	0B	02	00	88.0	1	0	2	0																						
2	ppu_public	91	14458144	99	84	42.0	stat_sample	3	8B	00	0B	02	00	42.0	1	0	2	0																						
2	ppu_public	91	14458494	99	520	260.0	mode0_enter	0	8B	08	0B	02	00	260.0	1	0	2	0																						
2	ppu_public	91	14458488	99	257	128.5	stat_sample	0	88	08	0B	02	00	128.5	1	1	2	0																						
2	ppu_public	91	14458488	99	257	128.5	stat_irq_edge	0	88	08	0B	02	00	128.5	1	1	2	0																						
2	ppu_public	91	14458888	100	0	0.0	stat_sample	2	88	00	0B	02	00	0.0	1	0	2	0																						
2	ppu_public	91	14458888	100	2	1.0	mode2_irq_prepare	0	88	08	0B	02	00	1.0	1	0	2	0																						
2	ppu_public	91	14458896	100	0	0.0	stat_sample	2	8A	00	0B	02	00	0.0	1	0	2	0																						
2	ppu_public	91	14458894	100	8	4.0	mode2_enter	2	8A	00	0B	02	00	4.0	1	0	2	0																						
2	ppu_public	91	14458896	100	0	0.0	stat_sample	3	8A	00	0B	02	00	0.0	1	0	2	0																						
2	ppu_public	91	14459062	100	176	88.0	mode3_enter	3	8A	00	0B	02	00	88.0	1	0	2	0																						
2	ppu_public	91	14459056	100	84	42.0	stat_sample	3	8B	00	0B	02	00	42.0	1	0	2	0																						
2	ppu_public	91	14459406	100	520	260.0	mode0_enter	0	8B	08	0B	02	00	260.0	1	0	2	0																						
2	ppu_public	91	14459400	100	257	128.5	stat_sample	0	88	08	0B	02	00	128.5	1	1	2	0																						
2	ppu_public	91	14459400	100	257	128.5	stat_irq_edge	0	88	08	0B	02	00	128.5	1	1	2	0																						
2	ppu_public	91	14459800	101	0	0.0	stat_sample	2	88	00	0B	02	00	0.0	1	0	2	0																						
2	ppu_public	91	14459800	101	2	1.0	mode2_irq_prepare	0	88	08	0B	02	00	1.0	1	0	2	0																						
2	ppu_public	91	14459808	101	0	0.0	stat_sample	2	8A	00	0B	02	00	0.0	1	0	2	0																						
2	ppu_public	91	14459806	101	8	4.0	mode2_enter	2	8A	00	0B	02	00	4.0	1	0	2	0																						
2	ppu_public	91	14459808	101	0	0.0	stat_sample	3	8A	00	0B	02	00	0.0	1	0	2	0																						
2	ppu_public	91	14459974	101	176	88.0	mode3_enter	3	8A	00	0B	02	00	88.0	1	0	2	0																						
2	ppu_public	91	14459968	101	84	42.0	stat_sample	3	8B	00	0B	02	00	42.0	1	0	2	0																						
2	ppu_public	91	14460318	101	520	260.0	mode0_enter	0	8B	08	0B	02	00	260.0	1	0	2	0																						
2	ppu_public	91	14460312	101	257	128.5	stat_sample	0	88	08	0B	02	00	128.5	1	1	2	0																						
2	ppu_public	91	14460312	101	257	128.5	stat_irq_edge	0	88	08	0B	02	00	128.5	1	1	2	0																						
2	ppu_public	91	14460712	102	0	0.0	stat_sample	2	88	00	0B	02	00	0.0	1	0	2	0																						
2	ppu_public	91	14460712	102	2	1.0	mode2_irq_prepare	0	88	08	0B	02	00	1.0	1	0	2	0																						
2	ppu_public	91	14460720	102	0	0.0	stat_sample	2	8A	00	0B	02	00	0.0	1	0	2	0																						
2	ppu_public	91	14460718	102	8	4.0	mode2_enter	2	8A	00	0B	02	00	4.0	1	0	2	0																						
2	ppu_public	91	14460720	102	0	0.0	stat_sample	3	8A	00	0B	02	00	0.0	1	0	2	0																						
2	ppu_public	91	14460886	102	176	88.0	mode3_enter	3	8A	00	0B	02	00	88.0	1	0	2	0																						
2	ppu_public	91	14460880	102	84	42.0	stat_sample	3	8B	00	0B	02	00	42.0	1	0	2	0																						
2	ppu_public	91	14461230	102	520	260.0	mode0_enter	0	8B	08	0B	02	00	260.0	1	0	2	0																						
2	ppu_public	91	14461224	102	257	128.5	stat_sample	0	88	08	0B	02	00	128.5	1	1	2	0																						
2	ppu_public	91	14461224	102	257	128.5	stat_irq_edge	0	88	08	0B	02	00	128.5	1	1	2	0																						
2	ppu_public	91	14461624	103	0	0.0	stat_sample	2	88	00	0B	02	00	0.0	1	0	2	0																						
2	ppu_public	91	14461624	103	2	1.0	mode2_irq_prepare	0	88	08	0B	02	00	1.0	1	0	2	0																						
2	ppu_public	91	14461632	103	0	0.0	stat_sample	2	8A	00	0B	02	00	0.0	1	0	2	0																						
2	ppu_public	91	14461630	103	8	4.0	mode2_enter	2	8A	00	0B	02	00	4.0	1	0	2	0																						
2	ppu_public	91	14461632	103	0	0.0	stat_sample	3	8A	00	0B	02	00	0.0	1	0	2	0																						
2	ppu_public	91	14461798	103	176	88.0	mode3_enter	3	8A	00	0B	02	00	88.0	1	0	2	0																						
2	ppu_public	91	14461792	103	84	42.0	stat_sample	3	8B	00	0B	02	00	42.0	1	0	2	0																						
2	ppu_public	91	14462142	103	520	260.0	mode0_enter	0	8B	08	0B	02	00	260.0	1	0	2	0																						
2	ppu_public	91	14462136	103	257	128.5	stat_sample	0	88	08	0B	02	00	128.5	1	1	2	0																						
2	ppu_public	91	14462136	103	257	128.5	stat_irq_edge	0	88	08	0B	02	00	128.5	1	1	2	0																						
2	ppu_public	91	14462536	104	0	0.0	stat_sample	2	88	00	0B	02	00	0.0	1	0	2	0																						
2	ppu_public	91	14462536	104	2	1.0	mode2_irq_prepare	0	88	08	0B	02	00	1.0	1	0	2	0																						
2	ppu_public	91	14462544	104	0	0.0	stat_sample	2	8A	00	0B	02	00	0.0	1	0	2	0																						
2	ppu_public	91	14462542	104	8	4.0	mode2_enter	2	8A	00	0B	02	00	4.0	1	0	2	0																						
2	ppu_public	91	14462544	104	0	0.0	stat_sample	3	8A	00	0B	02	00	0.0	1	0	2	0																						
2	ppu_public	91	14462710	104	176	88.0	mode3_enter	3	8A	00	0B	02	00	88.0	1	0	2	0																						
2	ppu_public	91	14462704	104	84	42.0	stat_sample	3	8B	00	0B	02	00	42.0	1	0	2	0																						
2	ppu_public	91	14463054	104	520	260.0	mode0_enter	0	8B	08	0B	02	00	260.0	1	0	2	0																						
2	ppu_public	91	14463048	104	257	128.5	stat_sample	0	88	08	0B	02	00	128.5	1	1	2	0																						
2	ppu_public	91	14463048	104	257	128.5	stat_irq_edge	0	88	08	0B	02	00	128.5	1	1	2	0																						
2	ppu_public	91	14463448	105	0	0.0	stat_sample	2	88	00	0B	02	00	0.0	1	0	2	0																						
2	ppu_public	91	14463448	105	2	1.0	mode2_irq_prepare	0	88	08	0B	02	00	1.0	1	0	2	0																						
2	ppu_public	91	14463456	105	0	0.0	stat_sample	2	8A	00	0B	02	00	0.0	1	0	2	0																						
2	ppu_public	91	14463454	105	8	4.0	mode2_enter	2	8A	00	0B	02	00	4.0	1	0	2	0																						
2	ppu_public	91	14463456	105	0	0.0	stat_sample	3	8A	00	0B	02	00	0.0	1	0	2	0																						
2	ppu_public	91	14463622	105	176	88.0	mode3_enter	3	8A	00	0B	02	00	88.0	1	0	2	0																						
2	ppu_public	91	14463616	105	84	42.0	stat_sample	3	8B	00	0B	02	00	42.0	1	0	2	0																						
2	ppu_public	91	14463966	105	520	260.0	mode0_enter	0	8B	08	0B	02	00	260.0	1	0	2	0																						
2	ppu_public	91	14463960	105	257	128.5	stat_sample	0	88	08	0B	02	00	128.5	1	1	2	0																						
2	ppu_public	91	14463960	105	257	128.5	stat_irq_edge	0	88	08	0B	02	00	128.5	1	1	2	0																						
2	ppu_public	91	14464360	106	0	0.0	stat_sample	2	88	00	0B	02	00	0.0	1	0	2	0																						
2	ppu_public	91	14464360	106	2	1.0	mode2_irq_prepare	0	88	08	0B	02	00	1.0	1	0	2	0																						
2	ppu_public	91	14464368	106	0	0.0	stat_sample	2	8A	00	0B	02	00	0.0	1	0	2	0																						
2	ppu_public	91	14464366	106	8	4.0	mode2_enter	2	8A	00	0B	02	00	4.0	1	0	2	0																						
2	ppu_public	91	14464368	106	0	0.0	stat_sample	3	8A	00	0B	02	00	0.0	1	0	2	0																						
2	ppu_public	91	14464534	106	176	88.0	mode3_enter	3	8A	00	0B	02	00	88.0	1	0	2	0																						
2	ppu_public	91	14464528	106	84	42.0	stat_sample	3	8B	00	0B	02	00	42.0	1	0	2	0																						
2	ppu_public	91	14464878	106	520	260.0	mode0_enter	0	8B	08	0B	02	00	260.0	1	0	2	0																						
2	ppu_public	91	14464872	106	257	128.5	stat_sample	0	88	08	0B	02	00	128.5	1	1	2	0																						
2	ppu_public	91	14464872	106	257	128.5	stat_irq_edge	0	88	08	0B	02	00	128.5	1	1	2	0																						
2	ppu_public	91	14465272	107	0	0.0	stat_sample	2	88	00	0B	02	00	0.0	1	0	2	0																						
2	ppu_public	91	14465272	107	2	1.0	mode2_irq_prepare	0	88	08	0B	02	00	1.0	1	0	2	0																						
2	ppu_public	91	14465280	107	0	0.0	stat_sample	2	8A	00	0B	02	00	0.0	1	0	2	0																						
2	ppu_public	91	14465278	107	8	4.0	mode2_enter	2	8A	00	0B	02	00	4.0	1	0	2	0																						
2	ppu_public	91	14465280	107	0	0.0	stat_sample	3	8A	00	0B	02	00	0.0	1	0	2	0																						
2	ppu_public	91	14465446	107	176	88.0	mode3_enter	3	8A	00	0B	02	00	88.0	1	0	2	0																						
2	ppu_public	91	14465440	107	84	42.0	stat_sample	3	8B	00	0B	02	00	42.0	1	0	2	0																						
2	ppu_public	91	14465790	107	520	260.0	mode0_enter	0	8B	08	0B	02	00	260.0	1	0	2	0																						
2	ppu_public	91	14465784	107	257	128.5	stat_sample	0	88	08	0B	02	00	128.5	1	1	2	0																						
2	ppu_public	91	14465784	107	257	128.5	stat_irq_edge	0	88	08	0B	02	00	128.5	1	1	2	0																						
2	ppu_public	91	14466184	108	0	0.0	stat_sample	2	88	00	0B	02	00	0.0	1	0	2	0																						
2	ppu_public	91	14466184	108	2	1.0	mode2_irq_prepare	0	88	08	0B	02	00	1.0	1	0	2	0																						
2	ppu_public	91	14466192	108	0	0.0	stat_sample	2	8A	00	0B	02	00	0.0	1	0	2	0																						
2	ppu_public	91	14466190	108	8	4.0	mode2_enter	2	8A	00	0B	02	00	4.0	1	0	2	0																						
2	ppu_public	91	14466192	108	0	0.0	stat_sample	3	8A	00	0B	02	00	0.0	1	0	2	0																						
2	ppu_public	91	14466358	108	176	88.0	mode3_enter	3	8A	00	0B	02	00	88.0	1	0	2	0																						
2	ppu_public	91	14466352	108	84	42.0	stat_sample	3	8B	00	0B	02	00	42.0	1	0	2	0																						
2	ppu_public	91	14466702	108	520	260.0	mode0_enter	0	8B	08	0B	02	00	260.0	1	0	2	0																						
2	ppu_public	91	14466696	108	257	128.5	stat_sample	0	88	08	0B	02	00	128.5	1	1	2	0																						
2	ppu_public	91	14466696	108	257	128.5	stat_irq_edge	0	88	08	0B	02	00	128.5	1	1	2	0																						
2	ppu_public	91	14467096	109	0	0.0	stat_sample	2	88	00	0B	02	00	0.0	1	0	2	0																						
2	ppu_public	91	14467096	109	2	1.0	mode2_irq_prepare	0	88	08	0B	02	00	1.0	1	0	2	0																						
2	ppu_public	91	14467104	109	0	0.0	stat_sample	2	8A	00	0B	02	00	0.0	1	0	2	0																						
2	ppu_public	91	14467102	109	8	4.0	mode2_enter	2	8A	00	0B	02	00	4.0	1	0	2	0																						
2	ppu_public	91	14467104	109	0	0.0	stat_sample	3	8A	00	0B	02	00	0.0	1	0	2	0																						
2	ppu_public	91	14467270	109	176	88.0	mode3_enter	3	8A	00	0B	02	00	88.0	1	0	2	0																						
2	ppu_public	91	14467264	109	84	42.0	stat_sample	3	8B	00	0B	02	00	42.0	1	0	2	0																						
2	ppu_public	91	14467614	109	520	260.0	mode0_enter	0	8B	08	0B	02	00	260.0	1	0	2	0																						
2	ppu_public	91	14467608	109	257	128.5	stat_sample	0	88	08	0B	02	00	128.5	1	1	2	0																						
2	ppu_public	91	14467608	109	257	128.5	stat_irq_edge	0	88	08	0B	02	00	128.5	1	1	2	0																						
2	ppu_public	91	14468008	110	0	0.0	stat_sample	2	88	00	0B	02	00	0.0	1	0	2	0																						
2	ppu_public	91	14468008	110	2	1.0	mode2_irq_prepare	0	88	08	0B	02	00	1.0	1	0	2	0																						
2	ppu_public	91	14468016	110	0	0.0	stat_sample	2	8A	00	0B	02	00	0.0	1	0	2	0																						
2	ppu_public	91	14468014	110	8	4.0	mode2_enter	2	8A	00	0B	02	00	4.0	1	0	2	0																						
2	ppu_public	91	14468016	110	0	0.0	stat_sample	3	8A	00	0B	02	00	0.0	1	0	2	0																						
2	ppu_public	91	14468182	110	176	88.0	mode3_enter	3	8A	00	0B	02	00	88.0	1	0	2	0																						
2	ppu_public	91	14468176	110	84	42.0	stat_sample	3	8B	00	0B	02	00	42.0	1	0	2	0																						
2	ppu_public	91	14468526	110	520	260.0	mode0_enter	0	8B	08	0B	02	00	260.0	1	0	2	0																						
2	ppu_public	91	14468520	110	257	128.5	stat_sample	0	88	08	0B	02	00	128.5	1	1	2	0																						
2	ppu_public	91	14468520	110	257	128.5	stat_irq_edge	0	88	08	0B	02	00	128.5	1	1	2	0																						
2	ppu_public	91	14468920	111	0	0.0	stat_sample	2	88	00	0B	02	00	0.0	1	0	2	0																						
2	ppu_public	91	14468920	111	2	1.0	mode2_irq_prepare	0	88	08	0B	02	00	1.0	1	0	2	0																						
2	ppu_public	91	14468928	111	0	0.0	stat_sample	2	8A	00	0B	02	00	0.0	1	0	2	0																						
2	ppu_public	91	14468926	111	8	4.0	mode2_enter	2	8A	00	0B	02	00	4.0	1	0	2	0																						
2	ppu_public	91	14468928	111	0	0.0	stat_sample	3	8A	00	0B	02	00	0.0	1	0	2	0																						
2	ppu_public	91	14469094	111	176	88.0	mode3_enter	3	8A	00	0B	02	00	88.0	1	0	2	0																						
2	ppu_public	91	14469088	111	84	42.0	stat_sample	3	8B	00	0B	02	00	42.0	1	0	2	0																						
2	ppu_public	91	14469438	111	520	260.0	mode0_enter	0	8B	08	0B	02	00	260.0	1	0	2	0																						
2	ppu_public	91	14469432	111	257	128.5	stat_sample	0	88	08	0B	02	00	128.5	1	1	2	0																						
2	ppu_public	91	14469432	111	257	128.5	stat_irq_edge	0	88	08	0B	02	00	128.5	1	1	2	0																						
2	ppu_public	91	14469832	112	0	0.0	stat_sample	2	88	00	0B	02	00	0.0	1	0	2	0																						
2	ppu_public	91	14469832	112	2	1.0	mode2_irq_prepare	0	88	08	0B	02	00	1.0	1	0	2	0																						
2	ppu_public	91	14469840	112	0	0.0	stat_sample	2	8A	00	0B	02	00	0.0	1	0	2	0																						
2	ppu_public	91	14469838	112	8	4.0	mode2_enter	2	8A	00	0B	02	00	4.0	1	0	2	0																						
2	ppu_public	91	14469840	112	0	0.0	stat_sample	3	8A	00	0B	02	00	0.0	1	0	2	0																						
2	ppu_public	91	14470006	112	176	88.0	mode3_enter	3	8A	00	0B	02	00	88.0	1	0	2	0																						
2	ppu_public	91	14470000	112	84	42.0	stat_sample	3	8B	00	0B	02	00	42.0	1	0	2	0																						
2	ppu_public	91	14470350	112	520	260.0	mode0_enter	0	8B	08	0B	02	00	260.0	1	0	2	0																						
2	ppu_public	91	14470344	112	257	128.5	stat_sample	0	88	08	0B	02	00	128.5	1	1	2	0																						
2	ppu_public	91	14470344	112	257	128.5	stat_irq_edge	0	88	08	0B	02	00	128.5	1	1	2	0																						
2	ppu_public	91	14470744	113	0	0.0	stat_sample	2	88	00	0B	02	00	0.0	1	0	2	0																						
2	ppu_public	91	14470744	113	2	1.0	mode2_irq_prepare	0	88	08	0B	02	00	1.0	1	0	2	0																						
2	ppu_public	91	14470752	113	0	0.0	stat_sample	2	8A	00	0B	02	00	0.0	1	0	2	0																						
2	ppu_public	91	14470750	113	8	4.0	mode2_enter	2	8A	00	0B	02	00	4.0	1	0	2	0																						
2	ppu_public	91	14470752	113	0	0.0	stat_sample	3	8A	00	0B	02	00	0.0	1	0	2	0																						
2	ppu_public	91	14470918	113	176	88.0	mode3_enter	3	8A	00	0B	02	00	88.0	1	0	2	0																						
2	ppu_public	91	14470912	113	84	42.0	stat_sample	3	8B	00	0B	02	00	42.0	1	0	2	0																						
2	ppu_public	91	14471262	113	520	260.0	mode0_enter	0	8B	08	0B	02	00	260.0	1	0	2	0																						
2	ppu_public	91	14471256	113	257	128.5	stat_sample	0	88	08	0B	02	00	128.5	1	1	2	0																						
2	ppu_public	91	14471256	113	257	128.5	stat_irq_edge	0	88	08	0B	02	00	128.5	1	1	2	0																						
2	ppu_public	91	14471656	114	0	0.0	stat_sample	2	88	00	0B	02	00	0.0	1	0	2	0																						
2	ppu_public	91	14471656	114	2	1.0	mode2_irq_prepare	0	88	08	0B	02	00	1.0	1	0	2	0																						
2	ppu_public	91	14471664	114	0	0.0	stat_sample	2	8A	00	0B	02	00	0.0	1	0	2	0																						
2	ppu_public	91	14471662	114	8	4.0	mode2_enter	2	8A	00	0B	02	00	4.0	1	0	2	0																						
2	ppu_public	91	14471664	114	0	0.0	stat_sample	3	8A	00	0B	02	00	0.0	1	0	2	0																						
2	ppu_public	91	14471830	114	176	88.0	mode3_enter	3	8A	00	0B	02	00	88.0	1	0	2	0																						
2	ppu_public	91	14471824	114	84	42.0	stat_sample	3	8B	00	0B	02	00	42.0	1	0	2	0																						
2	ppu_public	91	14472174	114	520	260.0	mode0_enter	0	8B	08	0B	02	00	260.0	1	0	2	0																						
2	ppu_public	91	14472168	114	257	128.5	stat_sample	0	88	08	0B	02	00	128.5	1	1	2	0																						
2	ppu_public	91	14472168	114	257	128.5	stat_irq_edge	0	88	08	0B	02	00	128.5	1	1	2	0																						
2	ppu_public	91	14472568	115	0	0.0	stat_sample	2	88	00	0B	02	00	0.0	1	0	2	0																						
2	ppu_public	91	14472568	115	2	1.0	mode2_irq_prepare	0	88	08	0B	02	00	1.0	1	0	2	0																						
2	ppu_public	91	14472576	115	0	0.0	stat_sample	2	8A	00	0B	02	00	0.0	1	0	2	0																						
2	ppu_public	91	14472574	115	8	4.0	mode2_enter	2	8A	00	0B	02	00	4.0	1	0	2	0																						
2	ppu_public	91	14472576	115	0	0.0	stat_sample	3	8A	00	0B	02	00	0.0	1	0	2	0																						
2	ppu_public	91	14472742	115	176	88.0	mode3_enter	3	8A	00	0B	02	00	88.0	1	0	2	0																						
2	ppu_public	91	14472736	115	84	42.0	stat_sample	3	8B	00	0B	02	00	42.0	1	0	2	0																						
2	ppu_public	91	14473086	115	520	260.0	mode0_enter	0	8B	08	0B	02	00	260.0	1	0	2	0																						
2	ppu_public	91	14473080	115	257	128.5	stat_sample	0	88	08	0B	02	00	128.5	1	1	2	0																						
2	ppu_public	91	14473080	115	257	128.5	stat_irq_edge	0	88	08	0B	02	00	128.5	1	1	2	0																						
2	ppu_public	91	14473480	116	0	0.0	stat_sample	2	88	00	0B	02	00	0.0	1	0	2	0																						
2	ppu_public	91	14473480	116	2	1.0	mode2_irq_prepare	0	88	08	0B	02	00	1.0	1	0	2	0																						
2	ppu_public	91	14473488	116	0	0.0	stat_sample	2	8A	00	0B	02	00	0.0	1	0	2	0																						
2	ppu_public	91	14473486	116	8	4.0	mode2_enter	2	8A	00	0B	02	00	4.0	1	0	2	0																						
2	ppu_public	91	14473488	116	0	0.0	stat_sample	3	8A	00	0B	02	00	0.0	1	0	2	0																						
2	ppu_public	91	14473654	116	176	88.0	mode3_enter	3	8A	00	0B	02	00	88.0	1	0	2	0																						
2	ppu_public	91	14473648	116	84	42.0	stat_sample	3	8B	00	0B	02	00	42.0	1	0	2	0																						
2	ppu_public	91	14473998	116	520	260.0	mode0_enter	0	8B	08	0B	02	00	260.0	1	0	2	0																						
2	ppu_public	91	14473992	116	257	128.5	stat_sample	0	88	08	0B	02	00	128.5	1	1	2	0																						
2	ppu_public	91	14473992	116	257	128.5	stat_irq_edge	0	88	08	0B	02	00	128.5	1	1	2	0																						
2	ppu_public	91	14474392	117	0	0.0	stat_sample	2	88	00	0B	02	00	0.0	1	0	2	0																						
2	ppu_public	91	14474392	117	2	1.0	mode2_irq_prepare	0	88	08	0B	02	00	1.0	1	0	2	0																						
2	ppu_public	91	14474400	117	0	0.0	stat_sample	2	8A	00	0B	02	00	0.0	1	0	2	0																						
2	ppu_public	91	14474398	117	8	4.0	mode2_enter	2	8A	00	0B	02	00	4.0	1	0	2	0																						
2	ppu_public	91	14474400	117	0	0.0	stat_sample	3	8A	00	0B	02	00	0.0	1	0	2	0																						
2	ppu_public	91	14474566	117	176	88.0	mode3_enter	3	8A	00	0B	02	00	88.0	1	0	2	0																						
2	ppu_public	91	14474560	117	84	42.0	stat_sample	3	8B	00	0B	02	00	42.0	1	0	2	0																						
2	ppu_public	91	14474910	117	520	260.0	mode0_enter	0	8B	08	0B	02	00	260.0	1	0	2	0																						
2	ppu_public	91	14474904	117	257	128.5	stat_sample	0	88	08	0B	02	00	128.5	1	1	2	0																						
2	ppu_public	91	14474904	117	257	128.5	stat_irq_edge	0	88	08	0B	02	00	128.5	1	1	2	0																						
2	ppu_public	91	14475304	118	0	0.0	stat_sample	2	88	00	0B	02	00	0.0	1	0	2	0																						
2	ppu_public	91	14475304	118	2	1.0	mode2_irq_prepare	0	88	08	0B	02	00	1.0	1	0	2	0																						
2	ppu_public	91	14475312	118	0	0.0	stat_sample	2	8A	00	0B	02	00	0.0	1	0	2	0																						
2	ppu_public	91	14475310	118	8	4.0	mode2_enter	2	8A	00	0B	02	00	4.0	1	0	2	0																						
2	ppu_public	91	14475312	118	0	0.0	stat_sample	3	8A	00	0B	02	00	0.0	1	0	2	0																						
2	ppu_public	91	14475478	118	176	88.0	mode3_enter	3	8A	00	0B	02	00	88.0	1	0	2	0																						
2	ppu_public	91	14475472	118	84	42.0	stat_sample	3	8B	00	0B	02	00	42.0	1	0	2	0																						
2	ppu_public	91	14475822	118	520	260.0	mode0_enter	0	8B	08	0B	02	00	260.0	1	0	2	0																						
2	ppu_public	91	14475816	118	257	128.5	stat_sample	0	88	08	0B	02	00	128.5	1	1	2	0																						
2	ppu_public	91	14475816	118	257	128.5	stat_irq_edge	0	88	08	0B	02	00	128.5	1	1	2	0																						
2	ppu_public	91	14476216	119	0	0.0	stat_sample	2	88	00	0B	02	00	0.0	1	0	2	0																						
2	ppu_public	91	14476216	119	2	1.0	mode2_irq_prepare	0	88	08	0B	02	00	1.0	1	0	2	0																						
2	ppu_public	91	14476224	119	0	0.0	stat_sample	2	8A	00	0B	02	00	0.0	1	0	2	0																						
2	ppu_public	91	14476222	119	8	4.0	mode2_enter	2	8A	00	0B	02	00	4.0	1	0	2	0																						
2	ppu_public	91	14476224	119	0	0.0	stat_sample	3	8A	00	0B	02	00	0.0	1	0	2	0																						
2	ppu_public	91	14476390	119	176	88.0	mode3_enter	3	8A	00	0B	02	00	88.0	1	0	2	0																						
2	ppu_public	91	14476384	119	84	42.0	stat_sample	3	8B	00	0B	02	00	42.0	1	0	2	0																						
2	ppu_public	91	14476734	119	520	260.0	mode0_enter	0	8B	08	0B	02	00	260.0	1	0	2	0																						
2	ppu_public	91	14476728	119	257	128.5	stat_sample	0	88	08	0B	02	00	128.5	1	1	2	0																						
2	ppu_public	91	14476728	119	257	128.5	stat_irq_edge	0	88	08	0B	02	00	128.5	1	1	2	0																						
2	ppu_public	91	14477128	120	0	0.0	stat_sample	2	88	00	0B	02	00	0.0	1	0	2	0																						
2	ppu_public	91	14477128	120	2	1.0	mode2_irq_prepare	0	88	08	0B	02	00	1.0	1	0	2	0																						
2	ppu_public	91	14477136	120	0	0.0	stat_sample	2	8A	00	0B	02	00	0.0	1	0	2	0																						
2	ppu_public	91	14477134	120	8	4.0	mode2_enter	2	8A	00	0B	02	00	4.0	1	0	2	0																						
2	ppu_public	91	14477136	120	0	0.0	stat_sample	3	8A	00	0B	02	00	0.0	1	0	2	0																						
2	ppu_public	91	14477302	120	176	88.0	mode3_enter	3	8A	00	0B	02	00	88.0	1	0	2	0																						
2	ppu_public	91	14477296	120	84	42.0	stat_sample	3	8B	00	0B	02	00	42.0	1	0	2	0																						
2	ppu_public	91	14477646	120	520	260.0	mode0_enter	0	8B	08	0B	02	00	260.0	1	0	2	0																						
2	ppu_public	91	14477640	120	257	128.5	stat_sample	0	88	08	0B	02	00	128.5	1	1	2	0																						
2	ppu_public	91	14477640	120	257	128.5	stat_irq_edge	0	88	08	0B	02	00	128.5	1	1	2	0																						
2	ppu_public	91	14478040	121	0	0.0	stat_sample	2	88	00	0B	02	00	0.0	1	0	2	0																						
2	ppu_public	91	14478040	121	2	1.0	mode2_irq_prepare	0	88	08	0B	02	00	1.0	1	0	2	0																						
2	ppu_public	91	14478048	121	0	0.0	stat_sample	2	8A	00	0B	02	00	0.0	1	0	2	0																						
2	ppu_public	91	14478046	121	8	4.0	mode2_enter	2	8A	00	0B	02	00	4.0	1	0	2	0																						
2	ppu_public	91	14478048	121	0	0.0	stat_sample	3	8A	00	0B	02	00	0.0	1	0	2	0																						
2	ppu_public	91	14478214	121	176	88.0	mode3_enter	3	8A	00	0B	02	00	88.0	1	0	2	0																						
2	ppu_public	91	14478208	121	84	42.0	stat_sample	3	8B	00	0B	02	00	42.0	1	0	2	0																						
2	ppu_public	91	14478558	121	520	260.0	mode0_enter	0	8B	08	0B	02	00	260.0	1	0	2	0																						
2	ppu_public	91	14478552	121	257	128.5	stat_sample	0	88	08	0B	02	00	128.5	1	1	2	0																						
2	ppu_public	91	14478552	121	257	128.5	stat_irq_edge	0	88	08	0B	02	00	128.5	1	1	2	0																						
2	ppu_public	91	14478952	122	0	0.0	stat_sample	2	88	00	0B	02	00	0.0	1	0	2	0																						
2	ppu_public	91	14478952	122	2	1.0	mode2_irq_prepare	0	88	08	0B	02	00	1.0	1	0	2	0																						
2	ppu_public	91	14478960	122	0	0.0	stat_sample	2	8A	00	0B	02	00	0.0	1	0	2	0																						
2	ppu_public	91	14478958	122	8	4.0	mode2_enter	2	8A	00	0B	02	00	4.0	1	0	2	0																						
2	ppu_public	91	14478960	122	0	0.0	stat_sample	3	8A	00	0B	02	00	0.0	1	0	2	0																						
2	ppu_public	91	14479126	122	176	88.0	mode3_enter	3	8A	00	0B	02	00	88.0	1	0	2	0																						
2	ppu_public	91	14479120	122	84	42.0	stat_sample	3	8B	00	0B	02	00	42.0	1	0	2	0																						
2	ppu_public	91	14479470	122	520	260.0	mode0_enter	0	8B	08	0B	02	00	260.0	1	0	2	0																						
2	ppu_public	91	14479464	122	257	128.5	stat_sample	0	88	08	0B	02	00	128.5	1	1	2	0																						
2	ppu_public	91	14479464	122	257	128.5	stat_irq_edge	0	88	08	0B	02	00	128.5	1	1	2	0																						
2	ppu_public	91	14479864	123	0	0.0	stat_sample	2	88	00	0B	02	00	0.0	1	0	2	0																						
2	ppu_public	91	14479864	123	2	1.0	mode2_irq_prepare	0	88	08	0B	02	00	1.0	1	0	2	0																						
2	ppu_public	91	14479872	123	0	0.0	stat_sample	2	8A	00	0B	02	00	0.0	1	0	2	0																						
2	ppu_public	91	14479870	123	8	4.0	mode2_enter	2	8A	00	0B	02	00	4.0	1	0	2	0																						
2	ppu_public	91	14479872	123	0	0.0	stat_sample	3	8A	00	0B	02	00	0.0	1	0	2	0																						
2	ppu_public	91	14480038	123	176	88.0	mode3_enter	3	8A	00	0B	02	00	88.0	1	0	2	0																						
2	ppu_public	91	14480032	123	84	42.0	stat_sample	3	8B	00	0B	02	00	42.0	1	0	2	0																						
2	ppu_public	91	14480382	123	520	260.0	mode0_enter	0	8B	08	0B	02	00	260.0	1	0	2	0																						
2	ppu_public	91	14480376	123	257	128.5	stat_sample	0	88	08	0B	02	00	128.5	1	1	2	0																						
2	ppu_public	91	14480376	123	257	128.5	stat_irq_edge	0	88	08	0B	02	00	128.5	1	1	2	0																						
2	ppu_public	91	14480776	124	0	0.0	stat_sample	2	88	00	0B	02	00	0.0	1	0	2	0																						
2	ppu_public	91	14480776	124	2	1.0	mode2_irq_prepare	0	88	08	0B	02	00	1.0	1	0	2	0																						
2	ppu_public	91	14480784	124	0	0.0	stat_sample	2	8A	00	0B	02	00	0.0	1	0	2	0																						
2	ppu_public	91	14480782	124	8	4.0	mode2_enter	2	8A	00	0B	02	00	4.0	1	0	2	0																						
2	ppu_public	91	14480784	124	0	0.0	stat_sample	3	8A	00	0B	02	00	0.0	1	0	2	0																						
2	ppu_public	91	14480950	124	176	88.0	mode3_enter	3	8A	00	0B	02	00	88.0	1	0	2	0																						
2	ppu_public	91	14480944	124	84	42.0	stat_sample	3	8B	00	0B	02	00	42.0	1	0	2	0																						
2	ppu_public	91	14481294	124	520	260.0	mode0_enter	0	8B	08	0B	02	00	260.0	1	0	2	0																						
2	ppu_public	91	14481288	124	257	128.5	stat_sample	0	88	08	0B	02	00	128.5	1	1	2	0																						
2	ppu_public	91	14481288	124	257	128.5	stat_irq_edge	0	88	08	0B	02	00	128.5	1	1	2	0																						
2	ppu_public	91	14481688	125	0	0.0	stat_sample	2	88	00	0B	02	00	0.0	1	0	2	0																						
2	ppu_public	91	14481688	125	2	1.0	mode2_irq_prepare	0	88	08	0B	02	00	1.0	1	0	2	0																						
2	ppu_public	91	14481696	125	0	0.0	stat_sample	2	8A	00	0B	02	00	0.0	1	0	2	0																						
2	ppu_public	91	14481694	125	8	4.0	mode2_enter	2	8A	00	0B	02	00	4.0	1	0	2	0																						
2	ppu_public	91	14481696	125	0	0.0	stat_sample	3	8A	00	0B	02	00	0.0	1	0	2	0																						
2	ppu_public	91	14481862	125	176	88.0	mode3_enter	3	8A	00	0B	02	00	88.0	1	0	2	0																						
2	ppu_public	91	14481856	125	84	42.0	stat_sample	3	8B	00	0B	02	00	42.0	1	0	2	0																						
2	ppu_public	91	14482206	125	520	260.0	mode0_enter	0	8B	08	0B	02	00	260.0	1	0	2	0																						
2	ppu_public	91	14482200	125	257	128.5	stat_sample	0	88	08	0B	02	00	128.5	1	1	2	0																						
2	ppu_public	91	14482200	125	257	128.5	stat_irq_edge	0	88	08	0B	02	00	128.5	1	1	2	0																						
2	ppu_public	91	14482600	126	0	0.0	stat_sample	2	88	00	0B	02	00	0.0	1	0	2	0																						
2	ppu_public	91	14482600	126	2	1.0	mode2_irq_prepare	0	88	08	0B	02	00	1.0	1	0	2	0																						
2	ppu_public	91	14482608	126	0	0.0	stat_sample	2	8A	00	0B	02	00	0.0	1	0	2	0																						
2	ppu_public	91	14482606	126	8	4.0	mode2_enter	2	8A	00	0B	02	00	4.0	1	0	2	0																						
2	ppu_public	91	14482608	126	0	0.0	stat_sample	3	8A	00	0B	02	00	0.0	1	0	2	0																						
2	ppu_public	91	14482774	126	176	88.0	mode3_enter	3	8A	00	0B	02	00	88.0	1	0	2	0																						
2	ppu_public	91	14482768	126	84	42.0	stat_sample	3	8B	00	0B	02	00	42.0	1	0	2	0																						
2	ppu_public	91	14483118	126	520	260.0	mode0_enter	0	8B	08	0B	02	00	260.0	1	0	2	0																						
2	ppu_public	91	14483112	126	257	128.5	stat_sample	0	88	08	0B	02	00	128.5	1	1	2	0																						
2	ppu_public	91	14483112	126	257	128.5	stat_irq_edge	0	88	08	0B	02	00	128.5	1	1	2	0																						
2	ppu_public	91	14483512	127	0	0.0	stat_sample	2	88	00	0B	02	00	0.0	1	0	2	0																						
2	ppu_public	91	14483512	127	2	1.0	mode2_irq_prepare	0	88	08	0B	02	00	1.0	1	0	2	0																						
2	ppu_public	91	14483520	127	0	0.0	stat_sample	2	8A	00	0B	02	00	0.0	1	0	2	0																						
2	ppu_public	91	14483518	127	8	4.0	mode2_enter	2	8A	00	0B	02	00	4.0	1	0	2	0																						
2	ppu_public	91	14483520	127	0	0.0	stat_sample	3	8A	00	0B	02	00	0.0	1	0	2	0																						
2	ppu_public	91	14483686	127	176	88.0	mode3_enter	3	8A	00	0B	02	00	88.0	1	0	2	0																						
2	ppu_public	91	14483680	127	84	42.0	stat_sample	3	8B	00	0B	02	00	42.0	1	0	2	0																						
2	ppu_public	91	14484030	127	520	260.0	mode0_enter	0	8B	08	0B	02	00	260.0	1	0	2	0																						
2	ppu_public	91	14484024	127	257	128.5	stat_sample	0	88	08	0B	02	00	128.5	1	1	2	0																						
2	ppu_public	91	14484024	127	257	128.5	stat_irq_edge	0	88	08	0B	02	00	128.5	1	1	2	0																						
2	ppu_public	91	14484424	128	0	0.0	stat_sample	2	88	00	0B	02	00	0.0	1	0	2	0																						
2	ppu_public	91	14484424	128	2	1.0	mode2_irq_prepare	0	88	08	0B	02	00	1.0	1	0	2	0																						
2	ppu_public	91	14484432	128	0	0.0	stat_sample	2	8A	00	0B	02	00	0.0	1	0	2	0																						
2	ppu_public	91	14484430	128	8	4.0	mode2_enter	2	8A	00	0B	02	00	4.0	1	0	2	0																						
2	ppu_public	91	14484432	128	0	0.0	stat_sample	3	8A	00	0B	02	00	0.0	1	0	2	0																						
2	ppu_public	91	14484598	128	176	88.0	mode3_enter	3	8A	00	0B	02	00	88.0	1	0	2	0																						
2	ppu_public	91	14484592	128	84	42.0	stat_sample	3	8B	00	0B	02	00	42.0	1	0	2	0																						
2	ppu_public	91	14484942	128	520	260.0	mode0_enter	0	8B	08	0B	02	00	260.0	1	0	2	0																						
2	ppu_public	91	14484936	128	257	128.5	stat_sample	0	88	08	0B	02	00	128.5	1	1	2	0																						
2	ppu_public	91	14484936	128	257	128.5	stat_irq_edge	0	88	08	0B	02	00	128.5	1	1	2	0																						
2	ppu_public	91	14485336	129	0	0.0	stat_sample	2	88	00	0B	02	00	0.0	1	0	2	0																						
2	ppu_public	91	14485336	129	2	1.0	mode2_irq_prepare	0	88	08	0B	02	00	1.0	1	0	2	0																						
2	ppu_public	91	14485344	129	0	0.0	stat_sample	2	8A	00	0B	02	00	0.0	1	0	2	0																						
2	ppu_public	91	14485342	129	8	4.0	mode2_enter	2	8A	00	0B	02	00	4.0	1	0	2	0																						
2	ppu_public	91	14485344	129	0	0.0	stat_sample	3	8A	00	0B	02	00	0.0	1	0	2	0																						
2	ppu_public	91	14485510	129	176	88.0	mode3_enter	3	8A	00	0B	02	00	88.0	1	0	2	0																						
2	ppu_public	91	14485504	129	84	42.0	stat_sample	3	8B	00	0B	02	00	42.0	1	0	2	0																						
2	ppu_public	91	14485854	129	520	260.0	mode0_enter	0	8B	08	0B	02	00	260.0	1	0	2	0																						
2	ppu_public	91	14485848	129	257	128.5	stat_sample	0	88	08	0B	02	00	128.5	1	1	2	0																						
2	ppu_public	91	14485848	129	257	128.5	stat_irq_edge	0	88	08	0B	02	00	128.5	1	1	2	0																						
2	ppu_public	91	14486248	130	0	0.0	stat_sample	2	88	00	0B	02	00	0.0	1	0	2	0																						
2	ppu_public	91	14486248	130	2	1.0	mode2_irq_prepare	0	88	08	0B	02	00	1.0	1	0	2	0																						
2	ppu_public	91	14486256	130	0	0.0	stat_sample	2	8A	00	0B	02	00	0.0	1	0	2	0																						
2	ppu_public	91	14486254	130	8	4.0	mode2_enter	2	8A	00	0B	02	00	4.0	1	0	2	0																						
2	ppu_public	91	14486256	130	0	0.0	stat_sample	3	8A	00	0B	02	00	0.0	1	0	2	0																						
2	ppu_public	91	14486422	130	176	88.0	mode3_enter	3	8A	00	0B	02	00	88.0	1	0	2	0																						
2	ppu_public	91	14486416	130	84	42.0	stat_sample	3	8B	00	0B	02	00	42.0	1	0	2	0																						
2	ppu_public	91	14486766	130	520	260.0	mode0_enter	0	8B	08	0B	02	00	260.0	1	0	2	0																						
2	ppu_public	91	14486760	130	257	128.5	stat_sample	0	88	08	0B	02	00	128.5	1	1	2	0																						
2	ppu_public	91	14486760	130	257	128.5	stat_irq_edge	0	88	08	0B	02	00	128.5	1	1	2	0																						
2	ppu_public	91	14487160	131	0	0.0	stat_sample	2	88	00	0B	02	00	0.0	1	0	2	0																						
2	ppu_public	91	14487160	131	2	1.0	mode2_irq_prepare	0	88	08	0B	02	00	1.0	1	0	2	0																						
2	ppu_public	91	14487168	131	0	0.0	stat_sample	2	8A	00	0B	02	00	0.0	1	0	2	0																						
2	ppu_public	91	14487166	131	8	4.0	mode2_enter	2	8A	00	0B	02	00	4.0	1	0	2	0																						
2	ppu_public	91	14487168	131	0	0.0	stat_sample	3	8A	00	0B	02	00	0.0	1	0	2	0																						
2	ppu_public	91	14487334	131	176	88.0	mode3_enter	3	8A	00	0B	02	00	88.0	1	0	2	0																						
2	ppu_public	91	14487328	131	84	42.0	stat_sample	3	8B	00	0B	02	00	42.0	1	0	2	0																						
2	ppu_public	91	14487678	131	520	260.0	mode0_enter	0	8B	08	0B	02	00	260.0	1	0	2	0																						
2	ppu_public	91	14487672	131	257	128.5	stat_sample	0	88	08	0B	02	00	128.5	1	1	2	0																						
2	ppu_public	91	14487672	131	257	128.5	stat_irq_edge	0	88	08	0B	02	00	128.5	1	1	2	0																						
2	ppu_public	91	14488072	132	0	0.0	stat_sample	2	88	00	0B	02	00	0.0	1	0	2	0																						
2	ppu_public	91	14488072	132	2	1.0	mode2_irq_prepare	0	88	08	0B	02	00	1.0	1	0	2	0																						
2	ppu_public	91	14488080	132	0	0.0	stat_sample	2	8A	00	0B	02	00	0.0	1	0	2	0																						
2	ppu_public	91	14488078	132	8	4.0	mode2_enter	2	8A	00	0B	02	00	4.0	1	0	2	0																						
2	ppu_public	91	14488080	132	0	0.0	stat_sample	3	8A	00	0B	02	00	0.0	1	0	2	0																						
2	ppu_public	91	14488246	132	176	88.0	mode3_enter	3	8A	00	0B	02	00	88.0	1	0	2	0																						
2	ppu_public	91	14488240	132	84	42.0	stat_sample	3	8B	00	0B	02	00	42.0	1	0	2	0																						
2	ppu_public	91	14488590	132	520	260.0	mode0_enter	0	8B	08	0B	02	00	260.0	1	0	2	0																						
2	ppu_public	91	14488584	132	257	128.5	stat_sample	0	88	08	0B	02	00	128.5	1	1	2	0																						
2	ppu_public	91	14488584	132	257	128.5	stat_irq_edge	0	88	08	0B	02	00	128.5	1	1	2	0																						
2	ppu_public	91	14488984	133	0	0.0	stat_sample	2	88	00	0B	02	00	0.0	1	0	2	0																						
2	ppu_public	91	14488984	133	2	1.0	mode2_irq_prepare	0	88	08	0B	02	00	1.0	1	0	2	0																						
2	ppu_public	91	14488992	133	0	0.0	stat_sample	2	8A	00	0B	02	00	0.0	1	0	2	0																						
2	ppu_public	91	14488990	133	8	4.0	mode2_enter	2	8A	00	0B	02	00	4.0	1	0	2	0																						
2	ppu_public	91	14488992	133	0	0.0	stat_sample	3	8A	00	0B	02	00	0.0	1	0	2	0																						
2	ppu_public	91	14489158	133	176	88.0	mode3_enter	3	8A	00	0B	02	00	88.0	1	0	2	0																						
2	ppu_public	91	14489152	133	84	42.0	stat_sample	3	8B	00	0B	02	00	42.0	1	0	2	0																						
2	ppu_public	91	14489502	133	520	260.0	mode0_enter	0	8B	08	0B	02	00	260.0	1	0	2	0																						
2	ppu_public	91	14489496	133	257	128.5	stat_sample	0	88	08	0B	02	00	128.5	1	1	2	0																						
2	ppu_public	91	14489496	133	257	128.5	stat_irq_edge	0	88	08	0B	02	00	128.5	1	1	2	0																						
2	ppu_public	91	14489896	134	0	0.0	stat_sample	2	88	00	0B	02	00	0.0	1	0	2	0																						
2	ppu_public	91	14489896	134	2	1.0	mode2_irq_prepare	0	88	08	0B	02	00	1.0	1	0	2	0																						
2	ppu_public	91	14489904	134	0	0.0	stat_sample	2	8A	00	0B	02	00	0.0	1	0	2	0																						
2	ppu_public	91	14489902	134	8	4.0	mode2_enter	2	8A	00	0B	02	00	4.0	1	0	2	0																						
2	ppu_public	91	14489904	134	0	0.0	stat_sample	3	8A	00	0B	02	00	0.0	1	0	2	0																						
2	ppu_public	91	14490070	134	176	88.0	mode3_enter	3	8A	00	0B	02	00	88.0	1	0	2	0																						
2	ppu_public	91	14490064	134	84	42.0	stat_sample	3	8B	00	0B	02	00	42.0	1	0	2	0																						
2	ppu_public	91	14490414	134	520	260.0	mode0_enter	0	8B	08	0B	02	00	260.0	1	0	2	0																						
2	ppu_public	91	14490408	134	257	128.5	stat_sample	0	88	08	0B	02	00	128.5	1	1	2	0																						
2	ppu_public	91	14490408	134	257	128.5	stat_irq_edge	0	88	08	0B	02	00	128.5	1	1	2	0																						
2	ppu_public	91	14490808	135	0	0.0	stat_sample	2	88	00	0B	02	00	0.0	1	0	2	0																						
2	ppu_public	91	14490808	135	2	1.0	mode2_irq_prepare	0	88	08	0B	02	00	1.0	1	0	2	0																						
2	ppu_public	91	14490816	135	0	0.0	stat_sample	2	8A	00	0B	02	00	0.0	1	0	2	0																						
2	ppu_public	91	14490814	135	8	4.0	mode2_enter	2	8A	00	0B	02	00	4.0	1	0	2	0																						
2	ppu_public	91	14490816	135	0	0.0	stat_sample	3	8A	00	0B	02	00	0.0	1	0	2	0																						
2	ppu_public	91	14490982	135	176	88.0	mode3_enter	3	8A	00	0B	02	00	88.0	1	0	2	0																						
2	ppu_public	91	14490976	135	84	42.0	stat_sample	3	8B	00	0B	02	00	42.0	1	0	2	0																						
2	ppu_public	91	14491326	135	520	260.0	mode0_enter	0	8B	08	0B	02	00	260.0	1	0	2	0																						
2	ppu_public	91	14491320	135	257	128.5	stat_sample	0	88	08	0B	02	00	128.5	1	1	2	0																						
2	ppu_public	91	14491320	135	257	128.5	stat_irq_edge	0	88	08	0B	02	00	128.5	1	1	2	0																						
2	ppu_public	91	14491720	136	0	0.0	stat_sample	2	88	00	0B	02	00	0.0	1	0	2	0																						
2	ppu_public	91	14491720	136	2	1.0	mode2_irq_prepare	0	88	08	0B	02	00	1.0	1	0	2	0																						
2	ppu_public	91	14491728	136	0	0.0	stat_sample	2	8A	00	0B	02	00	0.0	1	0	2	0																						
2	ppu_public	91	14491726	136	8	4.0	mode2_enter	2	8A	00	0B	02	00	4.0	1	0	2	0																						
2	ppu_public	91	14491728	136	0	0.0	stat_sample	3	8A	00	0B	02	00	0.0	1	0	2	0																						
2	ppu_public	91	14491894	136	176	88.0	mode3_enter	3	8A	00	0B	02	00	88.0	1	0	2	0																						
2	ppu_public	91	14491888	136	84	42.0	stat_sample	3	8B	00	0B	02	00	42.0	1	0	2	0																						
2	ppu_public	91	14492238	136	520	260.0	mode0_enter	0	8B	08	0B	02	00	260.0	1	0	2	0																						
2	ppu_public	91	14492232	136	257	128.5	stat_sample	0	88	08	0B	02	00	128.5	1	1	2	0																						
2	ppu_public	91	14492232	136	257	128.5	stat_irq_edge	0	88	08	0B	02	00	128.5	1	1	2	0																						
2	ppu_public	91	14492632	137	0	0.0	stat_sample	2	88	00	0B	02	00	0.0	1	0	2	0																						
2	ppu_public	91	14492632	137	2	1.0	mode2_irq_prepare	0	88	08	0B	02	00	1.0	1	0	2	0																						
2	ppu_public	91	14492640	137	0	0.0	stat_sample	2	8A	00	0B	02	00	0.0	1	0	2	0																						
2	ppu_public	91	14492638	137	8	4.0	mode2_enter	2	8A	00	0B	02	00	4.0	1	0	2	0																						
2	ppu_public	91	14492640	137	0	0.0	stat_sample	3	8A	00	0B	02	00	0.0	1	0	2	0																						
2	ppu_public	91	14492806	137	176	88.0	mode3_enter	3	8A	00	0B	02	00	88.0	1	0	2	0																						
2	ppu_public	91	14492800	137	84	42.0	stat_sample	3	8B	00	0B	02	00	42.0	1	0	2	0																						
2	ppu_public	91	14493150	137	520	260.0	mode0_enter	0	8B	08	0B	02	00	260.0	1	0	2	0																						
2	ppu_public	91	14493144	137	257	128.5	stat_sample	0	88	08	0B	02	00	128.5	1	1	2	0																						
2	ppu_public	91	14493144	137	257	128.5	stat_irq_edge	0	88	08	0B	02	00	128.5	1	1	2	0																						
2	ppu_public	91	14493544	138	0	0.0	stat_sample	2	88	00	0B	02	00	0.0	1	0	2	0																						
2	ppu_public	91	14493544	138	2	1.0	mode2_irq_prepare	0	88	08	0B	02	00	1.0	1	0	2	0																						
2	ppu_public	91	14493552	138	0	0.0	stat_sample	2	8A	00	0B	02	00	0.0	1	0	2	0																						
2	ppu_public	91	14493550	138	8	4.0	mode2_enter	2	8A	00	0B	02	00	4.0	1	0	2	0																						
2	ppu_public	91	14493552	138	0	0.0	stat_sample	3	8A	00	0B	02	00	0.0	1	0	2	0																						
2	ppu_public	91	14493718	138	176	88.0	mode3_enter	3	8A	00	0B	02	00	88.0	1	0	2	0																						
2	ppu_public	91	14493712	138	84	42.0	stat_sample	3	8B	00	0B	02	00	42.0	1	0	2	0																						
2	ppu_public	91	14494062	138	520	260.0	mode0_enter	0	8B	08	0B	02	00	260.0	1	0	2	0																						
2	ppu_public	91	14494056	138	257	128.5	stat_sample	0	88	08	0B	02	00	128.5	1	1	2	0																						
2	ppu_public	91	14494056	138	257	128.5	stat_irq_edge	0	88	08	0B	02	00	128.5	1	1	2	0																						
2	ppu_public	91	14494456	139	0	0.0	stat_sample	2	88	00	0B	02	00	0.0	1	0	2	0																						
2	ppu_public	91	14494456	139	2	1.0	mode2_irq_prepare	0	88	08	0B	02	00	1.0	1	0	2	0																						
2	ppu_public	91	14494464	139	0	0.0	stat_sample	2	8A	00	0B	02	00	0.0	1	0	2	0																						
2	ppu_public	91	14494462	139	8	4.0	mode2_enter	2	8A	00	0B	02	00	4.0	1	0	2	0																						
2	ppu_public	91	14494464	139	0	0.0	stat_sample	3	8A	00	0B	02	00	0.0	1	0	2	0																						
2	ppu_public	91	14494630	139	176	88.0	mode3_enter	3	8A	00	0B	02	00	88.0	1	0	2	0																						
2	ppu_public	91	14494624	139	84	42.0	stat_sample	3	8B	00	0B	02	00	42.0	1	0	2	0																						
2	ppu_public	91	14494974	139	520	260.0	mode0_enter	0	8B	08	0B	02	00	260.0	1	0	2	0																						
2	ppu_public	91	14494968	139	257	128.5	stat_sample	0	88	08	0B	02	00	128.5	1	1	2	0																						
2	ppu_public	91	14494968	139	257	128.5	stat_irq_edge	0	88	08	0B	02	00	128.5	1	1	2	0																						
2	ppu_public	91	14495368	140	0	0.0	stat_sample	2	88	00	0B	02	00	0.0	1	0	2	0																						
2	ppu_public	91	14495368	140	2	1.0	mode2_irq_prepare	0	88	08	0B	02	00	1.0	1	0	2	0																						
2	ppu_public	91	14495376	140	0	0.0	stat_sample	2	8A	00	0B	02	00	0.0	1	0	2	0																						
2	ppu_public	91	14495374	140	8	4.0	mode2_enter	2	8A	00	0B	02	00	4.0	1	0	2	0																						
2	ppu_public	91	14495376	140	0	0.0	stat_sample	3	8A	00	0B	02	00	0.0	1	0	2	0																						
2	ppu_public	91	14495542	140	176	88.0	mode3_enter	3	8A	00	0B	02	00	88.0	1	0	2	0																						
2	ppu_public	91	14495536	140	84	42.0	stat_sample	3	8B	00	0B	02	00	42.0	1	0	2	0																						
2	ppu_public	91	14495886	140	520	260.0	mode0_enter	0	8B	08	0B	02	00	260.0	1	0	2	0																						
2	ppu_public	91	14495880	140	257	128.5	stat_sample	0	88	08	0B	02	00	128.5	1	1	2	0																						
2	ppu_public	91	14495880	140	257	128.5	stat_irq_edge	0	88	08	0B	02	00	128.5	1	1	2	0																						
2	ppu_public	91	14496280	141	0	0.0	stat_sample	2	88	00	0B	02	00	0.0	1	0	2	0																						
2	ppu_public	91	14496280	141	2	1.0	mode2_irq_prepare	0	88	08	0B	02	00	1.0	1	0	2	0																						
2	ppu_public	91	14496288	141	0	0.0	stat_sample	2	8A	00	0B	02	00	0.0	1	0	2	0																						
2	ppu_public	91	14496286	141	8	4.0	mode2_enter	2	8A	00	0B	02	00	4.0	1	0	2	0																						
2	ppu_public	91	14496288	141	0	0.0	stat_sample	3	8A	00	0B	02	00	0.0	1	0	2	0																						
2	ppu_public	91	14496454	141	176	88.0	mode3_enter	3	8A	00	0B	02	00	88.0	1	0	2	0																						
2	ppu_public	91	14496448	141	84	42.0	stat_sample	3	8B	00	0B	02	00	42.0	1	0	2	0																						
2	ppu_public	91	14496798	141	520	260.0	mode0_enter	0	8B	08	0B	02	00	260.0	1	0	2	0																						
2	ppu_public	91	14496792	141	257	128.5	stat_sample	0	88	08	0B	02	00	128.5	1	1	2	0																						
2	ppu_public	91	14496792	141	257	128.5	stat_irq_edge	0	88	08	0B	02	00	128.5	1	1	2	0																						
2	ppu_public	91	14497192	142	0	0.0	stat_sample	2	88	00	0B	02	00	0.0	1	0	2	0																						
2	ppu_public	91	14497192	142	2	1.0	mode2_irq_prepare	0	88	08	0B	02	00	1.0	1	0	2	0																						
2	ppu_public	91	14497200	142	0	0.0	stat_sample	2	8A	00	0B	02	00	0.0	1	0	2	0																						
2	ppu_public	91	14497198	142	8	4.0	mode2_enter	2	8A	00	0B	02	00	4.0	1	0	2	0																						
2	ppu_public	91	14497200	142	0	0.0	stat_sample	3	8A	00	0B	02	00	0.0	1	0	2	0																						
2	ppu_public	91	14497366	142	176	88.0	mode3_enter	3	8A	00	0B	02	00	88.0	1	0	2	0																						
2	ppu_public	91	14497360	142	84	42.0	stat_sample	3	8B	00	0B	02	00	42.0	1	0	2	0																						
2	ppu_public	91	14497710	142	520	260.0	mode0_enter	0	8B	08	0B	02	00	260.0	1	0	2	0																						
2	ppu_public	91	14497704	142	257	128.5	stat_sample	0	88	08	0B	02	00	128.5	1	1	2	0																						
2	ppu_public	91	14497704	142	257	128.5	stat_irq_edge	0	88	08	0B	02	00	128.5	1	1	2	0																						
2	ppu_public	91	14498104	143	0	0.0	stat_sample	2	88	00	0B	02	00	0.0	1	0	2	0																						
2	ppu_public	91	14498104	143	2	1.0	mode2_irq_prepare	0	88	08	0B	02	00	1.0	1	0	2	0																						
2	ppu_public	91	14498112	143	0	0.0	stat_sample	2	8A	00	0B	02	00	0.0	1	0	2	0																						
2	ppu_public	91	14498110	143	8	4.0	mode2_enter	2	8A	00	0B	02	00	4.0	1	0	2	0																						
2	ppu_public	91	14498112	143	0	0.0	stat_sample	3	8A	00	0B	02	00	0.0	1	0	2	0																						
2	ppu_public	91	14498278	143	176	88.0	mode3_enter	3	8A	00	0B	02	00	88.0	1	0	2	0																						
2	ppu_public	91	14498272	143	84	42.0	stat_sample	3	8B	00	0B	02	00	42.0	1	0	2	0																						
2	ppu_public	91	14498622	143	520	260.0	mode0_enter	0	8B	08	0B	02	00	260.0	1	0	2	0																						
2	ppu_public	91	14498616	143	257	128.5	stat_sample	0	88	08	0B	02	00	128.5	1	1	2	0																						
2	ppu_public	91	14498616	143	257	128.5	stat_irq_edge	0	88	08	0B	02	00	128.5	1	1	2	0																						
2	ppu_public	91	14499016	144	0	0.0	stat_sample	0	88	08	0B	02	00	0.0	1	0	2	0																						
2	ppu_public	91	14499024	144	0	0.0	stat_sample	0	88	08	0B	02	00	0.0	1	0	2	0																						
2	ppu_public	91	14499024	144	0	0.0	stat_sample	1	89	00	0B	02	00	0.0	1	0	2	0																						
2	ppu_public	91	14498108	144	6	3.0	frame_vblank	1	89	00	0B	02	00	3.0	1	1	2	0																						
2	ppu_public	91	14498108	144	6	3.0	vblank_irq_edge	1	89	00	0B	02	00	3.0	1	1	2	0																						
2	ppu_public	91	14499928	145	0	0.0	stat_sample	1	89	00	0B	02	00	0.0	1	0	2	0																						
2	ppu_public	91	14499936	145	0	0.0	stat_sample	1	89	00	0B	02	00	0.0	1	0	2	0																						
2	ppu_public	91	14500840	146	0	0.0	stat_sample	1	89	00	0B	02	00	0.0	1	0	2	0																						
2	ppu_public	91	14500848	146	0	0.0	stat_sample	1	89	00	0B	02	00	0.0	1	0	2	0																						
2	ppu_public	91	14501752	147	0	0.0	stat_sample	1	89	00	0B	02	00	0.0	1	0	2	0																						
2	ppu_public	91	14501760	147	0	0.0	stat_sample	1	89	00	0B	02	00	0.0	1	0	2	0																						
2	ppu_public	91	14502664	148	0	0.0	stat_sample	1	89	00	0B	02	00	0.0	1	0	2	0																						
2	ppu_public	91	14502672	148	0	0.0	stat_sample	1	89	00	0B	02	00	0.0	1	0	2	0																						
2	ppu_public	91	14503576	149	0	0.0	stat_sample	1	89	00	0B	02	00	0.0	1	0	2	0																						
2	ppu_public	91	14503584	149	0	0.0	stat_sample	1	89	00	0B	02	00	0.0	1	0	2	0																						
2	ppu_public	91	14504488	150	0	0.0	stat_sample	1	89	00	0B	02	00	0.0	1	0	2	0																						
2	ppu_public	91	14504496	150	0	0.0	stat_sample	1	89	00	0B	02	00	0.0	1	0	2	0																						
2	ppu_public	91	14505400	151	0	0.0	stat_sample	1	89	00	0B	02	00	0.0	1	0	2	0																						
2	ppu_public	91	14505408	151	0	0.0	stat_sample	1	89	00	0B	02	00	0.0	1	0	2	0																						
2	ppu_public	91	14506312	152	0	0.0	stat_sample	1	89	00	0B	02	00	0.0	1	0	2	0																						
2	ppu_public	91	14506320	152	0	0.0	stat_sample	1	89	00	0B	02	00	0.0	1	0	2	0																						
2	ppu_public	91	14507224	153	0	0.0	stat_sample	1	89	00	0B	02	00	0.0	1	0	2	0																						
2	ppu_public	91	14507232	153	0	0.0	stat_sample	1	89	00	0B	02	00	0.0	1	0	2	0																						
2	ppu_public	91	14507240	153	0	0.0	stat_sample	1	89	00	0B	02	00	0.0	1	0	2	0																						
2	ppu_public	91	14507248	153	0	0.0	stat_sample	1	8D	00	0B	02	00	0.0	1	0	2	0																						
2	ppu_public	91	14508136	0	0	0.0	stat_sample	1	8C	00	0B	02	00	0.0	1	0	2	0																						
2	ppu_public	92	14508136	0	2	1.0	mode2_irq_prepare	0	8C	08	0B	02	00	1.0	1	0	2	0																						
2	ppu_public	91	14508144	0	0	0.0	stat_sample	2	8E	00	0B	02	00	0.0	1	0	2	0																						
2	ppu_public	92	14508142	0	8	4.0	mode2_enter	2	8E	00	0B	02	00	4.0	1	0	2	0																						
2	ppu_public	91	14508144	0	0	0.0	stat_sample	3	8E	00	0B	02	00	0.0	1	0	2	0																						
2	ppu_public	91	14508310	0	176	88.0	mode3_enter_line0	3	8E	00	0B	02	00	88.0	1	0	2	0																						
2	ppu_public	91	14508304	0	84	42.0	stat_sample	3	8F	00	0B	02	00	42.0	1	0	2	0																						
2	ppu_public	91	14508654	0	520	260.0	mode0_enter	0	8F	08	0B	02	00	260.0	1	0	2	0																						
